customer_id,age,card_tier,tenure_months,income_annual,credit_limit,current_utilization,utilization_3m_change,avg_monthly_spend,annual_spend,spend_3m_vs_12m,days_since_last_txn,transaction_count_monthly,late_payment_count_12m,interest_paid_12m,support_tickets_12m,complaint_tickets_12m,app_session_frequency_monthly,competitor_offer_received,interchange_revenue_annual,annual_fee,reward_cost_annual,servicing_cost_annual,annual_net_margin,churn_prob_true,churn_label
CC-10000,71,Standard,27,51165,8649,0.095,0.0235,413,4956,0.2987,119,7,0,0.0,4,1,13,1,86.73,0,49.56,137.36,-100.19000000000001,0.9782,1
CC-10001,60,Black,65,289055,100000,0.0843,-0.141,4238,50856,0.9797,8,52,0,0.0,1,0,15,0,1271.4,495,1525.68,96.43,144.28999999999996,0.0551,1
CC-10002,27,Gold,98,68966,18987,0.0973,-0.0269,928,11136,1.2062,8,12,0,0.0,1,0,11,1,222.72,95,167.04,105.85,44.83000000000004,0.0831,1
CC-10003,52,Gold,32,78433,19085,0.0638,0.0717,612,7344,1.0338,27,7,1,245.09,3,0,9,1,146.88,95,110.16,89.75,287.06000000000006,0.2757,1
CC-10004,68,Standard,47,35241,5386,0.1119,0.0152,303,3636,1.2314,8,8,0,0.0,3,0,13,0,63.63,0,36.36,133.43,-106.16000000000003,0.0396,0
CC-10005,39,Standard,92,45153,5586,0.1058,0.0702,297,3564,1.5394,8,2,0,0.0,1,0,21,0,62.37,0,35.64,64.15,-37.42000000000001,0.0202,0
CC-10006,26,Standard,63,46820,5870,0.1302,0.1318,384,4608,0.9069,8,8,0,0.0,4,2,4,0,80.64,0,46.08,127.53,-92.97000000000001,0.3093,0
CC-10007,40,Platinum,102,197203,78115,0.0664,-0.1173,2607,31284,1.7923,8,42,0,0.0,2,1,13,1,703.89,295,688.25,80.56,230.08000000000004,0.0736,0
CC-10008,47,Gold,53,72305,14892,0.0818,-0.1933,612,7344,1.0138,27,11,2,245.2,1,2,20,0,146.88,95,110.16,58.33,318.59,0.5446,0
CC-10009,63,Gold,100,81158,17606,0.123,-0.0256,1088,13056,1.2347,8,12,0,0.0,0,0,18,1,261.12,95,195.84,38.09,122.19,0.0699,0
CC-10010,57,Standard,11,59165,9924,0.0423,-0.0695,211,2532,0.7667,8,9,0,0.0,1,0,17,0,44.31,0,25.32,70.62,-51.629999999999995,0.0761,0
CC-10011,68,Black,78,406356,100000,0.2484,0.0979,12484,149808,1.4358,27,150,0,0.0,0,0,9,0,3745.2,495,4494.24,93.28,-347.3199999999997,0.0575,0
CC-10012,27,Platinum,4,156614,50043,0.1072,-0.1812,2697,32364,1.2625,8,39,0,0.0,2,1,17,0,728.19,295,712.01,93.35,217.83000000000004,0.0807,0
CC-10013,25,Standard,104,42147,6534,0.0798,0.1331,262,3144,1.3914,8,6,0,0.0,1,0,20,0,55.02,0,31.44,52.25,-28.669999999999995,0.0258,0
CC-10014,31,Standard,7,39678,6178,0.096,0.183,298,3576,0.9664,8,5,0,0.0,0,0,7,0,62.58,0,35.76,75.48,-48.66000000000001,0.0684,0
CC-10015,35,Standard,64,25000,4165,0.0492,-0.02,103,1236,0.5734,8,4,0,0.0,3,1,7,0,21.63,0,12.36,92.11,-82.84,0.2349,0
CC-10016,23,Standard,71,34562,5196,0.0892,-0.0109,233,2796,1.0881,27,7,1,93.29,3,0,11,0,48.93,0,27.96,83.5,30.75999999999999,0.1329,0
CC-10017,25,Gold,54,87158,21871,0.1177,-0.1351,1294,15528,0.4409,8,23,0,0.0,1,2,8,0,310.56,95,232.92,97.55,75.09000000000003,0.5547,1
CC-10018,43,Standard,88,42963,7025,0.0595,-0.1014,210,2520,0.8491,27,11,0,0.0,2,0,13,0,44.1,0,25.2,91.77,-72.87,0.1249,0
CC-10019,57,Standard,7,52013,7797,0.108,-0.0813,423,5076,1.0073,8,6,0,0.0,2,1,9,0,88.83,0,50.76,123.63,-85.55999999999999,0.1338,0
CC-10020,29,Gold,61,80851,21089,0.0712,0.1964,755,9060,1.6632,8,8,0,0.0,2,1,13,0,181.2,95,135.9,107.89,32.40999999999997,0.0456,0
CC-10021,35,Standard,70,36831,6403,0.0876,-0.0308,282,3384,1.0456,8,3,0,0.0,2,0,10,0,59.22,0,33.84,82.32,-56.94,0.0546,0
CC-10022,23,Standard,11,48840,7037,0.0648,-0.2183,229,2748,0.9919,27,6,0,0.0,2,0,9,1,48.09,0,27.48,123.88,-103.26999999999998,0.2173,0
CC-10023,49,Standard,95,73184,10473,0.0899,0.0183,473,5676,0.9311,8,10,0,0.0,3,0,7,0,99.33,0,56.76,132.25,-89.67999999999999,0.0673,0
CC-10024,26,Gold,24,78256,15678,0.147,0.1039,1158,13896,0.5474,8,18,1,463.89,4,1,9,1,277.92,95,208.44,113.96,514.41,0.5876,1
CC-10025,37,Platinum,29,144861,53001,0.0567,-0.0238,1510,18120,0.9757,8,20,0,0.0,1,1,17,1,407.7,295,398.64,67.43,236.63000000000005,0.2235,0
CC-10026,46,Standard,12,54527,6640,0.1238,0.2004,413,4956,0.9809,8,8,0,0.0,0,0,13,0,86.73,0,49.56,65.15,-27.980000000000004,0.0596,0
CC-10027,41,Gold,82,72853,18243,0.0854,0.0966,783,9396,0.6594,8,17,0,0.0,3,1,8,1,187.92,95,140.94,112.51,29.46999999999997,0.437,0
CC-10028,28,Gold,108,112046,31420,0.0756,-0.1774,1193,14316,0.594,8,17,0,0.0,2,0,12,0,286.32,95,214.74,99.72,66.85999999999996,0.1358,1
CC-10029,41,Standard,108,27235,4166,0.0965,-0.1027,202,2424,0.8055,27,2,0,0.0,6,0,14,0,42.42,0,24.24,138.05,-119.87000000000002,0.1286,0
CC-10030,31,Gold,63,76335,17325,0.0879,0.0139,765,9180,0.9695,119,12,0,0.0,2,0,14,1,183.6,95,137.7,68.28,72.62000000000003,0.8619,1
CC-10031,58,Standard,53,41498,6937,0.041,-0.2699,143,1716,0.8127,8,9,0,0.0,5,0,13,1,30.03,0,17.16,142.49,-129.62,0.145,0
CC-10032,28,Standard,12,46700,6359,0.1361,0.0305,435,5220,0.6347,8,7,1,174.2,1,0,18,0,91.35,0,52.2,86.38,126.96999999999997,0.1295,0
CC-10033,62,Black,8,141996,69854,0.1118,-0.2842,3925,47100,1.0368,8,51,0,0.0,0,0,6,0,1177.5,495,1413.0,92.48,167.01999999999998,0.0626,0
CC-10034,44,Black,64,374691,100000,0.1047,0.1335,5262,63144,1.1117,8,81,3,2107.44,0,1,15,0,1578.6,495,1894.32,67.62,2219.1,0.2685,0
CC-10035,55,Platinum,115,154497,46936,0.0897,0.1161,2116,25392,0.9864,8,29,0,0.0,2,2,10,1,571.32,295,558.62,74.38,233.32000000000005,0.4148,1
CC-10036,34,Standard,7,57631,10045,0.0967,0.0557,488,5856,0.7811,8,7,0,0.0,1,0,15,0,102.48,0,58.56,68.44,-24.519999999999996,0.0776,1
CC-10037,34,Standard,72,63146,8337,0.1487,-0.1214,623,7476,1.1285,27,13,0,0.0,1,2,6,0,130.83,0,74.76,53.12,2.950000000000017,0.368,1
CC-10038,30,Gold,65,69263,20706,0.0966,0.0055,1005,12060,0.8928,8,14,1,402.61,3,1,21,0,241.2,95,180.9,80.92,476.98999999999995,0.1718,0
CC-10039,32,Standard,58,25000,3010,0.154,-0.097,233,2796,0.5933,8,8,0,0.0,0,0,13,0,48.93,0,27.96,63.68,-42.71,0.1018,0
CC-10040,58,Standard,61,57896,7862,0.0643,-0.1746,254,3048,1.2609,119,8,2,101.75,1,1,13,1,53.34,0,30.48,89.72,34.89,0.9542,1
CC-10041,64,Gold,65,78914,17359,0.1279,-0.0708,1116,13392,1.0561,119,16,0,0.0,2,0,17,1,267.84,95,200.88,122.08,39.879999999999995,0.8363,1
CC-10042,66,Standard,113,32251,3897,0.1511,0.0847,296,3552,0.9142,8,11,1,118.52,3,0,7,1,62.16,0,35.52,118.01,27.150000000000006,0.1874,0
CC-10043,54,Platinum,91,160170,61270,0.0684,-0.0134,2106,25272,0.4787,8,34,0,0.0,2,0,15,1,568.62,295,555.98,75.86,231.77999999999997,0.2765,0
CC-10044,61,Standard,61,72715,11751,0.0733,0.1976,433,5196,0.7265,8,10,1,173.38,2,0,13,0,90.93,0,51.96,119.43,92.91999999999999,0.1199,1
CC-10045,30,Gold,53,82685,23088,0.0683,0.0949,793,9516,1.5556,8,10,0,0.0,3,0,12,1,190.32,95,142.74,132.8,9.779999999999973,0.0501,0
CC-10046,37,Standard,52,55700,7541,0.1132,0.0788,429,5148,0.4975,119,11,0,0.0,1,0,13,1,90.09,0,51.48,74.46,-35.849999999999994,0.9319,1
CC-10047,37,Gold,6,64015,15647,0.0619,-0.2613,487,5844,0.8746,27,12,1,194.95,1,0,13,0,116.88,95,87.66,81.35,237.82,0.1796,0
CC-10048,23,Gold,106,49156,13071,0.0391,-0.0628,257,3084,0.9451,27,5,0,0.0,0,0,6,0,61.68,95,46.26,64.96,45.46000000000001,0.1218,1
CC-10049,51,Standard,50,55281,8092,0.058,-0.1797,236,2832,1.0461,8,6,0,0.0,1,0,14,1,49.56,0,28.32,76.42,-55.18000000000001,0.1029,0
CC-10050,71,Black,34,318225,100000,0.124,-0.0475,6232,74784,0.5008,8,80,4,2495.92,0,0,13,0,1869.6,495,2243.52,54.79,2562.2100000000005,0.4851,1
CC-10051,21,Platinum,53,123700,45615,0.0633,-0.124,1451,17412,1.0023,8,15,0,0.0,0,0,11,1,391.77,295,383.06,94.21,209.5,0.1153,0
CC-10052,32,Black,54,399435,100000,0.2094,-0.0766,10522,126264,0.4442,8,133,0,0.0,2,0,9,0,3156.6,495,3787.92,119.49,-255.80999999999995,0.1816,0
CC-10053,59,Platinum,101,78242,30463,0.0465,0.1392,712,8544,0.9792,8,6,0,0.0,1,0,16,0,192.24,295,187.97,70.01,229.26,0.0526,0
CC-10054,24,Gold,76,58861,16014,0.1036,0.0513,834,10008,0.7543,8,14,0,0.0,1,0,8,1,200.16,95,150.12,86.85,58.18999999999997,0.168,1
CC-10055,62,Platinum,36,120999,44989,0.112,0.1311,2532,30384,0.6902,8,27,0,0.0,0,0,15,1,683.64,295,668.45,40.13,270.05999999999995,0.222,0
CC-10056,33,Standard,38,40990,5300,0.1442,-0.2601,384,4608,1.2004,8,4,0,0.0,3,0,8,1,80.64,0,46.08,124.72,-90.16000000000001,0.0926,0
CC-10057,54,Standard,72,61485,8366,0.1208,-0.0113,508,6096,0.8793,8,17,0,0.0,2,0,17,1,106.68,0,60.96,115.62,-69.9,0.1217,0
CC-10058,62,Standard,45,45553,6540,0.056,0.125,184,2208,1.0921,8,9,3,73.72,0,0,12,0,38.64,0,22.08,63.01,27.269999999999996,0.1487,0
CC-10059,41,Standard,112,42829,5858,0.0907,0.2059,267,3204,1.102,8,4,0,0.0,2,0,12,0,56.07,0,32.04,69.56,-45.529999999999994,0.0467,0
CC-10060,42,Standard,18,30712,4105,0.0625,-0.2522,129,1548,1.331,8,5,1,51.64,2,0,10,1,27.09,0,15.48,99.94,-36.69,0.1077,0
CC-10061,24,Standard,61,57224,9632,0.1171,-0.0727,567,6804,0.5875,8,15,0,0.0,0,0,8,0,119.07,0,68.04,38.29,12.73999999999998,0.112,1
CC-10062,38,Platinum,55,100217,37015,0.0673,0.1351,1252,15024,1.2257,119,19,0,0.0,3,1,8,0,338.04,295,330.53,128.96,173.54999999999995,0.8386,1
CC-10063,25,Standard,21,30660,4719,0.0932,-0.0488,221,2652,0.9549,8,6,0,0.0,2,0,11,0,46.41,0,26.52,100.1,-80.21,0.0638,0
CC-10064,39,Standard,100,40497,5408,0.1269,-0.1566,345,4140,0.8366,27,10,0,0.0,0,0,11,0,72.45,0,41.4,87.25,-56.2,0.1305,1
CC-10065,22,Gold,91,88467,25815,0.0968,-0.2525,1256,15072,0.6052,119,17,0,0.0,0,1,6,0,301.44,95,226.08,57.74,112.62,0.9526,1
CC-10066,32,Standard,97,36898,4851,0.1263,-0.1623,308,3696,1.132,8,9,0,0.0,3,1,10,0,64.68,0,36.96,95.01,-67.28999999999999,0.1032,0
CC-10067,37,Platinum,115,164745,64463,0.0896,-0.2733,2902,34824,0.6733,8,48,0,0.0,1,1,21,0,783.54,295,766.13,106.32,206.08999999999992,0.212,0
CC-10068,30,Standard,43,41816,7443,0.0719,-0.0112,269,3228,1.1053,8,5,0,0.0,2,0,11,1,56.49,0,32.28,119.05,-94.83999999999997,0.1003,0
CC-10069,54,Black,83,353693,100000,0.1621,0.1144,8145,97740,1.5283,8,107,0,0.0,2,0,8,0,2443.5,495,2932.2,68.96,-62.659999999999854,0.0267,0
CC-10070,26,Platinum,49,157678,66067,0.0423,-0.2091,1405,16860,1.244,8,22,0,0.0,2,1,11,1,379.35,295,370.92,116.8,186.63,0.172,1
CC-10071,28,Standard,96,65154,10363,0.1154,0.0187,601,7212,1.3674,27,12,0,0.0,1,1,12,1,126.21,0,72.12,105.68,-51.59000000000002,0.2382,1
CC-10072,71,Standard,105,40024,5325,0.1039,0.1068,278,3336,0.7343,8,5,0,0.0,3,0,12,0,58.38,0,33.36,107.19,-82.17000000000002,0.0815,0
CC-10073,31,Platinum,56,169538,52308,0.0522,-0.0204,1373,16476,1.1788,119,16,0,0.0,3,1,11,0,370.71,295,362.47,133.56,169.68,0.8405,1
CC-10074,32,Gold,57,47030,10932,0.1214,-0.2616,667,8004,0.6067,27,8,0,0.0,1,0,17,0,160.08,95,120.06,76.84,58.18000000000001,0.2204,1
CC-10075,29,Gold,97,146447,29393,0.098,0.0379,1448,17376,0.88,8,20,1,579.8,1,0,16,1,347.52,95,260.64,53.43,708.25,0.171,0
CC-10076,22,Platinum,21,167788,62993,0.1088,-0.0282,3444,41328,1.4724,8,45,1,1379.52,0,0,9,0,929.88,295,909.22,67.78,1627.4,0.0442,0
CC-10077,28,Standard,64,41666,5671,0.1319,-0.0435,376,4512,0.7676,8,5,0,0.0,0,1,14,0,78.96,0,45.12,91.16,-57.32000000000001,0.1636,0
CC-10078,31,Standard,101,42084,7108,0.1033,-0.102,369,4428,1.2834,8,8,1,147.79,4,0,14,1,77.49,0,44.28,127.05,53.94999999999999,0.1009,0
CC-10079,56,Standard,95,42220,5976,0.0526,-0.007,158,1896,1.2547,8,3,0,0.0,2,0,9,1,33.18,0,18.96,73.34,-59.12000000000001,0.0804,1
CC-10080,30,Platinum,61,204401,70966,0.0642,0.0565,2290,27480,1.2724,27,33,0,0.0,2,1,14,1,618.3,295,604.56,91.38,217.36,0.2647,0
CC-10081,41,Gold,67,104094,30871,0.0922,0.3386,1431,17172,0.5699,8,26,0,0.0,2,0,14,0,343.44,95,257.58,71.37,109.49000000000001,0.1397,0
CC-10082,40,Standard,70,40012,5382,0.1379,-0.0032,373,4476,1.1076,8,6,1,149.39,1,2,19,0,78.33,0,44.76,85.12,97.83999999999997,0.263,0
CC-10083,68,Standard,30,31063,5071,0.0777,0.2067,198,2376,0.903,27,5,0,0.0,2,0,17,1,41.58,0,23.76,102.48,-84.66000000000001,0.2117,0
CC-10084,28,Standard,20,58456,9663,0.0754,0.0337,366,4392,1.2765,8,6,2,146.65,0,1,16,1,76.86,0,43.92,74.85,104.74,0.2892,1
CC-10085,56,Standard,28,54433,7253,0.0669,-0.0349,244,2928,0.4535,8,7,0,0.0,1,0,14,0,51.24,0,29.28,53.17,-31.21,0.1247,0
CC-10086,49,Gold,106,100010,25012,0.1168,0.0023,1468,17616,1.0603,8,18,2,588.03,3,0,6,0,352.32,95,264.24,130.89,640.2199999999999,0.1166,0
CC-10087,62,Gold,21,83220,19558,0.0603,-0.2033,593,7116,1.0179,8,10,0,0.0,3,0,12,0,142.32,95,106.74,135.01,-4.430000000000007,0.057,1
CC-10088,32,Platinum,57,129513,50259,0.0531,0.0259,1342,16104,0.353,27,11,0,0.0,0,0,10,1,362.34,295,354.29,52.21,250.83999999999992,0.5082,1
CC-10089,34,Gold,59,120810,31682,0.0881,-0.3188,1402,16824,0.6844,119,23,1,561.82,1,0,10,0,336.48,95,252.36,96.98,643.96,0.9146,1
CC-10090,68,Standard,8,65005,9657,0.0661,-0.1494,321,3852,0.401,8,3,1,128.48,1,0,13,1,67.41,0,38.52,79.0,78.36999999999998,0.3366,0
CC-10091,70,Gold,3,98602,27405,0.103,-0.0035,1418,17016,0.7321,8,17,0,0.0,1,0,11,1,340.32,95,255.24,81.87,98.20999999999998,0.1731,0
CC-10092,41,Platinum,10,173944,54430,0.0487,0.1591,1333,15996,1.1148,8,19,3,533.55,2,0,11,0,359.91,295,351.91,79.57,756.98,0.1503,0
CC-10093,42,Gold,99,90017,24787,0.0365,0.1946,455,5460,1.0086,27,8,0,0.0,0,0,10,1,109.2,95,81.9,88.68,33.619999999999976,0.1976,0
CC-10094,41,Platinum,53,92050,36926,0.0747,-0.0555,1387,16644,1.0008,8,15,0,0.0,1,0,12,1,374.49,295,366.17,107.5,195.82,0.1135,0
CC-10095,64,Gold,109,64180,18474,0.0683,0.0034,634,7608,0.6381,8,14,1,253.97,0,0,11,0,152.16,95,114.12,74.28,312.73,0.1822,0
CC-10096,70,Gold,87,109356,30441,0.0474,0.1277,725,8700,1.2861,8,18,1,290.43,1,0,17,0,174.0,95,130.5,59.1,369.83000000000004,0.0479,0
CC-10097,50,Standard,90,59329,8571,0.0912,-0.2194,393,4716,0.9444,119,7,0,0.0,2,0,17,0,82.53,0,47.16,97.07,-61.69999999999999,0.7386,1
CC-10098,59,Standard,27,56858,10172,0.0675,0.0407,345,4140,0.9601,8,6,1,138.2,0,0,14,0,72.45,0,41.4,53.15,116.09999999999998,0.0864,0
CC-10099,40,Standard,49,48893,6980,0.1291,-0.1442,453,5436,1.2321,8,11,0,0.0,1,0,10,1,95.13,0,54.36,77.05,-36.28,0.0845,0
CC-10100,44,Standard,57,57277,9067,0.0426,-0.0458,194,2328,0.6526,27,4,0,0.0,2,0,7,1,40.74,0,23.28,105.47,-88.00999999999999,0.3237,1
CC-10101,43,Gold,66,83764,18102,0.1359,-0.0889,1236,14832,1.0186,8,17,3,495.17,2,0,22,0,296.64,95,222.48,69.24,595.0899999999999,0.1365,0
CC-10102,27,Standard,109,51990,9297,0.0833,0.0453,389,4668,1.077,8,15,0,0.0,2,0,17,0,81.69,0,46.68,77.2,-42.19,0.0442,0
CC-10103,29,Gold,85,80650,21807,0.0479,0.0625,525,6300,0.7863,8,10,2,210.25,1,1,5,1,126.0,95,94.5,94.99,241.76,0.5128,0
CC-10104,21,Platinum,95,103012,39708,0.0423,0.1137,844,10128,1.1457,119,18,2,338.09,2,0,14,1,227.88,295,222.82,67.29,570.86,0.9107,1
CC-10105,46,Standard,119,54726,6783,0.1109,0.0322,378,4536,1.0931,8,4,0,0.0,2,0,13,1,79.38,0,45.36,101.11,-67.09,0.093,0
CC-10106,58,Standard,12,59345,9839,0.0587,0.0057,290,3480,0.9196,8,3,0,0.0,1,2,11,0,60.9,0,34.8,66.04,-39.940000000000005,0.2847,1
CC-10107,58,Platinum,58,226588,88020,0.0616,0.2581,2723,32676,0.9104,8,32,0,0.0,1,1,6,0,735.21,295,718.87,104.15,207.19000000000005,0.1551,0
CC-10108,64,Standard,14,47970,7689,0.0616,-0.2487,238,2856,1.1071,27,3,0,0.0,3,0,10,0,49.98,0,28.56,129.99,-108.57000000000002,0.0964,0
CC-10109,42,Standard,35,33212,4567,0.1107,0.2343,254,3048,1.1865,8,6,0,0.0,1,2,10,0,53.34,0,30.48,105.16,-82.29999999999998,0.2063,0
CC-10110,64,Standard,73,41305,6170,0.0935,-0.0635,290,3480,0.9689,8,5,1,116.12,1,1,7,0,60.9,0,34.8,55.63,86.59,0.1945,1
CC-10111,30,Standard,19,43471,5504,0.0604,0.0656,167,2004,1.2861,8,4,0,0.0,3,2,15,1,35.07,0,20.04,139.68,-124.65,0.3008,0
CC-10112,26,Platinum,63,145197,50241,0.0885,-0.0688,2235,26820,1.1476,8,29,0,0.0,1,0,10,1,603.45,295,590.04,58.61,249.80000000000007,0.0946,0
CC-10113,37,Platinum,12,156480,49155,0.1227,-0.1254,3030,36360,0.4135,27,39,0,0.0,2,2,14,0,818.1,295,799.92,117.21,195.9699999999999,0.6992,1
CC-10114,71,Gold,33,92713,21779,0.0492,0.0527,538,6456,0.5285,8,10,0,0.0,1,0,13,1,129.12,95,96.84,72.56,54.72,0.2783,0
CC-10115,70,Platinum,62,167197,50621,0.137,0.1363,3485,41820,1.3047,27,45,0,0.0,2,0,12,0,940.95,295,920.04,122.31,193.60000000000014,0.067,0
CC-10116,58,Platinum,72,146909,45866,0.1031,0.051,2376,28512,0.876,27,40,0,0.0,3,0,22,0,641.52,295,627.26,80.06,229.20000000000005,0.1037,0
CC-10117,44,Standard,19,25000,3114,0.154,-0.1013,241,2892,0.9993,119,7,0,0.0,2,0,15,1,50.61,0,28.92,106.35,-84.65999999999998,0.8582,1
CC-10118,71,Platinum,52,147949,60479,0.0473,0.5217,1438,17256,1.2918,8,22,0,0.0,1,0,14,0,388.26,295,379.63,109.74,193.89,0.0352,0
CC-10119,30,Gold,39,86843,21974,0.1175,0.1598,1297,15564,0.9481,8,18,0,0.0,0,0,14,0,311.28,95,233.46,76.63,96.18999999999994,0.0601,0
CC-10120,28,Platinum,84,159259,53438,0.1018,0.12,2733,32796,0.9612,8,38,1,1094.98,2,0,10,0,737.91,295,721.51,107.39,1298.9899999999998,0.0888,0
CC-10121,41,Platinum,64,127348,45196,0.0898,-0.0729,2039,24468,0.6894,119,39,0,0.0,0,0,10,1,550.53,295,538.3,75.03,232.20000000000005,0.9375,1
CC-10122,26,Standard,92,47514,7492,0.0853,-0.1138,321,3852,1.061,27,15,0,0.0,2,0,15,0,67.41,0,38.52,123.76,-94.87,0.0887,0
CC-10123,41,Standard,115,51257,8986,0.0394,-0.062,178,2136,1.126,8,3,0,0.0,1,0,13,0,37.38,0,21.36,93.06,-77.03999999999999,0.044,0
CC-10124,59,Standard,82,43199,5647,0.1459,0.1422,414,4968,0.7766,119,8,0,0.0,1,0,8,0,86.94,0,49.68,79.82,-42.56,0.8167,1
CC-10125,44,Standard,74,52603,7245,0.1101,-0.1686,401,4812,0.6734,27,9,0,0.0,1,0,8,0,84.21,0,48.12,64.87,-28.780000000000015,0.1745,0
CC-10126,53,Platinum,90,142454,59347,0.0424,-0.1802,1264,15168,1.7379,119,17,3,506.49,2,0,12,1,341.28,295,333.7,111.62,697.45,0.8605,1
CC-10127,38,Platinum,79,145483,48295,0.0468,0.0609,1136,13632,0.9221,8,21,0,0.0,0,0,14,0,306.72,295,299.9,44.66,257.1600000000001,0.0606,0
CC-10128,48,Standard,31,25000,3033,0.0656,0.0279,100,1200,0.7449,27,5,0,0.0,1,1,12,0,21.0,0,12.0,53.73,-44.72999999999999,0.2968,0
CC-10129,52,Gold,34,60692,13034,0.1027,-0.1355,673,8076,1.162,27,8,0,0.0,0,0,10,0,161.52,95,121.14,80.79,54.589999999999975,0.0877,0
CC-10130,32,Standard,90,32161,3910,0.1211,-0.1837,238,2856,0.9348,8,8,1,95.31,2,1,13,0,49.98,0,28.56,87.13,29.599999999999994,0.1823,0
CC-10131,68,Standard,82,47433,8509,0.0739,0.1957,316,3792,0.6243,119,13,0,0.0,2,0,9,0,66.36,0,37.92,77.73,-49.290000000000006,0.8478,1
CC-10132,62,Standard,13,59306,8109,0.078,0.0336,318,3816,1.0949,8,9,0,0.0,0,0,16,0,66.78,0,38.16,81.02,-52.39999999999999,0.0473,0
CC-10133,47,Standard,98,43667,7659,0.0779,-0.2245,300,3600,0.6941,8,9,0,0.0,0,0,6,0,63.0,0,36.0,87.06,-60.06,0.0969,0
CC-10134,30,Black,8,339380,100000,0.143,-0.214,7185,86220,1.4229,27,99,3,2878.36,1,0,11,0,2155.5,495,2586.6,56.33,2885.9300000000007,0.1739,0
CC-10135,66,Standard,37,52292,8157,0.0442,-0.0742,181,2172,1.0984,8,6,4,72.57,3,0,12,0,38.01,0,21.72,104.9,-16.04000000000002,0.2062,0
CC-10136,62,Gold,35,87972,17886,0.0765,0.0899,688,8256,0.8669,27,13,0,0.0,1,1,12,0,165.12,95,123.84,51.43,84.85,0.2571,0
CC-10137,52,Gold,20,97197,20232,0.0528,0.0693,537,6444,0.9828,8,8,1,215.02,1,2,17,0,128.88,95,96.66,99.66,242.57999999999998,0.321,0
CC-10138,62,Standard,39,47766,7112,0.1245,0.1498,445,5340,1.221,8,9,0,0.0,3,1,13,0,93.45,0,53.4,80.49,-40.43999999999998,0.0898,0
CC-10139,46,Black,15,270040,100000,0.1371,-0.2436,6892,82704,1.0058,8,86,0,0.0,1,0,13,0,2067.6,495,2481.12,73.43,8.050000000000182,0.0572,0
CC-10140,45,Black,76,307375,100000,0.1906,0.0136,9580,114960,1.5866,8,129,0,0.0,1,3,15,0,2874.0,495,3448.8,104.16,-183.96000000000004,0.2189,0
CC-10141,31,Standard,103,61274,8966,0.0726,0.1939,327,3924,1.2908,27,6,0,0.0,2,0,15,0,68.67,0,39.24,100.0,-70.57000000000001,0.0626,0
CC-10142,43,Gold,92,95045,27886,0.0935,0.1799,1310,15720,1.0963,8,21,0,0.0,0,0,11,0,314.4,95,235.8,83.17,90.42999999999995,0.0488,0
CC-10143,54,Standard,112,47452,7216,0.096,0.0338,348,4176,0.6689,8,4,2,139.44,1,0,11,0,73.08,0,41.76,58.1,112.65999999999998,0.1819,0
CC-10144,60,Standard,83,35128,5677,0.0782,0.3322,223,2676,0.9059,8,2,0,0.0,4,1,11,1,46.83,0,26.76,101.88,-81.80999999999999,0.2576,0
CC-10145,43,Standard,66,60928,10588,0.0551,0.0714,293,3516,1.0937,27,8,0,0.0,0,0,16,0,61.53,0,35.16,56.26,-29.889999999999986,0.0847,0
CC-10146,49,Gold,3,55100,11829,0.1147,0.1364,682,8184,0.7031,8,13,1,273.1,1,0,14,0,163.68,95,122.76,90.39,318.63,0.127,0
CC-10147,51,Gold,65,48746,10869,0.1252,-0.0133,684,8208,1.338,27,14,0,0.0,1,1,9,0,164.16,95,123.12,59.8,76.23999999999995,0.1443,0
CC-10148,27,Standard,91,49178,6218,0.0771,-0.1371,241,2892,0.6578,8,2,0,0.0,1,0,7,0,50.61,0,28.92,53.93,-32.239999999999995,0.1008,0
CC-10149,60,Standard,36,35091,4504,0.0698,-0.1513,158,1896,0.7588,8,4,0,0.0,1,1,16,0,33.18,0,18.96,108.55,-94.32999999999998,0.1633,0
CC-10150,53,Platinum,105,178118,62655,0.1015,0.0072,3196,38352,0.7813,27,40,0,0.0,5,1,11,0,862.92,295,843.74,127.45,186.73000000000002,0.2764,0
CC-10151,41,Standard,12,26058,3629,0.1404,-0.0517,256,3072,1.1731,8,8,0,0.0,2,3,18,0,53.76,0,30.72,102.46,-79.42000000000002,0.3505,0
CC-10152,22,Standard,86,55820,8115,0.114,-0.2853,465,5580,0.7085,8,10,0,0.0,2,0,21,1,97.65,0,55.8,104.57,-62.72,0.1424,0
CC-10153,38,Gold,9,102445,30554,0.0523,-0.1739,803,9636,0.41,27,10,0,0.0,0,1,11,0,192.72,95,144.54,37.32,105.86000000000004,0.5154,1
CC-10154,67,Black,58,288261,100000,0.1099,-0.0678,5524,66288,1.2764,8,72,3,2212.11,3,0,8,0,1657.2,495,1988.64,113.95,2261.7199999999993,0.1223,0
CC-10155,53,Standard,82,25000,3811,0.0768,0.0891,147,1764,0.8167,27,2,0,0.0,2,0,14,0,30.87,0,17.64,77.02,-63.78999999999999,0.129,0
CC-10156,57,Gold,39,48379,10154,0.1282,-0.0224,654,7848,0.6294,27,10,0,0.0,3,1,10,0,156.96,95,117.72,85.39,48.849999999999994,0.4269,0
CC-10157,54,Platinum,31,148397,48168,0.1169,-0.0308,2830,33960,0.7235,8,37,0,0.0,0,1,13,0,764.1,295,747.12,58.81,253.16999999999985,0.1804,0
CC-10158,40,Standard,14,42381,6427,0.0951,-0.168,307,3684,1.465,8,10,1,123.03,0,0,11,1,64.47,0,36.84,82.57,68.09,0.0874,0
CC-10159,55,Gold,19,100455,29600,0.0523,-0.0165,778,9336,0.7529,8,7,1,311.6,1,1,13,1,186.72,95,140.04,108.14,345.14000000000004,0.4012,0
CC-10160,71,Standard,50,44232,6346,0.133,0.1779,424,5088,0.913,119,12,0,0.0,0,0,6,0,89.04,0,50.88,64.7,-26.540000000000006,0.7929,1
CC-10161,70,Gold,86,81702,16870,0.1111,0.0033,942,11304,0.8159,119,22,0,0.0,0,1,10,0,226.08,95,169.56,88.25,63.27000000000004,0.9036,1
CC-10162,38,Gold,28,33440,7986,0.1223,-0.2461,491,5892,0.5802,8,10,0,0.0,3,0,10,1,117.84,95,88.38,136.71,-12.25,0.2746,1
CC-10163,66,Gold,114,102476,21988,0.1001,-0.2077,1106,13272,0.7272,8,15,0,0.0,3,0,9,1,265.44,95,199.08,106.58,54.77999999999997,0.1668,1
CC-10164,44,Standard,85,37697,5043,0.131,0.0683,332,3984,0.5597,8,7,4,132.97,1,0,13,0,69.72,0,39.84,58.72,104.13,0.3667,1
CC-10165,28,Platinum,113,126062,46205,0.1069,-0.0536,2482,29784,1.2368,8,29,0,0.0,2,1,8,0,670.14,295,655.25,83.61,226.27999999999997,0.0909,0
CC-10166,50,Standard,14,32964,4089,0.0895,-0.0312,184,2208,0.9803,8,4,0,0.0,2,1,18,0,38.64,0,22.08,88.25,-71.69,0.1181,1
CC-10167,64,Standard,23,27670,4091,0.1313,-0.1119,270,3240,1.6948,27,10,0,0.0,0,0,10,0,56.7,0,32.4,62.27,-37.97,0.0397,1
CC-10168,30,Standard,44,61561,9638,0.0442,0.0555,214,2568,0.7373,119,8,0,0.0,2,0,5,1,44.94,0,25.68,103.68,-84.42000000000002,0.9167,1
CC-10169,43,Gold,63,101904,24679,0.1042,-0.0651,1292,15504,0.6923,119,14,0,0.0,1,0,16,0,310.08,95,232.56,88.71,83.81,0.8623,1
CC-10170,69,Gold,60,102254,20646,0.1444,-0.048,1498,17976,1.4101,8,23,0,0.0,0,1,14,0,359.52,95,269.64,67.6,117.27999999999997,0.0656,0
CC-10171,31,Standard,56,42564,7624,0.0621,-0.1477,238,2856,1.2674,119,4,0,0.0,0,0,16,1,49.98,0,28.56,48.7,-27.28000000000001,0.7893,1
CC-10172,22,Gold,36,48069,11378,0.0964,0.1183,551,6612,1.0654,27,3,0,0.0,1,0,12,1,132.24,95,99.18,71.81,56.25,0.1855,0
CC-10173,46,Standard,9,68648,11444,0.0845,-0.0532,486,5832,0.6159,8,6,0,0.0,3,0,11,1,102.06,0,58.32,104.81,-61.06999999999999,0.2005,0
CC-10174,56,Gold,111,93973,21854,0.1079,0.0712,1185,14220,1.4735,8,21,0,0.0,2,0,12,1,284.4,95,213.3,104.82,61.27999999999997,0.0542,0
CC-10175,53,Standard,37,46538,6910,0.1218,-0.199,423,5076,0.9284,27,8,3,169.41,3,0,11,0,88.83,0,50.76,88.49,118.99000000000001,0.3119,0
CC-10176,67,Gold,17,77368,18479,0.0919,0.2401,853,10236,0.8208,119,12,1,341.82,3,0,8,1,204.72,95,153.54,94.5,393.5,0.9326,1
CC-10177,33,Standard,67,25000,3513,0.1241,0.1716,219,2628,1.2929,8,9,2,87.75,2,0,13,0,45.99,0,26.28,82.03,25.430000000000007,0.0755,0
CC-10178,60,Black,92,359909,100000,0.1212,-0.3065,6090,73080,0.9433,8,91,0,0.0,0,0,16,1,1827.0,495,2192.4,66.1,63.5,0.1115,0
CC-10179,45,Standard,101,33100,4687,0.0679,-0.1403,160,1920,0.6003,8,4,1,64.06,3,1,15,1,33.6,0,19.2,125.45,-46.99000000000001,0.4342,1
CC-10180,24,Standard,27,51148,8867,0.0711,0.0516,317,3804,0.9621,119,5,0,0.0,2,0,8,1,66.57,0,38.04,115.66,-87.13,0.8801,1
CC-10181,62,Standard,108,53671,8663,0.0967,-0.218,421,5052,0.7156,119,5,0,0.0,2,0,6,1,88.41,0,50.52,109.54,-71.65,0.9137,1
CC-10182,39,Platinum,61,151695,45562,0.0683,-0.0397,1563,18756,0.05,8,25,0,0.0,1,0,16,0,422.01,295,412.63,94.89,209.49,0.2649,0
CC-10183,38,Platinum,81,156449,56753,0.0971,0.044,2769,33228,0.6855,8,24,1,1109.22,1,0,15,0,747.63,295,731.02,64.45,1356.3800000000003,0.1632,0
CC-10184,57,Standard,88,60143,10436,0.0683,-0.0477,358,4296,0.7917,119,5,0,0.0,2,0,11,0,75.18,0,42.96,118.09,-85.87,0.803,1
CC-10185,50,Gold,8,68161,18403,0.0955,0.0608,883,10596,0.6033,27,13,0,0.0,1,1,12,0,211.92,95,158.94,53.15,94.82999999999996,0.4337,1
CC-10186,39,Platinum,54,145757,43846,0.0532,-0.124,1173,14076,1.1226,119,17,1,469.52,0,1,17,0,316.71,295,309.67,67.41,704.15,0.8843,1
CC-10187,43,Gold,81,80216,23004,0.081,-0.3566,936,11232,0.7168,27,11,0,0.0,2,0,12,1,224.64,95,168.48,70.31,80.85,0.277,0
CC-10188,36,Gold,90,45909,10566,0.0993,0.1273,527,6324,1.0935,8,6,3,211.19,2,1,12,0,126.48,95,94.86,101.05,236.76000000000002,0.282,1
CC-10189,21,Standard,23,48221,7100,0.1298,0.1264,463,5556,0.58,27,12,0,0.0,1,0,12,0,97.23,0,55.56,52.84,-11.170000000000002,0.1912,0
CC-10190,32,Standard,73,59076,8954,0.106,0.3555,477,5724,1.2228,8,9,0,0.0,0,0,13,0,100.17,0,57.24,73.45,-30.519999999999996,0.0393,0
CC-10191,44,Platinum,95,188171,75093,0.0969,-0.3511,3658,43896,0.5671,27,52,0,0.0,2,1,6,1,987.66,295,965.71,67.02,249.92999999999984,0.643,1
CC-10192,54,Platinum,98,205011,84141,0.1021,0.0926,4319,51828,0.2475,8,69,0,0.0,4,1,13,0,1166.13,295,1140.22,104.91,216.0,0.3875,1
CC-10193,28,Gold,34,47308,13859,0.0797,-0.3153,555,6660,1.3212,119,12,0,0.0,1,0,9,0,133.2,95,99.9,95.2,33.099999999999966,0.6554,0
CC-10194,38,Standard,55,63322,7628,0.0869,0.2435,333,3996,0.6932,119,2,0,0.0,0,0,10,0,69.93,0,39.96,53.17,-23.19999999999999,0.8334,1
CC-10195,68,Standard,61,47079,8253,0.1034,0.0532,429,5148,1.4771,8,7,1,171.77,1,0,15,1,90.09,0,51.48,103.05,107.33000000000001,0.077,0
CC-10196,25,Gold,71,119011,24449,0.1208,-0.1628,1484,17808,1.1194,8,20,0,0.0,1,0,18,0,356.16,95,267.12,55.89,128.15000000000003,0.0419,0
CC-10197,46,Platinum,64,126182,40025,0.087,0.097,1749,20988,1.1871,8,28,0,0.0,4,0,13,1,472.23,295,461.74,126.83,178.65999999999997,0.0845,0
CC-10198,50,Platinum,6,121421,42752,0.1026,-0.103,2204,26448,1.2636,27,28,0,0.0,2,0,17,0,595.08,295,581.86,120.55,187.67000000000007,0.0678,0
CC-10199,33,Platinum,88,97465,33838,0.1176,0.0251,1999,23988,0.9838,27,21,0,0.0,0,0,7,0,539.73,295,527.74,59.79,247.20000000000005,0.1148,0
CC-10200,39,Gold,20,101489,26434,0.1127,0.0109,1497,17964,0.9872,119,14,0,0.0,3,0,11,1,359.28,95,269.46,99.67,85.14999999999998,0.8698,1
CC-10201,49,Standard,101,50787,7555,0.1293,0.2416,491,5892,1.3344,8,12,0,0.0,0,0,10,0,103.11,0,58.92,92.96,-48.769999999999996,0.0343,0
CC-10202,23,Standard,83,32433,5710,0.062,0.2522,178,2136,0.9834,8,2,0,0.0,1,0,7,1,37.38,0,21.36,75.45,-59.43,0.1243,1
CC-10203,46,Platinum,116,64255,20155,0.0877,-0.1096,888,10656,0.7315,8,9,1,355.79,3,0,11,1,239.76,295,234.43,121.93,534.1899999999999,0.2215,0
CC-10204,60,Gold,116,93823,21335,0.0533,0.1387,571,6852,1.1257,8,8,2,228.89,1,1,9,0,137.04,95,102.78,105.2,252.94999999999993,0.2062,0
CC-10205,32,Standard,58,50953,8929,0.0564,0.0332,253,3036,0.3159,8,9,0,0.0,1,0,12,0,53.13,0,30.36,50.65,-27.87999999999999,0.1527,0
CC-10206,22,Standard,26,33896,4223,0.147,-0.2319,312,3744,1.3459,119,6,0,0.0,1,0,9,0,65.52,0,37.44,84.16,-56.08,0.6479,0
CC-10207,31,Gold,68,59758,15594,0.0656,-0.1244,514,6168,1.3521,8,3,0,0.0,0,0,7,1,123.36,95,92.52,77.81,48.03000000000003,0.0738,0
CC-10208,64,Standard,15,52378,8427,0.0923,0.3304,391,4692,1.3095,27,7,0,0.0,2,0,11,0,82.11,0,46.92,90.14,-54.95,0.0703,0
CC-10209,48,Standard,64,65884,9904,0.1029,0.0337,512,6144,1.2979,8,5,0,0.0,1,0,12,0,107.52,0,61.44,90.38,-44.3,0.0359,0
CC-10210,38,Gold,56,74481,20066,0.0946,0.13,954,11448,0.9247,8,12,0,0.0,3,1,15,1,228.96,95,171.72,128.38,23.860000000000014,0.2412,0
CC-10211,33,Gold,17,66307,14406,0.0624,-0.0518,452,5424,0.918,8,12,2,180.94,0,1,15,0,108.48,95,81.36,53.94,249.12,0.2587,0
CC-10212,57,Gold,71,91350,26058,0.0561,-0.101,735,8820,0.5811,8,11,0,0.0,2,1,11,0,176.4,95,132.3,84.39,54.70999999999998,0.2831,0
CC-10213,42,Standard,5,52146,6695,0.0978,-0.0159,329,3948,1.4744,119,4,0,0.0,0,0,12,0,69.09,0,39.48,40.27,-10.659999999999997,0.5895,1
CC-10214,32,Gold,39,77258,18548,0.0717,-0.0599,668,8016,0.8045,8,6,2,267.69,0,0,13,0,160.32,95,120.24,92.3,310.47,0.1545,0
CC-10215,22,Standard,39,67782,8439,0.158,-0.244,670,8040,1.052,8,10,0,0.0,2,0,10,0,140.7,0,80.4,66.98,-6.680000000000007,0.0554,0
CC-10216,57,Standard,103,55143,8421,0.1158,-0.1705,490,5880,1.0262,27,7,1,196.28,3,0,15,0,102.9,0,58.8,108.24,132.14000000000001,0.1321,1
CC-10217,27,Gold,5,76897,20529,0.073,0.0862,753,9036,0.5479,119,13,1,301.65,1,0,13,0,180.72,95,135.54,81.97,359.86,0.9292,1
CC-10218,46,Gold,65,51159,15046,0.0932,-0.0771,705,8460,0.4266,8,15,2,282.26,2,0,11,0,169.2,95,126.9,73.46,346.1,0.3259,0
CC-10219,46,Platinum,37,186179,71400,0.066,-0.0161,2367,28404,0.9517,8,23,1,948.53,2,0,9,1,639.09,295,624.89,94.4,1163.33,0.1819,0
CC-10220,44,Gold,54,110328,28035,0.1007,0.0152,1418,17016,0.8139,8,18,0,0.0,1,0,11,1,340.32,95,255.24,67.68,112.39999999999998,0.1497,0
CC-10221,32,Gold,89,78566,23040,0.0491,0.027,568,6816,0.9232,8,5,0,0.0,2,1,11,0,136.32,95,102.24,113.15,15.930000000000007,0.1369,0
CC-10222,36,Standard,30,48943,7278,0.1135,0.152,415,4980,1.2696,8,13,0,0.0,1,0,12,0,87.15,0,49.8,99.39,-62.03999999999999,0.0386,0
CC-10223,43,Standard,96,43307,6655,0.0825,-0.1848,276,3312,1.0175,119,6,0,0.0,3,1,16,0,57.96,0,33.12,105.97,-81.13,0.8566,1
CC-10224,60,Standard,20,50856,7921,0.0515,0.0655,205,2460,1.1776,8,5,0,0.0,2,0,11,0,43.05,0,24.6,91.07,-72.61999999999999,0.0456,0
CC-10225,29,Standard,118,33469,4839,0.0707,0.0933,172,2064,1.0836,8,8,0,0.0,0,0,14,1,36.12,0,20.64,39.55,-24.07,0.0926,0
CC-10226,52,Black,38,198273,100000,0.0742,0.1279,3727,44724,0.8551,8,57,0,0.0,2,0,12,0,1118.1,495,1341.72,86.43,184.94999999999982,0.0718,0
CC-10227,35,Standard,35,54122,7095,0.1262,-0.2319,450,5400,0.6495,27,11,0,0.0,0,0,7,0,94.5,0,54.0,59.34,-18.840000000000003,0.188,0
CC-10228,57,Platinum,66,172816,61812,0.0478,0.0182,1485,17820,1.0294,8,30,0,0.0,2,0,7,0,400.95,295,392.04,91.8,212.11,0.0594,0
CC-10229,33,Gold,28,74570,20299,0.0847,0.2374,864,10368,0.9752,8,16,0,0.0,2,0,5,0,207.36,95,155.52,92.17,54.670000000000016,0.0689,0
CC-10230,25,Platinum,50,113780,46258,0.0893,-0.0349,2075,24900,1.2245,8,27,0,0.0,1,0,13,0,560.25,295,547.8,55.53,251.92000000000007,0.0399,0
CC-10231,31,Gold,42,109385,31545,0.0796,0.0525,1262,15144,0.9047,8,18,0,0.0,0,1,9,0,302.88,95,227.16,44.79,125.93,0.1503,0
CC-10232,30,Gold,19,69800,17511,0.0999,0.0971,879,10548,0.8608,8,19,0,0.0,4,1,4,0,210.96,95,158.22,121.03,26.710000000000036,0.1761,0
CC-10233,33,Gold,42,86177,22777,0.051,-0.1738,584,7008,0.8812,8,24,0,0.0,0,0,14,0,140.16,95,105.12,57.7,72.34,0.0663,0
CC-10234,61,Standard,9,44196,6348,0.1003,0.2551,320,3840,0.6744,8,5,0,0.0,1,1,11,1,67.2,0,38.4,58.54,-29.739999999999995,0.3483,1
CC-10235,66,Gold,59,53828,13285,0.1161,0.0549,775,9300,1.3841,8,16,0,0.0,2,0,12,0,186.0,95,139.5,103.92,37.579999999999984,0.0316,0
CC-10236,70,Standard,10,47161,8223,0.0845,0.0579,349,4188,1.2919,8,3,0,0.0,5,1,10,1,73.29,0,41.88,117.06,-85.64999999999999,0.1686,0
CC-10237,35,Standard,119,46062,8099,0.0838,-0.2693,341,4092,0.5861,119,12,2,136.61,2,0,13,0,71.61,0,40.92,65.31,101.99000000000002,0.9219,1
CC-10238,62,Gold,58,92654,26827,0.0849,0.0992,1145,13740,1.1912,8,19,0,0.0,1,0,11,0,274.8,95,206.1,86.76,76.94,0.0433,0
CC-10239,27,Standard,33,46780,6001,0.0859,0.056,259,3108,0.3965,27,4,0,0.0,3,0,17,1,54.39,0,31.08,84.97,-61.66,0.3759,0
CC-10240,60,Black,61,429498,100000,0.2137,0.2236,10741,128892,1.2456,8,137,0,0.0,1,0,17,0,3222.3,495,3866.76,53.63,-203.09000000000015,0.0354,0
CC-10241,48,Black,60,361317,100000,0.2121,-0.0667,10660,127920,0.7411,27,129,1,4269.22,0,0,13,0,3198.0,495,3837.6,40.15,4084.4700000000003,0.2057,0
CC-10242,52,Platinum,14,141358,46729,0.0461,-0.1681,1083,12996,1.058,8,17,0,0.0,1,0,10,0,292.41,295,285.91,106.18,195.32000000000005,0.056,0
CC-10243,55,Standard,50,46465,7021,0.1202,-0.1223,424,5088,0.3711,8,7,0,0.0,3,0,12,0,89.04,0,50.88,86.32,-48.15999999999998,0.1424,0
CC-10244,35,Standard,33,64840,10811,0.0571,-0.0957,310,3720,0.5904,27,5,0,0.0,2,0,8,1,65.1,0,37.2,115.34,-87.44000000000003,0.3459,1
CC-10245,68,Platinum,110,170208,61052,0.0795,-0.1878,2440,29280,1.0906,27,31,0,0.0,0,1,15,1,658.8,295,644.16,81.6,228.03999999999996,0.3118,0
CC-10246,56,Standard,85,31173,5598,0.0999,0.1735,281,3372,0.7397,119,8,2,112.57,2,0,10,1,59.01,0,33.72,115.47,22.389999999999986,0.9552,1
CC-10247,41,Black,65,346426,100000,0.1901,0.1792,9554,114648,0.698,27,118,0,0.0,2,0,7,0,2866.2,495,3439.44,101.31,-179.55000000000018,0.2286,0
CC-10248,26,Black,76,366996,100000,0.2118,-0.0494,10642,127704,1.3688,8,136,0,0.0,2,0,12,0,3192.6,495,3831.12,74.31,-217.82999999999993,0.0319,0
CC-10249,21,Platinum,41,196620,76871,0.11,-0.0789,4248,50976,1.6133,8,59,1,1702.02,1,0,13,0,1146.96,295,1121.47,96.25,1926.26,0.0324,0
CC-10250,24,Standard,78,40483,6058,0.0838,-0.2923,255,3060,1.2311,8,4,3,102.18,2,0,13,0,53.55,0,30.6,98.93,26.200000000000017,0.1177,0
CC-10251,31,Standard,22,39662,6798,0.0893,0.0844,305,3660,0.6224,8,4,0,0.0,1,0,8,0,64.05,0,36.6,84.1,-56.64999999999999,0.1097,0
CC-10252,64,Platinum,103,107036,38154,0.0745,0.228,1429,17148,1.4791,27,17,0,0.0,3,0,10,1,385.83,295,377.26,116.53,187.03999999999996,0.1036,0
CC-10253,46,Standard,50,48466,7012,0.0778,-0.1156,274,3288,0.4816,8,8,1,109.81,1,1,13,0,57.54,0,32.88,58.9,75.57,0.3225,1
CC-10254,57,Standard,107,53244,6733,0.0975,-0.0375,330,3960,0.8587,119,4,0,0.0,0,0,12,0,69.3,0,39.6,52.49,-22.790000000000006,0.7794,1
CC-10255,43,Gold,73,74091,17733,0.1034,0.0451,921,11052,0.9664,8,15,1,369.07,0,1,12,1,221.04,95,165.78,94.61,424.7199999999999,0.3171,0
CC-10256,49,Black,118,270072,100000,0.1121,0.2387,5634,67608,1.5272,8,68,0,0.0,3,1,7,1,1690.2,495,2028.24,132.41,24.549999999999727,0.119,0
CC-10257,41,Gold,56,41358,12081,0.0894,0.01,543,6516,1.2238,8,5,0,0.0,3,1,14,0,130.32,95,97.74,101.55,26.03,0.0867,0
CC-10258,68,Gold,80,117075,26361,0.11,0.0093,1457,17484,0.8109,8,21,0,0.0,5,1,14,1,349.68,95,262.26,169.19,13.230000000000018,0.2761,0
CC-10259,65,Standard,77,27394,3871,0.0514,0.0069,100,1200,0.6665,27,5,0,0.0,2,0,8,0,21.0,0,12.0,69.18,-60.18000000000001,0.1757,0
CC-10260,65,Gold,73,92964,20024,0.1043,-0.2338,1050,12600,1.2507,119,11,1,420.38,1,0,14,0,252.0,95,189.0,70.93,507.45,0.7356,1
CC-10261,69,Black,31,296677,100000,0.1152,-0.237,5788,69456,0.79,8,69,0,0.0,0,0,6,0,1736.4,495,2083.68,68.31,79.41000000000031,0.0887,0
CC-10262,47,Standard,76,45515,8083,0.0714,-0.1412,290,3480,1.015,27,8,0,0.0,2,1,12,0,60.9,0,34.8,102.26,-76.16,0.2088,1
CC-10263,59,Gold,95,86461,22833,0.0993,0.1319,1139,13668,0.5391,8,17,0,0.0,4,0,10,0,273.36,95,205.02,143.31,20.029999999999973,0.1529,0
CC-10264,60,Platinum,75,104587,38319,0.0853,-0.0703,1643,19716,1.1208,119,21,0,0.0,1,0,14,0,443.61,295,433.75,94.2,210.65999999999997,0.6962,1
CC-10265,33,Gold,102,78028,19924,0.108,-0.0994,1081,12972,1.0966,8,16,0,0.0,1,0,15,0,259.44,95,194.58,91.28,68.57999999999998,0.0448,1
CC-10266,43,Gold,50,105590,22052,0.1155,-0.1021,1280,15360,0.5775,8,12,0,0.0,3,0,8,0,307.2,95,230.4,138.46,33.339999999999975,0.155,0
CC-10267,36,Gold,76,111884,30538,0.0767,-0.0406,1177,14124,1.2595,8,25,0,0.0,2,0,18,0,282.48,95,211.86,100.9,64.72000000000003,0.0336,1
CC-10268,50,Standard,85,40264,6286,0.1064,0.2353,336,4032,1.1164,8,6,0,0.0,2,1,12,0,70.56,0,40.32,65.39,-35.150000000000006,0.1027,0
CC-10269,24,Standard,58,27445,4382,0.0454,-0.0427,100,1200,1.172,8,9,0,0.0,1,1,15,1,21.0,0,12.0,87.01,-78.01,0.176,0
CC-10270,60,Platinum,97,112746,45756,0.0387,-0.1379,891,10692,0.8364,8,19,0,0.0,1,0,7,1,240.57,295,235.22,95.54,204.80999999999995,0.1507,0
CC-10271,36,Platinum,19,204844,79838,0.0447,-0.0162,1792,21504,1.0037,8,25,0,0.0,3,0,7,0,483.84,295,473.09,135.09,170.65999999999997,0.0641,0
CC-10272,51,Platinum,11,114829,44706,0.0718,0.2433,1614,19368,0.969,8,25,1,646.1,1,0,13,0,435.78,295,426.1,73.54,877.24,0.0879,0
CC-10273,62,Platinum,111,136597,55978,0.0535,-0.0954,1506,18072,0.9055,27,25,1,602.81,1,0,7,0,406.62,295,397.58,53.1,853.7499999999998,0.1771,0
CC-10274,45,Gold,99,115088,34410,0.0988,-0.1972,1708,20496,1.0012,27,21,0,0.0,1,1,16,0,409.92,95,307.44,57.61,139.87,0.1963,0
CC-10275,64,Gold,36,73803,19050,0.0803,-0.0951,769,9228,1.3269,27,6,0,0.0,0,1,17,0,184.56,95,138.42,89.48,51.660000000000025,0.1303,0
CC-10276,32,Platinum,47,134206,39623,0.1175,-0.0007,2340,28080,1.2725,8,33,0,0.0,2,0,14,1,631.8,295,617.76,122.03,187.01,0.0741,0
CC-10277,46,Gold,90,101883,25054,0.063,0.0832,793,9516,0.5954,8,12,0,0.0,2,1,18,0,190.32,95,142.74,78.96,63.620000000000005,0.2483,0
CC-10278,57,Gold,11,121375,33834,0.0586,0.131,997,11964,1.2456,8,12,0,0.0,1,1,12,0,239.28,95,179.46,90.54,64.27999999999997,0.0901,0
CC-10279,68,Platinum,9,117405,33329,0.0878,-0.1769,1471,17652,1.3073,8,14,0,0.0,3,1,12,1,397.17,295,388.34,108.4,195.43000000000006,0.1599,0
CC-10280,53,Platinum,18,188723,54345,0.1242,-0.1626,3393,40716,0.9046,8,48,1,1358.59,1,0,7,1,916.11,295,895.75,86.26,1587.6899999999998,0.2022,0
CC-10281,48,Standard,21,41832,5188,0.1039,-0.0685,271,3252,1.1025,8,7,0,0.0,1,0,13,0,56.91,0,32.52,53.02,-28.63000000000001,0.0492,0
CC-10282,29,Standard,105,35033,5740,0.0822,0.0827,237,2844,1.0982,8,4,0,0.0,2,0,13,0,49.77,0,28.44,122.84,-101.50999999999999,0.0463,0
CC-10283,32,Standard,8,47807,7174,0.0965,-0.209,348,4176,0.695,8,8,0,0.0,3,0,9,1,73.08,0,41.76,108.3,-76.98,0.1871,0
CC-10284,25,Gold,116,60401,14308,0.1065,-0.1111,766,9192,0.8354,8,22,1,306.72,2,0,8,0,183.84,95,137.88,111.36,336.32000000000005,0.1078,0
CC-10285,48,Standard,117,50310,6356,0.062,-0.1089,198,2376,1.1752,119,6,0,0.0,0,2,17,0,41.58,0,23.76,65.99,-48.17,0.9127,1
CC-10286,55,Gold,13,151930,41510,0.093,0.1213,1939,23268,0.8013,119,16,0,0.0,2,0,9,1,465.36,95,349.02,116.41,94.93000000000006,0.904,1
CC-10287,25,Gold,78,108494,25181,0.0911,0.0592,1153,13836,1.2426,8,12,1,461.74,2,0,9,0,276.72,95,207.54,102.97,522.95,0.0599,0
CC-10288,54,Standard,63,43819,5955,0.1139,0.1156,341,4092,1.3415,8,11,0,0.0,0,0,13,0,71.61,0,40.92,54.24,-23.549999999999997,0.033,0
CC-10289,66,Gold,44,107359,28475,0.0621,0.1808,888,10656,1.2931,119,18,0,0.0,0,1,17,0,213.12,95,159.84,64.92,83.36000000000001,0.7973,1
CC-10290,54,Standard,15,34520,5300,0.0785,-0.0658,209,2508,1.5439,119,5,3,83.74,2,0,15,1,43.89,0,25.08,112.43,-9.879999999999995,0.894,1
CC-10291,33,Standard,14,36408,5160,0.0683,-0.1981,177,2124,0.9228,27,5,0,0.0,0,1,15,0,37.17,0,21.24,51.09,-35.16,0.2327,0
CC-10292,59,Platinum,87,137299,50774,0.1194,-0.1971,3046,36552,1.0032,8,51,0,0.0,2,0,7,0,822.42,295,804.14,112.22,201.06000000000006,0.0608,0
CC-10293,62,Standard,76,45987,6266,0.0969,-0.2957,305,3660,1.0462,8,10,0,0.0,1,0,7,0,64.05,0,36.6,92.52,-65.07000000000001,0.0575,0
CC-10294,65,Standard,22,30450,5106,0.1181,-0.0888,303,3636,0.9319,8,7,1,121.38,1,1,13,1,63.63,0,36.36,50.5,98.14999999999999,0.3342,0
CC-10295,68,Gold,52,78487,17497,0.0883,-0.0776,776,9312,1.1127,27,13,0,0.0,0,0,10,0,186.24,95,139.68,87.0,54.56,0.0929,0
CC-10296,34,Platinum,38,134939,40783,0.071,0.0981,1456,17472,0.4366,27,19,1,582.84,2,0,15,0,393.12,295,384.38,96.25,790.33,0.3693,0
CC-10297,31,Standard,94,62347,10408,0.0799,-0.0175,418,5016,1.0115,8,8,1,167.39,1,1,11,1,87.78,0,50.16,105.65,99.35999999999999,0.3022,0
CC-10298,62,Gold,90,57516,15574,0.0396,-0.0935,310,3720,0.5368,8,9,2,124.14,2,0,16,0,74.4,95,55.8,65.65,172.09000000000003,0.2643,0
CC-10299,58,Standard,71,29406,3850,0.1421,-0.0374,275,3300,0.6612,8,3,0,0.0,3,0,11,0,57.75,0,33.0,131.71,-106.96000000000001,0.0947,0
CC-10300,24,Standard,39,46976,5964,0.1375,-0.1758,412,4944,1.1699,27,7,0,0.0,0,0,13,0,86.52,0,49.44,81.21,-44.12999999999998,0.0817,0
CC-10301,53,Gold,14,109456,31067,0.0859,0.1338,1341,16092,0.8903,27,19,0,0.0,0,1,14,0,321.84,95,241.38,74.66,100.80000000000001,0.2458,0
CC-10302,27,Gold,101,96721,26855,0.0795,-0.1379,1073,12876,1.1593,8,20,0,0.0,2,0,17,1,257.52,95,193.14,100.88,58.5,0.0795,0
CC-10303,61,Gold,42,91431,21278,0.0923,-0.191,987,11844,0.8838,8,18,0,0.0,3,1,16,0,236.88,95,177.66,115.96,38.25999999999999,0.1372,0
CC-10304,28,Gold,56,78867,20964,0.112,0.1027,1180,14160,1.2819,8,17,0,0.0,0,2,10,0,283.2,95,212.4,85.33,80.46999999999997,0.1798,0
CC-10305,57,Black,4,327327,100000,0.1056,0.0661,5305,63660,0.8783,27,74,0,0.0,0,0,13,0,1591.5,495,1909.8,94.64,82.05999999999995,0.1275,0
CC-10306,71,Gold,52,102571,25715,0.1015,-0.2786,1312,15744,0.3635,27,24,0,0.0,1,0,13,1,314.88,95,236.16,77.73,95.99000000000001,0.49,0
CC-10307,30,Standard,43,42105,5099,0.1182,0.1083,303,3636,1.0176,8,2,0,0.0,0,0,19,1,63.63,0,36.36,68.99,-41.71999999999999,0.0985,0
CC-10308,63,Platinum,47,106798,35758,0.1316,-0.1312,2364,28368,0.2993,8,35,0,0.0,1,0,14,1,638.28,295,624.1,60.9,248.27999999999997,0.3502,0
CC-10309,35,Standard,105,34401,4282,0.1413,-0.0761,304,3648,0.5142,8,6,0,0.0,3,0,17,0,63.84,0,36.48,103.52,-76.16,0.1025,0
CC-10310,58,Standard,108,54885,8150,0.1338,0.0081,548,6576,0.6851,8,11,0,0.0,4,0,14,1,115.08,0,65.76,105.16,-55.84000000000002,0.163,0
CC-10311,35,Standard,11,27626,4014,0.0992,0.068,200,2400,0.6477,8,3,0,0.0,2,0,11,1,42.0,0,24.0,65.63,-47.629999999999995,0.1922,0
CC-10312,25,Standard,64,63866,9366,0.0635,0.0468,299,3588,0.7865,8,5,0,0.0,0,0,14,0,62.79,0,35.88,78.41,-51.49999999999999,0.075,0
CC-10313,49,Black,88,248071,91329,0.113,-0.0275,5187,62244,0.6374,27,81,0,0.0,1,0,10,0,1556.1,495,1867.32,68.35,115.43000000000006,0.2318,0
CC-10314,39,Platinum,49,150833,49869,0.1093,-0.0837,2740,32880,0.5282,27,38,1,1097.13,2,2,10,0,739.8,295,723.36,117.2,1291.3700000000003,0.752,1
CC-10315,71,Gold,7,99911,27540,0.092,0.0418,1273,15276,1.4126,8,22,0,0.0,0,0,10,1,305.52,95,229.14,64.48,106.89999999999998,0.0669,0
CC-10316,30,Standard,78,37308,5302,0.0465,-0.0378,124,1488,0.7466,8,6,0,0.0,0,0,19,0,26.04,0,14.88,83.25,-72.09,0.0718,0
CC-10317,32,Standard,3,39826,6488,0.0816,0.2508,266,3192,0.2808,8,12,3,106.56,0,0,12,0,55.86,0,31.92,60.42,70.08000000000001,0.3985,0
CC-10318,24,Standard,46,46484,6608,0.0684,0.068,227,2724,0.8417,27,5,0,0.0,1,0,17,1,47.67,0,27.24,99.96,-79.52999999999999,0.2262,0
CC-10319,51,Standard,24,35395,5146,0.1253,-0.1585,324,3888,0.6126,27,11,0,0.0,2,1,9,0,68.04,0,38.88,116.36,-87.2,0.3577,1
CC-10320,38,Gold,40,62312,15976,0.0506,-0.0916,406,4872,0.6845,8,8,1,162.71,1,0,13,0,97.44,95,73.08,78.01,204.05999999999997,0.1739,0
CC-10321,36,Gold,117,64222,18949,0.0787,-0.0128,749,8988,1.1631,8,8,1,300.17,1,0,13,1,179.76,95,134.82,105.98,334.13000000000005,0.1204,0
CC-10322,60,Gold,21,110694,23343,0.0722,0.1749,847,10164,0.8156,8,10,0,0.0,3,0,6,1,203.28,95,152.46,97.72,48.099999999999966,0.1662,0
CC-10323,56,Standard,82,49476,6034,0.093,0.1917,282,3384,0.6042,8,2,1,112.95,2,1,13,0,59.22,0,33.84,87.43,50.900000000000006,0.2759,1
CC-10324,45,Black,33,224478,100000,0.134,-0.0794,6736,80832,1.0839,8,86,0,0.0,2,0,17,0,2020.8,495,2424.96,93.6,-2.7599999999997635,0.0465,0
CC-10325,43,Gold,117,103546,30536,0.0499,-0.16,766,9192,1.295,8,10,2,306.71,3,0,13,0,183.84,95,137.88,124.89,322.78,0.0725,0
CC-10326,32,Gold,69,69322,20725,0.0396,-0.1792,412,4944,1.1111,8,9,0,0.0,4,1,11,0,98.88,95,74.16,118.92,0.8000000000000114,0.1067,0
CC-10327,54,Gold,89,43553,10819,0.0454,0.0179,247,2964,0.2139,8,4,0,0.0,1,0,16,1,59.28,95,44.46,55.03,54.78999999999999,0.3644,1
CC-10328,56,Standard,44,52839,7824,0.0898,0.3256,353,4236,0.6155,27,8,0,0.0,1,0,11,0,74.13,0,42.36,50.14,-18.370000000000005,0.183,1
CC-10329,57,Standard,84,63520,10080,0.0954,0.0609,483,5796,0.9642,8,8,0,0.0,2,0,14,1,101.43,0,57.96,117.36,-73.88999999999999,0.1128,0
CC-10330,23,Standard,28,51277,7862,0.0714,-0.2591,282,3384,0.8767,119,4,2,112.99,1,1,8,1,59.22,0,33.84,88.4,49.96999999999997,0.9777,1
CC-10331,29,Platinum,15,73943,27268,0.0963,-0.1289,1320,15840,0.8518,8,17,0,0.0,0,1,10,1,356.4,295,348.48,45.2,257.71999999999997,0.29,0
CC-10332,38,Standard,60,44735,7714,0.0431,-0.1136,167,2004,0.6552,8,5,1,66.92,1,0,10,0,35.07,0,20.04,104.13,-22.17999999999998,0.1396,0
CC-10333,63,Standard,20,41910,6905,0.1092,-0.1433,379,4548,0.5283,8,7,0,0.0,0,0,16,0,79.59,0,45.48,78.34,-44.22999999999999,0.1089,1
CC-10334,55,Standard,69,49254,7378,0.1165,-0.0782,432,5184,1.5523,8,10,0,0.0,1,0,8,0,90.72,0,51.84,95.92,-57.03999999999999,0.0261,0
CC-10335,54,Standard,89,35468,5239,0.1333,0.0354,351,4212,0.9581,8,4,0,0.0,2,1,17,0,73.71,0,42.12,91.97,-60.38000000000001,0.1174,0
CC-10336,61,Platinum,5,128328,47422,0.116,0.0823,2765,33180,1.1426,8,45,0,0.0,1,2,16,0,746.55,295,729.96,95.18,216.40999999999985,0.2022,1
CC-10337,34,Gold,57,54823,13462,0.0693,0.1438,469,5628,0.9519,8,7,1,187.78,0,0,11,0,112.56,95,84.42,71.36,239.56000000000003,0.0903,0
CC-10338,24,Gold,91,89712,22049,0.0727,0.0586,806,9672,0.9639,27,9,0,0.0,2,0,11,0,193.44,95,145.08,109.08,34.27999999999997,0.1098,0
CC-10339,49,Standard,93,29442,3561,0.1364,-0.3131,244,2928,0.9314,8,12,0,0.0,4,2,16,0,51.24,0,29.28,115.3,-93.33999999999997,0.2483,0
CC-10340,61,Gold,60,94295,20500,0.058,-0.1786,597,7164,0.6139,8,3,0,0.0,1,0,15,1,143.28,95,107.46,82.1,48.72,0.2401,0
CC-10341,65,Gold,110,69050,17183,0.0651,-0.0437,562,6744,0.4957,119,8,0,0.0,0,0,15,0,134.88,95,101.16,37.13,91.59,0.8938,1
CC-10342,70,Standard,65,25000,4233,0.0484,0.0021,103,1236,1.0659,27,2,1,41.24,2,2,15,0,21.63,0,12.36,74.74,-24.22999999999999,0.4466,0
CC-10343,35,Standard,93,53929,7373,0.0926,0.1092,343,4116,1.0064,8,8,0,0.0,1,2,4,0,72.03,0,41.16,101.38,-70.50999999999999,0.2714,0
CC-10344,48,Standard,54,50557,7652,0.0921,-0.0135,354,4248,1.2315,8,12,0,0.0,4,0,11,0,74.34,0,42.48,134.36,-102.5,0.0409,0
CC-10345,62,Gold,105,113750,26673,0.0603,-0.0124,808,9696,1.1706,8,9,0,0.0,3,2,15,0,193.92,95,145.44,129.68,13.799999999999955,0.1854,0
CC-10346,36,Gold,91,40584,8542,0.0496,0.0157,213,2556,0.7074,8,4,0,0.0,2,0,8,1,51.12,95,38.34,98.66,9.120000000000005,0.1769,0
CC-10347,32,Standard,26,37636,6680,0.0909,-0.0583,305,3660,1.2898,8,7,0,0.0,1,0,16,0,64.05,0,36.6,75.93,-48.480000000000004,0.0347,0
CC-10348,25,Standard,74,46480,7961,0.0402,-0.007,161,1932,1.1795,8,5,0,0.0,2,0,10,0,33.81,0,19.32,113.91,-99.41999999999999,0.0444,0
CC-10349,54,Gold,11,97148,20192,0.141,0.1489,1431,17172,1.1573,27,23,0,0.0,1,1,16,1,343.44,95,257.58,52.83,128.03000000000003,0.3024,0
CC-10350,62,Gold,112,53913,14663,0.0528,-0.0326,389,4668,1.6248,8,7,0,0.0,3,1,12,0,93.36,95,70.02,121.2,-2.859999999999985,0.0473,0
CC-10351,21,Platinum,39,155101,50975,0.1057,-0.0245,2707,32484,1.5632,8,42,0,0.0,0,0,19,0,730.89,295,714.65,71.57,239.66999999999985,0.0212,0
CC-10352,59,Gold,96,72849,21817,0.062,-0.025,680,8160,1.157,8,10,0,0.0,0,0,13,0,163.2,95,122.4,37.14,98.65999999999997,0.0426,0
CC-10353,52,Standard,119,25000,3453,0.0576,0.1747,100,1200,1.1196,8,4,0,0.0,0,0,10,0,21.0,0,12.0,55.14,-46.14,0.047,0
CC-10354,46,Standard,85,36554,4910,0.0956,-0.1862,236,2832,1.2745,8,3,0,0.0,1,1,12,0,49.56,0,28.32,81.11,-59.870000000000005,0.0817,0
CC-10355,37,Gold,55,95930,24633,0.0788,0.2464,975,11700,0.7748,8,16,0,0.0,0,1,14,0,234.0,95,175.5,36.95,116.55000000000001,0.1631,0
CC-10356,68,Standard,82,25000,4252,0.1053,-0.1965,225,2700,0.7791,8,10,0,0.0,4,1,13,1,47.25,0,27.0,113.48,-93.23000000000002,0.2901,1
CC-10357,47,Gold,26,98537,21604,0.1118,-0.1181,1214,14568,1.152,119,16,0,0.0,3,0,17,0,291.36,95,218.52,80.89,86.94999999999999,0.6814,1
CC-10358,44,Black,110,299836,100000,0.072,0.0917,3618,43416,0.6931,8,53,0,0.0,3,1,14,1,1085.4,495,1302.48,96.31,181.61000000000013,0.3892,0
CC-10359,55,Gold,23,79605,16409,0.0684,0.1345,564,6768,1.1278,8,9,0,0.0,2,0,16,0,135.36,95,101.52,123.65,5.189999999999998,0.0446,0
CC-10360,66,Standard,102,26604,4659,0.0611,-0.2305,143,1716,0.997,119,3,0,0.0,0,1,16,1,30.03,0,17.16,62.22,-49.349999999999994,0.9286,1
CC-10361,62,Gold,42,51957,10812,0.0589,-0.1839,320,3840,0.6931,119,5,1,128.18,2,0,13,0,76.8,95,57.6,121.97,120.41000000000003,0.9098,1
CC-10362,59,Gold,105,76532,22303,0.0653,0.0217,732,8784,0.9578,8,14,0,0.0,3,1,14,0,175.68,95,131.76,128.25,10.670000000000016,0.1224,0
CC-10363,46,Gold,113,61095,15217,0.1185,0.3317,906,10872,1.3415,119,21,0,0.0,4,0,15,0,217.44,95,163.08,110.73,38.629999999999995,0.6045,0
CC-10364,69,Black,64,256636,100000,0.1079,0.1669,5424,65088,0.9747,8,74,0,0.0,3,0,11,1,1627.2,495,1952.64,136.2,33.35999999999967,0.1189,1
CC-10365,58,Standard,72,55194,9846,0.0922,-0.0572,456,5472,0.976,8,8,0,0.0,3,0,23,0,95.76,0,54.72,98.01,-56.97000000000001,0.0474,0
CC-10366,43,Black,71,260888,100000,0.1279,-0.3829,6429,77148,1.0487,8,76,0,0.0,1,0,16,0,1928.7,495,2314.44,70.72,38.539999999999964,0.0485,0
CC-10367,42,Platinum,16,129484,48041,0.1086,-0.0078,2621,31452,1.0878,8,44,0,0.0,1,0,21,0,707.67,295,691.94,68.2,242.52999999999986,0.0434,0
CC-10368,24,Standard,119,41628,5312,0.0742,0.0343,198,2376,0.8507,8,5,0,0.0,1,0,16,0,41.58,0,23.76,76.54,-58.72000000000001,0.063,0
CC-10369,69,Standard,111,56400,8480,0.1105,-0.0774,471,5652,1.0551,8,11,0,0.0,2,0,14,0,98.91,0,56.52,69.42,-27.03,0.0483,0
CC-10370,29,Standard,44,59550,9036,0.1207,-0.1476,548,6576,0.6353,27,8,0,0.0,0,1,11,0,115.08,0,65.76,83.98,-34.66000000000001,0.3367,1
CC-10371,24,Standard,52,49746,7505,0.0589,0.0039,222,2664,0.7103,8,6,0,0.0,4,0,11,0,46.62,0,26.64,99.92,-79.94,0.0895,0
CC-10372,27,Standard,63,46536,7174,0.0727,-0.1613,262,3144,0.7487,8,9,1,104.98,3,0,16,0,55.02,0,31.44,108.71,19.849999999999994,0.11,0
CC-10373,43,Gold,6,89878,18143,0.1449,0.2609,1321,15852,1.0909,8,17,0,0.0,1,2,15,1,317.04,95,237.78,54.17,120.09000000000003,0.3727,1
CC-10374,22,Standard,74,61064,9933,0.1044,0.2075,521,6252,0.9981,119,16,1,208.73,1,0,16,0,109.41,0,62.52,89.29,166.32999999999998,0.8,1
CC-10375,69,Standard,90,50357,8195,0.0636,0.0787,262,3144,0.9097,27,7,0,0.0,1,2,14,0,55.02,0,31.44,77.01,-53.43,0.4096,1
CC-10376,44,Platinum,77,193285,57244,0.1072,-0.0065,3084,37008,1.1572,8,38,1,1235.19,1,0,9,1,832.68,295,814.18,50.07,1498.62,0.134,1
CC-10377,60,Standard,19,40285,6212,0.0775,-0.119,242,2904,1.0637,27,6,0,0.0,2,0,17,0,50.82,0,29.04,90.87,-69.09,0.0901,0
CC-10378,51,Platinum,116,93255,33531,0.0821,-0.0231,1384,16608,0.863,27,24,0,0.0,2,0,12,0,373.68,295,365.38,86.82,216.48000000000008,0.1221,0
CC-10379,67,Standard,87,37473,6031,0.0703,0.2259,213,2556,0.6394,119,4,0,0.0,2,0,5,0,44.73,0,25.56,119.85,-100.68,0.8544,1
CC-10380,51,Standard,59,38668,4838,0.0823,0.1103,200,2400,0.7041,8,5,0,0.0,0,2,14,0,42.0,0,24.0,70.94,-52.94,0.3372,0
CC-10381,67,Gold,92,119096,31280,0.089,0.0106,1399,16788,0.51,8,25,0,0.0,0,0,10,0,335.76,95,251.82,84.63,94.31,0.1594,0
CC-10382,60,Gold,109,100648,22955,0.1115,0.1186,1286,15432,0.9922,8,26,1,515.18,1,1,16,0,308.64,95,231.48,58.68,628.66,0.1586,0
CC-10383,68,Platinum,50,117689,41306,0.1168,0.0618,2425,29100,0.6914,119,33,0,0.0,3,1,12,0,654.75,295,640.2,87.58,221.9699999999999,0.9414,1
CC-10384,71,Gold,46,102178,28337,0.047,0.0394,669,8028,0.8014,119,14,1,268.08,0,0,11,1,160.56,95,120.42,45.97,357.25,0.9292,1
CC-10385,63,Platinum,47,135464,51312,0.1042,0.1271,2687,32244,0.9117,27,38,0,0.0,2,1,16,0,725.49,295,709.37,121.62,189.5,0.2274,1
CC-10386,54,Standard,93,63388,8058,0.0785,0.0576,318,3816,1.2632,8,5,0,0.0,4,0,18,0,66.78,0,38.16,100.97,-72.35,0.033,0
CC-10387,44,Standard,82,41245,6412,0.0788,0.1088,254,3048,1.2286,8,7,0,0.0,0,0,16,1,53.34,0,30.48,64.01,-41.150000000000006,0.0742,0
CC-10388,69,Platinum,92,86138,35805,0.1006,0.0042,1810,21720,0.9336,8,19,0,0.0,0,0,8,0,488.7,295,477.84,39.58,266.2800000000001,0.066,0
CC-10389,46,Platinum,119,133463,40298,0.0943,-0.0581,1910,22920,1.3297,8,28,0,0.0,0,0,9,0,515.7,295,504.24,80.53,225.93000000000006,0.0347,0
CC-10390,36,Black,35,256679,100000,0.0742,-0.1022,3727,44724,0.3463,8,44,1,1493.52,0,0,10,0,1118.1,495,1341.72,58.09,1706.81,0.2782,0
CC-10391,67,Standard,33,29888,4846,0.0538,-0.1201,131,1572,1.5132,8,6,1,52.48,0,1,12,1,27.51,0,15.72,71.71,-7.439999999999998,0.1668,0
CC-10392,33,Standard,114,51591,8586,0.0774,-0.2608,334,4008,1.1577,119,9,0,0.0,0,0,9,0,70.14,0,40.08,39.3,-9.239999999999995,0.698,1
CC-10393,35,Platinum,49,189865,60656,0.118,-0.1568,3596,43152,0.9808,8,43,1,1440.67,3,0,15,1,970.92,295,949.34,105.89,1651.3600000000001,0.1571,1
CC-10394,47,Standard,8,32372,4443,0.1447,-0.1611,323,3876,0.6826,119,2,0,0.0,2,0,9,0,67.83,0,38.76,73.03,-43.959999999999994,0.8437,0
CC-10395,24,Black,110,348089,100000,0.1858,-0.0961,9336,112032,0.8186,27,129,0,0.0,1,0,13,0,2800.8,495,3360.96,69.47,-134.62999999999965,0.1283,0
CC-10396,36,Platinum,74,118767,39237,0.1244,0.2143,2453,29436,1.1328,8,44,0,0.0,1,0,15,0,662.31,295,647.59,61.33,248.38999999999987,0.0433,0
CC-10397,50,Standard,73,44721,5535,0.1337,-0.0436,372,4464,1.1396,8,4,0,0.0,0,0,18,0,78.12,0,44.64,63.9,-30.419999999999987,0.0405,0
CC-10398,64,Platinum,36,135457,49317,0.1144,0.0163,2835,34020,1.1505,119,25,1,1135.61,1,1,9,1,765.45,295,748.44,103.61,1344.0099999999998,0.9485,0
CC-10399,50,Platinum,110,139135,41389,0.0578,0.021,1202,14424,0.7315,27,18,0,0.0,1,2,10,1,324.54,295,317.33,73.84,228.37,0.6754,1
CC-10400,56,Standard,55,50322,8443,0.1129,0.2181,479,5748,0.671,8,8,0,0.0,0,0,9,1,100.59,0,57.48,89.22,-46.109999999999985,0.187,0
CC-10401,23,Platinum,16,104153,38520,0.0723,-0.1063,1400,16800,1.0086,8,20,0,0.0,1,2,12,0,378.0,295,369.6,96.5,206.89999999999998,0.2522,1
CC-10402,42,Gold,18,112482,32335,0.0984,-0.0534,1599,19188,1.181,8,25,0,0.0,0,0,11,0,383.76,95,287.82,79.82,111.12,0.0455,0
CC-10403,69,Platinum,45,157623,61453,0.0441,-0.0359,1361,16332,0.951,8,18,0,0.0,2,0,13,1,367.47,295,359.3,111.87,191.3,0.1204,0
CC-10404,42,Standard,118,54400,6893,0.127,0.1505,440,5280,1.3944,8,13,0,0.0,0,1,13,0,92.4,0,52.8,77.64,-38.03999999999999,0.0654,0
CC-10405,70,Platinum,75,112697,37567,0.1106,0.1816,2088,25056,0.9599,27,27,0,0.0,3,2,24,0,563.76,295,551.23,92.2,215.32999999999993,0.3468,0
CC-10406,70,Standard,76,32458,5403,0.119,0.0512,323,3876,0.9498,8,10,2,129.42,3,0,11,0,67.83,0,38.76,130.3,28.189999999999998,0.1275,0
CC-10407,69,Standard,83,58305,8456,0.116,0.1649,493,5916,1.1512,8,4,0,0.0,2,0,22,0,103.53,0,59.16,87.56,-43.19,0.0366,0
CC-10408,32,Platinum,14,99478,41395,0.0633,0.0066,1316,15792,1.3158,119,13,0,0.0,0,0,10,1,355.32,295,347.42,51.15,251.74999999999994,0.8019,1
CC-10409,41,Standard,72,46679,7662,0.0854,-0.0459,329,3948,0.5452,8,11,2,131.71,2,0,15,1,69.09,0,39.48,114.98,46.34,0.3538,1
CC-10410,24,Standard,21,56463,6828,0.095,0.1568,326,3912,0.6146,27,7,0,0.0,0,0,12,0,68.46,0,39.12,72.03,-42.69000000000001,0.183,1
CC-10411,51,Black,109,271123,100000,0.0782,0.0531,3931,47172,0.856,8,42,0,0.0,0,0,10,1,1179.3,495,1415.16,50.18,208.9599999999998,0.1382,0
CC-10412,64,Black,43,361905,100000,0.1123,-0.1303,5643,67716,1.8977,8,81,0,0.0,1,0,14,0,1692.9,495,2031.48,103.26,53.159999999999854,0.0138,0
CC-10413,51,Gold,55,79229,16959,0.0671,0.1296,572,6864,0.8716,8,8,1,229.05,4,1,14,0,137.28,95,102.96,127.33,231.04000000000005,0.1993,0
CC-10414,43,Gold,31,57854,15820,0.0762,-0.0513,606,7272,0.9135,8,6,0,0.0,1,0,12,0,145.44,95,109.08,51.44,79.92000000000002,0.0661,0
CC-10415,40,Standard,72,49209,8458,0.1085,-0.0696,461,5532,1.1355,119,4,0,0.0,0,0,15,0,96.81,0,55.32,66.61,-25.120000000000005,0.6874,0
CC-10416,35,Standard,61,47230,7187,0.1229,0.114,444,5328,1.2431,119,8,0,0.0,1,0,5,0,93.24,0,53.28,107.3,-67.33999999999999,0.6953,1
CC-10417,43,Standard,91,75239,10333,0.0535,-0.0333,278,3336,1.0009,27,7,2,111.27,2,1,16,0,58.38,0,33.36,74.72,61.57000000000001,0.3538,0
CC-10418,48,Gold,66,64916,15263,0.049,0.0383,376,4512,1.2993,8,8,1,150.54,3,0,12,1,90.24,95,67.68,98.06,170.03999999999996,0.1049,0
CC-10419,36,Platinum,26,131185,43029,0.0678,0.0793,1466,17592,0.5918,27,18,1,587.22,1,1,8,0,395.82,295,387.02,63.71,827.31,0.5539,1
CC-10420,57,Platinum,91,114419,37270,0.0691,-0.1374,1295,15540,0.7202,8,18,0,0.0,0,1,9,1,349.65,295,341.88,48.22,254.54999999999995,0.3256,0
CC-10421,41,Platinum,18,135013,42395,0.0565,0.0377,1204,14448,1.2987,8,13,0,0.0,2,0,16,0,325.08,295,317.86,69.64,232.57999999999993,0.0345,0
CC-10422,35,Standard,54,42943,6721,0.0752,0.1824,254,3048,0.9533,8,4,3,101.73,1,0,11,0,53.34,0,30.48,77.99,46.599999999999994,0.1809,1
CC-10423,37,Gold,82,66463,19276,0.0745,-0.1635,722,8664,0.5713,8,13,1,289.06,1,1,13,0,173.28,95,129.96,99.11,328.2699999999999,0.363,0
CC-10424,70,Standard,8,50267,6958,0.1032,0.0475,361,4332,0.5532,8,8,1,144.53,0,1,15,0,75.81,0,43.32,49.4,127.62,0.297,1
CC-10425,57,Gold,39,80449,17591,0.0949,-0.1444,839,10068,0.7067,8,17,0,0.0,2,0,14,0,201.36,95,151.02,107.67,37.670000000000016,0.086,0
CC-10426,33,Standard,87,60136,10242,0.0653,0.1332,336,4032,0.9506,8,6,0,0.0,2,0,13,0,70.56,0,40.32,99.38,-69.13999999999999,0.0588,0
CC-10427,39,Platinum,6,117300,45025,0.0938,0.1318,2122,25464,1.0902,8,33,0,0.0,2,0,14,0,572.94,295,560.21,77.74,229.99,0.0498,0
CC-10428,50,Standard,100,65940,11595,0.1001,-0.0731,583,6996,0.8513,8,14,0,0.0,2,1,14,0,122.43,0,69.96,99.18,-46.70999999999998,0.1424,0
CC-10429,65,Standard,94,48103,6250,0.0863,0.3114,271,3252,1.0655,27,6,0,0.0,1,0,19,1,56.91,0,32.52,81.35,-56.96000000000001,0.1587,0
CC-10430,38,Standard,40,59302,7629,0.0603,0.146,231,2772,0.8189,8,8,0,0.0,3,0,10,0,48.51,0,27.72,93.55,-72.75999999999999,0.0785,0
CC-10431,34,Platinum,43,144040,51249,0.0668,0.086,1720,20640,1.3172,8,29,0,0.0,1,0,13,0,464.4,295,454.08,51.02,254.3,0.0348,0
CC-10432,56,Gold,94,68411,17885,0.0485,0.0776,436,5232,1.7156,27,10,1,174.6,1,0,11,1,104.64,95,78.48,74.41,221.35000000000002,0.1045,1
CC-10433,56,Standard,83,42035,6255,0.0862,0.1276,271,3252,0.8322,8,4,0,0.0,1,1,14,0,56.91,0,32.52,69.39,-45.0,0.148,0
CC-10434,40,Standard,16,29398,4584,0.0556,-0.1693,128,1536,1.094,8,3,0,0.0,2,0,19,0,26.88,0,15.36,81.97,-70.45,0.0446,0
CC-10435,39,Gold,73,82629,18016,0.0878,0.0092,795,9540,1.0695,27,17,1,318.39,0,1,13,1,190.8,95,143.1,76.92,384.1700000000001,0.4287,0
CC-10436,65,Standard,88,46936,6982,0.0641,0.0375,225,2700,0.9916,8,5,0,0.0,0,0,13,0,47.25,0,27.0,77.57,-57.31999999999999,0.0552,0
CC-10437,64,Platinum,53,141600,52694,0.0994,-0.08,2631,31572,1.146,27,43,0,0.0,4,0,21,0,710.37,295,694.58,150.6,160.18999999999994,0.0722,1
CC-10438,27,Gold,67,113265,27554,0.0431,0.0497,597,7164,1.0936,8,11,0,0.0,1,0,14,0,143.28,95,107.46,51.65,79.17000000000002,0.0472,0
CC-10439,64,Standard,95,43322,6964,0.0869,0.1648,304,3648,0.8087,8,6,0,0.0,1,0,18,1,63.84,0,36.48,104.62,-77.25999999999999,0.1298,0
CC-10440,24,Standard,54,25000,3676,0.0601,-0.0833,111,1332,1.345,8,3,0,0.0,2,0,10,1,23.31,0,13.32,105.46,-95.47,0.0713,0
CC-10441,54,Black,97,500000,100000,0.1038,-0.0282,5218,62616,1.0105,8,68,2,2089.32,1,0,16,0,1565.4,495,1878.48,89.57,2181.67,0.1055,0
CC-10442,22,Standard,32,37230,5145,0.1311,-0.1431,339,4068,0.8346,8,6,0,0.0,0,0,12,0,71.19,0,40.68,94.52,-64.00999999999999,0.0743,0
CC-10443,25,Standard,59,55898,8085,0.1073,-0.288,436,5232,1.683,8,11,0,0.0,1,1,15,0,91.56,0,52.32,54.67,-15.430000000000007,0.0426,0
CC-10444,30,Platinum,81,87351,24740,0.0631,0.0968,784,9408,0.9151,8,15,0,0.0,0,0,11,0,211.68,295,206.98,83.19,216.51000000000005,0.0647,0
CC-10445,52,Black,84,297164,100000,0.1434,-0.0239,7206,86472,1.0265,27,80,0,0.0,2,0,9,0,2161.8,495,2594.16,100.6,-37.95999999999958,0.1046,0
CC-10446,62,Black,101,224381,100000,0.1034,-0.0129,5196,62352,1.0026,27,63,0,0.0,1,0,14,0,1558.8,495,1870.56,59.7,123.54000000000019,0.0977,1
CC-10447,61,Platinum,116,41207,13583,0.088,-0.168,601,7212,0.911,27,13,0,0.0,0,1,20,0,162.27,295,158.66,81.25,217.35999999999999,0.2044,0
CC-10448,33,Standard,32,41818,5133,0.0992,-0.0478,256,3072,1.0846,8,1,0,0.0,1,2,7,1,53.76,0,30.72,71.52,-48.48,0.4081,0
CC-10449,59,Standard,100,44436,7963,0.1025,0.1445,410,4920,0.6965,8,15,0,0.0,0,0,20,0,86.1,0,49.2,50.16,-13.260000000000005,0.0746,0
CC-10450,25,Platinum,44,132338,41940,0.0702,-0.0199,1479,17748,1.129,8,17,0,0.0,0,2,10,0,399.33,295,390.46,69.64,234.22999999999996,0.2204,0
CC-10451,30,Gold,13,90166,19174,0.084,-0.0156,809,9708,0.4225,8,13,2,324.19,1,1,9,1,194.16,95,145.62,78.62,389.1099999999999,0.7238,0
CC-10452,30,Standard,29,41968,5967,0.077,0.0111,231,2772,0.5606,27,6,0,0.0,1,0,11,0,48.51,0,27.72,59.43,-38.64000000000001,0.1984,0
CC-10453,58,Platinum,26,142420,54603,0.0989,-0.2055,2715,32580,1.4977,8,48,0,0.0,1,1,9,1,733.05,295,716.76,93.86,217.42999999999995,0.1281,0
CC-10454,47,Standard,101,46913,6456,0.1365,0.0737,443,5316,0.5731,119,9,0,0.0,1,1,13,0,93.03,0,53.16,68.71,-28.83999999999999,0.9278,1
CC-10455,71,Gold,41,84252,21692,0.1043,-0.2083,1137,13644,0.362,27,20,2,455.4,1,0,15,1,272.88,95,204.66,79.52,539.0999999999999,0.6752,1
CC-10456,41,Standard,74,43078,6243,0.1186,-0.1609,372,4464,0.5806,27,14,0,0.0,1,1,20,0,78.12,0,44.64,67.33,-33.849999999999994,0.311,1
CC-10457,28,Gold,117,66009,13979,0.1396,-0.1774,981,11772,1.472,8,15,0,0.0,4,0,20,0,235.44,95,176.58,121.42,32.44,0.0225,0
CC-10458,21,Standard,20,51687,7226,0.1135,-0.0463,412,4944,0.4124,27,8,1,165.08,1,0,14,0,86.52,0,49.44,64.98,137.18,0.3076,0
CC-10459,48,Standard,79,41816,6836,0.1013,-0.0729,348,4176,0.6633,119,5,0,0.0,0,0,14,0,73.08,0,41.76,63.85,-32.53,0.826,0
CC-10460,69,Standard,47,40906,6410,0.1254,-0.0202,404,4848,0.5125,27,7,0,0.0,2,0,11,1,84.84,0,48.48,74.64,-38.28,0.358,1
CC-10461,59,Gold,90,95886,20325,0.0476,-0.1558,486,5832,0.8678,8,12,2,194.74,3,0,12,0,116.64,95,87.48,96.97,221.93,0.139,0
CC-10462,34,Gold,117,89504,19362,0.1043,0.1308,1015,12180,0.8192,8,26,0,0.0,0,0,11,1,243.6,95,182.7,47.79,108.11000000000004,0.1421,0
CC-10463,41,Gold,89,70162,18527,0.0933,0.1051,869,10428,0.8058,8,11,0,0.0,1,0,10,0,208.56,95,156.42,71.65,75.49000000000001,0.077,0
CC-10464,50,Black,14,367546,100000,0.216,-0.0461,10856,130272,1.5068,119,131,0,0.0,4,0,14,0,3256.8,495,3908.16,144.81,-301.1699999999996,0.5652,0
CC-10465,41,Standard,51,31621,4457,0.1299,-0.0918,291,3492,0.5903,119,5,3,116.54,3,1,11,0,61.11,0,34.92,109.72,33.01000000000002,0.9783,1
CC-10466,69,Standard,96,33395,5200,0.114,-0.1069,298,3576,0.9193,8,6,3,119.32,1,1,9,0,62.58,0,35.76,75.44,70.69999999999999,0.3541,0
CC-10467,29,Platinum,33,163392,49653,0.142,-0.0665,3543,42516,1.0516,27,54,1,1419.2,1,0,8,0,956.61,295,935.35,84.34,1651.1200000000003,0.1512,0
CC-10468,37,Standard,94,64700,8972,0.0991,-0.23,447,5364,0.6559,119,9,0,0.0,0,0,12,0,93.87,0,53.64,82.08,-41.849999999999994,0.8316,1
CC-10469,25,Black,24,239581,87123,0.0578,-0.1639,2530,30360,1.096,8,35,1,1013.61,2,0,11,0,759.0,495,910.8,82.82,1273.9900000000002,0.0749,0
CC-10470,51,Standard,46,49644,8245,0.0408,0.109,169,2028,0.8301,8,5,0,0.0,1,1,10,0,35.49,0,20.28,98.42,-83.21000000000001,0.1629,1
CC-10471,60,Black,94,196534,84938,0.1002,0.0253,4277,51324,1.0623,8,71,0,0.0,1,0,16,0,1283.1,495,1539.72,64.98,173.39999999999986,0.0466,0
CC-10472,58,Standard,66,34548,5837,0.0733,0.2251,215,2580,0.9176,27,5,0,0.0,2,1,10,1,45.15,0,25.8,115.88,-96.53,0.4066,1
CC-10473,63,Platinum,79,179626,68109,0.0749,-0.0649,2563,30756,0.3348,8,33,0,0.0,3,0,13,0,692.01,295,676.63,130.01,180.37,0.1929,0
CC-10474,39,Gold,27,92772,26242,0.0633,-0.0742,835,10020,1.3418,27,12,0,0.0,1,0,11,1,200.4,95,150.3,85.45,59.64999999999998,0.1307,0
CC-10475,56,Black,110,361426,100000,0.2124,-0.0812,10675,128100,1.5711,8,120,1,4275.26,0,0,8,1,3202.5,495,3843.0,56.4,4073.36,0.0734,0
CC-10476,70,Standard,53,57220,7501,0.0867,-0.0679,327,3924,0.897,8,7,0,0.0,2,0,8,1,68.67,0,39.24,89.86,-60.42999999999999,0.1407,0
CC-10477,53,Gold,112,40597,12065,0.0907,-0.119,550,6600,0.6806,8,9,0,0.0,1,0,16,0,132.0,95,99.0,98.78,29.22,0.1118,1
CC-10478,33,Black,9,196283,96005,0.1189,0.0206,5736,68832,1.4018,8,95,0,0.0,0,1,8,0,1720.8,495,2064.96,39.94,110.90000000000009,0.0772,0
CC-10479,34,Gold,111,90832,25742,0.0701,-0.0156,907,10884,1.5171,8,10,0,0.0,2,0,16,0,217.68,95,163.26,112.21,37.210000000000036,0.0228,0
CC-10480,53,Gold,8,48936,9851,0.0935,-0.0965,463,5556,0.8994,8,6,0,0.0,1,1,12,0,111.12,95,83.34,58.0,64.78,0.1473,0
CC-10481,49,Gold,26,62596,14737,0.1065,0.1677,789,9468,0.8844,8,18,1,315.91,1,0,12,0,189.36,95,142.02,98.93,359.31999999999994,0.1,0
CC-10482,63,Gold,21,115323,31630,0.0876,0.2645,1393,16716,0.926,8,26,0,0.0,1,1,12,1,334.32,95,250.74,104.08,74.5,0.2575,0
CC-10483,69,Gold,85,73491,15271,0.0792,0.155,608,7296,0.4476,8,11,0,0.0,1,0,8,0,145.92,95,109.44,80.81,50.66999999999999,0.1799,0
CC-10484,56,Gold,102,100093,25697,0.0467,0.0637,603,7236,0.8627,8,11,2,241.55,0,0,14,1,144.72,95,108.54,80.17,292.55999999999995,0.2469,0
CC-10485,64,Platinum,117,139014,47274,0.0671,0.0943,1594,19128,1.4645,8,20,1,638.49,2,0,8,0,430.38,295,420.82,77.15,865.8999999999999,0.0423,0
CC-10486,30,Standard,11,37350,4521,0.0691,0.2585,157,1884,0.8994,8,4,3,62.88,4,1,15,0,32.97,0,18.84,141.3,-64.29000000000002,0.3502,1
CC-10487,51,Standard,114,26277,3525,0.0785,0.094,139,1668,0.638,27,3,1,55.7,0,0,17,0,29.19,0,16.68,77.17,-8.959999999999994,0.2124,0
CC-10488,26,Black,38,296331,100000,0.0936,-0.1078,4703,56436,1.099,8,55,0,0.0,1,0,20,0,1410.9,495,1693.08,56.88,155.94000000000005,0.0427,0
CC-10489,21,Platinum,104,190911,56444,0.1149,0.0388,3258,39096,0.7498,8,39,0,0.0,1,1,7,1,879.66,295,860.11,80.24,234.30999999999983,0.3216,0
CC-10490,27,Gold,42,71155,18724,0.1099,0.0739,1034,12408,0.9301,119,10,0,0.0,3,0,11,0,248.16,95,186.12,125.97,31.069999999999936,0.7724,1
CC-10491,47,Gold,95,86457,19387,0.1052,-0.1692,1025,12300,0.5693,27,19,0,0.0,3,1,14,0,246.0,95,184.5,85.55,70.94999999999999,0.4194,0
CC-10492,41,Standard,26,27902,3813,0.1383,-0.0627,265,3180,0.639,8,2,0,0.0,1,0,15,0,55.65,0,31.8,89.53,-65.68,0.0941,1
CC-10493,48,Standard,50,37438,6510,0.0978,0.1451,320,3840,1.1713,8,4,2,128.15,0,1,8,0,67.2,0,38.4,83.07,73.88000000000002,0.2066,1
CC-10494,36,Gold,65,92243,22757,0.099,-0.2935,1132,13584,0.9848,27,11,0,0.0,0,1,6,1,271.68,95,203.76,55.9,107.02000000000004,0.4001,0
CC-10495,66,Standard,71,53366,7659,0.0844,-0.2076,325,3900,0.7172,27,7,0,0.0,3,0,7,0,68.25,0,39.0,102.91,-73.66,0.1677,0
CC-10496,43,Gold,55,96813,26370,0.0602,-0.0465,798,9576,0.9859,8,14,1,319.53,2,1,15,0,191.52,95,143.64,81.47,380.93999999999994,0.1689,0
CC-10497,40,Standard,56,25000,4364,0.1021,0.0331,224,2688,0.7679,8,11,0,0.0,1,0,10,0,47.04,0,26.88,61.22,-41.059999999999995,0.0835,0
CC-10498,58,Black,44,248014,90402,0.1598,-0.2236,7261,87132,0.7149,8,90,0,0.0,2,0,16,0,2178.3,495,2613.96,122.47,-63.129999999999654,0.0816,0
CC-10499,45,Black,47,212290,93552,0.0895,-0.039,4209,50508,1.2992,8,59,0,0.0,1,0,14,0,1262.7,495,1515.24,92.21,150.25,0.035,0
CC-10500,48,Gold,92,78433,20477,0.0388,0.1531,399,4788,1.1849,119,7,0,0.0,5,0,10,0,95.76,95,71.82,113.16,5.780000000000001,0.6884,1
CC-10501,25,Gold,16,82637,19159,0.1109,-0.0097,1068,12816,0.9436,8,18,1,427.67,4,0,13,1,256.32,95,192.24,150.66,436.09000000000003,0.1746,0
CC-10502,41,Standard,105,56996,9480,0.0626,0.1209,298,3576,0.9933,8,8,0,0.0,1,0,9,0,62.58,0,35.76,56.93,-30.11,0.0586,0
CC-10503,38,Platinum,31,150333,62539,0.0366,-0.1088,1149,13788,0.9475,119,17,0,0.0,0,0,12,1,310.23,295,303.34,90.44,211.45000000000005,0.8736,1
CC-10504,67,Gold,118,115128,33887,0.0882,-0.1415,1502,18024,1.0961,8,18,0,0.0,2,1,11,0,360.48,95,270.36,92.11,93.00999999999999,0.1051,0
CC-10505,26,Standard,8,37130,5048,0.0989,0.1073,251,3012,0.7101,8,7,0,0.0,1,0,11,1,52.71,0,30.12,79.14,-56.550000000000004,0.1776,0
CC-10506,49,Platinum,9,90402,28177,0.1135,0.0354,1607,19284,1.2088,8,30,0,0.0,2,1,12,0,433.89,295,424.25,97.4,207.24,0.0952,1
CC-10507,39,Platinum,39,190933,79055,0.102,-0.1978,4051,48612,1.0561,8,50,0,0.0,0,1,9,0,1093.77,295,1069.46,40.62,278.69000000000005,0.1221,0
CC-10508,53,Black,55,310341,100000,0.1339,-0.1401,6731,80772,0.8711,27,76,0,0.0,4,0,12,0,2019.3,495,2423.16,134.89,-43.749999999999545,0.1262,0
CC-10509,21,Gold,20,69205,15282,0.0904,0.2147,694,8328,0.8037,8,10,0,0.0,2,0,14,1,166.56,95,124.92,104.25,32.389999999999986,0.1477,0
CC-10510,65,Gold,89,94303,25527,0.0581,-0.1587,745,8940,1.2023,8,4,0,0.0,4,0,9,0,178.8,95,134.1,129.67,10.03000000000003,0.0432,0
CC-10511,23,Standard,110,54396,7455,0.0777,0.1201,291,3492,0.9049,8,4,0,0.0,4,1,15,0,61.11,0,34.92,148.27,-122.08,0.129,0
CC-10512,62,Black,40,288343,100000,0.155,-0.0917,7788,93456,0.7403,27,107,2,3119.9,0,0,18,0,2336.4,495,2803.68,63.71,3083.9100000000003,0.2625,0
CC-10513,41,Platinum,61,114483,46147,0.0702,-0.0205,1629,19548,0.8346,8,19,0,0.0,2,0,5,0,439.83,295,430.06,107.63,197.13999999999987,0.0827,0
CC-10514,55,Standard,3,40035,5194,0.0678,0.0242,177,2124,1.1808,8,2,1,70.88,2,0,10,0,37.17,0,21.24,85.36,1.4500000000000028,0.0684,0
CC-10515,61,Standard,70,48269,5978,0.0636,-0.3351,191,2292,0.4668,27,10,0,0.0,1,1,16,0,40.11,0,22.92,105.48,-88.29,0.3705,0
CC-10516,60,Standard,117,47237,6431,0.0947,-0.2394,306,3672,0.8434,119,7,0,0.0,0,1,9,0,64.26,0,36.72,90.93,-63.39,0.8992,1
CC-10517,23,Platinum,46,182429,66581,0.0789,-0.0071,2640,31680,1.2712,27,37,0,0.0,3,0,10,1,712.8,295,696.96,108.93,201.90999999999985,0.1446,0
CC-10518,45,Black,49,260686,99622,0.1251,-0.1286,6264,75168,0.8995,8,101,0,0.0,4,0,13,0,1879.2,495,2255.04,139.16,-20.0,0.0654,0
CC-10519,65,Standard,37,34157,5065,0.0868,0.1295,221,2652,1.0318,8,7,0,0.0,2,0,13,0,46.41,0,26.52,78.99,-59.099999999999994,0.0541,0
CC-10520,58,Gold,89,139762,36720,0.0487,-0.2609,899,10788,1.276,8,13,0,0.0,3,0,8,0,215.76,95,161.82,118.61,30.329999999999984,0.0393,0
CC-10521,65,Standard,93,46962,8026,0.0781,0.0648,315,3780,1.2177,27,4,0,0.0,3,0,13,1,66.15,0,37.8,85.1,-56.749999999999986,0.143,0
CC-10522,40,Black,62,338398,100000,0.1973,-0.2264,9917,119004,0.818,27,143,1,3971.32,5,1,12,0,2975.1,495,3570.12,161.76,3709.54,0.3531,0
CC-10523,64,Platinum,92,158264,62423,0.0499,-0.0728,1565,18780,0.9109,119,27,0,0.0,1,1,15,0,422.55,295,413.16,93.29,211.0999999999999,0.8788,0
CC-10524,65,Platinum,54,146530,45847,0.1135,-0.1797,2615,31380,1.2214,27,32,4,1047.41,2,0,19,0,706.05,295,690.36,122.29,1235.81,0.2623,1
CC-10525,54,Gold,10,80160,21456,0.0812,0.2654,876,10512,1.2318,8,10,0,0.0,3,0,11,0,210.24,95,157.68,126.69,20.870000000000005,0.0423,0
CC-10526,41,Standard,109,25000,3646,0.1135,-0.2209,208,2496,0.9236,27,4,0,0.0,2,0,14,0,43.68,0,24.96,75.98,-57.26,0.1087,0
CC-10527,68,Standard,82,33038,4191,0.0679,-0.0383,143,1716,0.9339,27,1,0,0.0,4,0,18,0,30.03,0,17.16,123.05,-110.18,0.1018,0
CC-10528,43,Standard,43,48702,7931,0.1174,-0.279,468,5616,1.0303,27,10,1,187.42,1,0,9,1,98.28,0,56.16,82.55,146.99,0.275,1
CC-10529,26,Platinum,5,44835,13920,0.1076,0.2199,753,9036,1.3601,119,9,0,0.0,2,0,10,1,203.31,295,198.79,114.71,184.81,0.7916,0
CC-10530,71,Platinum,98,142506,43425,0.1319,0.0402,2879,34548,1.2703,8,44,0,0.0,2,0,13,0,777.33,295,760.06,98.02,214.25,0.0358,0
CC-10531,33,Black,71,326286,100000,0.101,0.0005,5075,60900,1.158,8,61,0,0.0,2,0,11,1,1522.5,495,1827.0,93.6,96.90000000000009,0.091,0
CC-10532,69,Black,86,338329,100000,0.1738,0.2011,8736,104832,0.6264,8,90,2,3498.31,1,0,13,0,2620.8,495,3144.96,92.78,3376.3700000000003,0.249,0
CC-10533,43,Gold,16,97710,21828,0.114,0.0021,1251,15012,0.8675,8,16,0,0.0,1,1,10,1,300.24,95,225.18,88.53,81.52999999999997,0.2847,0
CC-10534,29,Platinum,98,173543,53054,0.0876,0.0129,2336,28032,0.8833,8,34,0,0.0,3,0,12,0,630.72,295,616.7,124.93,184.08999999999992,0.0657,0
CC-10535,37,Black,28,392392,100000,0.1438,-0.0002,7226,86712,1.3755,119,101,1,2894.46,0,0,16,0,2167.8,495,2601.36,63.51,2892.39,0.6944,1
CC-10536,22,Platinum,113,178364,61719,0.0999,0.0645,3097,37164,0.8783,119,37,0,0.0,4,0,12,1,836.19,295,817.61,138.41,175.17000000000007,0.8782,1
CC-10537,39,Standard,72,47214,6879,0.0538,-0.0939,186,2232,1.326,27,5,0,0.0,4,0,9,0,39.06,0,22.32,153.27,-136.53,0.0681,0
CC-10538,39,Gold,60,82139,18348,0.11,-0.0521,1014,12168,0.7788,8,15,0,0.0,2,0,9,0,243.36,95,182.52,75.9,79.94,0.0835,0
CC-10539,27,Standard,102,46289,5703,0.0583,0.1016,167,2004,0.8027,8,6,2,66.92,0,0,7,0,35.07,0,20.04,38.14,43.81000000000001,0.1639,0
CC-10540,62,Black,42,260715,100000,0.0746,0.0216,3750,45000,1.0944,8,51,0,0.0,1,0,12,0,1125.0,495,1350.0,84.24,185.76,0.0499,0
CC-10541,62,Gold,53,108748,30321,0.083,-0.0371,1265,15180,1.4204,8,23,1,506.56,2,0,11,0,303.6,95,227.7,74.51,602.95,0.0449,0
CC-10542,40,Standard,7,51436,8379,0.0487,-0.2301,205,2460,0.8865,8,11,0,0.0,2,0,8,1,43.05,0,24.6,74.9,-56.45,0.1475,1
CC-10543,29,Gold,79,76902,22000,0.1023,0.2047,1131,13572,0.1812,27,16,0,0.0,2,1,10,1,271.44,95,203.58,105.33,57.52999999999997,0.7575,1
CC-10544,37,Gold,34,113136,22735,0.1355,-0.1192,1548,18576,0.4807,8,16,0,0.0,1,1,14,0,371.52,95,278.64,75.32,112.56,0.3106,0
CC-10545,47,Standard,82,41716,7424,0.0839,0.1281,313,3756,1.0394,8,13,0,0.0,1,0,13,0,65.73,0,37.56,51.95,-23.78,0.0516,0
CC-10546,67,Standard,3,34360,4827,0.1245,0.0064,302,3624,0.5076,8,3,0,0.0,3,1,6,1,63.42,0,36.24,113.7,-86.52,0.4367,1
CC-10547,22,Gold,79,84771,25349,0.0923,-0.214,1176,14112,0.6903,119,23,0,0.0,3,0,8,0,282.24,95,211.68,94.66,70.89999999999998,0.8792,1
CC-10548,56,Gold,56,67487,15202,0.067,0.1678,512,6144,0.9537,27,13,3,205.01,1,1,3,0,122.88,95,92.16,76.03,254.7,0.5405,1
CC-10549,39,Platinum,13,172767,59779,0.1164,0.0182,3497,41964,0.2152,119,60,0,0.0,1,0,12,0,944.19,295,923.21,52.34,263.64,0.9382,1
CC-10550,37,Gold,55,67034,15779,0.0586,0.1803,465,5580,0.8361,27,10,0,0.0,0,0,12,0,111.6,95,83.7,38.81,84.08999999999999,0.1326,0
CC-10551,25,Platinum,10,135962,44841,0.0826,-0.0474,1862,22344,0.6006,8,25,0,0.0,0,0,16,1,502.74,295,491.57,46.49,259.68000000000006,0.248,0
CC-10552,59,Gold,27,104968,29834,0.074,0.0856,1110,13320,0.5002,119,18,0,0.0,1,0,13,1,266.4,95,199.8,93.1,68.5,0.9518,1
CC-10553,38,Gold,42,69865,19187,0.0879,-0.2844,848,10176,0.7093,8,12,0,0.0,2,0,8,1,203.52,95,152.64,112.4,33.48000000000002,0.1824,1
CC-10554,27,Platinum,34,154390,64674,0.0378,-0.095,1227,14724,0.6292,8,15,0,0.0,3,2,5,0,331.29,295,323.93,100.63,201.72999999999996,0.4987,0
CC-10555,37,Standard,90,34049,5339,0.0667,-0.2109,179,2148,1.0908,8,12,0,0.0,2,0,14,1,37.59,0,21.48,72.53,-56.42,0.0936,0
CC-10556,59,Standard,30,47749,7057,0.0993,-0.0762,352,4224,1.309,27,6,1,141.05,0,1,12,0,73.92,0,42.24,91.18,81.55000000000001,0.2035,0
CC-10557,56,Standard,80,51381,6443,0.0905,0.0508,293,3516,0.8407,119,8,0,0.0,0,0,6,0,61.53,0,35.16,82.23,-55.86,0.8074,0
CC-10558,60,Platinum,111,138524,58113,0.0907,-0.1107,2649,31788,0.7712,8,42,1,1060.94,2,0,17,1,715.23,295,699.34,74.89,1296.94,0.1921,0
CC-10559,65,Gold,5,85712,21869,0.0898,0.1096,987,11844,0.8257,8,14,0,0.0,2,0,18,0,236.88,95,177.66,78.62,75.60000000000002,0.0688,0
CC-10560,24,Gold,102,94434,25501,0.0541,-0.1485,693,8316,0.6175,27,20,0,0.0,0,2,12,0,166.32,95,124.74,37.19,99.38999999999999,0.6182,1
CC-10561,58,Standard,93,41844,6042,0.0593,0.1128,180,2160,0.5634,8,11,0,0.0,2,1,12,0,37.8,0,21.6,119.05,-102.85000000000001,0.216,0
CC-10562,45,Standard,86,55007,8408,0.098,0.1765,414,4968,0.4563,27,9,0,0.0,1,0,13,1,86.94,0,49.68,106.0,-68.74000000000001,0.362,1
CC-10563,25,Standard,113,60425,10668,0.0713,0.132,382,4584,0.5511,8,8,0,0.0,1,0,13,0,80.22,0,45.84,54.97,-20.590000000000003,0.1038,0
CC-10564,50,Standard,81,34584,4495,0.0682,-0.0716,154,1848,1.4396,8,5,1,61.71,2,1,17,0,32.34,0,18.48,73.81,1.7600000000000051,0.0846,0
CC-10565,32,Gold,64,122550,28093,0.0717,-0.3388,1012,12144,0.7429,8,13,0,0.0,2,0,14,0,242.88,95,182.16,77.32,78.39999999999998,0.08,0
CC-10566,24,Standard,29,41585,5369,0.0823,0.0673,222,2664,0.0675,8,3,0,0.0,2,1,5,1,46.62,0,26.64,75.86,-55.88,0.6101,1
CC-10567,44,Standard,119,67436,11297,0.0481,-0.0388,273,3276,0.7739,27,5,0,0.0,0,0,15,0,57.33,0,32.76,91.43,-66.86,0.131,0
CC-10568,49,Platinum,47,129852,37486,0.1082,-0.1668,2039,24468,0.4729,119,37,1,816.4,3,0,13,0,550.53,295,538.3,95.68,1027.9499999999998,0.9346,1
CC-10569,29,Standard,107,52958,6614,0.1342,-0.1034,446,5352,0.9678,8,9,0,0.0,2,0,9,0,93.66,0,53.52,87.49,-47.349999999999994,0.0608,0
CC-10570,24,Gold,94,99917,22965,0.0931,0.1952,1074,12888,0.9355,27,20,0,0.0,1,1,10,0,257.76,95,193.32,54.12,105.32,0.235,0
CC-10571,71,Platinum,27,126444,44506,0.1125,-0.1906,2515,30180,0.9668,27,37,1,1007.81,5,0,12,0,679.05,295,663.96,147.71,1170.1899999999998,0.1592,0
CC-10572,44,Standard,108,45817,6614,0.0575,0.0502,191,2292,0.9378,8,5,3,76.55,1,0,13,0,40.11,0,22.92,65.96,27.78,0.1721,0
CC-10573,34,Gold,63,115597,23637,0.091,0.0127,1081,12972,0.8382,8,21,0,0.0,0,0,14,0,259.44,95,194.58,49.71,110.14999999999998,0.0696,0
CC-10574,25,Platinum,46,128723,53297,0.08,-0.0736,2142,25704,0.5132,8,30,4,858.22,2,1,13,1,578.34,295,565.49,123.63,1042.44,0.8191,1
CC-10575,38,Black,112,250771,100000,0.1222,0.0767,6143,73716,0.9276,8,87,0,0.0,1,0,9,0,1842.9,495,2211.48,52.31,74.11000000000013,0.0643,1
CC-10576,62,Standard,99,32023,4379,0.1159,0.2248,255,3060,1.2557,8,8,0,0.0,0,0,9,0,53.55,0,30.6,46.23,-23.28,0.0395,0
CC-10577,39,Platinum,48,194864,74518,0.0959,-0.0644,3592,43104,1.4941,119,53,0,0.0,2,1,15,1,969.84,295,948.29,95.79,220.76000000000022,0.8623,1
CC-10578,32,Gold,16,74783,19283,0.0889,-0.0565,861,10332,0.8786,8,7,1,345.05,3,1,8,0,206.64,95,154.98,113.74,377.9700000000001,0.2229,1
CC-10579,38,Standard,10,58499,7853,0.0585,0.0733,231,2772,0.9111,8,5,0,0.0,1,0,17,1,48.51,0,27.72,92.78,-71.99000000000001,0.1217,0
CC-10580,37,Gold,50,72221,16337,0.1051,0.1177,863,10356,1.1001,8,13,0,0.0,2,0,9,1,207.12,95,155.34,77.55,69.23000000000002,0.1042,0
CC-10581,50,Black,16,361800,100000,0.1837,-0.0392,9231,110772,1.398,8,123,0,0.0,2,0,11,0,2769.3,495,3323.16,88.64,-147.49999999999955,0.0326,0
CC-10582,44,Gold,67,102141,24710,0.1228,-0.0658,1525,18300,0.8041,8,17,0,0.0,1,0,14,1,366.0,95,274.5,67.23,119.26999999999998,0.1428,0
CC-10583,31,Standard,82,42430,5833,0.115,-0.3526,337,4044,1.1578,8,6,1,135.02,1,1,7,0,70.77,0,40.44,100.07,65.28000000000003,0.1505,0
CC-10584,55,Gold,84,69396,19483,0.0841,-0.1367,823,9876,0.7032,8,17,0,0.0,1,0,16,0,197.52,95,148.14,71.59,72.78999999999999,0.0805,0
CC-10585,43,Standard,9,37653,5606,0.0902,-0.1909,254,3048,1.049,8,4,0,0.0,0,1,9,0,53.34,0,30.48,50.67,-27.810000000000002,0.1261,0
CC-10586,37,Standard,81,37509,5974,0.1139,0.0827,342,4104,1.2412,8,5,3,136.96,4,0,14,0,71.82,0,41.04,132.01,35.73000000000002,0.1137,0
CC-10587,21,Standard,90,56983,7485,0.151,-0.0566,568,6816,0.5627,8,11,0,0.0,0,0,10,0,119.28,0,68.16,41.45,9.670000000000002,0.1096,0
CC-10588,35,Standard,51,46802,7114,0.1116,-0.0625,399,4788,0.7925,8,16,0,0.0,3,0,9,0,83.79,0,47.88,130.94,-95.02999999999999,0.0824,0
CC-10589,52,Standard,117,32454,4513,0.1058,-0.0214,240,2880,1.2364,8,5,2,96.11,1,0,9,1,50.4,0,28.8,66.74,50.97,0.1644,0
CC-10590,29,Standard,57,42163,6391,0.0504,-0.1505,162,1944,1.1348,8,1,0,0.0,2,1,12,0,34.02,0,19.44,114.44,-99.85999999999999,0.1022,1
CC-10591,35,Gold,15,82215,22862,0.0877,0.213,1008,12096,1.2608,8,8,0,0.0,1,1,13,0,241.92,95,181.44,109.48,45.99999999999994,0.0863,0
CC-10592,48,Standard,75,25000,4153,0.0963,0.1747,201,2412,1.2045,8,5,0,0.0,0,0,13,0,42.21,0,24.12,36.28,-18.190000000000005,0.0403,0
CC-10593,44,Standard,58,42789,6044,0.1195,0.2227,363,4356,0.8477,8,8,0,0.0,1,1,9,0,76.23,0,43.56,61.52,-28.85000000000001,0.1605,0
CC-10594,55,Platinum,58,165311,62355,0.0494,0.0825,1548,18576,1.6098,8,18,1,620.02,2,0,12,0,417.96,295,408.67,109.81,814.5,0.0328,0
CC-10595,42,Gold,17,82075,24140,0.078,-0.0244,946,11352,0.9911,27,12,0,0.0,0,0,11,1,227.04,95,170.28,39.97,111.78999999999996,0.21,0
CC-10596,47,Gold,59,90406,23737,0.0603,0.2222,719,8628,0.05,8,13,0,0.0,0,0,11,0,172.56,95,129.42,61.79,76.35000000000002,0.2851,0
CC-10597,39,Standard,60,50450,6503,0.1294,-0.1221,423,5076,0.8653,8,6,0,0.0,2,0,8,1,88.83,0,50.76,74.03,-35.959999999999994,0.1462,0
CC-10598,65,Standard,37,41145,6615,0.0611,-0.1507,203,2436,0.8092,8,6,0,0.0,1,0,12,0,42.63,0,24.36,78.19,-59.919999999999995,0.0769,1
CC-10599,32,Standard,90,53220,6721,0.1244,-0.1102,420,5040,1.1886,119,9,0,0.0,3,1,13,1,88.2,0,50.4,80.75,-42.95,0.9112,1
CC-10600,40,Standard,99,61396,10580,0.0611,0.0584,325,3900,0.8146,119,7,0,0.0,2,0,6,1,68.25,0,39.0,74.03,-44.78,0.9011,1
CC-10601,21,Standard,18,27856,4206,0.0473,-0.1343,100,1200,1.2797,8,6,0,0.0,1,0,10,0,21.0,0,12.0,66.5,-57.5,0.0398,0
CC-10602,41,Standard,10,41120,5884,0.1048,-0.0433,310,3720,1.1174,8,10,1,124.12,3,1,9,0,65.1,0,37.2,91.87,60.150000000000006,0.1616,0
CC-10603,69,Standard,95,71208,8788,0.0659,-0.2603,291,3492,0.65,8,10,0,0.0,2,0,6,0,61.11,0,34.92,86.68,-60.49000000000001,0.1035,0
CC-10604,65,Standard,89,46918,6702,0.1075,0.0522,362,4344,0.9079,8,6,0,0.0,1,0,14,0,76.02,0,43.44,58.7,-26.120000000000005,0.0614,0
CC-10605,21,Gold,47,84259,24462,0.0977,-0.2476,1201,14412,0.7173,8,24,0,0.0,2,0,15,0,288.24,95,216.18,114.25,52.81,0.0827,0
CC-10606,30,Standard,97,42097,5104,0.1606,-0.1598,412,4944,1.0054,8,9,0,0.0,3,1,13,0,86.52,0,49.44,111.22,-74.14,0.1172,0
CC-10607,67,Standard,42,59337,8810,0.0657,0.1626,291,3492,0.7156,8,7,0,0.0,0,1,22,0,61.11,0,34.92,53.61,-27.42,0.1558,0
CC-10608,52,Gold,115,65046,19066,0.0888,0.157,851,10212,0.9723,8,17,0,0.0,1,1,17,0,204.24,95,153.18,67.71,78.35000000000002,0.1129,0
CC-10609,59,Gold,56,104681,25069,0.0709,0.0361,893,10716,0.8683,8,10,2,357.76,3,1,12,1,214.32,95,160.74,94.64,411.69999999999993,0.4512,0
CC-10610,42,Standard,16,41886,6102,0.1275,0.0213,391,4692,0.9043,119,8,1,156.6,2,1,13,1,82.11,0,46.92,95.31,96.47999999999996,0.9625,1
CC-10611,38,Platinum,61,113755,41065,0.1064,-0.0996,2196,26352,1.5653,8,28,0,0.0,1,0,7,0,592.92,295,579.74,81.87,226.30999999999995,0.0262,0
CC-10612,68,Gold,119,80089,19725,0.0463,-0.1359,459,5508,0.8419,27,14,0,0.0,4,1,13,0,110.16,95,82.62,154.49,-31.950000000000017,0.2476,0
CC-10613,66,Standard,96,44478,5787,0.0922,-0.0743,268,3216,0.3697,8,6,0,0.0,4,1,9,0,56.28,0,32.16,132.74,-108.62,0.2846,0
CC-10614,52,Platinum,55,122578,34640,0.0884,-0.247,1539,18468,1.2547,8,19,0,0.0,3,0,19,0,415.53,295,406.3,111.89,192.33999999999992,0.0338,0
CC-10615,47,Platinum,105,178947,65382,0.105,0.0179,3449,41388,1.2524,27,32,0,0.0,2,1,11,1,931.23,295,910.54,67.3,248.3900000000001,0.2756,0
CC-10616,48,Standard,29,36651,6423,0.0688,-0.0127,222,2664,0.3563,8,4,2,88.95,2,1,12,1,46.62,0,26.64,98.0,10.929999999999993,0.6561,1
CC-10617,38,Standard,49,46575,5886,0.1241,-0.16,367,4404,0.7397,8,5,0,0.0,1,0,5,0,77.07,0,44.04,79.7,-46.670000000000016,0.0958,0
CC-10618,59,Platinum,82,158810,49156,0.1063,0.2153,2626,31512,1.0807,8,30,0,0.0,2,2,11,0,709.02,295,693.26,118.8,191.96000000000004,0.2249,0
CC-10619,69,Gold,117,87756,20800,0.1238,0.071,1294,15528,1.1073,8,17,0,0.0,0,0,11,1,310.56,95,232.92,78.35,94.29000000000002,0.0946,0
CC-10620,49,Standard,8,53687,9047,0.1131,0.0838,514,6168,0.9486,8,4,0,0.0,3,1,16,0,107.94,0,61.68,108.77,-62.50999999999999,0.1285,0
CC-10621,38,Standard,57,40122,5462,0.0904,-0.0931,248,2976,0.9553,8,6,1,99.39,1,0,13,0,52.08,0,29.76,63.69,58.019999999999996,0.0866,0
CC-10622,64,Standard,99,52004,8992,0.0938,-0.0202,424,5088,0.6684,8,5,3,169.77,1,0,7,1,89.04,0,50.88,92.87,115.06,0.4349,1
CC-10623,28,Gold,46,98859,20315,0.1287,0.0741,1314,15768,0.23,8,22,0,0.0,0,1,14,0,315.36,95,236.52,52.22,121.62,0.3998,1
CC-10624,51,Gold,20,105572,31048,0.0946,0.0029,1476,17712,1.5649,8,33,0,0.0,1,0,6,1,354.24,95,265.68,71.18,112.38,0.0568,0
CC-10625,54,Standard,18,25000,3841,0.0518,0.2203,100,1200,0.6594,8,2,0,0.0,0,1,16,0,21.0,0,12.0,76.54,-67.54,0.1885,0
CC-10626,27,Gold,14,95817,25475,0.06,-0.0506,768,9216,1.003,27,8,0,0.0,1,0,6,0,184.32,95,138.24,68.74,72.33999999999997,0.1201,0
CC-10627,56,Gold,22,104151,24659,0.0689,-0.0957,854,10248,0.9023,8,13,1,341.98,3,0,14,0,204.96,95,153.72,97.81,390.4100000000001,0.0943,0
CC-10628,38,Standard,47,40371,6738,0.0741,0.0751,251,3012,1.2192,8,2,0,0.0,1,1,9,1,52.71,0,30.12,76.53,-53.940000000000005,0.1839,0
CC-10629,58,Standard,66,38837,5048,0.0682,-0.2097,173,2076,0.9845,119,5,1,69.3,1,0,11,0,36.33,0,20.76,89.81,-4.940000000000012,0.8198,0
CC-10630,29,Gold,106,70095,14361,0.0967,0.1186,698,8376,0.996,8,12,0,0.0,1,0,11,0,167.52,95,125.64,106.51,30.369999999999976,0.0562,0
CC-10631,29,Platinum,61,103879,34838,0.1035,-0.2151,1812,21744,0.1597,8,33,0,0.0,0,0,13,0,489.24,295,478.37,43.92,261.95000000000005,0.243,0
CC-10632,66,Gold,95,99147,28293,0.0695,0.0758,988,11856,0.7,8,13,1,395.8,3,0,5,0,237.12,95,177.84,95.15,454.93000000000006,0.1395,0
CC-10633,28,Gold,96,133490,36775,0.0842,-0.1172,1556,18672,1.1734,8,25,1,623.27,1,0,26,0,373.44,95,280.08,109.12,702.51,0.0475,0
CC-10634,71,Standard,92,38744,5851,0.0497,0.0515,146,1752,1.1464,8,7,0,0.0,1,0,13,0,30.66,0,17.52,87.03,-73.89,0.0435,1
CC-10635,55,Standard,24,39751,6134,0.1181,0.1161,364,4368,0.6645,8,7,0,0.0,1,1,16,0,76.44,0,43.68,50.58,-17.819999999999993,0.1865,0
CC-10636,38,Gold,99,85327,18173,0.1344,0.003,1227,14724,0.4766,8,23,1,491.63,1,0,12,0,294.48,95,220.86,103.68,556.5699999999999,0.2218,0
CC-10637,25,Standard,119,26977,4597,0.087,-0.1999,201,2412,0.988,8,7,0,0.0,3,1,9,0,42.21,0,24.12,96.93,-78.84,0.1268,0
CC-10638,34,Standard,105,37175,6216,0.1095,-0.1545,342,4104,0.078,27,9,0,0.0,0,0,8,0,71.82,0,41.04,68.0,-37.22,0.3481,0
CC-10639,48,Standard,49,44359,7070,0.0524,-0.1293,186,2232,0.6054,8,5,1,74.57,0,1,12,0,39.06,0,22.32,57.03,34.28,0.2851,0
CC-10640,50,Standard,31,34943,5170,0.1162,-0.3043,302,3624,1.478,27,5,0,0.0,2,0,12,0,63.42,0,36.24,75.46,-48.27999999999999,0.0529,0
CC-10641,24,Standard,88,58471,10400,0.0461,0.1491,241,2892,1.3835,27,6,0,0.0,0,0,9,1,50.61,0,28.92,71.12,-49.43000000000001,0.1222,0
CC-10642,59,Standard,47,30444,5258,0.0696,-0.0035,184,2208,1.0962,8,4,2,73.66,2,0,12,1,38.64,0,22.08,77.9,12.319999999999993,0.1973,0
CC-10643,40,Standard,79,55136,8748,0.0687,-0.1903,302,3624,1.0422,8,5,0,0.0,2,0,9,0,63.42,0,36.24,78.68,-51.500000000000014,0.0555,0
CC-10644,45,Standard,11,61520,8754,0.1012,0.1984,445,5340,0.3649,8,6,0,0.0,2,2,17,0,93.45,0,53.4,113.16,-73.11,0.4618,0
CC-10645,48,Platinum,26,153360,56209,0.0652,-0.1252,1843,22116,0.7278,8,25,0,0.0,3,0,14,0,497.61,295,486.55,118.59,187.47000000000003,0.0842,0
CC-10646,32,Gold,17,82079,21138,0.0878,0.0176,933,11196,0.8614,27,11,1,373.57,1,1,8,1,223.92,95,167.94,105.1,419.45000000000005,0.548,0
CC-10647,22,Gold,38,90233,21603,0.072,-0.1438,782,9384,0.7342,8,14,0,0.0,0,0,12,1,187.68,95,140.76,61.28,80.64000000000001,0.1657,0
CC-10648,63,Platinum,15,124580,40231,0.1257,-0.3227,2542,30504,0.8449,8,42,0,0.0,3,0,8,1,686.34,295,671.09,110.3,199.95000000000005,0.1552,0
CC-10649,34,Gold,93,41733,10045,0.0937,-0.2247,473,5676,1.3398,8,13,0,0.0,4,0,11,0,113.52,95,85.14,99.16,24.21999999999997,0.0335,0
CC-10650,42,Standard,46,33983,5248,0.0614,-0.0873,162,1944,0.7875,8,3,0,0.0,2,0,12,0,34.02,0,19.44,86.59,-72.00999999999999,0.0788,0
CC-10651,51,Gold,103,84762,20581,0.0685,0.1147,708,8496,0.8477,8,9,0,0.0,1,0,19,0,169.92,95,127.44,52.93,84.54999999999995,0.0605,0
CC-10652,43,Gold,73,65010,14715,0.1183,0.032,875,10500,1.1719,8,11,0,0.0,4,1,11,1,210.0,95,157.5,116.01,31.49000000000001,0.1861,0
CC-10653,68,Gold,74,76221,21044,0.0638,0.001,675,8100,0.5242,8,13,0,0.0,3,0,9,0,162.0,95,121.5,104.52,30.980000000000018,0.1611,0
CC-10654,40,Standard,103,50390,7653,0.0902,-0.3215,347,4164,0.6979,8,6,1,138.95,1,0,8,1,72.87,0,41.64,60.38,109.79999999999998,0.2437,1
CC-10655,58,Standard,107,46631,5785,0.1228,0.1705,357,4284,0.7287,8,9,0,0.0,1,2,8,0,74.97,0,42.84,101.31,-69.18,0.3464,0
CC-10656,24,Standard,80,56907,8086,0.079,0.0136,321,3852,0.9667,8,6,0,0.0,1,3,13,1,67.41,0,38.52,70.2,-41.31,0.624,1
CC-10657,35,Standard,78,48309,8362,0.0607,-0.0379,255,3060,0.8465,8,4,0,0.0,1,1,9,0,53.55,0,30.6,53.28,-30.33,0.1585,0
CC-10658,44,Gold,38,92500,25485,0.0704,0.1499,902,10824,0.856,8,17,0,0.0,1,0,7,1,216.48,95,162.36,73.42,75.69999999999999,0.153,1
CC-10659,45,Gold,118,69863,16230,0.0612,0.1671,499,5988,0.7505,8,9,3,199.93,3,0,13,0,119.76,95,89.82,112.88,211.99,0.2177,0
CC-10660,21,Standard,63,30025,5293,0.0586,0.1532,156,1872,0.6288,8,5,4,62.43,1,0,10,0,32.76,0,18.72,78.68,-2.210000000000008,0.3593,0
CC-10661,27,Black,106,251095,93856,0.0623,-0.0571,2940,35280,1.1327,8,40,1,1176.95,1,0,13,0,882.0,495,1058.4,83.8,1411.7499999999998,0.0641,0
CC-10662,51,Gold,83,69547,20594,0.054,-0.1705,559,6708,0.8487,8,11,0,0.0,3,0,14,1,134.16,95,100.62,132.95,-4.409999999999997,0.1327,0
CC-10663,32,Standard,42,43123,5810,0.0805,0.1283,235,2820,1.1357,8,3,1,94.14,5,0,8,1,49.35,0,28.2,111.76,3.530000000000001,0.144,0
CC-10664,62,Standard,119,33007,3978,0.1606,-0.2248,321,3852,0.6165,8,3,1,128.59,2,0,10,0,67.41,0,38.52,112.35,45.129999999999995,0.1412,0
CC-10665,25,Standard,95,54477,7955,0.0988,0.2721,395,4740,0.7504,8,6,0,0.0,3,1,15,0,82.95,0,47.4,102.55,-66.99999999999999,0.1611,0
CC-10666,64,Standard,29,36777,5205,0.1204,-0.0158,315,3780,0.8836,8,2,0,0.0,1,0,11,0,66.15,0,37.8,73.04,-44.69,0.0706,0
CC-10667,70,Standard,3,40907,6231,0.0473,-0.1791,148,1776,0.9116,8,5,2,59.32,1,0,13,0,31.08,0,17.76,85.41,-12.769999999999996,0.1369,1
CC-10668,62,Standard,118,44772,7513,0.0479,-0.2048,181,2172,1.1763,8,5,0,0.0,3,0,9,0,38.01,0,21.72,115.61,-99.32,0.0439,0
CC-10669,58,Standard,36,57635,9829,0.1022,-0.2116,505,6060,0.8208,27,8,0,0.0,2,1,11,0,106.05,0,60.6,71.34,-25.89,0.2752,1
CC-10670,32,Standard,70,64785,9333,0.1034,0.0011,485,5820,1.174,8,4,0,0.0,3,0,16,0,101.85,0,58.2,118.03,-74.38000000000002,0.0401,0
CC-10671,59,Platinum,90,203960,69382,0.0606,-0.021,2113,25356,1.0625,8,28,0,0.0,0,0,7,0,570.51,295,557.83,45.52,262.15999999999997,0.0555,0
CC-10672,38,Standard,23,30579,3941,0.0929,-0.2054,184,2208,0.9179,8,10,0,0.0,1,0,13,0,38.64,0,22.08,67.7,-51.14,0.0649,1
CC-10673,22,Gold,35,77070,15780,0.1009,-0.0735,800,9600,0.6646,8,10,0,0.0,1,0,13,1,192.0,95,144.0,79.01,63.99000000000001,0.2364,0
CC-10674,30,Standard,9,38661,6126,0.1124,-0.2252,346,4152,1.1771,8,4,0,0.0,0,0,12,1,72.66,0,41.52,75.04,-43.900000000000006,0.0911,0
CC-10675,35,Black,67,305921,100000,0.0711,0.0684,3571,42852,0.6721,8,43,0,0.0,1,1,8,0,1071.3,495,1285.56,95.43,185.30999999999995,0.2667,1
CC-10676,50,Standard,107,48479,7952,0.0886,-0.0282,354,4248,0.9436,8,4,1,141.81,1,0,12,0,74.34,0,42.48,93.14,80.53,0.0864,0
CC-10677,64,Standard,5,38441,5856,0.1057,-0.0768,311,3732,0.9338,27,13,0,0.0,1,1,14,0,65.31,0,37.32,81.22,-53.22999999999999,0.2345,0
CC-10678,37,Black,110,233664,92471,0.1548,-0.2132,7194,86328,0.8879,8,89,3,2881.28,1,0,16,0,2158.2,495,2589.84,60.21,2884.4299999999994,0.1748,1
CC-10679,24,Platinum,53,105089,37362,0.1097,-0.065,2060,24720,0.8332,119,32,0,0.0,0,0,14,0,556.2,295,543.84,75.61,231.75,0.7871,1
CC-10680,27,Platinum,81,47104,14395,0.0758,-0.0822,548,6576,0.7034,27,11,0,0.0,2,0,15,1,147.96,295,144.67,123.6,174.69000000000005,0.2693,0
CC-10681,61,Standard,97,30395,4447,0.1096,0.0277,245,2940,0.4649,27,4,0,0.0,1,0,9,0,51.45,0,29.4,98.98,-76.92999999999999,0.221,1
CC-10682,51,Standard,56,54751,9196,0.0998,0.0051,461,5532,1.3711,27,7,0,0.0,1,0,13,0,96.81,0,55.32,75.86,-34.370000000000005,0.0598,0
CC-10683,71,Gold,82,116124,28588,0.0994,0.0988,1428,17136,0.8025,8,18,0,0.0,1,0,6,0,342.72,95,257.04,77.56,103.12,0.0838,0
CC-10684,59,Platinum,76,187175,56305,0.131,-0.0927,3706,44472,0.9116,8,42,0,0.0,0,0,12,0,1000.62,295,978.38,92.26,224.9799999999998,0.0641,0
CC-10685,54,Gold,95,104321,28415,0.1025,-0.2991,1464,17568,0.9097,8,20,0,0.0,1,0,15,0,351.36,95,263.52,54.07,128.77000000000004,0.0598,1
CC-10686,26,Gold,61,63496,13885,0.0543,0.1287,379,4548,1.2787,8,11,0,0.0,3,1,12,1,90.96,95,68.22,115.58,2.159999999999968,0.1602,0
CC-10687,70,Standard,8,31711,5210,0.0485,-0.1604,127,1524,1.53,8,2,1,50.86,3,0,10,1,26.67,0,15.24,88.46,-26.169999999999987,0.0813,0
CC-10688,58,Platinum,31,76614,26593,0.1114,-0.186,1489,17868,0.998,27,18,2,596.29,1,2,10,0,402.03,295,393.1,54.52,845.6999999999999,0.604,0
CC-10689,65,Standard,19,38439,5659,0.0675,-0.0265,192,2304,0.9029,8,5,0,0.0,1,0,8,0,40.32,0,23.04,67.06,-49.779999999999994,0.0731,0
CC-10690,71,Standard,119,45979,7866,0.0433,0.0253,171,2052,0.613,8,7,1,68.56,0,2,15,1,35.91,0,20.52,48.77,35.17999999999999,0.6341,0
CC-10691,54,Standard,62,33662,5470,0.0735,-0.0996,202,2424,0.5169,8,6,0,0.0,4,1,16,0,42.42,0,24.24,97.73,-79.55,0.2195,0
CC-10692,64,Gold,24,94160,19141,0.1291,-0.1008,1242,14904,0.4178,8,22,0,0.0,1,0,16,0,298.08,95,223.56,101.18,68.33999999999997,0.171,0
CC-10693,35,Standard,26,52333,7209,0.0602,-0.0787,218,2616,0.7112,8,8,0,0.0,2,1,15,1,45.78,0,26.16,115.11,-95.49000000000001,0.3144,0
CC-10694,34,Standard,83,39661,6831,0.09,0.1925,309,3708,0.3227,8,5,0,0.0,0,0,10,0,64.89,0,37.08,75.84,-48.03,0.1538,1
CC-10695,26,Gold,87,56524,11408,0.0495,-0.0204,284,3408,1.2736,27,5,1,113.66,0,0,15,0,68.16,95,51.12,81.1,144.6,0.094,0
CC-10696,70,Standard,53,60535,9244,0.053,-0.1652,246,2952,1.0769,8,8,0,0.0,3,2,7,0,51.66,0,29.52,83.99,-61.849999999999994,0.2447,0
CC-10697,57,Gold,52,85746,23390,0.062,-0.1637,729,8748,0.8745,8,11,3,291.9,2,0,12,1,174.96,95,131.22,81.37,349.27,0.3424,0
CC-10698,70,Standard,13,66838,10514,0.0492,-0.0576,260,3120,1.2828,8,2,0,0.0,2,1,4,0,54.6,0,31.2,100.5,-77.1,0.0986,1
CC-10699,52,Gold,58,86963,24006,0.097,0.0157,1170,14040,0.6287,119,21,0,0.0,0,0,13,0,280.8,95,210.6,88.53,76.67000000000002,0.8809,0
CC-10700,23,Gold,73,88447,24107,0.0996,0.0526,1206,14472,0.704,8,20,0,0.0,1,1,17,0,289.44,95,217.08,92.41,74.94999999999999,0.1684,0
CC-10701,23,Standard,44,34149,5515,0.1028,-0.0014,285,3420,0.3699,27,3,1,114.12,2,0,11,0,59.85,0,34.2,66.07,73.7,0.331,0
CC-10702,42,Standard,41,40235,6811,0.0581,-0.1463,199,2388,1.1823,119,6,0,0.0,1,0,14,0,41.79,0,23.88,64.35,-46.43999999999999,0.6812,1
CC-10703,42,Standard,71,27463,4359,0.0854,-0.0836,187,2244,0.7069,8,6,2,74.93,3,0,13,1,39.27,0,22.44,104.27,-12.509999999999977,0.3057,0
CC-10704,30,Standard,110,29884,4307,0.0628,0.0901,136,1632,0.9547,8,1,0,0.0,2,0,13,0,28.56,0,16.32,102.31,-90.07,0.0574,0
CC-10705,71,Black,50,331881,100000,0.1075,-0.1919,5401,64812,1.2508,8,62,0,0.0,0,0,12,0,1620.3,495,1944.36,74.88,96.0600000000004,0.0391,0
CC-10706,23,Standard,59,41820,6816,0.0826,-0.0899,283,3396,1.3613,8,9,1,113.32,2,0,9,0,59.43,0,33.96,101.66,37.129999999999995,0.0508,0
CC-10707,32,Platinum,23,125206,50418,0.0915,0.0696,2319,27828,0.9413,27,25,0,0.0,2,0,11,0,626.13,295,612.22,69.25,239.65999999999997,0.1192,0
CC-10708,49,Standard,84,36670,4999,0.0577,0.1113,145,1740,1.0653,8,5,0,0.0,1,0,17,0,30.45,0,17.4,95.47,-82.42,0.0459,0
CC-10709,68,Gold,101,76807,17988,0.0676,-0.0489,611,7332,0.6788,119,6,0,0.0,3,0,11,0,146.64,95,109.98,120.21,11.449999999999989,0.8727,1
CC-10710,37,Platinum,22,179657,73713,0.1038,-0.0817,3844,46128,1.455,8,55,0,0.0,2,2,7,1,1037.88,295,1014.82,77.8,240.26,0.2776,0
CC-10711,27,Gold,17,88064,22707,0.0717,-0.2183,818,9816,0.9002,8,19,0,0.0,2,1,14,0,196.32,95,147.24,94.78,49.29999999999998,0.1413,0
CC-10712,33,Gold,71,59924,13057,0.1314,0.0588,862,10344,0.9741,8,18,0,0.0,0,0,17,0,206.88,95,155.16,50.37,96.35,0.0533,0
CC-10713,22,Standard,79,56591,9044,0.1237,0.1778,562,6744,0.8279,8,11,0,0.0,4,0,19,0,118.02,0,67.44,136.19,-85.61,0.0635,0
CC-10714,24,Standard,53,64406,11557,0.0758,0.3648,440,5280,1.3098,8,11,0,0.0,1,1,13,0,92.4,0,52.8,62.96,-23.359999999999985,0.078,0
CC-10715,30,Platinum,78,157314,62183,0.0595,0.038,1859,22308,1.0099,8,29,0,0.0,0,1,15,0,501.93,295,490.78,36.21,269.94000000000005,0.114,0
CC-10716,59,Platinum,64,171195,65808,0.1002,-0.0276,3314,39768,1.1783,8,43,0,0.0,1,0,8,0,894.78,295,874.9,75.9,238.98000000000002,0.0466,0
CC-10717,44,Black,87,365454,100000,0.0999,-0.158,5019,60228,1.0562,119,69,0,0.0,1,1,12,0,1505.7,495,1806.84,52.58,141.2800000000002,0.8597,0
CC-10718,37,Standard,39,26363,4549,0.0577,-0.3018,132,1584,0.8839,8,10,2,52.83,0,0,12,0,27.72,0,15.84,37.59,27.11999999999999,0.141,0
CC-10719,26,Gold,8,124615,31475,0.1012,0.0065,1601,19212,1.2288,8,12,0,0.0,1,2,4,1,384.24,95,288.18,61.47,129.59000000000003,0.3722,0
CC-10720,39,Black,73,356916,100000,0.1381,0.3326,6942,83304,1.0536,8,98,2,2779.73,0,2,8,1,2082.6,495,2499.12,78.26,2779.95,0.6043,1
CC-10721,25,Standard,28,50499,7059,0.0665,0.1706,236,2832,0.6617,27,1,0,0.0,2,1,13,0,49.56,0,28.32,121.57,-100.32999999999998,0.3215,1
CC-10722,52,Standard,108,43588,5392,0.1233,0.1475,334,4008,0.6532,8,8,0,0.0,1,0,11,1,70.14,0,40.08,80.76,-50.7,0.1787,1
CC-10723,30,Gold,114,56583,14009,0.099,0.0168,697,8364,0.9946,8,12,0,0.0,1,1,13,0,167.28,95,125.46,90.68,46.139999999999986,0.1175,0
CC-10724,29,Gold,10,77957,17694,0.0548,0.0339,487,5844,1.2222,119,10,0,0.0,1,0,19,0,116.88,95,87.66,52.97,71.25,0.6505,1
CC-10725,47,Platinum,75,155693,59183,0.061,-0.3836,1814,21768,1.4418,27,27,2,726.67,3,0,12,0,489.78,295,478.9,127.42,905.1299999999999,0.1126,0
CC-10726,33,Standard,93,32575,5779,0.0537,0.0944,156,1872,0.4168,8,4,0,0.0,3,0,9,1,32.76,0,18.72,106.9,-92.86000000000001,0.2508,1
CC-10727,39,Platinum,6,137558,51823,0.0697,-0.1069,1815,21780,0.9577,119,16,0,0.0,3,0,13,1,490.05,295,479.16,108.94,196.94999999999993,0.8719,0
CC-10728,41,Standard,23,31685,5488,0.0965,-0.1253,266,3192,1.0969,8,8,3,106.6,1,0,12,1,55.86,0,31.92,98.16,32.379999999999995,0.2721,0
CC-10729,44,Standard,33,40672,5986,0.1094,-0.0685,329,3948,1.0387,27,11,0,0.0,2,0,10,1,69.09,0,39.48,71.99,-42.379999999999995,0.1987,0
CC-10730,58,Standard,23,29782,4952,0.0924,-0.0736,230,2760,1.2528,8,5,0,0.0,2,0,13,1,48.3,0,27.6,92.34,-71.64,0.0792,1
CC-10731,24,Platinum,106,88977,35415,0.0379,-0.1276,675,8100,1.1467,8,12,0,0.0,2,1,15,1,182.25,295,178.2,97.36,201.69,0.1761,0
CC-10732,44,Gold,27,92226,25001,0.0471,-0.0179,592,7104,0.6543,119,11,0,0.0,1,2,10,1,142.08,95,106.56,86.81,43.71000000000001,0.989,1
CC-10733,55,Gold,105,72680,18226,0.0573,-0.1037,525,6300,0.6456,8,6,1,210.21,0,0,6,0,126.0,95,94.5,77.45,259.26000000000005,0.1962,0
CC-10734,23,Standard,17,39534,6228,0.0649,-0.005,203,2436,1.0437,8,6,2,81.36,2,0,15,1,42.63,0,24.36,102.86,-3.2299999999999898,0.2052,0
CC-10735,24,Platinum,119,117829,44547,0.051,-0.2431,1142,13704,1.2472,8,18,0,0.0,1,2,11,0,308.34,295,301.49,100.86,200.9899999999999,0.1773,0
CC-10736,57,Standard,37,75635,10224,0.0893,-0.0521,459,5508,0.993,8,10,0,0.0,2,1,10,0,96.39,0,55.08,123.92,-82.61,0.1313,0
CC-10737,60,Platinum,51,161257,63429,0.0436,-0.1844,1391,16692,0.4766,8,15,0,0.0,3,0,10,0,375.57,295,367.22,81.01,222.33999999999992,0.1715,0
CC-10738,68,Standard,45,53040,9389,0.0937,-0.1162,442,5304,0.6358,8,7,1,177.08,1,0,11,1,92.82,0,53.04,74.79,142.06999999999996,0.2602,0
CC-10739,55,Standard,43,36276,5365,0.1154,0.0015,311,3732,1.1575,119,9,0,0.0,0,0,11,0,65.31,0,37.32,59.54,-31.549999999999997,0.7021,1
CC-10740,51,Gold,39,95725,25855,0.0791,-0.2606,1028,12336,0.8454,8,15,0,0.0,0,0,15,0,246.72,95,185.04,80.03,76.65000000000003,0.0688,1
CC-10741,64,Standard,59,42438,6969,0.0474,-0.1434,166,1992,0.9854,27,5,0,0.0,1,0,15,1,34.86,0,19.92,67.43,-52.49000000000001,0.193,1
CC-10742,45,Gold,44,68351,18196,0.1039,0.0653,950,11400,1.2696,8,20,0,0.0,1,0,14,0,228.0,95,171.0,50.9,101.1,0.0367,0
CC-10743,60,Gold,49,125993,32091,0.1145,-0.232,1846,22152,0.5893,8,27,0,0.0,1,1,21,0,443.04,95,332.28,54.48,151.27999999999997,0.2453,0
CC-10744,33,Standard,94,51443,8894,0.0537,0.2467,240,2880,0.8257,8,3,3,96.13,0,0,14,0,50.4,0,28.8,90.42,27.310000000000002,0.1979,0
CC-10745,24,Platinum,63,158281,54266,0.1049,0.1607,2860,34320,0.7931,27,40,0,0.0,1,2,17,1,772.2,295,755.04,105.09,207.07000000000005,0.6303,0
CC-10746,66,Standard,16,34067,4212,0.1436,-0.0942,304,3648,1.0566,8,2,0,0.0,0,0,8,0,63.84,0,36.48,50.38,-23.019999999999996,0.0582,0
CC-10747,34,Gold,70,58008,16500,0.0727,-0.1381,603,7236,1.1819,8,5,3,241.45,6,1,20,0,144.72,95,108.54,181.16,191.46999999999997,0.228,0
CC-10748,33,Platinum,55,137985,51655,0.0656,0.0103,1704,20448,0.5059,8,32,0,0.0,2,0,11,0,460.08,295,449.86,117.56,187.65999999999985,0.1617,1
CC-10749,47,Gold,86,72812,20746,0.0683,-0.2371,712,8544,0.9483,119,15,0,0.0,0,1,9,0,170.88,95,128.16,76.34,61.379999999999995,0.8855,1
CC-10750,26,Standard,36,51892,6658,0.1046,-0.3203,350,4200,1.2108,8,8,0,0.0,3,0,9,1,73.5,0,42.0,94.68,-63.18000000000001,0.0897,0
CC-10751,37,Black,78,327548,100000,0.1223,-0.0889,6145,73740,0.3936,8,77,0,0.0,0,0,11,1,1843.5,495,2212.2,42.1,84.20000000000027,0.3242,1
CC-10752,56,Gold,99,86391,25350,0.0969,-0.0401,1235,14820,0.9307,27,25,0,0.0,1,1,16,1,296.4,95,222.3,60.06,109.03999999999996,0.3666,0
CC-10753,60,Standard,26,54311,6998,0.128,-0.0058,450,5400,0.5853,8,9,1,180.3,1,0,12,0,94.5,0,54.0,61.87,158.93,0.1521,0
CC-10754,69,Standard,22,47174,7952,0.0583,-0.1122,233,2796,0.7575,119,5,1,93.32,0,0,14,1,48.93,0,27.96,83.43,30.859999999999985,0.9312,1
CC-10755,55,Platinum,71,109490,43275,0.0819,0.1711,1782,21384,0.1985,119,22,0,0.0,2,1,10,1,481.14,295,470.45,84.25,221.43999999999994,0.9871,1
CC-10756,37,Gold,104,80786,21882,0.0873,-0.2443,960,11520,1.3678,8,24,1,384.51,0,0,9,1,230.4,95,172.8,75.68,461.42999999999995,0.0975,0
CC-10757,61,Gold,32,87884,18730,0.0597,-0.1907,562,6744,0.8433,8,10,0,0.0,5,0,12,1,134.88,95,101.16,156.11,-27.389999999999986,0.1436,0
CC-10758,22,Platinum,90,172512,64422,0.0686,0.053,2221,26652,0.7078,8,34,0,0.0,2,1,13,1,599.67,295,586.34,91.01,217.31999999999994,0.3127,0
CC-10759,33,Platinum,109,147873,59810,0.1037,-0.1942,3117,37404,1.0485,119,41,0,0.0,0,0,17,0,841.59,295,822.89,47.83,265.8700000000001,0.7019,1
CC-10760,22,Standard,106,38571,5613,0.0971,-0.2,274,3288,0.6373,8,6,0,0.0,1,0,8,1,57.54,0,32.88,78.47,-53.809999999999995,0.1919,0
CC-10761,48,Standard,9,55869,8090,0.0657,-0.0015,267,3204,0.6088,27,5,2,106.98,4,0,7,0,56.07,0,32.04,103.05,27.960000000000008,0.3597,1
CC-10762,63,Standard,38,49283,7223,0.0562,-0.178,204,2448,1.4031,8,4,2,81.71,3,0,11,1,42.84,0,24.48,128.93,-28.86,0.1339,0
CC-10763,46,Gold,40,117845,24538,0.0972,-0.04,1199,14388,1.4926,8,18,0,0.0,2,1,10,0,287.76,95,215.82,113.38,53.56,0.0635,0
CC-10764,42,Standard,82,45981,7978,0.0801,-0.125,321,3852,0.7724,8,4,0,0.0,2,0,9,0,67.41,0,38.52,121.03,-92.14000000000001,0.0829,0
CC-10765,67,Gold,54,62956,18063,0.0578,-0.1492,525,6300,1.2702,8,9,0,0.0,0,0,11,0,126.0,95,94.5,83.71,42.79000000000002,0.0385,0
CC-10766,63,Platinum,17,181194,76048,0.0804,-0.3353,3072,36864,1.0568,8,46,0,0.0,1,2,10,1,829.44,295,811.01,88.94,224.49,0.4073,0
CC-10767,23,Platinum,48,119812,43363,0.0469,0.0009,1022,12264,0.5259,8,11,0,0.0,2,0,6,0,275.94,295,269.81,87.66,213.47000000000003,0.172,1
CC-10768,55,Standard,25,48323,7976,0.0516,-0.2071,207,2484,0.6716,8,3,0,0.0,0,0,13,0,43.47,0,24.84,64.79,-46.16000000000001,0.0932,0
CC-10769,32,Platinum,14,146500,45176,0.1013,-0.0452,2299,27588,1.4153,8,32,0,0.0,1,0,9,0,620.73,295,606.94,61.19,247.5999999999999,0.033,0
CC-10770,44,Standard,95,45513,7284,0.0464,-0.0968,170,2040,0.522,8,3,0,0.0,0,1,11,0,35.7,0,20.4,75.41,-60.11,0.2307,1
CC-10771,25,Platinum,46,134056,49729,0.1111,-0.051,2776,33312,1.6343,8,43,0,0.0,0,0,9,0,749.52,295,732.86,85.08,226.57999999999993,0.0229,0
CC-10772,40,Standard,114,26413,4597,0.0489,-0.0425,113,1356,0.7786,8,1,0,0.0,1,1,16,0,23.73,0,13.56,91.83,-81.66,0.1505,0
CC-10773,59,Standard,17,33726,5728,0.0914,0.009,263,3156,1.4242,8,6,1,105.38,3,0,13,0,55.23,0,31.56,137.42,-8.370000000000005,0.0442,0
CC-10774,59,Platinum,95,179274,73750,0.0646,-0.1292,2396,28752,0.8583,27,30,0,0.0,4,1,15,1,646.92,295,632.54,153.38,156.0,0.3995,1
CC-10775,33,Standard,111,49824,8576,0.0691,0.1664,298,3576,1.19,8,1,0,0.0,3,0,9,0,62.58,0,35.76,121.79,-94.97000000000001,0.0433,0
CC-10776,61,Standard,109,66479,11442,0.0974,-0.2971,560,6720,1.3685,119,9,0,0.0,0,0,9,0,117.6,0,67.2,79.77,-29.370000000000005,0.6235,1
CC-10777,65,Gold,51,62948,12990,0.0964,-0.054,629,7548,1.367,8,13,0,0.0,1,0,13,0,150.96,95,113.22,69.64,63.099999999999994,0.032,0
CC-10778,32,Gold,23,84348,24005,0.0856,0.1054,1033,12396,0.7747,27,18,0,0.0,1,0,16,0,247.92,95,185.94,52.71,104.26999999999995,0.1378,0
CC-10779,33,Gold,17,109717,28608,0.0767,0.0515,1102,13224,0.6928,8,14,0,0.0,1,1,13,0,264.48,95,198.36,101.5,59.620000000000005,0.2492,0
CC-10780,30,Gold,16,72976,17371,0.0913,-0.1662,797,9564,0.9256,8,16,0,0.0,2,0,11,0,191.28,95,143.46,106.28,36.539999999999964,0.067,0
CC-10781,53,Gold,44,74685,15359,0.1219,-0.1412,941,11292,0.5599,8,24,0,0.0,2,1,15,0,225.84,95,169.38,122.89,28.57000000000005,0.2784,1
CC-10782,60,Standard,110,41699,6699,0.0912,-0.171,307,3684,1.0218,8,7,2,122.97,0,0,14,0,64.47,0,36.84,35.02,115.57999999999998,0.1065,0
CC-10783,36,Standard,82,39989,5586,0.1058,0.0699,297,3564,0.7038,8,2,0,0.0,0,3,13,0,62.37,0,35.64,77.95,-51.220000000000006,0.5438,1
CC-10784,65,Standard,17,50982,7548,0.1155,-0.131,438,5256,1.2748,8,8,0,0.0,0,0,9,0,91.98,0,52.56,51.1,-11.679999999999993,0.0409,0
CC-10785,55,Platinum,108,77692,29168,0.1152,0.0183,1688,20256,0.779,8,17,2,676.34,1,1,13,1,455.76,295,445.63,76.66,904.81,0.4709,0
CC-10786,23,Gold,65,119907,34914,0.0599,0.0196,1051,12612,0.4273,8,18,0,0.0,1,0,12,0,252.24,95,189.18,77.09,80.97000000000003,0.1754,0
CC-10787,25,Standard,70,34203,5798,0.0841,0.3353,245,2940,1.3703,27,6,2,98.15,3,0,12,0,51.45,0,29.4,82.14,38.06000000000003,0.125,0
CC-10788,46,Gold,29,40010,9804,0.0475,0.027,234,2808,1.005,8,1,0,0.0,4,1,16,0,56.16,95,42.12,146.12,-37.08000000000001,0.1169,0
CC-10789,31,Black,89,279283,100000,0.0994,-0.1417,4996,59952,0.9587,8,60,1,2000.76,1,0,9,1,1498.8,495,1798.56,55.31,2140.69,0.1739,0
CC-10790,27,Standard,95,40754,5476,0.0898,-0.239,247,2964,1.2783,8,6,0,0.0,0,0,10,1,51.87,0,29.64,92.17,-69.94,0.0762,0
CC-10791,30,Gold,107,81217,19268,0.112,-0.0614,1084,13008,1.2115,8,21,0,0.0,0,1,14,0,260.16,95,195.12,69.26,90.78000000000003,0.0849,0
CC-10792,62,Gold,55,91642,19346,0.0955,-0.0379,928,11136,0.7214,8,10,0,0.0,6,0,18,0,222.72,95,167.04,141.48,9.200000000000045,0.0773,0
CC-10793,54,Gold,54,98702,29325,0.0824,-0.3516,1215,14580,0.8151,8,22,0,0.0,1,2,10,0,291.6,95,218.7,88.32,79.58000000000004,0.3167,0
CC-10794,23,Standard,65,63974,9879,0.0445,-0.1271,221,2652,0.6161,8,5,0,0.0,2,0,13,0,46.41,0,26.52,120.64,-100.75,0.098,1
CC-10795,28,Platinum,75,115845,34509,0.0966,0.0246,1675,20100,0.5107,8,19,1,670.99,0,1,13,1,452.25,295,442.2,81.85,894.19,0.5721,0
CC-10796,51,Black,55,334200,100000,0.1941,-0.0999,9756,117072,1.1236,8,137,0,0.0,1,0,11,0,2926.8,495,3512.16,59.94,-150.29999999999973,0.0482,0
CC-10797,31,Gold,59,100064,25486,0.0565,0.1253,724,8688,1.0677,119,7,0,0.0,1,1,13,1,173.76,95,130.32,68.59,69.85,0.9274,1
CC-10798,65,Gold,54,28883,7315,0.0416,-0.2538,153,1836,1.1782,119,5,0,0.0,1,0,13,0,36.72,95,27.54,56.52,47.66,0.6846,1
CC-10799,27,Platinum,109,110838,31585,0.0977,0.0815,1551,18612,1.3345,8,17,0,0.0,5,0,5,0,418.77,295,409.46,153.88,150.43000000000006,0.0375,0
CC-10800,65,Gold,45,57651,17011,0.0812,0.1171,694,8328,1.1823,8,8,2,278.03,2,1,16,1,166.56,95,124.92,77.06,337.6099999999999,0.3167,0
CC-10801,22,Standard,9,50038,6831,0.0926,0.1235,318,3816,1.209,8,4,2,127.32,1,0,17,0,66.78,0,38.16,94.74,61.20000000000002,0.083,0
CC-10802,26,Gold,119,92178,18584,0.0947,-0.2549,884,10608,0.3266,8,9,0,0.0,0,0,13,0,212.16,95,159.12,42.9,105.13999999999996,0.1897,0
CC-10803,61,Gold,44,92605,19228,0.1121,0.0272,1083,12996,0.8579,8,12,0,0.0,1,0,9,0,259.92,95,194.94,95.75,64.23000000000002,0.0752,0
CC-10804,52,Standard,6,41562,6434,0.0646,-0.1203,209,2508,1.2394,8,6,0,0.0,2,0,13,0,43.89,0,25.08,95.87,-77.06,0.0404,0
CC-10805,40,Gold,71,80648,17240,0.1165,-0.2309,1009,12108,0.5995,8,18,0,0.0,3,1,6,0,242.16,95,181.62,130.32,25.21999999999997,0.2977,0
CC-10806,54,Black,7,277999,100000,0.0753,-0.0821,3782,45384,0.9775,27,53,0,0.0,1,0,9,0,1134.6,495,1361.52,81.14,186.93999999999983,0.1187,0
CC-10807,70,Platinum,77,125961,41963,0.0802,-0.1557,1692,20304,1.1058,27,16,1,677.41,1,0,6,0,456.84,295,446.69,64.92,917.64,0.1408,0
CC-10808,36,Gold,107,101515,26624,0.0877,0.1181,1173,14076,1.0829,119,26,0,0.0,1,0,8,0,281.52,95,211.14,90.86,74.51999999999998,0.7277,1
CC-10809,45,Standard,94,32966,4177,0.1386,0.057,291,3492,1.0606,8,6,0,0.0,2,0,7,1,61.11,0,34.92,83.02,-56.83,0.1105,0
CC-10810,32,Black,82,225273,93803,0.1286,-0.1929,6061,72732,1.1297,27,63,0,0.0,3,1,9,0,1818.3,495,2181.96,85.52,45.820000000000164,0.1883,0
CC-10811,27,Platinum,43,144246,48825,0.1077,-0.1286,2643,31716,1.0042,8,38,0,0.0,1,1,7,1,713.61,295,697.75,99.61,211.25,0.2493,1
CC-10812,59,Standard,96,40860,5294,0.088,-0.0771,234,2808,0.5111,8,5,0,0.0,2,0,15,0,49.14,0,28.08,108.77,-87.71,0.1074,0
CC-10813,37,Platinum,6,101192,35503,0.0529,-0.0309,944,11328,1.1021,27,11,3,378.03,3,1,12,0,254.88,295,249.22,83.45,595.24,0.4469,1
CC-10814,65,Platinum,4,158617,46305,0.0733,0.131,1705,20460,1.0354,119,25,0,0.0,1,0,6,0,460.35,295,450.12,105.62,199.61,0.7659,1
CC-10815,31,Gold,112,72838,14906,0.1327,0.0836,994,11928,0.5151,27,14,3,398.14,1,1,11,1,238.56,95,178.92,62.22,490.56000000000006,0.8529,1
CC-10816,26,Gold,69,67049,16895,0.1072,-0.0123,910,10920,1.3639,8,13,0,0.0,1,1,12,1,218.4,95,163.8,94.62,54.97999999999996,0.1419,0
CC-10817,43,Standard,116,43038,5804,0.1426,-0.0591,416,4992,1.1102,8,12,1,166.59,1,4,11,0,87.36,0,49.92,51.31,152.71999999999997,0.6872,0
CC-10818,47,Standard,23,34950,4393,0.0607,-0.286,134,1608,0.5359,8,1,0,0.0,3,0,15,0,28.14,0,16.08,108.73,-96.67,0.1094,0
CC-10819,66,Standard,72,44615,6488,0.0945,0.1738,308,3696,0.7048,27,5,1,123.41,1,1,15,0,64.68,0,36.96,65.41,85.72,0.3793,0
CC-10820,26,Platinum,45,127410,51998,0.084,-0.0871,2195,26340,0.7808,8,34,0,0.0,0,1,10,0,592.65,295,579.48,68.31,239.86,0.1741,0
CC-10821,58,Standard,119,39233,6412,0.0981,0.2132,316,3792,0.7806,8,7,0,0.0,2,0,9,0,66.36,0,37.92,81.21,-52.769999999999996,0.0796,0
CC-10822,22,Standard,84,39303,6639,0.0896,0.0094,299,3588,1.0379,8,7,0,0.0,3,0,10,0,62.79,0,35.88,109.81,-82.9,0.0546,0
CC-10823,42,Standard,110,56200,9684,0.0976,0.2838,475,5700,0.6571,8,8,3,190.24,1,1,5,0,99.75,0,57.0,50.68,182.31,0.4718,0
CC-10824,40,Gold,71,92845,27599,0.0575,0.0709,797,9564,1.2884,119,12,0,0.0,2,0,10,1,191.28,95,143.46,119.47,23.349999999999966,0.8013,1
CC-10825,45,Platinum,11,80178,31017,0.0524,-0.2348,817,9804,1.2637,8,10,0,0.0,0,0,13,1,220.59,295,215.69,83.51,216.39000000000004,0.0786,0
CC-10826,35,Standard,86,54933,8597,0.0597,-0.1122,258,3096,1.1358,8,11,0,0.0,1,0,16,0,54.18,0,30.96,51.5,-28.28000000000001,0.0419,0
CC-10827,69,Standard,30,50811,7211,0.0477,-0.0454,173,2076,0.9633,27,3,0,0.0,0,2,16,0,36.33,0,20.76,94.19,-78.62,0.3914,1
CC-10828,49,Gold,28,94722,20664,0.0775,-0.1511,805,9660,1.2312,8,9,0,0.0,1,0,7,1,193.2,95,144.9,105.68,37.619999999999976,0.0909,0
CC-10829,28,Gold,84,103868,27905,0.0438,-0.0766,614,7368,0.8672,27,7,0,0.0,0,0,14,0,147.36,95,110.52,74.57,57.27000000000004,0.12,0
CC-10830,57,Standard,85,45169,8116,0.0606,-0.225,247,2964,0.7327,27,3,0,0.0,0,1,16,1,51.87,0,29.64,58.64,-36.410000000000004,0.4457,0
CC-10831,69,Gold,5,98176,24223,0.0909,-0.0191,1107,13284,1.307,8,14,1,443.2,5,2,10,0,265.68,95,199.26,163.03,441.59000000000003,0.2469,0
CC-10832,53,Standard,75,39774,6499,0.113,0.0156,369,4428,1.0453,8,7,0,0.0,2,1,11,0,77.49,0,44.28,116.49,-83.27999999999999,0.1166,0
CC-10833,42,Standard,102,54535,8164,0.1187,-0.1706,487,5844,0.7448,8,17,0,0.0,2,1,12,0,102.27,0,58.44,90.28,-46.45,0.1699,0
CC-10834,70,Gold,97,89634,21798,0.0615,0.271,674,8088,0.8247,8,16,0,0.0,0,0,22,0,161.76,95,121.32,77.29,58.14999999999998,0.0595,0
CC-10835,67,Standard,51,29509,4267,0.0578,-0.0105,124,1488,0.7291,8,4,0,0.0,4,0,7,0,26.04,0,14.88,143.63,-132.47,0.0937,0
CC-10836,25,Platinum,19,176273,61809,0.059,-0.1425,1832,21984,1.5567,8,22,2,734.03,4,0,17,0,494.64,295,483.65,144.05,895.97,0.049,0
CC-10837,59,Standard,65,43549,6184,0.1374,-0.2644,427,5124,0.9512,8,8,0,0.0,2,0,12,0,89.67,0,51.24,123.41,-84.98,0.0609,0
CC-10838,38,Gold,57,79302,21798,0.076,-0.011,832,9984,0.9973,8,10,1,333.46,2,0,8,0,199.68,95,149.76,113.0,365.38,0.0892,0
CC-10839,58,Gold,25,75593,21727,0.0472,-0.0591,515,6180,1.1664,8,8,0,0.0,2,0,12,1,123.6,95,92.7,98.29,27.609999999999985,0.0914,0
CC-10840,57,Standard,36,40844,7064,0.1028,0.0975,365,4380,0.5854,8,8,4,146.17,2,0,12,0,76.65,0,43.8,113.24,65.78,0.3713,1
CC-10841,50,Gold,107,89879,20022,0.0799,-0.0415,804,9648,1.279,8,14,0,0.0,0,1,13,1,192.96,95,144.72,53.13,90.11000000000004,0.1524,0
CC-10842,71,Standard,107,33889,5888,0.1068,-0.1991,316,3792,0.7676,8,5,0,0.0,2,1,21,0,66.36,0,37.92,79.82,-51.379999999999995,0.141,0
CC-10843,51,Black,71,170197,71734,0.0748,0.2306,2697,32364,1.499,8,27,0,0.0,4,0,7,1,809.1,495,970.92,112.77,220.40999999999985,0.0591,0
CC-10844,30,Standard,17,33024,4575,0.0853,0.0453,196,2352,0.8562,27,11,0,0.0,2,2,13,0,41.16,0,23.52,97.65,-80.01,0.4504,0
CC-10845,35,Standard,49,49294,8064,0.0814,-0.0581,330,3960,1.2613,8,12,0,0.0,2,0,10,0,69.3,0,39.6,100.32,-70.61999999999999,0.04,0
CC-10846,62,Standard,5,43178,5970,0.1333,0.0047,400,4800,0.201,119,4,0,0.0,1,0,13,0,84.0,0,48.0,69.22,-33.22,0.9152,1
CC-10847,68,Black,85,357923,100000,0.2031,0.0511,10206,122472,0.5975,8,130,0,0.0,2,0,13,0,3061.8,495,3674.16,93.91,-211.26999999999953,0.1351,0
CC-10848,64,Gold,30,83620,19848,0.09,-0.2343,898,10776,0.8619,8,14,0,0.0,2,0,9,1,215.52,95,161.64,99.62,49.25999999999999,0.1475,0
CC-10849,38,Gold,5,102903,28004,0.0527,0.0037,742,8904,0.3408,27,18,0,0.0,3,0,8,1,178.08,95,133.56,96.65,42.87000000000003,0.5338,0
CC-10850,43,Standard,104,37205,5194,0.0858,-0.0875,224,2688,1.1303,8,6,2,89.7,4,3,12,0,47.04,0,26.88,98.41,11.450000000000017,0.5732,0
CC-10851,53,Gold,6,75753,19919,0.1116,0.0561,1117,13404,1.0439,8,17,0,0.0,1,0,17,1,268.08,95,201.06,56.33,105.69,0.1011,0
CC-10852,36,Standard,90,45107,7199,0.092,-0.131,333,3996,0.6528,8,8,0,0.0,3,0,14,0,69.93,0,39.96,116.76,-86.78999999999999,0.0895,0
CC-10853,58,Platinum,33,134855,51612,0.0999,-0.1107,2591,31092,0.9452,8,35,0,0.0,4,1,4,0,699.57,295,684.02,150.31,160.24000000000012,0.1558,0
CC-10854,55,Standard,47,42295,7352,0.0723,0.2294,267,3204,1.1919,8,8,0,0.0,2,1,9,1,56.07,0,32.04,91.74,-67.71000000000001,0.1906,0
CC-10855,54,Standard,61,35188,5135,0.0938,0.1646,242,2904,0.3191,8,5,0,0.0,0,0,6,0,50.82,0,29.04,65.51,-43.73000000000001,0.1678,1
CC-10856,48,Standard,47,27162,3530,0.0947,-0.5143,168,2016,0.568,8,1,0,0.0,0,0,8,0,35.28,0,20.16,37.41,-22.289999999999992,0.1163,0
CC-10857,22,Gold,77,98409,22820,0.1032,0.1535,1183,14196,0.8495,27,17,0,0.0,0,1,10,1,283.92,95,212.94,92.14,73.84000000000003,0.4309,0
CC-10858,50,Gold,39,96034,23357,0.1105,-0.031,1297,15564,0.9571,27,15,0,0.0,1,0,12,0,311.28,95,233.46,101.5,71.31999999999994,0.1132,0
CC-10859,33,Standard,67,38093,6202,0.0818,-0.1262,255,3060,0.9324,8,7,0,0.0,0,2,15,0,53.55,0,30.6,64.29,-41.34000000000002,0.2558,0
CC-10860,61,Platinum,11,153260,43194,0.1038,-0.1711,2254,27048,1.2168,27,24,0,0.0,2,0,9,0,608.58,295,595.06,117.93,190.59000000000003,0.0839,0
CC-10861,36,Gold,19,81463,18865,0.0722,-0.1624,684,8208,1.0932,8,8,0,0.0,2,4,14,1,164.16,95,123.12,91.22,44.819999999999965,0.7659,1
CC-10862,25,Gold,67,108506,30162,0.0484,-0.122,734,8808,1.159,8,15,0,0.0,2,0,8,0,176.16,95,132.12,92.44,46.599999999999966,0.0479,0
CC-10863,48,Standard,5,30237,4845,0.1191,-0.1891,290,3480,0.533,27,6,0,0.0,2,1,9,0,60.9,0,34.8,105.98,-79.88,0.3913,0
CC-10864,59,Standard,113,43574,7141,0.066,-0.2232,237,2844,0.9934,8,8,0,0.0,2,0,14,0,49.77,0,28.44,84.4,-63.07,0.053,0
CC-10865,65,Gold,28,80610,22666,0.092,-0.1761,1048,12576,0.8579,8,19,0,0.0,2,1,11,0,251.52,95,188.64,117.89,39.99000000000001,0.1563,0
CC-10866,40,Standard,55,46812,7817,0.0965,0.0285,379,4548,1.3886,8,10,0,0.0,4,0,12,0,79.59,0,45.48,107.82,-73.70999999999998,0.0314,0
CC-10867,44,Standard,33,62292,10024,0.1064,-0.0125,536,6432,1.0023,8,9,0,0.0,1,0,14,0,112.56,0,64.32,107.64,-59.39999999999998,0.0557,0
CC-10868,47,Platinum,28,135669,46338,0.1255,0.0634,2923,35076,0.7493,8,45,0,0.0,2,0,13,1,789.21,295,771.67,120.62,191.92000000000007,0.1608,0
CC-10869,50,Black,25,332019,100000,0.1546,-0.03,7770,93240,1.2058,27,107,0,0.0,1,2,9,0,2331.0,495,2797.2,70.74,-41.9399999999996,0.3351,0
CC-10870,65,Standard,32,43337,6680,0.1201,-0.216,403,4836,1.119,8,5,0,0.0,0,0,13,0,84.63,0,48.36,74.64,-38.370000000000005,0.0476,0
CC-10871,47,Standard,12,57047,7539,0.0668,0.0542,253,3036,0.7035,8,3,1,101.37,0,0,10,0,53.13,0,30.36,64.8,59.34,0.1352,0
CC-10872,46,Gold,74,100998,23156,0.0977,-0.1707,1137,13644,0.8455,8,18,0,0.0,3,1,14,1,272.88,95,204.66,115.07,48.14999999999998,0.2661,0
CC-10873,27,Standard,110,41250,6666,0.1042,0.077,349,4188,0.8506,27,8,0,0.0,1,0,9,0,73.29,0,41.88,60.37,-28.959999999999994,0.1315,0
CC-10874,62,Standard,91,40440,7096,0.0583,-0.1949,208,2496,1.3182,8,3,0,0.0,2,1,10,1,43.68,0,24.96,109.92,-91.19999999999999,0.1538,0
CC-10875,67,Standard,66,50478,6598,0.1258,-0.1231,417,5004,1.011,8,10,0,0.0,1,0,9,0,87.57,0,50.04,80.62,-43.09,0.0588,0
CC-10876,58,Gold,24,71072,14799,0.1221,-0.0742,908,10896,1.168,27,15,0,0.0,2,0,13,0,217.92,95,163.44,71.25,78.22999999999996,0.0829,0
CC-10877,25,Gold,17,89050,25660,0.0919,0.0812,1185,14220,0.802,8,26,0,0.0,1,2,12,0,284.4,95,213.3,97.96,68.13999999999999,0.3192,1
CC-10878,43,Standard,107,40997,7171,0.0616,0.0064,222,2664,1.0504,8,8,0,0.0,1,0,20,0,46.62,0,26.64,104.11,-84.13,0.0435,0
CC-10879,48,Standard,58,49141,6711,0.1148,-0.017,387,4644,1.341,8,7,1,155.07,0,0,11,0,81.27,0,46.44,35.37,154.52999999999997,0.0505,0
CC-10880,54,Standard,76,43188,6160,0.0746,0.2629,231,2772,0.8417,8,3,1,92.5,0,0,10,0,48.51,0,27.72,83.41,29.879999999999995,0.1062,0
CC-10881,35,Gold,22,70282,18696,0.0926,-0.2955,870,10440,0.9845,8,13,0,0.0,0,0,10,1,208.8,95,156.6,69.04,78.16000000000003,0.1231,0
CC-10882,52,Standard,107,57434,8029,0.0912,-0.1758,368,4416,0.541,8,6,1,147.39,2,0,17,1,77.28,0,44.16,68.02,112.49,0.2564,0
CC-10883,46,Standard,49,47695,8233,0.0841,-0.1822,348,4176,0.7203,8,9,0,0.0,2,0,17,1,73.08,0,41.76,91.73,-60.41000000000001,0.154,0
CC-10884,68,Platinum,89,138124,40755,0.0926,-0.2856,1897,22764,0.8497,119,26,0,0.0,2,0,16,0,512.19,295,500.81,89.94,216.44000000000005,0.7705,1
CC-10885,51,Standard,55,49724,6080,0.0717,-0.1279,219,2628,0.6317,8,7,0,0.0,1,2,15,1,45.99,0,26.28,61.52,-41.81000000000001,0.5433,1
CC-10886,39,Gold,55,49487,10929,0.061,0.0832,335,4020,1.3466,8,6,0,0.0,0,0,11,1,80.4,95,60.3,56.6,58.5,0.0698,0
CC-10887,29,Standard,3,68514,9397,0.0557,-0.1087,263,3156,0.6986,27,7,0,0.0,2,0,12,0,55.23,0,31.56,95.18,-71.51000000000002,0.1659,0
CC-10888,49,Standard,4,45277,5740,0.1168,-0.07,337,4044,1.186,8,8,1,134.95,2,1,11,1,70.77,0,40.44,97.95,67.32999999999998,0.261,0
CC-10889,71,Standard,60,25000,3098,0.1439,-0.2784,224,2688,1.0061,8,6,0,0.0,1,0,11,1,47.04,0,26.88,58.75,-38.589999999999996,0.1141,0
CC-10890,59,Gold,21,110438,30432,0.0376,-0.1395,575,6900,0.9593,8,11,0,0.0,2,0,18,0,138.0,95,103.5,100.19,29.310000000000002,0.0556,1
CC-10891,24,Platinum,64,113701,34451,0.0557,-0.0893,965,11580,1.3958,8,14,0,0.0,1,0,10,0,260.55,295,254.76,65.4,235.39,0.0321,0
CC-10892,23,Platinum,80,176529,72014,0.07,0.0764,2535,30420,0.2718,8,31,0,0.0,0,0,19,0,684.45,295,669.24,44.79,265.4200000000001,0.1898,0
CC-10893,49,Standard,74,46367,6587,0.1154,-0.2712,382,4584,0.8911,8,8,1,153.0,2,0,8,1,80.22,0,45.84,84.85,102.53,0.1951,0
CC-10894,31,Gold,104,51628,13787,0.0489,-0.0883,339,4068,0.6259,27,14,0,0.0,2,0,12,0,81.36,95,61.02,103.21,12.130000000000024,0.2256,0
CC-10895,53,Standard,14,47939,6401,0.0765,0.143,246,2952,0.3616,8,7,0,0.0,1,0,9,0,51.66,0,29.52,107.58,-85.44,0.1557,0
CC-10896,58,Standard,28,47111,6332,0.072,-0.0868,229,2748,0.5916,8,9,0,0.0,2,0,15,0,48.09,0,27.48,114.47,-93.85999999999999,0.1007,0
CC-10897,31,Platinum,29,180312,64995,0.0744,-0.3373,2431,29172,0.9552,8,35,1,973.33,2,0,10,0,656.37,295,641.78,116.92,1166.0,0.0934,0
CC-10898,47,Standard,31,50874,7816,0.0624,0.1719,245,2940,0.7324,27,6,0,0.0,3,0,14,0,51.45,0,29.4,92.99,-70.93999999999998,0.1502,0
CC-10899,53,Standard,17,31056,5159,0.0679,0.0902,176,2112,1.219,8,4,0,0.0,3,0,13,0,36.96,0,21.12,107.69,-91.85,0.0413,0
CC-10900,41,Standard,48,56275,9311,0.0983,0.1104,460,5520,0.8858,27,5,0,0.0,0,1,10,0,96.6,0,55.2,61.79,-20.390000000000015,0.2569,0
CC-10901,59,Standard,119,40341,6464,0.0917,-0.2816,298,3576,0.8526,8,6,0,0.0,5,1,10,0,62.58,0,35.76,137.63,-110.80999999999999,0.1502,0
CC-10902,51,Standard,3,64352,9456,0.0524,0.2069,249,2988,0.8539,8,1,0,0.0,5,2,9,0,52.29,0,29.88,121.98,-99.57000000000002,0.3168,0
CC-10903,58,Gold,62,77460,22390,0.0783,-0.136,881,10572,0.9205,8,14,1,352.88,0,0,14,1,211.44,95,158.58,85.6,415.13999999999993,0.1716,0
CC-10904,66,Standard,109,42622,6706,0.0822,-0.0964,277,3324,0.8245,8,5,0,0.0,2,0,16,0,58.17,0,33.24,84.9,-59.97000000000001,0.066,0
CC-10905,22,Platinum,94,111232,46564,0.1023,-0.1254,2393,28716,0.6946,8,31,0,0.0,2,0,9,1,646.11,295,631.75,93.46,215.89999999999998,0.2333,0
CC-10906,47,Platinum,59,122549,48371,0.0597,0.122,1450,17400,1.2468,8,19,0,0.0,0,0,8,0,391.5,295,382.8,56.76,246.94,0.0421,0
CC-10907,56,Standard,5,36416,4466,0.1323,-0.047,297,3564,0.7628,27,10,1,118.93,4,0,8,0,62.37,0,35.64,115.84,29.819999999999993,0.2245,0
CC-10908,31,Standard,117,58235,8108,0.1171,0.0523,477,5724,0.8349,27,5,0,0.0,2,1,8,1,100.17,0,57.24,101.84,-58.91000000000001,0.4382,0
CC-10909,67,Standard,20,30020,4632,0.0619,-0.0086,144,1728,1.0788,8,8,0,0.0,1,0,15,1,30.24,0,17.28,109.58,-96.62,0.0986,0
CC-10910,38,Gold,54,102097,27785,0.1026,-0.0343,1432,17184,1.0456,27,18,0,0.0,1,0,11,0,343.68,95,257.76,103.09,77.82999999999998,0.1004,1
CC-10911,21,Standard,62,54322,8312,0.0857,-0.162,358,4296,0.682,8,6,0,0.0,1,0,12,0,75.18,0,42.96,105.67,-73.44999999999999,0.0909,1
CC-10912,55,Gold,36,114272,31837,0.0842,0.2518,1347,16164,1.1765,8,27,0,0.0,1,0,12,0,323.28,95,242.46,76.04,99.77999999999997,0.0443,0
CC-10913,55,Standard,98,45492,6230,0.0623,-0.2395,195,2340,1.1113,8,3,0,0.0,1,2,12,0,40.95,0,23.4,61.41,-43.86,0.2109,1
CC-10914,51,Gold,95,63182,13798,0.0689,0.0418,478,5736,1.0034,8,12,0,0.0,1,0,5,0,114.72,95,86.04,50.81,72.86999999999998,0.0627,0
CC-10915,48,Standard,91,43067,5307,0.1166,0.0365,311,3732,0.8206,8,6,1,124.55,2,0,13,1,65.31,0,37.32,67.63,84.91000000000003,0.1949,0
CC-10916,59,Standard,62,51690,7980,0.0703,0.1532,282,3384,0.828,8,7,0,0.0,1,0,15,0,59.22,0,33.84,93.59,-68.21000000000001,0.0694,0
CC-10917,21,Black,28,285931,100000,0.1185,0.1882,5955,71460,0.8895,119,81,0,0.0,3,0,11,1,1786.5,495,2143.8,101.79,35.909999999999854,0.8858,1
CC-10918,45,Platinum,105,152835,49772,0.0801,-0.0406,2003,24036,0.5805,8,24,0,0.0,1,0,11,0,540.81,295,528.79,89.21,217.80999999999995,0.1411,0
CC-10919,63,Standard,74,60359,9465,0.0963,0.0596,458,5496,0.9382,27,8,0,0.0,2,0,11,1,96.18,0,54.96,98.16,-56.94,0.2162,1
CC-10920,58,Platinum,21,160370,46074,0.1025,0.2447,2374,28488,1.2176,8,39,0,0.0,3,0,13,0,640.98,295,626.74,138.79,170.45000000000005,0.0413,0
CC-10921,40,Gold,113,89216,18729,0.0478,-0.0298,450,5400,1.2129,8,9,0,0.0,3,1,14,0,108.0,95,81.0,122.76,-0.7599999999999909,0.0843,0
CC-10922,23,Platinum,108,75447,28537,0.0907,-0.18,1301,15612,0.8357,27,11,0,0.0,4,0,11,0,351.27,295,343.46,153.96,148.85000000000002,0.1299,0
CC-10923,71,Platinum,24,112565,37318,0.083,-0.0777,1556,18672,1.2692,8,22,0,0.0,0,1,9,0,420.12,295,410.78,53.01,251.33000000000004,0.0911,0
CC-10924,22,Standard,95,40447,6482,0.0694,-0.2157,226,2712,1.5218,27,4,1,90.55,3,0,11,0,47.46,0,27.12,99.9,10.98999999999998,0.0698,0
CC-10925,38,Standard,35,25000,4247,0.0469,0.0358,100,1200,0.8551,8,3,0,0.0,3,0,11,1,21.0,0,12.0,110.61,-101.61,0.1434,1
CC-10926,64,Standard,40,32520,5566,0.0558,0.1397,156,1872,1.1575,119,5,0,0.0,0,0,8,1,32.76,0,18.72,64.79,-50.75000000000001,0.8415,0
CC-10927,30,Gold,111,79295,17224,0.0662,-0.0382,573,6876,0.2712,8,2,0,0.0,3,1,9,0,137.52,95,103.14,111.23,18.150000000000006,0.395,1
CC-10928,25,Gold,112,82753,20574,0.1148,-0.2631,1187,14244,0.5726,8,13,0,0.0,0,0,11,1,284.88,95,213.66,86.13,80.09000000000003,0.2593,0
CC-10929,29,Standard,37,50690,8314,0.0754,0.1332,315,3780,0.9773,8,8,0,0.0,0,1,17,0,66.15,0,37.8,77.85,-49.499999999999986,0.1187,0
CC-10930,22,Standard,109,42690,7105,0.0431,-0.2864,154,1848,0.648,27,4,0,0.0,3,1,18,1,32.34,0,18.48,90.68,-76.82000000000001,0.4644,0
CC-10931,54,Platinum,69,148681,57963,0.0489,-0.2519,1424,17088,1.5618,8,17,2,570.52,0,0,17,1,384.48,295,375.94,70.21,803.85,0.0939,0
CC-10932,58,Black,85,250754,100000,0.0602,-0.0468,3024,36288,1.1294,119,39,0,0.0,2,0,22,0,907.2,495,1088.64,75.51,238.04999999999995,0.6564,0
CC-10933,51,Gold,12,85892,18832,0.0988,0.0178,935,11220,1.2397,8,17,0,0.0,3,0,21,0,224.4,95,168.3,105.27,45.829999999999984,0.0344,0
CC-10934,30,Standard,93,50073,7781,0.0586,0.0433,229,2748,0.9413,8,6,0,0.0,2,0,11,0,48.09,0,27.48,119.57,-98.95999999999998,0.0616,0
CC-10935,70,Standard,17,61567,10125,0.0804,-0.0299,409,4908,0.649,8,9,0,0.0,2,1,11,0,85.89,0,49.08,69.39,-32.58,0.2071,0
CC-10936,32,Standard,13,39210,5456,0.0828,0.244,227,2724,0.7944,8,3,0,0.0,0,0,14,0,47.67,0,27.24,92.8,-72.36999999999999,0.0771,0
CC-10937,56,Platinum,113,145046,42739,0.132,-0.0102,2836,34032,1.0263,8,44,0,0.0,2,0,16,0,765.72,295,748.7,78.29,233.73000000000002,0.0485,1
CC-10938,41,Standard,92,54777,8928,0.0666,0.1352,299,3588,0.7586,8,5,1,119.68,2,1,9,0,62.79,0,35.88,75.53,71.06,0.2422,0
CC-10939,69,Gold,26,54408,12512,0.0829,0.098,521,6252,1.1514,27,13,1,208.78,0,1,9,0,125.04,95,93.78,63.83,271.21000000000004,0.2594,1
CC-10940,67,Standard,79,67475,8770,0.1246,-0.2139,549,6588,1.1634,8,11,1,219.95,2,0,10,0,115.29,0,65.88,118.68,150.68,0.0662,0
CC-10941,26,Gold,98,110054,23636,0.0865,-0.0455,1027,12324,0.9515,8,20,0,0.0,1,2,14,0,246.48,95,184.86,61.25,95.37,0.249,1
CC-10942,68,Gold,103,48630,11257,0.111,0.2985,628,7536,0.4023,8,12,0,0.0,2,0,13,0,150.72,95,113.04,65.45,67.22999999999999,0.1737,0
CC-10943,69,Platinum,6,152998,55534,0.0955,-0.0957,2666,31992,1.4644,119,37,0,0.0,0,0,10,1,719.82,295,703.82,60.13,250.87,0.7626,0
CC-10944,23,Standard,15,38649,5468,0.0852,-0.1212,234,2808,0.8862,8,10,0,0.0,3,0,9,0,49.14,0,28.08,114.41,-93.35000000000001,0.0738,0
CC-10945,30,Standard,75,40529,4913,0.1098,0.0056,271,3252,1.7628,8,8,1,108.58,2,1,7,1,56.91,0,32.52,109.83,23.140000000000015,0.1253,1
CC-10946,25,Standard,59,48943,6157,0.1545,-0.0903,478,5736,1.1458,8,4,0,0.0,0,0,9,0,100.38,0,57.36,38.36,4.659999999999997,0.0482,0
CC-10947,66,Platinum,115,176763,56682,0.1081,-0.1391,3079,36948,0.887,27,40,1,1233.33,1,0,13,0,831.33,295,812.86,81.32,1465.4799999999998,0.1638,0
CC-10948,46,Platinum,100,123694,46058,0.1126,-0.0925,2606,31272,1.0843,119,42,1,1043.88,1,0,12,1,703.62,295,687.98,60.01,1294.51,0.8866,1
CC-10949,41,Gold,39,75385,15819,0.0643,0.1948,511,6132,0.3442,119,9,0,0.0,2,0,10,0,122.64,95,91.98,90.8,34.859999999999985,0.9263,1
CC-10950,65,Gold,50,92908,23790,0.0764,-0.0405,913,10956,1.2578,119,14,0,0.0,0,0,11,1,219.12,95,164.34,93.16,56.620000000000005,0.8086,1
CC-10951,46,Gold,73,97154,20595,0.1322,-0.2192,1368,16416,1.7201,8,15,2,548.03,1,0,10,0,328.32,95,246.24,108.79,616.3199999999999,0.0418,0
CC-10952,58,Standard,3,33669,4467,0.082,-0.2468,184,2208,0.3232,8,3,0,0.0,1,1,17,0,38.64,0,22.08,109.12,-92.55999999999999,0.283,1
CC-10953,64,Platinum,62,200328,60921,0.144,0.311,4410,52920,0.8638,8,62,0,0.0,2,0,12,1,1190.7,295,1164.24,86.8,234.66000000000008,0.1366,0
CC-10954,46,Standard,14,37762,4683,0.0637,-0.0535,150,1800,0.9184,8,9,2,60.04,0,1,11,0,31.5,0,18.0,77.18,-3.640000000000015,0.2747,0
CC-10955,28,Standard,23,55852,8951,0.116,0.0452,522,6264,1.2126,8,9,2,209.0,2,0,12,0,109.62,0,62.64,117.36,138.62,0.0895,0
CC-10956,25,Gold,13,94598,23303,0.0763,-0.1357,894,10728,1.5818,8,15,0,0.0,0,0,15,0,214.56,95,160.92,65.34,83.30000000000001,0.0227,0
CC-10957,35,Standard,46,51821,8802,0.0448,0.0281,198,2376,1.0649,8,5,0,0.0,1,1,8,1,41.58,0,23.76,78.47,-60.650000000000006,0.2276,0
CC-10958,36,Standard,117,37980,4782,0.1452,0.1989,349,4188,1.5925,8,7,0,0.0,2,2,14,0,73.29,0,41.88,108.34,-76.92999999999999,0.1048,0
CC-10959,21,Gold,60,48368,10373,0.0696,-0.1178,363,4356,1.0011,8,10,0,0.0,1,0,13,0,87.12,95,65.34,80.17,36.610000000000014,0.0556,0
CC-10960,36,Standard,110,44759,6194,0.0498,0.0488,155,1860,1.0854,8,6,0,0.0,0,1,11,0,32.55,0,18.6,69.94,-55.989999999999995,0.1073,0
CC-10961,57,Gold,46,84632,23408,0.0457,-0.2309,538,6456,1.0485,27,4,0,0.0,2,1,13,1,129.12,95,96.84,92.18,35.099999999999994,0.3473,0
CC-10962,23,Standard,80,34222,4734,0.111,0.2834,264,3168,1.3161,8,6,0,0.0,3,0,12,0,55.44,0,31.68,123.89,-100.13,0.0345,0
CC-10963,67,Standard,100,55326,7994,0.1357,0.0203,545,6540,0.8233,119,9,0,0.0,1,0,12,0,114.45,0,65.4,100.98,-51.92999999999999,0.7899,1
CC-10964,51,Standard,36,44420,6134,0.0587,-0.0819,181,2172,1.1955,8,3,0,0.0,1,0,16,0,38.01,0,21.72,77.24,-60.949999999999996,0.0398,0
CC-10965,33,Standard,27,35897,4480,0.1022,-0.0647,230,2760,0.5808,8,9,1,92.16,1,1,12,0,48.3,0,27.6,79.46,33.39999999999998,0.297,0
CC-10966,36,Gold,6,97432,28639,0.0461,-0.0965,663,7956,0.8646,8,14,0,0.0,1,1,9,0,159.12,95,119.34,105.36,29.420000000000016,0.1627,0
CC-10967,63,Standard,66,51880,7933,0.1079,-0.0888,430,5160,0.759,8,3,1,172.29,1,0,11,0,90.3,0,51.6,83.79,127.19999999999996,0.1182,0
CC-10968,41,Gold,118,69777,19452,0.0441,-0.3871,431,5172,0.9764,27,5,1,172.67,0,0,12,0,103.44,95,77.58,63.49,230.04000000000002,0.1473,0
CC-10969,22,Gold,92,111209,29563,0.0553,-0.0347,822,9864,0.8552,8,12,0,0.0,1,0,10,1,197.28,95,147.96,108.25,36.069999999999936,0.14,0
CC-10970,47,Gold,18,132668,33356,0.0551,-0.041,923,11076,1.2896,27,19,0,0.0,3,0,10,0,221.52,95,166.14,83.99,66.38999999999999,0.0736,0
CC-10971,58,Black,12,203697,76619,0.116,0.0533,4466,53592,0.6864,8,71,3,1788.97,1,0,7,0,1339.8,495,1607.76,87.38,1928.63,0.3502,1
CC-10972,46,Gold,111,81096,21431,0.1033,-0.0985,1113,13356,0.4306,8,18,1,445.61,1,0,22,0,267.12,95,200.34,51.53,555.86,0.1992,0
CC-10973,58,Standard,68,48791,6309,0.1035,-0.1357,328,3936,0.5428,8,6,1,131.43,3,1,5,0,68.88,0,39.36,106.94,54.00999999999999,0.3329,1
CC-10974,66,Standard,37,70652,10234,0.0509,-0.0212,262,3144,1.2483,8,7,0,0.0,4,2,6,0,55.02,0,31.44,114.46,-90.88,0.2029,0
CC-10975,45,Standard,85,36745,5796,0.0893,-0.2619,260,3120,0.6591,8,6,0,0.0,2,0,6,0,54.6,0,31.2,91.08,-67.68,0.1029,0
CC-10976,31,Gold,8,65033,18093,0.0927,0.0015,843,10116,1.0694,8,18,1,337.6,3,1,14,1,202.32,95,151.74,134.18,349.00000000000006,0.2854,0
CC-10977,28,Standard,21,34352,5534,0.0518,-0.2993,144,1728,0.8616,27,5,1,57.7,1,0,13,0,30.24,0,17.28,80.55,-9.89,0.1808,0
CC-10978,28,Gold,61,110955,29642,0.0426,0.1481,635,7620,1.1973,8,4,0,0.0,2,0,16,1,152.4,95,114.3,100.03,33.07000000000002,0.079,0
CC-10979,53,Gold,55,69958,15034,0.0637,0.0826,481,5772,0.8808,8,12,0,0.0,2,0,15,1,115.44,95,86.58,84.77,39.09,0.1273,0
CC-10980,27,Standard,118,35435,4988,0.1173,-0.1589,294,3528,1.7793,119,7,0,0.0,0,0,15,0,61.74,0,35.28,94.11,-67.64999999999998,0.4304,1
CC-10981,58,Platinum,117,148083,42352,0.1139,0.0792,2424,29088,1.5194,8,28,0,0.0,0,0,10,0,654.48,295,639.94,93.49,216.04999999999995,0.0254,0
CC-10982,41,Standard,10,48467,7908,0.0845,-0.0033,336,4032,0.8554,8,8,0,0.0,0,1,15,0,70.56,0,40.32,87.3,-57.06,0.1484,1
CC-10983,28,Standard,80,57048,10106,0.0561,-0.1714,285,3420,0.8144,8,8,0,0.0,3,0,8,0,59.85,0,34.2,122.49,-96.84,0.0795,0
CC-10984,71,Gold,12,86953,19687,0.0731,-0.3234,723,8676,1.8897,27,10,0,0.0,2,1,20,0,173.52,95,130.14,90.68,47.69999999999999,0.0553,0
CC-10985,41,Gold,69,90289,18849,0.1397,0.0275,1323,15876,0.6263,8,21,0,0.0,1,1,13,0,317.52,95,238.14,57.59,116.78999999999996,0.2612,1
CC-10986,40,Gold,40,82762,20488,0.0594,-0.1391,612,7344,0.9335,8,9,1,244.96,3,0,11,0,146.88,95,110.16,134.55,242.13000000000002,0.0939,0
CC-10987,28,Standard,31,30326,5197,0.1084,0.1442,283,3396,0.9567,119,6,0,0.0,1,1,12,0,59.43,0,33.96,82.04,-56.57,0.8827,1
CC-10988,66,Standard,17,42754,6546,0.0933,-0.0179,307,3684,0.9493,27,7,1,122.93,1,1,15,0,64.47,0,36.84,83.71,66.85000000000001,0.3019,1
CC-10989,51,Platinum,89,142199,40746,0.0649,-0.1249,1329,15948,0.4284,8,21,0,0.0,2,2,12,1,358.83,295,350.86,71.15,231.81999999999994,0.7069,1
CC-10990,70,Platinum,25,124466,51827,0.0693,0.2497,1805,21660,1.099,27,25,1,722.93,2,0,11,1,487.35,295,476.52,112.55,916.21,0.2489,1
CC-10991,49,Gold,84,51755,14639,0.1018,0.0665,749,8988,0.6589,27,15,1,299.96,3,1,17,0,179.76,95,134.82,113.14,326.76000000000005,0.4702,0
CC-10992,68,Standard,48,32231,4122,0.0951,-0.5683,197,2364,1.3808,8,8,1,78.9,1,1,13,0,41.37,0,23.64,65.5,31.13000000000001,0.1016,1
CC-10993,29,Gold,85,84163,24590,0.0928,-0.093,1147,13764,0.5132,8,14,1,459.32,2,0,15,0,275.28,95,206.46,75.31,547.8299999999999,0.2039,0
CC-10994,35,Standard,30,55493,8159,0.068,-0.2276,279,3348,0.9678,27,7,0,0.0,1,1,12,0,58.59,0,33.48,86.84,-61.72999999999999,0.2282,0
CC-10995,50,Standard,28,63925,9097,0.0997,-0.14,456,5472,0.2852,8,11,3,182.56,1,0,6,0,95.76,0,54.72,101.84,121.75999999999999,0.4208,0
CC-10996,46,Platinum,12,133565,46019,0.1164,-0.0417,2692,32304,0.3037,8,30,0,0.0,0,0,18,0,726.84,295,710.69,66.51,244.64,0.1937,0
CC-10997,30,Standard,49,36935,6281,0.1106,0.0331,349,4188,0.6982,27,7,2,139.83,1,0,11,0,73.29,0,41.88,101.64,69.6,0.303,0
CC-10998,49,Black,6,253924,100000,0.1038,0.0192,5215,62580,0.7405,27,85,0,0.0,1,0,10,0,1564.5,495,1877.4,61.24,120.8599999999999,0.1618,1
CC-10999,36,Standard,57,33227,4105,0.1222,0.1417,252,3024,1.3897,8,12,0,0.0,2,0,9,0,52.92,0,30.24,98.2,-75.52,0.0332,0
CC-11000,56,Standard,68,53862,9558,0.0375,0.0755,180,2160,0.9378,8,4,1,72.15,2,0,9,0,37.8,0,21.6,91.47,-3.1199999999999903,0.0947,0
CC-11001,40,Gold,69,130424,28012,0.0698,0.0662,982,11784,1.3377,8,15,1,393.56,2,0,17,0,235.68,95,176.76,84.38,463.1,0.0449,0
CC-11002,65,Platinum,9,115761,44496,0.0605,0.0102,1352,16224,0.8361,8,17,0,0.0,1,1,17,1,365.04,295,356.93,56.01,247.09999999999997,0.2679,1
CC-11003,57,Gold,57,59669,15729,0.0448,0.173,354,4248,1.1318,119,7,1,141.84,3,0,16,0,84.96,95,63.72,92.37,165.70999999999995,0.7661,0
CC-11004,42,Platinum,82,175226,53663,0.076,-0.0674,2049,24588,0.7324,8,30,0,0.0,0,0,11,0,553.23,295,540.94,88.3,218.99,0.0847,0
CC-11005,27,Gold,33,91758,19918,0.0752,-0.0635,753,9036,0.712,8,8,0,0.0,2,0,12,1,180.72,95,135.54,86.73,53.450000000000045,0.1713,0
CC-11006,43,Gold,76,92117,26440,0.1018,-0.3058,1352,16224,0.4037,119,22,1,541.77,1,0,9,0,324.48,95,243.36,101.48,616.41,0.9441,1
CC-11007,61,Platinum,21,195586,66256,0.103,0.1384,3428,41136,1.0507,8,49,0,0.0,1,0,10,0,925.56,295,904.99,98.85,216.7199999999999,0.0563,0
CC-11008,60,Standard,30,29627,4718,0.0768,-0.0315,182,2184,1.0286,8,7,0,0.0,3,0,18,0,38.22,0,21.84,98.3,-81.92,0.0497,0
CC-11009,49,Gold,83,55368,13864,0.1181,0.42,823,9876,1.1832,8,16,2,329.57,1,0,16,0,197.52,95,148.14,78.69,395.25999999999993,0.083,0
CC-11010,36,Standard,30,43180,7066,0.0529,-0.0808,188,2256,1.0145,8,2,0,0.0,0,1,8,1,39.48,0,22.56,62.2,-45.28000000000001,0.2445,0
CC-11011,58,Black,21,284438,100000,0.1151,-0.0067,5783,69396,1.5579,8,66,0,0.0,2,1,13,0,1734.9,495,2081.88,118.82,29.199999999999818,0.0552,0
CC-11012,48,Black,103,255153,100000,0.1213,0.062,6097,73164,1.0028,8,95,0,0.0,2,0,18,0,1829.1,495,2194.92,101.9,27.279999999999745,0.0488,0
CC-11013,68,Standard,89,72683,10306,0.0519,-0.1853,269,3228,1.2475,8,7,0,0.0,2,0,16,1,56.49,0,32.28,91.25,-67.03999999999999,0.0717,0
CC-11014,58,Gold,22,78407,22417,0.0847,0.0338,954,11448,0.8528,27,12,1,382.18,0,1,10,0,228.96,95,171.72,66.17,468.2500000000001,0.3571,0
CC-11015,51,Platinum,15,120724,41713,0.0518,-0.0148,1086,13032,0.6775,8,15,0,0.0,2,1,12,0,293.22,295,286.7,115.49,186.03000000000003,0.258,0
CC-11016,34,Standard,79,46398,6161,0.064,-0.0656,198,2376,1.1653,8,4,0,0.0,0,1,13,0,41.58,0,23.76,53.47,-35.650000000000006,0.0945,1
CC-11017,53,Gold,45,105631,30998,0.0447,0.1559,696,8352,0.9233,8,13,0,0.0,1,0,16,0,167.04,95,125.28,74.96,61.799999999999955,0.0598,0
CC-11018,29,Platinum,13,114610,44872,0.1089,-0.1556,2456,29472,1.1996,8,35,0,0.0,1,1,11,0,663.12,295,648.38,57.83,251.90999999999997,0.098,0
CC-11019,47,Standard,50,43346,5346,0.1269,0.0212,341,4092,1.0559,8,9,0,0.0,1,1,6,1,71.61,0,40.92,84.08,-53.39,0.2367,1
CC-11020,44,Gold,17,106234,31858,0.0766,0.1982,1227,14724,0.7121,119,19,0,0.0,3,0,11,1,294.48,95,220.86,138.19,30.430000000000007,0.9123,0
CC-11021,33,Standard,19,56866,9194,0.0866,-0.126,400,4800,1.2723,8,8,0,0.0,0,0,13,0,84.0,0,48.0,55.65,-19.650000000000006,0.038,0
CC-11022,46,Platinum,56,147616,44644,0.0782,-0.0645,1755,21060,0.6886,8,28,3,702.71,0,1,9,0,473.85,295,463.32,91.45,916.79,0.5378,0
CC-11023,49,Black,52,449287,100000,0.2088,0.3318,10491,125892,1.1376,8,132,0,0.0,2,0,14,1,3147.3,495,3776.76,113.27,-247.73000000000002,0.09,0
CC-11024,71,Black,30,418645,100000,0.158,0.0512,7938,95256,1.3345,8,95,0,0.0,1,0,11,1,2381.4,495,2857.68,97.55,-78.82999999999993,0.0724,0
CC-11025,69,Gold,85,55120,15322,0.0461,-0.0959,355,4260,0.8346,27,5,0,0.0,2,1,13,0,85.2,95,63.9,109.55,6.75,0.2552,0
CC-11026,63,Platinum,6,80781,25322,0.1132,0.1004,1441,17292,1.2968,119,19,1,576.97,3,0,7,0,389.07,295,380.42,125.59,755.03,0.7586,1
CC-11027,48,Platinum,24,167850,53036,0.0595,-0.1052,1585,19020,1.0693,8,19,0,0.0,2,2,18,1,427.95,295,418.44,85.22,219.29000000000008,0.3633,0
CC-11028,48,Standard,88,60360,8355,0.066,-0.2547,277,3324,1.2056,27,4,3,110.99,0,0,12,0,58.17,0,33.24,84.94,50.97999999999999,0.2146,0
CC-11029,28,Platinum,103,132133,48059,0.1081,0.1859,2611,31332,0.699,8,39,3,1045.7,1,0,7,0,704.97,295,689.3,108.42,1247.9500000000003,0.3287,1
CC-11030,43,Standard,41,39350,5127,0.118,-0.1855,304,3648,1.0143,8,7,0,0.0,2,1,20,1,63.84,0,36.48,71.26,-43.900000000000006,0.2015,0
CC-11031,49,Gold,36,67568,14217,0.1069,0.3478,764,9168,0.5276,27,9,0,0.0,2,0,18,0,183.36,95,137.52,72.61,68.23000000000002,0.2425,0
CC-11032,25,Standard,99,31859,5120,0.0758,-0.0934,195,2340,1.4634,8,6,0,0.0,2,1,7,0,40.95,0,23.4,65.7,-48.14999999999999,0.067,1
CC-11033,62,Standard,46,57783,9635,0.0713,0.3,345,4140,0.3458,8,7,0,0.0,2,0,9,1,72.45,0,41.4,107.13,-76.08,0.2806,0
CC-11034,27,Standard,44,40710,6108,0.1052,-0.2253,323,3876,0.8436,8,6,0,0.0,0,0,15,0,67.83,0,38.76,39.35,-10.280000000000001,0.0687,0
CC-11035,62,Gold,42,91413,21608,0.1043,0.1338,1133,13596,0.6705,8,18,1,453.64,2,0,18,1,271.92,95,203.94,96.31,520.31,0.2916,1
CC-11036,56,Standard,99,25000,3648,0.0916,0.055,168,2016,1.1524,8,8,0,0.0,1,3,14,0,35.28,0,20.16,91.27,-76.14999999999999,0.3598,1
CC-11037,61,Gold,14,106298,25388,0.1224,0.1057,1561,18732,1.5272,27,24,3,625.49,0,0,13,0,374.64,95,280.98,70.68,743.47,0.1455,0
CC-11038,47,Standard,4,51612,9166,0.1086,0.1252,500,6000,1.1465,8,8,2,200.36,3,0,9,0,105.0,0,60.0,116.44,128.92000000000002,0.1055,0
CC-11039,66,Standard,30,29872,4961,0.0726,-0.0947,181,2172,1.8384,8,6,0,0.0,3,1,12,0,38.01,0,21.72,137.69,-121.4,0.0364,0
CC-11040,22,Gold,76,90504,19984,0.119,-0.2163,1195,14340,0.5366,8,24,0,0.0,0,0,11,0,286.8,95,215.1,53.08,113.62,0.1529,0
CC-11041,45,Platinum,88,140166,46785,0.0933,-0.0276,2193,26316,0.5596,8,26,0,0.0,1,0,8,0,592.11,295,578.95,87.22,220.93999999999994,0.1546,0
CC-11042,29,Standard,83,39935,6095,0.0878,0.0135,269,3228,0.6821,27,11,0,0.0,2,0,9,0,56.49,0,32.28,102.6,-78.38999999999999,0.1686,0
CC-11043,47,Gold,92,25000,6532,0.042,-0.0908,138,1656,0.9864,119,10,0,0.0,1,0,12,0,33.12,95,24.84,66.55,36.730000000000004,0.7446,1
CC-11044,21,Platinum,69,116888,40390,0.0928,0.0216,1883,22596,0.6419,119,22,0,0.0,0,0,11,0,508.41,295,497.11,53.17,253.1300000000001,0.8819,1
CC-11045,43,Gold,73,91426,25691,0.0991,0.0294,1280,15360,0.7245,8,12,0,0.0,2,0,12,1,307.2,95,230.4,109.45,62.349999999999966,0.1638,0
CC-11046,30,Standard,110,38828,6447,0.1022,-0.1565,331,3972,1.1361,119,7,0,0.0,1,0,10,0,69.51,0,39.72,68.88,-39.08999999999999,0.7017,1
CC-11047,62,Standard,74,42505,6388,0.1134,0.0392,364,4368,0.5782,8,5,0,0.0,0,1,9,1,76.44,0,43.68,48.92,-16.159999999999997,0.3807,1
CC-11048,45,Platinum,86,192386,76881,0.0493,-0.0601,1904,22848,0.61,8,21,0,0.0,2,0,9,0,514.08,295,502.66,124.02,182.39999999999998,0.1421,0
CC-11049,23,Standard,78,44128,7284,0.0688,-0.125,252,3024,0.8304,27,4,0,0.0,0,0,10,0,52.92,0,30.24,40.57,-17.89,0.136,0
CC-11050,26,Platinum,101,66612,25912,0.0562,0.0981,732,8784,0.8587,8,13,0,0.0,1,0,16,1,197.64,295,193.25,68.77,230.62,0.1248,0
CC-11051,26,Gold,83,81071,23967,0.0549,-0.1365,661,7932,1.253,8,10,0,0.0,3,0,12,0,158.64,95,118.98,130.44,4.21999999999997,0.0379,0
CC-11052,22,Black,94,286957,100000,0.1284,-0.0885,6453,77436,0.6798,119,106,1,2584.48,3,0,10,0,1935.9,495,2323.08,92.17,2600.13,0.9129,1
CC-11053,38,Platinum,107,111112,35274,0.0813,-0.0092,1441,17292,0.7339,27,25,0,0.0,1,0,13,0,389.07,295,380.42,65.43,238.2199999999999,0.1445,1
CC-11054,43,Black,12,331432,100000,0.1457,0.1861,7323,87876,1.1245,8,93,0,0.0,2,0,9,0,2196.9,495,2636.28,74.73,-19.110000000000127,0.0517,0
CC-11055,22,Standard,88,28549,4748,0.0746,0.0089,178,2136,1.1904,27,8,0,0.0,1,0,14,0,37.38,0,21.36,85.12,-69.1,0.075,0
CC-11056,32,Platinum,104,135179,55385,0.0573,0.0592,1595,19140,1.3786,27,22,0,0.0,2,0,11,1,430.65,295,421.08,65.16,239.40999999999997,0.1174,0
CC-11057,42,Standard,59,28420,3518,0.0634,-0.0646,112,1344,1.0907,119,3,0,0.0,2,0,7,1,23.52,0,13.44,117.54,-107.46000000000002,0.8558,1
CC-11058,57,Gold,99,78716,20684,0.1053,-0.0318,1095,13140,0.9891,8,17,0,0.0,2,0,14,0,262.8,95,197.1,87.52,73.18,0.0539,0
CC-11059,40,Gold,88,100047,21456,0.0474,-0.0273,511,6132,1.1225,27,6,2,204.71,3,1,9,0,122.64,95,91.98,110.08,220.29000000000002,0.342,0
CC-11060,59,Platinum,110,134341,47092,0.0427,0.024,1010,12120,0.8698,27,19,0,0.0,1,0,13,0,272.7,295,266.64,64.92,236.14000000000004,0.1194,0
CC-11061,44,Black,39,264596,100000,0.1455,-0.0644,7313,87756,0.8676,8,98,1,2928.68,0,0,8,1,2193.9,495,2632.68,37.52,2947.38,0.2058,0
CC-11062,68,Platinum,79,140971,41999,0.15,0.181,3165,37980,0.4178,8,51,0,0.0,3,0,7,1,854.55,295,835.56,137.74,176.25,0.3331,0
CC-11063,40,Standard,93,45874,5538,0.1347,-0.076,375,4500,1.218,8,7,0,0.0,2,0,9,0,78.75,0,45.0,117.84,-84.09,0.042,0
CC-11064,21,Standard,66,52804,8333,0.0432,-0.2761,181,2172,1.0134,8,5,0,0.0,3,0,12,1,38.01,0,21.72,96.58,-80.28999999999999,0.1104,0
CC-11065,21,Gold,81,99871,23559,0.0612,0.3914,725,8700,1.1831,119,7,0,0.0,3,0,9,1,174.0,95,130.5,85.96,52.54000000000002,0.8284,1
CC-11066,37,Standard,88,60994,7704,0.1545,-0.0691,598,7176,0.1053,8,17,0,0.0,4,0,10,1,125.58,0,71.76,122.01,-68.19000000000001,0.3516,0
CC-11067,21,Standard,96,46885,6534,0.1246,0.177,409,4908,0.9359,8,8,0,0.0,2,0,15,0,85.89,0,49.08,98.04,-61.230000000000004,0.0575,1
CC-11068,65,Standard,109,26316,3424,0.1087,0.1907,187,2244,0.6932,27,6,0,0.0,2,0,11,1,39.27,0,22.44,99.23,-82.4,0.2839,0
CC-11069,50,Standard,42,54651,9645,0.0553,0.1218,268,3216,1.4004,8,7,0,0.0,1,0,10,0,56.28,0,32.16,105.0,-80.88,0.0324,0
CC-11070,61,Standard,103,60185,8377,0.0489,-0.0497,206,2472,1.1343,8,1,0,0.0,2,0,18,0,43.26,0,24.72,105.38,-86.84,0.0399,0
CC-11071,67,Standard,100,72694,10179,0.0493,0.023,252,3024,1.0203,8,7,0,0.0,1,0,8,0,52.92,0,30.24,86.97,-64.28999999999999,0.0576,0
CC-11072,23,Standard,110,61331,10450,0.0865,-0.2112,454,5448,0.8204,8,10,0,0.0,1,0,10,1,95.34,0,54.48,55.13,-14.269999999999996,0.145,1
CC-11073,66,Standard,62,39484,6272,0.0435,0.2785,137,1644,1.0692,119,2,0,0.0,2,0,12,0,28.77,0,16.44,96.48,-84.15,0.7236,0
CC-11074,31,Black,100,293102,100000,0.1815,-0.1478,9120,109440,0.6715,27,125,0,0.0,1,0,11,0,2736.0,495,3283.2,83.18,-135.37999999999965,0.2171,1
CC-11075,44,Standard,50,41955,6635,0.0573,-0.0581,191,2292,0.9201,8,5,0,0.0,2,0,10,1,40.11,0,22.92,102.79,-85.60000000000001,0.1319,0
CC-11076,42,Standard,119,40426,7146,0.0908,-0.0052,326,3912,0.7765,119,6,0,0.0,1,1,15,0,68.46,0,39.12,59.65,-30.310000000000002,0.8978,1
CC-11077,64,Gold,101,82588,18227,0.0591,-0.0361,541,6492,1.6299,8,11,0,0.0,0,1,12,1,129.84,95,97.38,92.65,34.81,0.0952,0
CC-11078,65,Standard,108,59464,10664,0.0769,-0.1185,412,4944,1.391,8,11,0,0.0,2,0,10,0,86.52,0,49.44,99.34,-62.260000000000005,0.0312,0
CC-11079,46,Black,21,168758,85994,0.0472,0.1892,2041,24492,1.2689,8,21,0,0.0,0,0,11,1,612.3,495,734.76,59.99,312.54999999999995,0.0803,0
CC-11080,33,Platinum,74,104910,38025,0.1043,0.1225,1993,23916,0.5029,119,35,3,798.29,0,0,10,0,538.11,295,526.15,74.82,1030.43,0.9692,1
CC-11081,21,Standard,105,58719,9379,0.09,0.0283,424,5088,1.2092,8,4,0,0.0,0,0,5,0,89.04,0,50.88,43.68,-5.519999999999996,0.0456,0
CC-11082,44,Standard,35,61353,9750,0.0488,-0.0799,239,2868,1.0063,8,6,0,0.0,0,2,15,0,50.19,0,28.68,61.17,-39.66,0.2388,0
CC-11083,30,Platinum,46,116917,33692,0.1397,0.1396,2365,28380,1.317,8,26,2,947.4,0,0,16,0,638.55,295,624.36,78.26,1178.33,0.0701,0
CC-11084,55,Black,94,395552,100000,0.1717,-0.0897,8628,103536,1.0467,8,98,1,3456.04,0,1,14,0,2588.4,495,3106.08,91.43,3341.9300000000007,0.1541,0
CC-11085,44,Gold,39,105737,31313,0.0955,0.2156,1503,18036,0.948,119,27,0,0.0,3,0,8,1,360.72,95,270.54,106.8,78.38,0.8814,1
CC-11086,48,Gold,114,79310,20100,0.1112,-0.0033,1123,13476,1.0201,8,15,0,0.0,0,2,11,0,269.52,95,202.14,72.83,89.55000000000001,0.2374,1
CC-11087,56,Standard,91,25000,3567,0.1317,0.1645,236,2832,0.4083,27,7,0,0.0,0,0,17,0,49.56,0,28.32,60.85,-39.61,0.2101,0
CC-11088,36,Black,38,163238,81156,0.0482,-0.0371,1964,23568,0.7198,8,25,0,0.0,0,0,11,0,589.2,495,707.04,66.43,310.73,0.0892,0
CC-11089,60,Standard,83,37595,5694,0.0542,-0.0093,155,1860,1.062,27,7,1,62.12,4,1,13,0,32.55,0,18.6,125.18,-49.110000000000014,0.2624,0
CC-11090,36,Black,90,333195,100000,0.2055,0.1638,10327,123924,1.2918,27,139,0,0.0,0,0,9,0,3098.1,495,3717.72,76.78,-201.4000000000001,0.0706,0
CC-11091,37,Gold,23,101215,27694,0.0718,0.3091,999,11988,0.7849,8,18,1,400.24,2,0,10,1,239.76,95,179.82,104.21,450.97,0.2236,0
CC-11092,71,Gold,4,75087,20515,0.0537,0.2141,554,6648,0.9378,8,7,0,0.0,3,0,7,1,132.96,95,99.72,80.47,47.77000000000001,0.1402,0
CC-11093,35,Gold,33,80085,17339,0.1166,0.1116,1016,12192,0.4697,119,13,1,406.94,1,0,11,1,243.84,95,182.88,55.0,507.9,0.9697,1
CC-11094,36,Standard,110,44634,7918,0.057,0.0684,227,2724,1.3878,27,10,0,0.0,0,0,10,1,47.67,0,27.24,80.63,-60.19999999999999,0.1174,0
CC-11095,35,Standard,99,42539,5676,0.122,-0.096,348,4176,1.2841,8,9,0,0.0,1,0,7,0,73.08,0,41.76,59.69,-28.36999999999999,0.0393,0
CC-11096,54,Standard,32,46840,6907,0.1201,0.0243,417,5004,1.1456,8,7,0,0.0,3,0,8,0,87.57,0,50.04,126.17,-88.64000000000001,0.0502,1
CC-11097,31,Standard,78,44662,5666,0.1342,-0.157,382,4584,1.072,27,8,1,153.05,2,0,11,0,80.22,0,45.84,113.93,73.5,0.1353,0
CC-11098,21,Platinum,46,81402,29667,0.0634,0.0364,945,11340,1.4158,8,10,1,378.59,0,0,12,0,255.15,295,249.48,91.09,588.1700000000001,0.0446,0
CC-11099,35,Standard,14,42664,6080,0.0838,0.046,256,3072,0.7085,8,6,0,0.0,2,0,13,0,53.76,0,30.72,113.83,-90.79000000000002,0.0891,0
CC-11100,46,Standard,53,44745,6317,0.0857,-0.3141,272,3264,0.6761,119,7,0,0.0,4,0,10,0,57.12,0,32.64,127.01,-102.53,0.8374,1
CC-11101,71,Black,51,349285,100000,0.1435,-0.0142,7213,86556,1.2685,119,98,0,0.0,0,2,10,1,2163.9,495,2596.68,47.67,14.550000000000182,0.9586,1
CC-11102,24,Platinum,118,110904,31201,0.0708,0.0422,1110,13320,1.2483,27,15,0,0.0,0,1,7,0,299.7,295,293.04,42.72,258.94000000000005,0.1624,0
CC-11103,63,Platinum,26,147136,57635,0.0726,-0.0326,2102,25224,0.592,8,29,0,0.0,2,0,14,0,567.54,295,554.93,117.44,190.17000000000007,0.1396,0
CC-11104,25,Black,26,319398,100000,0.1338,0.0337,6725,80700,0.7906,119,83,0,0.0,2,0,15,0,2017.5,495,2421.0,88.42,3.0799999999999272,0.7987,1
CC-11105,55,Standard,62,43331,7763,0.0764,-0.2213,298,3576,1.4567,8,6,1,119.38,0,0,8,0,62.58,0,35.76,38.13,108.06999999999998,0.0447,0
CC-11106,33,Standard,13,25258,3924,0.1126,-0.1364,222,2664,1.0735,8,6,0,0.0,2,1,18,0,46.62,0,26.64,85.84,-65.86000000000001,0.1035,0
CC-11107,30,Platinum,15,175352,50458,0.1055,0.1352,2675,32100,1.1861,8,44,0,0.0,1,1,23,1,722.25,295,706.2,102.12,208.92999999999995,0.1557,0
CC-11108,31,Gold,93,100876,20686,0.0709,-0.0199,737,8844,0.6023,27,16,0,0.0,3,0,13,0,176.88,95,132.66,113.73,25.49000000000001,0.2304,0
CC-11109,38,Standard,74,47573,8229,0.089,0.031,368,4416,1.147,8,7,3,147.42,0,0,14,0,77.28,0,44.16,73.49,107.05,0.1305,0
CC-11110,54,Platinum,76,141411,56249,0.0973,-0.102,2751,33012,0.5241,119,35,0,0.0,0,0,9,1,742.77,295,726.26,50.21,261.29999999999995,0.9518,1
CC-11111,59,Standard,74,25000,3518,0.0769,-0.0171,136,1632,0.3561,119,9,1,54.45,0,1,10,0,28.56,0,16.32,36.17,30.520000000000003,0.9672,1
CC-11112,61,Standard,66,53714,8437,0.0967,-0.3653,410,4920,1.168,8,9,0,0.0,1,0,13,0,86.1,0,49.2,105.01,-68.11000000000001,0.043,0
CC-11113,62,Gold,22,116585,29024,0.0517,0.1069,754,9048,1.3803,119,7,0,0.0,2,0,8,1,180.96,95,135.72,69.45,70.79000000000002,0.7905,1
CC-11114,70,Gold,74,61332,18198,0.0564,0.2512,516,6192,0.8739,119,9,0,0.0,2,0,10,0,123.84,95,92.88,124.96,1.0000000000000284,0.7867,1
CC-11115,43,Gold,75,113581,33505,0.095,-0.1798,1600,19200,0.786,8,26,0,0.0,0,0,10,1,384.0,95,288.0,87.15,103.85000000000002,0.1558,0
CC-11116,27,Standard,73,57728,10335,0.1046,-0.161,543,6516,1.4633,8,13,2,217.6,0,1,14,0,114.03,0,65.16,41.95,224.51999999999998,0.1243,0
CC-11117,59,Platinum,80,99988,40125,0.0799,0.0461,1612,19344,0.8916,8,30,0,0.0,3,0,14,0,435.24,295,425.57,139.96,164.71000000000004,0.0634,0
CC-11118,23,Standard,30,40565,7081,0.0913,0.2011,325,3900,0.9303,8,10,0,0.0,0,0,7,0,68.25,0,39.0,83.48,-54.230000000000004,0.0709,0
CC-11119,32,Standard,4,29301,3898,0.1348,-0.0203,264,3168,1.4582,27,6,0,0.0,2,0,14,0,55.44,0,31.68,115.89,-92.13,0.0536,0
CC-11120,27,Platinum,45,137720,54584,0.1098,-0.2044,3013,36156,0.8439,8,37,2,1206.36,0,0,8,0,813.51,295,795.43,83.58,1435.86,0.1587,0
CC-11121,69,Black,10,311382,100000,0.1278,-0.0513,6421,77052,0.7538,119,92,0,0.0,0,0,10,1,1926.3,495,2311.56,90.73,19.01000000000022,0.9089,1
CC-11122,46,Platinum,15,93783,38900,0.0764,-0.1745,1493,17916,1.1947,119,10,0,0.0,0,2,15,0,403.11,295,394.15,80.4,223.56000000000006,0.9199,1
CC-11123,53,Platinum,87,153503,55257,0.0759,-0.1203,2108,25296,0.7364,8,31,0,0.0,3,0,8,0,569.16,295,556.51,111.58,196.06999999999994,0.0886,0
CC-11124,57,Gold,113,98581,20555,0.0545,-0.0656,563,6756,0.9066,8,15,2,225.49,2,0,13,0,135.12,95,101.34,65.0,289.27,0.1273,0
CC-11125,68,Gold,94,98886,25684,0.0707,-0.1594,912,10944,0.5543,8,17,0,0.0,1,2,13,0,218.88,95,164.16,66.76,82.95999999999998,0.4762,0
CC-11126,35,Standard,37,50113,8077,0.1062,-0.1367,431,5172,1.0056,8,3,0,0.0,0,0,15,0,90.51,0,51.72,71.01,-32.22,0.0542,0
CC-11127,22,Standard,25,31179,4153,0.1299,-0.0088,271,3252,0.9704,8,19,0,0.0,1,0,12,1,56.91,0,32.52,68.73,-44.34,0.1209,0
CC-11128,61,Standard,48,43633,6267,0.1286,0.0123,405,4860,1.2404,8,6,1,162.22,1,0,12,1,85.05,0,48.6,74.6,124.07,0.1156,0
CC-11129,27,Standard,17,48963,7633,0.0469,-0.2336,180,2160,1.2072,8,8,4,72.06,2,0,15,1,37.8,0,21.6,71.47,16.790000000000006,0.3067,0
CC-11130,52,Gold,4,116046,27550,0.086,0.0395,1191,14292,1.1155,8,26,0,0.0,1,0,9,0,285.84,95,214.38,108.8,57.65999999999997,0.0527,0
CC-11131,24,Gold,63,85052,20199,0.0508,-0.0773,516,6192,1.0683,119,11,0,0.0,1,1,12,0,123.84,95,92.88,56.9,69.06,0.8598,1
CC-11132,40,Standard,117,49787,6371,0.0725,0.088,232,2784,0.928,8,7,1,92.97,1,0,9,0,48.72,0,27.84,54.28,59.56999999999999,0.0926,0
CC-11133,70,Standard,78,34514,6089,0.1052,0.0971,322,3864,1.1329,8,4,0,0.0,3,1,13,1,67.62,0,38.64,115.07,-86.08999999999997,0.1888,0
CC-11134,56,Gold,66,60458,16628,0.072,-0.1017,602,7224,0.6163,8,7,0,0.0,2,1,9,0,144.48,95,108.36,102.29,28.829999999999984,0.2807,0
CC-11135,52,Standard,54,30565,3670,0.1388,0.0721,256,3072,0.2453,8,7,0,0.0,3,1,11,0,53.76,0,30.72,111.47,-88.43,0.3257,1
CC-11136,48,Platinum,38,125290,48510,0.0435,-0.1455,1060,12720,1.2986,8,19,0,0.0,3,1,7,0,286.2,295,279.84,101.19,200.17000000000007,0.0895,0
CC-11137,33,Gold,69,128818,35293,0.0666,0.1786,1181,14172,1.1522,8,13,0,0.0,1,0,5,0,283.44,95,212.58,105.46,60.39999999999998,0.0511,0
CC-11138,21,Gold,71,76455,15365,0.1162,-0.1399,897,10764,0.9119,8,14,0,0.0,3,0,14,0,215.28,95,161.46,100.61,48.20999999999998,0.0619,0
CC-11139,55,Gold,69,92748,21977,0.0532,0.0329,587,7044,1.2724,8,9,0,0.0,1,0,15,0,140.88,95,105.66,68.64,61.579999999999984,0.0351,0
CC-11140,68,Platinum,49,159498,58207,0.0675,-0.0481,1975,23700,0.7306,8,27,0,0.0,3,0,12,0,533.25,295,521.4,136.71,170.14,0.0855,0
CC-11141,50,Standard,85,32720,4815,0.0508,-0.1725,123,1476,0.7384,8,5,0,0.0,2,1,8,0,25.83,0,14.76,118.09,-107.02,0.1851,0
CC-11142,56,Gold,4,75753,21044,0.0825,0.1151,872,10464,0.6968,8,14,0,0.0,0,1,8,1,209.28,95,156.96,63.61,83.70999999999998,0.4383,0
CC-11143,45,Gold,46,98268,23834,0.1206,-0.1121,1445,17340,1.1203,27,26,0,0.0,0,0,16,0,346.8,95,260.1,50.64,131.06,0.0827,0
CC-11144,36,Standard,103,49818,6438,0.136,-0.275,440,5280,0.4751,8,8,1,176.24,0,0,8,0,92.4,0,52.8,42.77,173.07,0.1786,0
CC-11145,39,Platinum,66,70210,29256,0.1056,-0.4523,1552,18624,0.7199,8,26,1,621.85,0,0,19,1,419.04,295,409.73,82.94,843.2199999999998,0.2048,0
CC-11146,21,Platinum,83,160804,50474,0.1279,-0.1513,3245,38940,1.0369,27,42,1,1299.41,0,0,14,0,876.15,295,856.68,78.57,1535.3100000000004,0.1343,1
CC-11147,25,Gold,80,73291,19918,0.0992,0.1864,993,11916,0.5888,119,18,0,0.0,4,1,14,0,238.32,95,178.74,101.34,53.23999999999995,0.9467,1
CC-11148,71,Platinum,30,121631,36494,0.1071,0.1687,1965,23580,0.7519,27,29,0,0.0,1,0,16,0,530.55,295,518.76,94.43,212.3599999999999,0.1415,0
CC-11149,42,Platinum,93,154170,50268,0.0932,-0.1278,2354,28248,0.2865,8,34,2,943.01,1,0,12,1,635.58,295,621.46,103.86,1148.27,0.5508,0
CC-11150,44,Gold,56,117362,28660,0.0738,-0.0762,1063,12756,1.1317,8,9,0,0.0,5,0,13,0,255.12,95,191.34,113.35,45.43000000000001,0.0458,0
CC-11151,63,Platinum,76,132984,40814,0.1282,-0.0897,2629,31548,0.7436,8,39,1,1053.19,1,0,14,0,709.83,295,694.06,74.64,1289.3200000000002,0.1137,0
CC-11152,65,Gold,69,110054,26962,0.0554,-0.22,750,9000,0.6202,27,7,0,0.0,1,0,7,1,180.0,95,135.0,74.5,65.5,0.4146,0
CC-11153,57,Gold,38,54380,11730,0.0512,-0.1623,302,3624,0.5615,27,5,0,0.0,0,0,16,0,72.48,95,54.36,83.62,29.5,0.2396,0
CC-11154,56,Gold,104,87778,22462,0.1125,0.1272,1270,15240,0.8245,8,13,0,0.0,2,3,8,0,304.8,95,228.6,72.14,99.06,0.516,1
CC-11155,56,Platinum,65,121063,45146,0.0403,0.0556,914,10968,0.476,8,11,1,366.21,3,0,13,1,246.78,295,241.3,89.08,577.61,0.3785,1
CC-11156,24,Standard,27,48172,5961,0.1582,0.021,474,5688,1.5327,8,5,0,0.0,1,1,11,0,99.54,0,56.88,72.98,-30.320000000000007,0.0593,0
CC-11157,56,Platinum,88,129629,52105,0.0912,-0.2203,2389,28668,0.2346,8,39,0,0.0,2,0,15,0,645.03,295,630.7,116.11,193.2199999999999,0.211,0
CC-11158,38,Platinum,50,93062,28469,0.0808,-0.0049,1156,13872,0.8148,119,21,0,0.0,3,0,8,0,312.12,295,305.18,139.2,162.74,0.8115,1
CC-11159,70,Standard,41,35016,4675,0.1188,-0.3656,279,3348,0.9821,8,8,0,0.0,2,1,17,0,58.59,0,33.48,97.77,-72.66,0.1176,1
CC-11160,36,Platinum,49,82487,30733,0.1055,0.1064,1630,19560,0.7174,8,31,0,0.0,2,0,4,0,440.1,295,430.32,74.47,230.31000000000006,0.1008,1
CC-11161,61,Standard,96,30297,4487,0.0665,0.0188,150,1800,1.0136,27,5,0,0.0,0,0,11,1,31.5,0,18.0,89.17,-75.67,0.1936,1
CC-11162,38,Standard,23,50403,7558,0.1124,-0.2218,427,5124,0.7101,8,8,2,170.99,0,0,13,0,89.67,0,51.24,44.74,164.68,0.1772,0
CC-11163,42,Gold,32,79665,16953,0.122,0.2225,1039,12468,1.409,8,15,0,0.0,1,0,11,1,249.36,95,187.02,72.07,85.26999999999998,0.0647,0
CC-11164,22,Standard,94,47597,8012,0.0589,-0.2894,237,2844,0.6143,8,10,0,0.0,4,0,15,0,49.77,0,28.44,139.44,-118.10999999999999,0.0927,0
CC-11165,41,Platinum,33,203545,74576,0.0441,0.0595,1654,19848,0.2446,8,23,0,0.0,2,0,7,1,446.58,295,436.66,68.58,236.33999999999992,0.4064,0
CC-11166,56,Platinum,118,129640,38756,0.0703,0.0633,1369,16428,0.5605,8,26,3,548.41,2,0,12,1,369.63,295,361.42,94.09,757.53,0.5362,1
CC-11167,64,Gold,28,98478,23378,0.0586,-0.206,689,8268,1.0659,8,12,0,0.0,2,0,17,1,165.36,95,124.02,89.44,46.900000000000034,0.0963,0
CC-11168,59,Standard,109,45316,7641,0.0443,-0.0257,170,2040,0.9146,8,7,0,0.0,2,0,14,0,35.7,0,20.4,121.72,-106.42,0.0599,0
CC-11169,67,Standard,24,76080,11724,0.1054,-0.2655,621,7452,1.1756,8,8,1,248.73,1,0,15,0,130.41,0,74.52,82.77,221.85,0.0617,0
CC-11170,59,Gold,23,25000,5271,0.0827,-0.447,219,2628,1.1005,8,2,0,0.0,2,1,7,0,52.56,95,39.42,118.26,-10.120000000000005,0.1203,0
CC-11171,49,Black,3,229763,98131,0.1344,-0.1802,6626,79512,0.7591,27,84,0,0.0,1,0,13,0,1987.8,495,2385.36,55.32,42.11999999999989,0.1503,0
CC-11172,46,Gold,39,98898,22179,0.0667,-0.1125,743,8916,0.8033,8,11,0,0.0,1,0,12,0,178.32,95,133.74,83.47,56.109999999999985,0.0774,0
CC-11173,41,Standard,79,36529,5517,0.0837,0.0766,232,2784,0.8344,8,8,0,0.0,3,1,18,0,48.72,0,27.84,121.52,-100.63999999999999,0.1381,1
CC-11174,37,Gold,87,97029,27588,0.0797,-0.0099,1105,13260,1.5153,8,19,0,0.0,1,0,8,1,265.2,95,198.9,59.06,102.23999999999995,0.0559,0
CC-11175,36,Gold,48,83723,20397,0.1125,-0.006,1153,13836,1.1572,8,19,0,0.0,1,0,10,0,276.72,95,207.54,100.9,63.28000000000003,0.0469,0
CC-11176,51,Platinum,11,170273,58006,0.0897,-0.1722,2616,31392,1.5175,8,35,0,0.0,1,0,15,1,706.32,295,690.62,102.75,207.95000000000005,0.0518,0
CC-11177,71,Standard,19,32263,5624,0.0662,-0.0995,187,2244,1.2022,27,5,3,74.94,2,1,13,0,39.27,0,22.44,105.67,-13.900000000000006,0.4003,0
CC-11178,29,Platinum,49,146049,52674,0.1131,-0.1595,2994,35928,0.9309,8,37,0,0.0,1,0,12,0,808.38,295,790.42,81.22,231.74000000000012,0.0635,0
CC-11179,51,Gold,87,94902,24353,0.0628,-0.2037,768,9216,0.6442,8,12,0,0.0,3,0,14,0,184.32,95,138.24,121.65,19.430000000000007,0.1242,1
CC-11180,34,Black,97,289225,100000,0.0695,-0.1091,3491,41892,1.0105,8,60,0,0.0,1,0,14,0,1047.3,495,1256.76,67.11,218.43000000000006,0.0523,0
CC-11181,69,Standard,105,46680,7303,0.0801,-0.0088,294,3528,0.9317,27,7,0,0.0,0,1,11,0,61.74,0,35.28,41.64,-15.18,0.2309,0
CC-11182,57,Gold,61,110551,28476,0.0992,-0.1059,1420,17040,0.9219,119,25,0,0.0,3,0,15,0,340.8,95,255.6,113.12,67.07999999999998,0.7575,0
CC-11183,22,Black,56,162406,70067,0.051,-0.0685,1795,21540,0.8873,8,21,0,0.0,0,0,14,0,538.5,495,646.2,63.95,323.3499999999999,0.065,1
CC-11184,68,Standard,88,46405,8326,0.0801,0.0842,335,4020,0.3343,8,6,1,134.24,0,0,9,1,70.35,0,40.2,60.59,103.8,0.364,1
CC-11185,66,Black,14,195359,100000,0.0886,-0.0951,4454,53448,1.3283,8,61,1,1783.37,0,1,17,1,1336.2,495,1603.44,46.34,1964.7899999999997,0.1983,0
CC-11186,34,Gold,66,101099,27798,0.1034,-0.2201,1444,17328,0.9349,27,21,1,578.55,0,0,11,0,346.56,95,259.92,46.42,713.7699999999999,0.1644,0
CC-11187,53,Standard,8,35573,5415,0.0684,0.0645,186,2232,0.5257,8,7,0,0.0,3,0,15,0,39.06,0,22.32,139.11,-122.37,0.1123,0
CC-11188,55,Standard,55,25000,3693,0.0695,0.0199,129,1548,1.0945,8,7,0,0.0,1,1,16,0,27.09,0,15.48,105.62,-94.01,0.1009,0
CC-11189,59,Gold,18,101606,22199,0.0856,0.0293,955,11460,0.6932,8,14,0,0.0,0,2,16,0,229.2,95,171.9,50.18,102.11999999999998,0.4221,1
CC-11190,67,Standard,92,41980,5807,0.0819,0.0739,239,2868,1.1186,8,6,1,95.73,4,0,13,1,50.19,0,28.68,98.6,18.640000000000015,0.1305,0
CC-11191,71,Gold,7,92578,25680,0.0886,0.0485,1144,13728,1.2145,8,15,0,0.0,4,1,21,0,274.56,95,205.92,114.48,49.160000000000025,0.0802,0
CC-11192,40,Standard,75,61053,8988,0.1027,-0.0157,464,5568,1.2559,8,7,0,0.0,1,0,10,0,97.44,0,55.68,100.71,-58.94999999999999,0.0395,0
CC-11193,22,Gold,48,92892,26773,0.0869,0.3387,1169,14028,0.9017,27,19,0,0.0,1,1,14,1,280.56,95,210.42,63.4,101.74000000000001,0.3971,1
CC-11194,71,Standard,106,46906,6044,0.1356,-0.2127,412,4944,0.8259,8,8,0,0.0,1,0,8,0,86.52,0,49.44,109.05,-71.97000000000001,0.0766,0
CC-11195,61,Platinum,16,138345,48582,0.1209,-0.108,2952,35424,0.7623,8,42,3,1182.25,0,0,11,1,797.04,295,779.33,47.22,1447.7399999999998,0.3958,0
CC-11196,39,Black,46,199688,95142,0.081,0.1251,3872,46464,0.7332,8,46,0,0.0,1,0,10,1,1161.6,495,1393.92,83.48,179.19999999999982,0.1706,0
CC-11197,57,Black,65,264932,100000,0.1631,0.0014,8194,98328,0.9448,8,120,0,0.0,2,0,15,0,2458.2,495,2949.84,124.54,-121.18000000000029,0.0581,0
CC-11198,38,Gold,108,126945,36677,0.0493,0.0937,908,10896,0.8872,8,11,0,0.0,1,0,9,0,217.92,95,163.44,57.81,91.66999999999996,0.0685,0
CC-11199,36,Standard,96,40778,7314,0.0898,0.0055,330,3960,0.7024,27,4,0,0.0,3,1,14,0,69.3,0,39.6,91.85,-62.14999999999999,0.2913,0
CC-11200,24,Platinum,54,134539,39852,0.1042,0.1861,2086,25032,0.6069,8,30,4,835.85,0,1,12,0,563.22,295,550.7,70.43,1072.94,0.6511,0
CC-11201,32,Standard,118,59142,7558,0.1366,-0.1711,519,6228,0.9174,27,14,0,0.0,2,1,8,0,108.99,0,62.28,112.36,-65.64999999999999,0.2439,0
CC-11202,49,Standard,28,27660,3535,0.1013,0.1814,180,2160,0.8197,8,3,0,0.0,2,0,13,0,37.8,0,21.6,107.14,-90.94000000000001,0.0748,1
CC-11203,27,Standard,55,51976,8361,0.1057,0.1556,444,5328,0.6076,8,11,0,0.0,4,0,12,1,93.24,0,53.28,130.35,-90.39,0.1934,0
CC-11204,34,Gold,111,51236,12156,0.1198,-0.2015,732,8784,1.1992,8,18,0,0.0,0,0,11,0,175.68,95,131.76,60.83,78.09000000000003,0.041,0
CC-11205,32,Platinum,31,153971,58919,0.0961,0.0746,2846,34152,1.4816,119,34,0,0.0,0,0,7,0,768.42,295,751.34,82.18,229.9000000000001,0.6055,1
CC-11206,55,Gold,21,84523,20331,0.1055,-0.0265,1078,12936,1.2388,8,14,0,0.0,1,1,11,0,258.72,95,194.04,58.44,101.24000000000004,0.092,0
CC-11207,25,Standard,49,51889,8180,0.0477,-0.111,196,2352,0.7339,8,3,0,0.0,0,0,10,0,41.16,0,23.52,49.7,-32.06,0.0883,0
CC-11208,37,Standard,10,33609,5585,0.0559,-0.3033,157,1884,0.9349,8,5,0,0.0,2,0,10,0,32.97,0,18.84,112.36,-98.22999999999999,0.0676,0
CC-11209,62,Black,25,242547,100000,0.1482,-0.1716,7449,89388,1.4121,8,101,0,0.0,3,0,14,1,2234.7,495,2681.64,96.87,-48.809999999999945,0.0612,0
CC-11210,52,Standard,119,52470,7994,0.1038,0.0862,417,5004,0.5979,8,9,0,0.0,0,0,11,0,87.57,0,50.04,43.29,-5.760000000000005,0.1001,0
CC-11211,30,Gold,108,74166,15487,0.1011,0.1021,787,9444,1.1848,8,10,0,0.0,2,2,14,0,188.88,95,141.66,115.58,26.639999999999986,0.1846,0
CC-11212,63,Standard,37,53499,7738,0.0795,-0.0516,309,3708,0.5156,27,10,0,0.0,4,0,10,1,64.89,0,37.08,141.12,-113.30999999999999,0.3634,0
CC-11213,37,Platinum,97,147320,52506,0.0456,0.1025,1202,14424,1.4552,8,21,0,0.0,1,1,14,1,324.54,295,317.33,88.33,213.88,0.1182,0
CC-11214,25,Gold,55,75527,18594,0.0702,0.1218,656,7872,0.8209,8,12,0,0.0,0,0,17,1,157.44,95,118.08,74.35,60.00999999999999,0.1336,0
CC-11215,65,Standard,101,41452,7214,0.0761,0.0032,276,3312,1.6187,119,12,0,0.0,1,1,11,0,57.96,0,33.12,89.83,-64.98999999999998,0.7152,1
CC-11216,62,Standard,98,45039,7854,0.054,-0.1284,213,2556,1.4684,8,5,0,0.0,4,0,13,1,44.73,0,25.56,138.84,-119.67000000000002,0.0541,1
CC-11217,29,Gold,60,80321,22665,0.0474,0.0462,540,6480,0.9181,8,12,0,0.0,2,0,11,0,129.6,95,97.2,83.91,43.48999999999998,0.0654,0
CC-11218,69,Gold,7,100517,23875,0.0844,0.053,1013,12156,0.7342,27,13,0,0.0,1,0,9,1,243.12,95,182.34,101.92,53.860000000000014,0.2962,0
CC-11219,53,Standard,18,40823,6655,0.0882,0.0811,295,3540,1.0084,8,10,0,0.0,3,0,11,0,61.95,0,35.4,95.58,-69.02999999999999,0.0591,0
CC-11220,56,Black,19,239887,100000,0.0736,0.1098,3697,44364,0.896,8,44,1,1481.45,0,0,12,1,1109.1,495,1330.92,59.82,1694.8100000000002,0.1886,0
CC-11221,56,Standard,34,55240,7399,0.1076,-0.2243,400,4800,0.8295,8,8,0,0.0,1,0,17,0,84.0,0,48.0,80.63,-44.629999999999995,0.0681,0
CC-11222,38,Standard,104,40251,5658,0.1319,-0.0965,375,4500,0.4526,8,10,0,0.0,0,0,6,0,78.75,0,45.0,83.37,-49.620000000000005,0.1358,0
CC-11223,29,Black,98,242173,90275,0.1082,-0.3048,4909,58908,0.7956,8,55,0,0.0,1,1,14,1,1472.7,495,1767.24,75.99,124.47000000000003,0.278,1
CC-11224,49,Standard,54,25000,3497,0.1286,0.092,226,2712,0.6169,8,4,0,0.0,2,0,13,1,47.46,0,27.12,95.48,-75.14000000000001,0.1882,1
CC-11225,70,Gold,22,62910,15480,0.1153,-0.0518,897,10764,1.1155,8,13,0,0.0,1,0,7,0,215.28,95,161.46,101.14,47.67999999999995,0.054,0
CC-11226,34,Standard,114,35565,6306,0.0442,0.0446,140,1680,1.2473,8,6,0,0.0,1,0,10,0,29.4,0,16.8,109.98,-97.38,0.0388,0
CC-11227,45,Standard,68,38923,5402,0.0567,-0.2414,154,1848,1.1722,119,3,0,0.0,0,0,14,0,32.34,0,18.48,82.59,-68.73,0.6798,0
CC-11228,35,Black,86,229450,100000,0.0928,0.1901,4665,55980,1.0527,8,43,0,0.0,1,1,12,1,1399.5,495,1679.4,68.1,147.0,0.2115,0
CC-11229,26,Standard,113,56059,7496,0.1078,-0.1992,406,4872,0.6941,27,7,0,0.0,1,0,8,0,85.26,0,48.72,56.59,-20.049999999999997,0.1652,0
CC-11230,62,Platinum,84,112869,34620,0.0901,0.0962,1567,18804,1.0116,8,21,0,0.0,4,0,5,1,423.09,295,413.69,136.7,167.69999999999993,0.1236,0
CC-11231,49,Standard,3,37117,5609,0.0724,-0.0023,204,2448,1.1878,8,1,0,0.0,1,1,16,1,42.84,0,24.48,91.21,-72.85,0.1761,1
CC-11232,35,Standard,60,46751,7496,0.0942,-0.0484,355,4260,0.7741,8,7,0,0.0,3,2,24,0,74.55,0,42.6,109.34,-77.39,0.2712,0
CC-11233,49,Standard,95,32606,3999,0.0542,-0.0605,109,1308,0.9857,8,2,0,0.0,5,0,18,0,22.89,0,13.08,153.48,-143.67000000000002,0.0504,0
CC-11234,24,Gold,95,118234,26260,0.1315,-0.1157,1735,20820,0.9064,8,24,0,0.0,2,0,13,1,416.4,95,312.3,68.78,130.31999999999994,0.1235,0
CC-11235,38,Standard,85,54024,7959,0.0658,0.1743,263,3156,1.4487,27,16,0,0.0,0,0,13,0,55.23,0,31.56,94.66,-70.99000000000001,0.052,0
CC-11236,70,Platinum,46,99116,32345,0.1296,-0.0181,2106,25272,1.2055,8,29,0,0.0,2,0,17,1,568.62,295,555.98,94.05,213.59000000000003,0.0775,0
CC-11237,69,Gold,106,106540,28900,0.0446,-0.2104,648,7776,1.1327,8,9,0,0.0,0,0,12,0,155.52,95,116.64,69.03,64.85,0.0448,1
CC-11238,64,Black,8,365519,100000,0.1118,-0.0776,5620,67440,0.435,8,83,0,0.0,0,0,16,1,1686.0,495,2023.2,66.95,90.84999999999991,0.301,0
CC-11239,59,Standard,110,32151,4167,0.075,-0.0007,157,1884,1.0019,8,7,0,0.0,0,0,8,0,32.97,0,18.84,67.68,-53.55000000000001,0.0587,0
CC-11240,36,Platinum,105,99219,40206,0.1102,0.1147,2226,26712,0.9035,8,30,0,0.0,2,0,13,1,601.02,295,587.66,111.95,196.40999999999997,0.1231,0
CC-11241,31,Platinum,52,118635,38082,0.0469,-0.1107,897,10764,0.9009,27,13,0,0.0,0,0,11,1,242.19,295,236.81,39.29,261.09000000000003,0.2297,1
CC-11242,34,Platinum,112,90467,34590,0.0889,-0.1007,1546,18552,0.481,8,16,1,618.96,1,0,15,0,417.42,295,408.14,105.24,818.0000000000001,0.2087,1
CC-11243,23,Platinum,74,112689,43857,0.105,-0.0165,2315,27780,0.6237,8,30,0,0.0,0,1,10,0,625.05,295,611.16,55.6,253.28999999999996,0.273,0
CC-11244,71,Platinum,90,125995,52268,0.0843,0.111,2215,26580,0.9296,8,35,0,0.0,2,1,10,0,598.05,295,584.76,102.5,205.78999999999996,0.138,0
CC-11245,70,Gold,22,95713,23913,0.0687,-0.2253,825,9900,1.2843,119,11,0,0.0,0,0,6,0,198.0,95,148.5,38.47,106.03,0.6839,1
CC-11246,62,Standard,16,45913,7206,0.1232,0.0558,446,5352,0.7728,8,3,0,0.0,2,0,16,0,93.66,0,53.52,94.32,-54.18000000000001,0.0766,1
CC-11247,58,Standard,7,43334,6070,0.1318,-0.0896,402,4824,0.83,8,8,0,0.0,1,0,12,0,84.42,0,48.24,98.89,-62.709999999999994,0.0763,0
CC-11248,65,Platinum,43,123088,46151,0.0743,-0.0687,1724,20688,1.4843,8,20,0,0.0,2,0,12,0,465.48,295,455.14,83.8,221.54000000000008,0.0274,0
CC-11249,62,Gold,42,57205,14091,0.0866,0.2802,613,7356,0.861,8,7,0,0.0,1,2,10,0,147.12,95,110.34,71.57,60.21000000000001,0.3031,1
CC-11250,38,Platinum,36,160710,54845,0.1283,-0.0495,3537,42444,0.9114,27,40,0,0.0,2,0,8,0,954.99,295,933.77,103.65,212.56999999999994,0.1297,0
CC-11251,40,Gold,82,97099,27726,0.1033,0.0932,1439,17268,0.9154,8,28,0,0.0,3,0,13,1,345.36,95,259.02,84.16,97.18000000000006,0.1231,0
CC-11252,68,Standard,47,38060,4681,0.1025,0.0878,241,2892,0.5463,27,5,1,96.58,0,1,11,1,50.61,0,28.92,58.01,60.25999999999999,0.6483,0
CC-11253,45,Standard,73,32612,5639,0.103,-0.197,292,3504,1.1215,8,10,3,116.91,4,0,5,1,61.32,0,35.04,141.89,1.3000000000000114,0.2839,0
CC-11254,58,Gold,82,118067,33673,0.0559,-0.2968,946,11352,0.7541,8,17,0,0.0,2,0,9,0,227.04,95,170.28,105.15,46.60999999999996,0.0851,0
CC-11255,33,Standard,73,47775,7184,0.0767,0.1031,277,3324,0.941,8,4,0,0.0,0,0,15,0,58.17,0,33.24,67.71,-42.77999999999999,0.0581,0
CC-11256,24,Standard,29,49465,7390,0.059,-0.1825,219,2628,1.0833,27,5,0,0.0,2,0,13,0,45.99,0,26.28,100.13,-80.41999999999999,0.0934,0
CC-11257,34,Gold,80,94353,22284,0.0597,-0.2696,669,8028,1.5328,8,20,0,0.0,1,0,12,1,160.56,95,120.42,65.29,69.85,0.0507,0
CC-11258,53,Standard,80,31472,5653,0.0852,0.1339,242,2904,0.5547,8,5,0,0.0,3,0,11,1,50.82,0,29.04,136.83,-115.05000000000001,0.2068,0
CC-11259,48,Gold,46,116859,24670,0.0953,-0.1729,1181,14172,1.2095,27,15,0,0.0,0,0,12,0,283.44,95,212.58,94.79,71.07,0.0781,0
CC-11260,57,Standard,35,40460,6288,0.0623,-0.1359,197,2364,1.2106,8,8,0,0.0,0,1,16,0,41.37,0,23.64,44.79,-27.06000000000001,0.0866,0
CC-11261,28,Platinum,35,168771,63362,0.0718,0.2762,2285,27420,0.7585,8,23,1,915.72,2,0,13,0,616.95,295,603.24,69.56,1154.8700000000001,0.1168,0
CC-11262,64,Standard,46,61407,10811,0.0657,-0.269,357,4284,1.1299,119,9,0,0.0,2,1,12,0,74.97,0,42.84,75.41,-43.28,0.8493,1
CC-11263,54,Gold,22,86729,24112,0.1064,-0.2084,1289,15468,1.443,8,32,1,516.4,1,1,16,0,309.36,95,232.02,68.93,619.81,0.0897,0
CC-11264,64,Standard,119,31708,5029,0.1132,-0.089,286,3432,0.7205,119,9,1,114.59,1,0,8,1,60.06,0,34.32,92.66,47.670000000000016,0.9372,1
CC-11265,25,Standard,113,25000,3175,0.0921,-0.056,147,1764,1.0224,8,7,1,58.86,1,0,14,0,30.87,0,17.64,82.2,-10.11,0.0738,0
CC-11266,25,Standard,38,44567,6347,0.1317,-0.1541,420,5040,1.0714,8,11,0,0.0,0,0,9,0,88.2,0,50.4,38.35,-0.5499999999999972,0.0549,0
CC-11267,51,Gold,9,90315,19316,0.0784,-0.1938,761,9132,1.1103,8,2,1,304.82,4,0,12,0,182.64,95,136.98,125.17,320.31000000000006,0.0728,0
CC-11268,65,Gold,34,72658,20934,0.0806,0.2065,848,10176,1.1808,8,18,0,0.0,3,0,17,0,203.52,95,152.64,115.76,30.120000000000005,0.04,0
CC-11269,29,Standard,114,46526,7675,0.1177,0.0194,454,5448,0.9999,8,12,0,0.0,2,0,16,0,95.34,0,54.48,73.01,-32.150000000000006,0.0505,0
CC-11270,62,Gold,69,94144,25960,0.0642,0.0678,838,10056,1.104,8,18,0,0.0,1,0,13,1,201.12,95,150.84,55.16,90.12,0.095,0
CC-11271,52,Platinum,41,174787,64901,0.0948,-0.0406,3093,37116,0.6766,119,47,3,1238.42,2,0,10,1,835.11,295,816.55,90.17,1461.8100000000004,0.9811,1
CC-11272,53,Platinum,95,132000,46330,0.0676,0.0234,1575,18900,0.9992,27,25,1,630.4,0,0,10,0,425.25,295,415.8,81.51,853.3400000000001,0.1502,0
CC-11273,23,Standard,26,44489,5739,0.0787,0.1199,227,2724,0.8071,8,7,0,0.0,2,2,15,0,47.67,0,27.24,74.92,-54.489999999999995,0.303,0
CC-11274,50,Gold,88,81204,18918,0.0917,-0.1694,872,10464,0.5811,8,19,0,0.0,0,0,10,0,209.28,95,156.96,42.73,104.58999999999997,0.1452,1
CC-11275,70,Standard,72,45377,5818,0.1529,0.0197,447,5364,0.7973,8,7,0,0.0,1,1,6,0,93.87,0,53.64,100.38,-60.14999999999998,0.1786,0
CC-11276,32,Standard,114,39226,6413,0.0773,0.0844,249,2988,1.0308,8,11,0,0.0,2,1,10,0,52.29,0,29.88,80.38,-57.96999999999999,0.1177,1
CC-11277,49,Black,90,243742,94776,0.1533,0.2117,7300,87600,1.0807,27,81,2,2924.48,3,1,9,0,2190.0,495,2628.0,87.14,2894.3399999999997,0.3568,1
CC-11278,23,Standard,106,39880,6465,0.1157,0.2722,376,4512,0.5695,8,9,0,0.0,1,1,14,0,78.96,0,45.12,104.38,-70.54,0.2059,0
CC-11279,46,Gold,89,88320,23777,0.0557,-0.0095,665,7980,0.6687,8,12,0,0.0,1,0,11,0,159.6,95,119.7,73.01,61.889999999999986,0.1263,0
CC-11280,50,Gold,56,66994,16475,0.073,0.1508,604,7248,1.1674,8,4,0,0.0,1,1,10,1,144.96,95,108.72,75.05,56.190000000000026,0.1924,0
CC-11281,29,Gold,40,75416,16103,0.1065,-0.4205,862,10344,1.1024,8,17,1,345.2,2,0,12,0,206.88,95,155.16,123.1,368.81999999999994,0.0719,0
CC-11282,46,Gold,76,123432,28572,0.0875,0.2128,1256,15072,1.2161,8,19,2,503.22,2,0,12,1,301.44,95,226.08,107.3,566.2800000000001,0.1653,0
CC-11283,22,Standard,82,55084,7668,0.0566,-0.1289,218,2616,1.3603,8,5,0,0.0,0,1,5,1,45.78,0,26.16,89.68,-70.06,0.1591,0
CC-11284,23,Standard,77,34232,5546,0.122,-0.0562,340,4080,1.1114,8,5,0,0.0,5,0,19,0,71.4,0,40.8,128.24,-97.64000000000001,0.0414,0
CC-11285,66,Gold,34,103374,21850,0.1178,0.0462,1294,15528,0.8256,8,26,2,518.09,2,0,10,0,310.56,95,232.92,101.38,589.3500000000001,0.1585,0
CC-11286,24,Standard,47,52058,8836,0.0732,-0.043,325,3900,0.9845,8,7,0,0.0,0,1,10,0,68.25,0,39.0,62.91,-33.66,0.1319,0
CC-11287,45,Standard,63,43830,7260,0.0894,0.0095,326,3912,1.448,27,2,0,0.0,2,0,16,0,68.46,0,39.12,124.94,-95.60000000000001,0.05,1
CC-11288,71,Standard,72,37035,4858,0.0594,0.2182,145,1740,1.7793,8,4,0,0.0,1,0,8,1,30.45,0,17.4,79.11,-66.05999999999999,0.0378,0
CC-11289,33,Standard,90,35757,5833,0.0809,-0.0776,237,2844,1.0889,8,6,0,0.0,1,0,16,0,49.77,0,28.44,91.24,-69.91,0.0449,0
CC-11290,59,Standard,99,47518,7608,0.1185,-0.183,453,5436,1.1107,8,11,0,0.0,1,0,10,0,95.13,0,54.36,62.09,-21.320000000000007,0.0484,1
CC-11291,64,Standard,55,35479,5850,0.1123,0.252,330,3960,1.1677,8,10,0,0.0,3,0,10,1,69.3,0,39.6,88.43,-58.730000000000004,0.0924,0
CC-11292,55,Gold,53,108315,23709,0.0761,0.059,907,10884,0.9571,27,12,3,363.17,1,0,8,0,217.68,95,163.26,55.93,456.66,0.3121,1
CC-11293,43,Gold,78,114342,24670,0.0951,0.2683,1179,14148,1.2992,27,23,0,0.0,1,0,7,1,282.96,95,212.22,84.34,81.39999999999998,0.1432,0
CC-11294,29,Platinum,58,138501,43365,0.1141,0.1095,2487,29844,1.2524,119,45,0,0.0,0,0,19,0,671.49,295,656.57,87.42,222.5,0.6301,1
CC-11295,22,Standard,29,57811,8206,0.0783,-0.2185,323,3876,1.0563,119,7,0,0.0,0,0,7,1,67.83,0,38.76,87.43,-58.36,0.8654,0
CC-11296,61,Standard,40,40370,6766,0.0447,0.0768,152,1824,0.8546,27,5,0,0.0,1,4,8,0,31.92,0,18.24,54.17,-40.489999999999995,0.8298,1
CC-11297,64,Standard,64,36963,6072,0.0809,-0.1676,247,2964,0.4938,8,5,0,0.0,2,1,12,0,51.87,0,29.64,112.66,-90.43,0.2399,0
CC-11298,51,Gold,20,108380,31706,0.0749,-0.0189,1193,14316,1.1697,8,16,0,0.0,0,0,21,0,286.32,95,214.74,87.8,78.77999999999997,0.0381,0
CC-11299,64,Gold,111,118572,24409,0.0488,-0.0314,599,7188,1.0139,8,4,0,0.0,4,0,17,0,143.76,95,107.82,143.44,-12.5,0.0486,0
CC-11300,67,Standard,105,67085,8096,0.0654,-0.2626,266,3192,0.7287,119,6,0,0.0,1,0,8,0,55.86,0,31.92,51.46,-27.519999999999996,0.8251,1
CC-11301,22,Black,66,303285,100000,0.0889,-0.1419,4468,53616,0.611,8,50,0,0.0,0,1,12,0,1340.4,495,1608.48,77.34,149.58000000000015,0.2704,0
CC-11302,52,Standard,79,54698,7480,0.0822,0.3108,309,3708,1.1484,8,8,0,0.0,0,0,18,0,64.89,0,37.08,57.27,-29.459999999999994,0.0398,0
CC-11303,38,Gold,119,91600,21380,0.0887,0.0158,953,11436,0.4696,119,17,0,0.0,2,1,14,0,228.72,95,171.54,108.67,43.51000000000005,0.9541,1
CC-11304,33,Gold,106,114821,29242,0.062,-0.0463,911,10932,1.0399,8,14,0,0.0,1,0,17,0,218.64,95,163.98,77.53,72.13,0.0469,0
CC-11305,66,Platinum,32,155164,45670,0.0787,0.2519,1806,21672,1.2031,8,20,0,0.0,2,0,16,0,487.62,295,476.78,105.2,200.64,0.0395,0
CC-11306,25,Gold,119,102108,26984,0.1031,-0.0794,1398,16776,1.115,27,12,0,0.0,1,1,8,0,335.52,95,251.64,66.43,112.44999999999999,0.1903,0
CC-11307,62,Platinum,51,100260,32636,0.0591,-0.0337,970,11640,0.8328,27,17,0,0.0,0,1,9,0,261.9,295,256.08,43.76,257.06,0.2769,1
CC-11308,64,Standard,43,42399,6697,0.0835,0.1286,281,3372,0.5752,27,1,0,0.0,0,0,17,0,59.01,0,33.72,90.3,-65.00999999999999,0.1749,1
CC-11309,30,Platinum,118,168477,66845,0.1093,-0.0801,3671,44052,1.1261,27,44,0,0.0,1,0,15,1,991.17,295,969.14,93.13,223.9000000000001,0.1538,1
CC-11310,63,Standard,15,53144,6922,0.1144,-0.132,398,4776,1.3102,8,11,0,0.0,2,0,15,0,83.58,0,47.76,121.62,-85.8,0.0346,0
CC-11311,45,Platinum,36,171461,70354,0.0885,-0.3581,3130,37560,0.7782,8,38,0,0.0,2,0,9,0,845.1,295,826.32,113.43,200.3499999999999,0.0851,0
CC-11312,54,Gold,102,87563,22159,0.0732,-0.1605,815,9780,1.1021,8,10,0,0.0,1,1,6,0,195.6,95,146.7,63.75,80.15000000000003,0.1152,0
CC-11313,57,Platinum,96,117179,47950,0.0379,-0.1619,913,10956,1.4245,27,13,0,0.0,0,0,18,1,246.51,295,241.03,77.04,223.44,0.0976,0
CC-11314,50,Gold,27,83747,18489,0.1032,0.0038,959,11508,1.0517,8,11,0,0.0,1,0,13,0,230.16,95,172.62,83.61,68.92999999999995,0.0529,0
CC-11315,27,Gold,68,85999,22398,0.0864,-0.1116,973,11676,0.8309,8,15,0,0.0,0,0,9,0,233.52,95,175.14,51.6,101.78,0.0768,0
CC-11316,26,Gold,102,90136,21667,0.0505,0.3037,550,6600,1.2623,8,13,0,0.0,1,0,8,1,132.0,95,99.0,101.96,26.04000000000002,0.0806,1
CC-11317,23,Gold,20,64432,17874,0.0689,-0.1786,619,7428,0.7287,8,11,0,0.0,0,0,12,0,148.56,95,111.42,81.77,50.370000000000005,0.0877,0
CC-11318,33,Standard,7,42009,6568,0.12,0.1901,396,4752,0.5605,8,11,0,0.0,1,1,16,0,83.16,0,47.52,57.71,-22.070000000000007,0.2154,0
CC-11319,23,Standard,21,44002,6585,0.0623,0.013,206,2472,1.1937,27,6,0,0.0,2,0,12,0,43.26,0,24.72,99.2,-80.66,0.0815,0
CC-11320,46,Standard,44,25000,4369,0.0729,0.101,160,1920,0.8282,8,8,0,0.0,1,0,11,1,33.6,0,19.2,96.1,-81.69999999999999,0.1478,0
CC-11321,44,Standard,20,54365,7753,0.0893,0.0919,348,4176,0.855,8,9,1,139.36,1,0,14,1,73.08,0,41.76,59.67,111.00999999999999,0.1924,1
CC-11322,26,Platinum,34,145740,45295,0.1259,-0.3527,2865,34380,0.7619,8,37,0,0.0,1,0,16,0,773.55,295,756.36,109.51,202.67999999999995,0.0767,0
CC-11323,63,Standard,23,47984,7508,0.1121,-0.0217,423,5076,0.8082,8,7,0,0.0,0,0,9,1,88.83,0,50.76,71.28,-33.209999999999994,0.1595,0
CC-11324,69,Black,12,243915,100000,0.1273,-0.0593,6399,76788,1.3709,8,60,0,0.0,3,1,7,0,1919.7,495,2303.64,131.71,-20.65000000000009,0.0822,0
CC-11325,62,Standard,39,51595,7550,0.0783,-0.1899,297,3564,1.4487,8,2,0,0.0,0,0,6,0,62.37,0,35.64,67.78,-41.050000000000004,0.0326,0
CC-11326,32,Standard,51,35640,5317,0.0505,0.0489,135,1620,1.4885,119,3,2,54.05,2,0,10,0,28.35,0,16.2,83.53,-17.33,0.7578,1
CC-11327,69,Platinum,88,116381,48221,0.0612,0.2375,1482,17784,1.277,27,29,0,0.0,0,0,10,0,400.14,295,391.25,85.13,218.76,0.071,0
CC-11328,56,Gold,15,98352,26876,0.0859,-0.421,1160,13920,1.0899,27,14,1,464.69,2,0,11,1,278.4,95,208.8,91.84,537.4499999999999,0.2533,1
CC-11329,22,Gold,57,92589,19541,0.1133,-0.1002,1113,13356,0.5203,8,19,0,0.0,2,1,12,1,267.12,95,200.34,99.96,61.81999999999999,0.4775,0
CC-11330,31,Gold,19,57850,12797,0.1317,-0.2069,847,10164,0.8937,27,14,0,0.0,0,2,17,1,203.28,95,152.46,69.54,76.27999999999997,0.6009,1
CC-11331,59,Gold,11,118519,35266,0.0638,-0.0092,1130,13560,1.597,27,17,0,0.0,2,0,10,0,271.2,95,203.4,68.54,94.25999999999999,0.0466,0
CC-11332,54,Standard,90,36466,5965,0.0917,-0.0688,275,3300,0.8193,119,15,0,0.0,0,0,9,0,57.75,0,33.0,55.36,-30.61,0.802,1
CC-11333,46,Black,46,270718,100000,0.1166,-0.1109,5860,70320,1.4042,8,76,2,2346.97,1,0,3,1,1758.0,495,2109.6,70.01,2420.359999999999,0.1525,0
CC-11334,38,Black,80,402275,100000,0.1085,0.0834,5452,65424,0.9665,8,70,0,0.0,1,0,12,0,1635.6,495,1962.72,52.62,115.25999999999999,0.0588,0
CC-11335,41,Gold,48,41229,11304,0.0697,0.2254,396,4752,0.1466,8,2,2,158.59,2,0,7,0,95.04,95,71.28,71.28,206.07,0.454,0
CC-11336,56,Standard,10,25804,4201,0.0848,0.3792,179,2148,1.1421,119,4,0,0.0,2,0,10,1,37.59,0,21.48,99.26,-83.15,0.8428,1
CC-11337,60,Gold,39,94391,21659,0.1258,-0.1309,1369,16428,1.3299,8,14,0,0.0,2,0,15,0,328.56,95,246.42,84.33,92.81,0.0329,0
CC-11338,66,Standard,21,25000,3826,0.0749,-0.2931,144,1728,0.9353,8,6,0,0.0,1,0,14,0,30.24,0,17.28,80.11,-67.15,0.0622,0
CC-11339,64,Standard,65,25000,3941,0.1242,0.0639,246,2952,1.3199,8,5,0,0.0,4,0,15,1,51.66,0,29.52,124.01,-101.87,0.0669,0
CC-11340,42,Standard,94,58220,8667,0.0928,0.2216,404,4848,0.4497,27,4,0,0.0,0,0,16,1,84.84,0,48.48,74.25,-37.889999999999986,0.3491,0
CC-11341,50,Gold,48,76311,21574,0.0522,0.1021,566,6792,0.5343,119,6,0,0.0,4,0,9,0,135.84,95,101.88,145.98,-17.019999999999982,0.9038,1
CC-11342,70,Platinum,107,216863,86008,0.052,0.221,2249,26988,1.0115,27,32,0,0.0,2,0,12,1,607.23,295,593.74,78.61,229.88,0.1896,0
CC-11343,63,Gold,96,63011,17961,0.0448,-0.0538,404,4848,1.0931,27,7,0,0.0,1,1,9,0,96.96,95,72.72,71.69,47.54999999999998,0.1956,0
CC-11344,50,Gold,73,78232,21931,0.0676,-0.1114,745,8940,1.357,8,17,0,0.0,3,0,14,0,178.8,95,134.1,113.43,26.27000000000001,0.0313,0
CC-11345,28,Standard,28,51082,7625,0.0462,-0.0027,177,2124,1.1417,8,3,0,0.0,1,1,10,0,37.17,0,21.24,94.49,-78.55999999999999,0.1072,0
CC-11346,54,Standard,106,50304,7187,0.0875,-0.0696,316,3792,0.5919,27,12,0,0.0,2,0,17,1,66.36,0,37.92,88.01,-59.57000000000001,0.2931,0
CC-11347,67,Standard,48,42132,7157,0.1162,0.0795,418,5016,1.0139,27,12,0,0.0,1,0,9,0,87.78,0,50.16,65.91,-28.289999999999992,0.1094,0
CC-11348,29,Black,48,234607,100000,0.1138,0.1255,5719,68628,1.1302,8,68,0,0.0,2,1,15,0,1715.7,495,2058.84,105.52,46.33999999999969,0.0981,0
CC-11349,71,Standard,77,47602,6415,0.1238,0.1372,399,4788,0.3877,8,4,0,0.0,4,1,14,0,83.79,0,47.88,134.83,-98.92,0.2622,0
CC-11350,40,Platinum,16,188191,66060,0.0526,0.0566,1747,20964,0.9369,8,28,0,0.0,3,0,18,0,471.69,295,461.21,125.41,180.07000000000005,0.0577,0
CC-11351,60,Gold,87,101209,21677,0.0903,0.0169,984,11808,0.8493,8,10,0,0.0,2,0,13,0,236.16,95,177.12,94.85,59.18999999999994,0.0684,0
CC-11352,45,Standard,65,37884,6118,0.0644,0.0992,198,2376,0.7536,8,3,0,0.0,2,2,18,0,41.58,0,23.76,69.53,-51.71000000000001,0.3016,0
CC-11353,39,Gold,74,63924,14932,0.1187,-0.3144,891,10692,1.0996,8,11,0,0.0,1,0,9,1,213.84,95,160.38,85.32,63.14000000000004,0.1024,0
CC-11354,25,Gold,5,70278,15887,0.0599,0.0116,478,5736,0.6051,119,7,0,0.0,0,1,10,0,114.72,95,86.04,53.86,69.82,0.9522,1
CC-11355,31,Platinum,30,95418,39494,0.0691,-0.0121,1372,16464,1.0751,8,23,0,0.0,2,0,9,0,370.44,295,362.21,124.87,178.36000000000007,0.0549,0
CC-11356,35,Platinum,31,145159,56432,0.0835,0.012,2369,28428,1.1178,8,23,2,948.46,2,0,8,0,639.63,295,625.42,99.89,1157.7800000000002,0.1097,0
CC-11357,28,Standard,89,54155,9056,0.0804,-0.0331,366,4392,1.2751,8,6,0,0.0,3,1,15,0,76.86,0,43.92,106.53,-73.58999999999999,0.077,0
CC-11358,39,Standard,20,44197,6957,0.1118,0.0448,391,4692,0.613,27,9,0,0.0,0,0,13,0,82.11,0,46.92,80.72,-45.53,0.1806,0
CC-11359,43,Gold,37,121545,34508,0.0513,-0.1062,889,10668,0.4984,8,15,1,356.32,2,0,12,0,213.36,95,160.02,123.69,380.97,0.2247,0
CC-11360,47,Platinum,79,202139,78082,0.0678,0.1494,2660,31920,1.0337,8,34,0,0.0,0,0,9,0,718.2,295,702.24,64.61,246.35000000000002,0.0563,0
CC-11361,60,Standard,78,48462,7556,0.1098,0.051,417,5004,0.8641,8,7,0,0.0,1,0,13,0,87.57,0,50.04,69.88,-32.349999999999994,0.0674,0
CC-11362,52,Gold,49,99916,29586,0.0691,0.0026,1027,12324,1.8208,8,14,0,0.0,1,2,14,1,246.48,95,184.86,78.89,77.73000000000002,0.1539,1
CC-11363,46,Gold,116,65865,14434,0.0819,-0.1246,594,7128,1.0875,8,15,1,237.95,2,1,13,0,142.56,95,106.92,106.63,261.96,0.146,0
CC-11364,47,Gold,7,77332,22761,0.0358,0.1023,409,4908,0.9674,8,12,0,0.0,1,1,10,0,98.16,95,73.62,90.39,29.150000000000006,0.139,0
CC-11365,39,Standard,105,59313,8546,0.1153,0.011,495,5940,0.8982,8,17,0,0.0,1,1,6,0,103.95,0,59.4,94.7,-50.14999999999999,0.1526,0
CC-11366,70,Gold,77,72690,18378,0.1159,-0.1333,1070,12840,0.5846,8,28,0,0.0,0,1,14,0,256.8,95,192.6,72.22,86.98000000000002,0.269,0
CC-11367,62,Platinum,61,192058,57076,0.1125,-0.0285,3227,38724,1.1192,8,48,0,0.0,2,1,8,0,871.29,295,851.93,122.26,192.10000000000002,0.1119,0
CC-11368,49,Standard,77,57516,8765,0.1181,0.0744,520,6240,0.9263,119,10,0,0.0,0,0,12,0,109.2,0,62.4,56.89,-10.08999999999999,0.7647,1
CC-11369,59,Standard,61,53455,8374,0.086,0.0627,362,4344,0.9265,27,7,0,0.0,1,0,8,0,76.02,0,43.44,50.07,-17.489999999999995,0.1247,0
CC-11370,61,Black,113,197911,100000,0.06,0.0531,3016,36192,0.9783,8,48,0,0.0,1,0,15,1,904.8,495,1085.76,58.97,255.06999999999994,0.1063,0
CC-11371,53,Standard,108,41490,7406,0.0382,-0.0061,142,1704,1.0164,8,6,0,0.0,2,1,13,0,29.82,0,17.04,67.64,-54.86000000000001,0.1144,0
CC-11372,39,Platinum,49,162547,67505,0.0829,0.1339,2812,33744,0.4282,8,38,0,0.0,1,0,8,1,759.24,295,742.37,59.12,252.75,0.3305,0
CC-11373,57,Gold,97,64052,15041,0.0841,0.1657,636,7632,1.2011,8,11,0,0.0,1,0,9,0,152.64,95,114.48,62.89,70.26999999999998,0.043,0
CC-11374,39,Standard,97,42861,7692,0.0947,0.0906,366,4392,0.6961,119,3,0,0.0,2,2,14,0,76.86,0,43.92,81.31,-48.370000000000005,0.9605,1
CC-11375,53,Platinum,15,166324,57176,0.1037,-0.1081,2980,35760,0.9086,8,38,0,0.0,2,0,8,1,804.6,295,786.72,66.47,246.40999999999985,0.1423,0
CC-11376,67,Standard,80,38608,6606,0.1151,-0.1787,382,4584,1.3358,119,10,0,0.0,1,1,16,0,80.22,0,45.84,66.91,-32.53,0.7843,1
CC-11377,36,Gold,115,67012,14852,0.0907,-0.1016,677,8124,1.4838,119,18,1,271.14,3,1,17,0,162.48,95,121.86,88.92,317.84000000000003,0.803,1
CC-11378,43,Standard,111,25000,3758,0.0815,0.273,154,1848,0.4399,8,6,0,0.0,1,1,11,1,32.34,0,18.48,55.16,-41.3,0.4167,1
CC-11379,27,Gold,108,76784,22774,0.0528,0.0223,604,7248,0.9591,8,11,0,0.0,1,0,7,0,144.96,95,108.72,84.88,46.360000000000014,0.0639,0
CC-11380,46,Standard,91,53698,9494,0.0732,0.299,349,4188,1.0319,8,3,0,0.0,0,0,12,1,73.29,0,41.88,46.58,-15.170000000000002,0.1056,0
CC-11381,52,Standard,35,35179,5664,0.1128,-0.038,321,3852,0.4977,8,3,1,128.6,0,0,16,0,67.41,0,38.52,39.88,117.60999999999999,0.159,1
CC-11382,32,Black,99,281251,100000,0.0632,-0.0588,3178,38136,1.1908,27,56,0,0.0,5,0,19,0,953.4,495,1144.08,120.76,183.56000000000017,0.0677,0
CC-11383,28,Standard,64,42477,5546,0.15,-0.0311,418,5016,0.9849,8,7,1,167.45,1,1,9,0,87.78,0,50.16,102.07,103.0,0.1856,0
CC-11384,25,Gold,81,70834,19278,0.1091,-0.0338,1057,12684,1.0082,8,17,0,0.0,2,0,9,1,253.68,95,190.26,96.77,61.650000000000034,0.116,0
CC-11385,62,Standard,18,54424,8549,0.0926,-0.136,398,4776,0.6747,119,4,1,159.34,3,0,15,1,83.58,0,47.76,112.07,83.09000000000003,0.9382,1
CC-11386,48,Platinum,46,197479,57825,0.0848,-0.1923,2463,29556,1.0739,119,38,0,0.0,2,0,12,0,665.01,295,650.23,81.34,228.43999999999994,0.7248,1
CC-11387,25,Standard,60,56298,7137,0.0756,0.0552,271,3252,1.2015,8,7,0,0.0,1,1,7,1,56.91,0,32.52,80.97,-56.58000000000001,0.1927,0
CC-11388,69,Black,104,231284,87776,0.0848,0.1382,3741,44892,0.9882,27,52,0,0.0,0,0,12,0,1122.3,495,1346.76,79.16,191.37999999999988,0.1031,0
CC-11389,46,Gold,8,127337,34691,0.0402,0.3467,700,8400,0.7958,8,14,2,280.71,1,0,16,0,168.0,95,126.0,85.79,331.92,0.1519,0
CC-11390,25,Standard,110,56265,7230,0.1005,-0.0851,365,4380,0.8192,27,12,0,0.0,0,0,7,1,76.65,0,43.8,67.23,-34.379999999999995,0.2597,0
CC-11391,42,Standard,91,39854,5900,0.0499,-0.0729,148,1776,1.0161,8,10,0,0.0,0,0,12,0,31.08,0,17.76,56.82,-43.5,0.0541,0
CC-11392,35,Standard,17,36277,5130,0.114,-0.1357,294,3528,0.9646,119,11,0,0.0,2,0,8,0,61.74,0,35.28,102.84,-76.38,0.7769,1
CC-11393,33,Gold,6,108822,27755,0.068,0.1489,948,11376,1.2214,8,13,2,379.89,2,1,16,0,227.52,95,170.64,116.43,415.34,0.1752,0
CC-11394,48,Standard,58,46954,7624,0.0569,0.1022,218,2616,0.8059,8,2,0,0.0,3,1,15,0,45.78,0,26.16,91.44,-71.82,0.1535,0
CC-11395,53,Platinum,66,110223,41428,0.083,-0.1515,1727,20724,0.5845,8,22,0,0.0,2,1,11,0,466.29,295,455.93,114.45,190.90999999999997,0.2829,1
CC-11396,63,Standard,70,43333,6540,0.1293,-0.1553,425,5100,1.0578,8,7,0,0.0,1,0,10,0,89.25,0,51.0,79.04,-40.79000000000002,0.0536,0
CC-11397,43,Standard,96,40419,5976,0.1072,0.1229,322,3864,0.8067,8,5,0,0.0,2,0,14,1,67.62,0,38.64,123.76,-94.78,0.1393,0
CC-11398,53,Gold,36,67488,16182,0.0823,0.0375,669,8028,1.1851,27,14,0,0.0,2,1,11,1,160.56,95,120.42,80.72,54.420000000000016,0.3098,0
CC-11399,63,Gold,93,106559,30496,0.0887,0.0938,1360,16320,0.9523,27,23,1,544.47,1,0,13,0,326.4,95,244.8,55.86,665.21,0.1524,0
CC-11400,38,Standard,97,53794,7523,0.1172,-0.1524,443,5316,1.1464,27,10,0,0.0,1,0,14,1,93.03,0,53.16,59.63,-19.75999999999999,0.1545,0
CC-11401,70,Standard,58,54433,7379,0.1362,-0.3017,505,6060,0.6457,27,11,0,0.0,1,0,15,1,106.05,0,60.6,51.15,-5.700000000000003,0.2918,1
CC-11402,50,Standard,34,54277,8933,0.0566,-0.1512,254,3048,0.993,119,2,0,0.0,2,2,19,0,53.34,0,30.48,86.92,-64.06,0.9351,1
CC-11403,46,Gold,110,65534,15464,0.1145,0.0832,890,10680,0.7402,27,13,1,356.4,5,0,12,0,213.6,95,160.2,129.21,375.59000000000003,0.2025,0
CC-11404,36,Gold,105,72171,20547,0.056,0.2967,578,6936,0.5839,8,10,0,0.0,1,0,10,1,138.72,95,104.04,88.3,41.379999999999995,0.2608,0
CC-11405,33,Gold,118,115996,27002,0.1231,-0.0844,1671,20052,0.6917,27,20,0,0.0,1,0,10,0,401.04,95,300.78,59.77,135.49000000000007,0.2125,0
CC-11406,59,Platinum,11,143780,54387,0.0616,0.3214,1684,20208,0.7867,8,19,0,0.0,0,0,11,0,454.68,295,444.58,80.65,224.45000000000005,0.0826,1
CC-11407,53,Platinum,65,88533,25348,0.1487,0.1045,1894,22728,1.3234,119,23,2,758.69,1,0,11,1,511.38,295,500.02,69.35,995.7000000000002,0.8932,1
CC-11408,46,Gold,107,89610,21377,0.122,-0.229,1311,15732,0.7787,8,20,0,0.0,3,0,13,1,314.64,95,235.98,132.58,41.079999999999984,0.1462,0
CC-11409,68,Platinum,74,162917,53445,0.0587,0.0121,1577,18924,0.5685,8,19,1,631.47,3,0,7,0,425.79,295,416.33,90.99,844.94,0.2173,0
CC-11410,21,Standard,80,50895,8601,0.1157,0.1096,500,6000,0.9894,8,8,0,0.0,1,0,12,0,105.0,0,60.0,97.85,-52.849999999999994,0.0568,0
CC-11411,69,Standard,35,34448,6132,0.0435,-0.3838,134,1608,0.9588,8,4,0,0.0,1,0,8,0,28.14,0,16.08,61.17,-49.11,0.0664,0
CC-11412,58,Standard,89,66225,9778,0.0645,0.0767,317,3804,0.8024,8,9,0,0.0,0,0,6,1,66.57,0,38.04,36.17,-7.640000000000015,0.1614,0
CC-11413,22,Standard,23,28118,4765,0.0735,0.1559,176,2112,0.9016,119,3,0,0.0,3,0,9,0,36.96,0,21.12,83.51,-67.67000000000002,0.7897,1
CC-11414,69,Gold,57,87356,23583,0.11,0.0398,1304,15648,1.2429,8,17,0,0.0,2,2,11,0,312.96,95,234.72,113.94,59.30000000000001,0.186,0
CC-11415,26,Black,78,401558,100000,0.1646,-0.0293,8270,99240,1.1512,8,95,2,3313.13,0,1,14,0,2481.0,495,2977.2,66.95,3244.9800000000005,0.1889,0
CC-11416,66,Standard,59,51656,8712,0.0825,-0.0459,361,4332,1.1253,8,12,0,0.0,3,0,11,0,75.81,0,43.32,99.28,-66.78999999999999,0.0479,0
CC-11417,70,Standard,4,54407,6781,0.1271,-0.0547,433,5196,0.5949,8,7,0,0.0,1,1,7,1,90.93,0,51.96,88.49,-49.51999999999998,0.3977,1
CC-11418,58,Gold,15,62620,16990,0.1076,-0.1964,919,11028,1.816,8,12,1,367.97,2,0,13,1,220.56,95,165.42,87.63,430.48,0.0498,0
CC-11419,62,Black,6,304293,100000,0.1619,-0.1231,8135,97620,1.2654,8,98,0,0.0,1,1,13,1,2440.5,495,2928.6,99.18,-92.27999999999975,0.1666,1
CC-11420,44,Standard,86,44588,5394,0.0793,-0.0825,215,2580,1.1051,8,9,0,0.0,2,3,11,0,45.15,0,25.8,109.9,-90.55000000000001,0.3942,0
CC-11421,38,Gold,52,60986,13729,0.0709,-0.003,489,5868,0.6007,8,12,0,0.0,4,2,16,1,117.36,95,88.02,123.02,1.3200000000000216,0.6354,0
CC-11422,47,Standard,117,54732,9594,0.0452,-0.1035,218,2616,1.2343,8,1,0,0.0,0,1,17,1,45.78,0,26.16,35.66,-16.039999999999992,0.1503,0
CC-11423,61,Standard,50,35780,6281,0.0862,-0.1504,272,3264,0.7997,27,5,0,0.0,1,1,11,1,57.12,0,32.64,81.17,-56.690000000000005,0.4511,0
CC-11424,28,Black,80,230935,100000,0.0652,0.094,3275,39300,0.8917,8,33,0,0.0,0,0,10,0,982.5,495,1179.0,57.98,240.51999999999998,0.0683,0
CC-11425,48,Black,32,310280,100000,0.0974,0.0356,4895,58740,0.4458,8,64,0,0.0,1,0,10,0,1468.5,495,1762.2,85.63,115.67000000000007,0.1809,0
CC-11426,30,Standard,31,43388,7306,0.1092,-0.1009,401,4812,0.5776,8,7,0,0.0,0,0,10,0,84.21,0,48.12,44.64,-8.549999999999997,0.112,1
CC-11427,37,Black,10,291850,100000,0.1,0.0559,5026,60312,1.0816,8,58,3,2012.84,0,1,8,0,1507.8,495,1809.36,74.89,2131.39,0.3167,1
CC-11428,49,Gold,14,80654,18452,0.0927,-0.088,860,10320,1.2519,8,14,0,0.0,2,0,11,0,206.4,95,154.8,77.37,69.22999999999996,0.0409,0
CC-11429,26,Platinum,43,189457,53860,0.0942,-0.0105,2550,30600,1.1555,8,33,0,0.0,1,0,10,0,688.5,295,673.2,108.8,201.5,0.0472,0
CC-11430,34,Gold,104,65343,13683,0.0545,0.1263,375,4500,1.1452,119,14,0,0.0,1,1,13,1,90.0,95,67.5,99.14,18.360000000000014,0.9158,1
CC-11431,42,Gold,28,75122,16668,0.0774,-0.1106,648,7776,0.9306,8,9,1,259.68,0,1,16,0,155.52,95,116.64,45.87,347.69000000000005,0.1821,0
CC-11432,26,Gold,52,95224,23839,0.0721,-0.1959,864,10368,0.828,8,9,0,0.0,1,0,9,0,207.36,95,155.52,82.65,64.19,0.0781,0
CC-11433,46,Gold,4,64006,18225,0.0975,-0.0418,893,10716,1.0367,8,15,3,357.67,2,0,10,1,214.32,95,160.74,92.29,413.96,0.3032,0
CC-11434,59,Standard,57,33387,5733,0.0635,-0.2245,183,2196,1.1964,8,5,0,0.0,2,1,13,0,38.43,0,21.96,113.63,-97.16,0.0918,0
CC-11435,32,Standard,106,46549,7306,0.0741,-0.0616,272,3264,0.9515,8,4,3,108.97,1,1,14,0,57.12,0,32.64,94.38,39.07000000000001,0.3185,1
CC-11436,55,Standard,58,54757,9620,0.0968,-0.0621,468,5616,1.3131,8,8,1,187.44,1,0,10,0,98.28,0,56.16,67.76,161.8,0.0537,0
CC-11437,34,Gold,16,106204,26551,0.1002,-0.3896,1337,16044,0.8855,119,18,1,535.5,0,0,10,0,320.88,95,240.66,56.86,653.86,0.85,1
CC-11438,42,Standard,8,46032,7979,0.0993,0.0596,398,4776,0.6559,8,8,1,159.48,2,0,15,0,83.58,0,47.76,68.61,126.69,0.1328,0
CC-11439,71,Gold,108,70717,17354,0.1179,-0.0474,1028,12336,0.9469,8,20,1,411.83,0,1,15,0,246.72,95,185.04,69.04,499.46999999999997,0.1715,0
CC-11440,43,Black,106,299296,100000,0.1607,0.1573,8078,96936,0.9818,27,115,1,3234.63,2,1,9,1,2423.4,495,2908.08,110.54,3134.4100000000008,0.4765,0
CC-11441,68,Standard,97,51369,8988,0.0686,0.0123,310,3720,0.9254,8,5,1,124.11,1,0,12,0,65.1,0,37.2,75.14,76.86999999999998,0.0894,0
CC-11442,27,Gold,83,90564,21626,0.1101,0.0903,1196,14352,1.3342,8,14,0,0.0,1,0,12,0,287.04,95,215.28,106.74,60.02000000000004,0.0334,0
CC-11443,60,Standard,91,58884,8844,0.0889,0.1585,395,4740,1.1916,8,10,2,158.26,4,0,14,1,82.95,0,47.4,103.23,90.57999999999998,0.1635,0
CC-11444,70,Platinum,63,104504,34072,0.0712,-0.0398,1219,14628,0.5207,8,22,0,0.0,0,1,11,0,329.13,295,321.82,88.45,213.86,0.3046,1
CC-11445,45,Standard,98,37159,5936,0.0664,-0.0201,198,2376,1.4103,27,7,0,0.0,1,1,11,1,41.58,0,23.76,51.29,-33.47,0.2291,1
CC-11446,33,Gold,14,108276,32429,0.048,-0.256,783,9396,0.1276,8,13,0,0.0,1,0,12,0,187.92,95,140.94,104.79,37.18999999999994,0.2639,0
CC-11447,41,Platinum,115,88444,25080,0.0678,0.1659,855,10260,1.5953,8,14,1,342.27,2,0,14,0,230.85,295,225.72,83.33,559.0699999999999,0.0308,0
CC-11448,61,Black,15,242242,100000,0.0687,-0.0419,3454,41448,0.8638,27,45,0,0.0,0,4,13,1,1036.2,495,1243.44,41.59,246.17000000000007,0.9038,1
CC-11449,30,Gold,21,69454,13918,0.0559,-0.1709,391,4692,0.8931,8,12,0,0.0,1,1,12,1,93.84,95,70.38,109.36,9.099999999999994,0.2677,0
CC-11450,29,Gold,46,51760,12237,0.1168,0.091,718,8616,0.932,8,8,0,0.0,4,1,12,0,172.32,95,129.24,139.67,-1.589999999999975,0.1371,0
CC-11451,35,Gold,114,81023,17570,0.1313,-0.347,1159,13908,1.0656,8,19,0,0.0,2,1,8,0,278.16,95,208.62,96.81,67.73000000000002,0.1161,0
CC-11452,22,Platinum,91,166120,64126,0.084,-0.0844,2708,32496,0.9499,27,42,0,0.0,3,1,10,0,731.16,295,714.91,103.62,207.62999999999988,0.2314,1
CC-11453,45,Gold,97,88321,18111,0.13,0.1162,1183,14196,0.91,27,13,1,473.91,1,1,15,0,283.92,95,212.94,65.31,574.58,0.3011,0
CC-11454,33,Standard,61,53995,8272,0.0592,-0.0857,246,2952,1.3427,8,7,1,98.57,0,0,14,1,51.66,0,29.52,70.85,49.86,0.0954,0
CC-11455,54,Black,39,363436,100000,0.2112,-0.1277,10612,127344,1.1197,27,137,1,4251.11,2,0,10,0,3183.6,495,3820.32,91.93,4017.459999999999,0.1325,0
CC-11456,71,Gold,27,76805,16387,0.0937,-0.0824,772,9264,0.6624,27,11,0,0.0,4,0,13,0,185.28,95,138.96,125.39,15.92999999999995,0.2232,0
CC-11457,54,Gold,18,141245,39150,0.0407,-0.3215,801,9612,1.1722,119,15,0,0.0,1,0,14,0,192.24,95,144.18,77.71,65.35000000000002,0.6888,1
CC-11458,55,Standard,40,41114,5470,0.0637,0.0873,175,2100,1.1072,8,8,0,0.0,0,0,8,0,36.75,0,21.0,73.54,-57.790000000000006,0.0529,0
CC-11459,58,Gold,45,80483,17896,0.0724,-0.0384,651,7812,0.7864,27,13,0,0.0,0,1,13,1,156.24,95,117.18,90.44,43.620000000000005,0.4475,0
CC-11460,23,Standard,115,37039,5055,0.0528,-0.0608,134,1608,1.1876,8,4,0,0.0,3,1,17,0,28.14,0,16.08,137.17,-125.11,0.0827,0
CC-11461,62,Gold,89,96589,24985,0.0622,-0.0603,781,9372,0.9027,27,10,0,0.0,0,0,14,0,187.44,95,140.58,85.11,56.75,0.1137,0
CC-11462,26,Standard,16,41731,6659,0.0463,-0.0179,155,1860,0.8835,8,2,1,62.06,1,2,12,0,32.55,0,18.6,66.11,9.899999999999991,0.3806,1
CC-11463,68,Gold,8,83323,16811,0.0726,0.078,613,7356,0.8753,8,6,0,0.0,3,0,14,0,147.12,95,110.34,94.87,36.91,0.0687,0
CC-11464,69,Black,91,265635,100000,0.0843,-0.0278,4237,50844,0.2216,27,42,0,0.0,2,0,16,0,1271.1,495,1525.32,99.61,141.17000000000007,0.3418,0
CC-11465,39,Standard,25,42436,6189,0.1357,-0.2242,422,5064,0.792,27,8,0,0.0,2,2,18,0,88.62,0,50.64,123.48,-85.5,0.4494,0
CC-11466,23,Black,62,291080,100000,0.0888,0.0663,4460,53520,1.164,8,61,0,0.0,4,1,15,0,1338.0,495,1605.6,128.11,99.28999999999996,0.0925,0
CC-11467,38,Standard,109,39934,6910,0.0564,0.0548,196,2352,0.9433,8,8,0,0.0,0,0,10,0,41.16,0,23.52,41.71,-24.070000000000007,0.0618,0
CC-11468,59,Platinum,14,125884,49129,0.0907,0.0108,2240,26880,0.5644,8,32,2,896.92,0,0,21,1,604.8,295,591.36,86.91,1118.4499999999998,0.4122,1
CC-11469,29,Platinum,15,177549,65271,0.1104,0.1413,3620,43440,1.2394,8,45,0,0.0,1,1,17,0,977.4,295,955.68,94.81,221.91000000000008,0.0828,0
CC-11470,32,Gold,102,78762,18414,0.0754,-0.0154,698,8376,0.8604,8,8,0,0.0,3,0,12,0,167.52,95,125.64,94.33,42.54999999999998,0.0678,0
CC-11471,25,Gold,105,93150,25156,0.1013,0.1467,1281,15372,0.5835,8,16,0,0.0,2,0,13,0,307.44,95,230.58,102.79,69.07,0.1357,0
CC-11472,23,Platinum,100,108867,43340,0.0629,0.1911,1371,16452,1.6118,8,19,1,548.72,0,1,11,0,370.17,295,361.94,48.48,803.47,0.0723,0
CC-11473,31,Standard,8,39997,6227,0.0591,0.0673,185,2220,0.634,8,6,0,0.0,0,0,12,1,38.85,0,22.2,60.51,-43.85999999999999,0.1929,1
CC-11474,50,Standard,65,31133,5201,0.0658,-0.1322,172,2064,1.2138,8,2,2,68.88,4,0,16,0,36.12,0,20.64,109.21,-24.849999999999994,0.0805,0
CC-11475,24,Gold,40,124406,34200,0.0803,-0.0396,1380,16560,0.7192,119,25,1,552.78,1,0,20,0,331.2,95,248.4,85.81,644.77,0.8558,1
CC-11476,25,Platinum,52,188141,67738,0.0719,0.1658,2447,29364,0.9907,8,35,1,980.32,1,1,11,0,660.69,295,646.01,68.19,1221.8100000000002,0.1797,0
CC-11477,21,Platinum,54,160841,52065,0.1081,-0.2446,2829,33948,0.6793,8,46,0,0.0,2,0,18,1,763.83,295,746.86,75.09,236.87999999999988,0.2122,1
CC-11478,47,Platinum,42,215288,82758,0.0572,-0.0788,2379,28548,0.5782,27,26,1,952.83,2,1,12,0,642.33,295,628.06,68.58,1193.52,0.5362,1
CC-11479,48,Standard,10,53665,7105,0.1202,-0.0714,429,5148,1.1067,8,8,0,0.0,3,0,15,0,90.09,0,51.48,117.91,-79.29999999999998,0.0475,0
CC-11480,49,Platinum,63,133980,52135,0.065,-0.1498,1703,20436,1.0716,8,13,0,0.0,1,0,12,0,459.81,295,449.59,85.79,219.42999999999995,0.0508,0
CC-11481,38,Standard,10,49190,8277,0.0753,0.1109,313,3756,1.2934,8,5,1,125.45,0,0,10,1,65.73,0,37.56,46.68,106.94,0.1143,0
CC-11482,32,Gold,106,113916,32148,0.0745,0.0365,1204,14448,0.9397,8,19,0,0.0,2,1,9,0,288.96,95,216.72,65.17,102.07,0.1368,0
CC-11483,33,Standard,99,35096,5207,0.1059,-0.1267,277,3324,1.6161,8,4,0,0.0,1,0,9,0,58.17,0,33.24,58.17,-33.239999999999995,0.0226,0
CC-11484,61,Standard,36,31805,4183,0.0742,0.0708,156,1872,1.0305,8,8,0,0.0,0,1,14,0,32.76,0,18.72,53.32,-39.279999999999994,0.1162,0
CC-11485,22,Standard,110,49568,6244,0.1405,-0.0438,441,5292,1.12,119,13,0,0.0,1,0,15,0,92.61,0,52.92,81.39,-41.7,0.686,1
CC-11486,57,Standard,81,38397,6320,0.0982,-0.1535,312,3744,0.5425,8,7,2,124.92,5,0,9,0,65.52,0,37.44,163.14,-10.139999999999986,0.2252,0
CC-11487,65,Gold,102,36977,10672,0.0505,-0.1269,271,3252,0.7658,27,6,2,108.48,1,0,8,1,65.04,95,48.78,62.62,157.12000000000003,0.4563,1
CC-11488,36,Standard,62,31016,4933,0.1226,0.0454,304,3648,1.1059,8,1,1,121.73,1,0,9,1,63.84,0,36.48,62.93,86.16,0.1454,0
CC-11489,68,Standard,59,41496,5338,0.12,0.1209,322,3864,0.9247,8,6,0,0.0,1,0,7,0,67.62,0,38.64,100.65,-71.67000000000002,0.0699,0
CC-11490,44,Standard,101,45542,8019,0.0717,-0.093,289,3468,1.0063,8,6,0,0.0,1,0,9,0,60.69,0,34.68,80.49,-54.47999999999999,0.0576,0
CC-11491,55,Standard,48,45877,8227,0.0486,0.0617,201,2412,0.7051,8,5,0,0.0,0,0,13,0,42.21,0,24.12,76.48,-58.39000000000001,0.0872,0
CC-11492,42,Standard,24,67558,9863,0.0938,0.2173,465,5580,0.9866,27,11,0,0.0,0,0,13,1,97.65,0,55.8,55.8,-13.949999999999989,0.2037,0
CC-11493,56,Standard,89,42664,6642,0.0566,-0.2088,189,2268,0.9856,8,8,0,0.0,1,0,11,0,39.69,0,22.68,100.33,-83.32,0.0578,0
CC-11494,31,Gold,42,90910,25247,0.0666,0.0334,845,10140,0.5959,8,16,0,0.0,1,2,12,0,202.8,95,152.1,76.99,68.71000000000004,0.4754,0
CC-11495,66,Gold,47,50449,13804,0.066,0.1046,458,5496,1.1428,8,4,0,0.0,0,0,19,1,109.92,95,82.44,89.18,33.30000000000001,0.0818,1
CC-11496,49,Gold,57,84338,25029,0.0817,-0.0343,1028,12336,0.44,8,12,0,0.0,0,1,10,0,246.72,95,185.04,59.03,97.65000000000003,0.3382,0
CC-11497,55,Gold,53,92101,19478,0.0651,0.1657,637,7644,1.0053,27,7,0,0.0,0,1,17,0,152.88,95,114.66,83.52,49.69999999999999,0.1982,0
CC-11498,68,Standard,88,29528,4572,0.1132,0.3098,260,3120,1.4797,27,9,0,0.0,5,0,15,1,54.6,0,31.2,113.34,-89.94,0.0957,0
CC-11499,35,Platinum,7,107310,40441,0.0654,0.0315,1329,15948,1.1542,27,21,0,0.0,2,0,13,0,358.83,295,350.86,105.97,196.9999999999999,0.0857,0
CC-11500,51,Gold,97,95394,27569,0.065,-0.055,900,10800,1.1523,8,15,0,0.0,3,0,13,0,216.0,95,162.0,88.49,60.50999999999999,0.0429,0
CC-11501,62,Gold,15,73390,21093,0.088,0.1265,933,11196,0.6808,8,14,1,373.62,1,0,16,1,223.92,95,167.94,103.83,420.77,0.3012,1
CC-11502,61,Standard,30,43846,7834,0.0833,0.1063,328,3936,1.4807,8,10,0,0.0,0,1,6,1,68.88,0,39.36,92.88,-63.360000000000014,0.1377,1
CC-11503,63,Standard,86,51083,7699,0.0711,-0.3978,275,3300,1.363,8,3,0,0.0,1,0,10,1,57.75,0,33.0,69.28,-44.53,0.0677,0
CC-11504,36,Standard,99,67914,11534,0.0692,-0.0204,401,4812,0.6969,8,2,0,0.0,2,0,15,0,84.21,0,48.12,98.76,-62.67,0.0818,0
CC-11505,30,Standard,82,42504,6190,0.0733,-0.0792,228,2736,0.8076,119,4,0,0.0,0,0,14,0,47.88,0,27.36,58.99,-38.46999999999999,0.7899,1
CC-11506,69,Gold,64,122595,29696,0.0899,0.0395,1342,16104,1.3264,119,18,0,0.0,3,0,11,0,322.08,95,241.56,116.78,58.73999999999995,0.6386,1
CC-11507,52,Gold,95,43376,9774,0.0735,-0.049,361,4332,1.4888,119,6,0,0.0,3,0,16,0,86.64,95,64.98,101.27,15.389999999999986,0.5458,1
CC-11508,71,Gold,89,88152,24843,0.0865,-0.0328,1080,12960,0.5706,8,16,0,0.0,1,0,16,0,259.2,95,194.4,99.15,60.64999999999998,0.1327,0
CC-11509,22,Platinum,26,128306,53633,0.0771,-0.1495,2078,24936,0.6489,8,30,0,0.0,0,2,17,0,561.06,295,548.59,36.88,270.5899999999999,0.4329,0
CC-11510,44,Platinum,100,121363,38337,0.061,0.0902,1175,14100,0.9069,27,22,0,0.0,1,0,13,0,317.25,295,310.2,94.48,207.57,0.1141,0
CC-11511,43,Gold,9,98983,20352,0.0784,0.2283,802,9624,0.2987,27,14,0,0.0,1,1,20,1,192.48,95,144.36,50.83,92.29000000000002,0.692,1
CC-11512,22,Black,40,264976,100000,0.0792,-0.1472,3982,47784,0.9557,27,59,0,0.0,2,0,11,0,1194.6,495,1433.52,122.77,133.30999999999995,0.1153,0
CC-11513,58,Standard,39,25000,3930,0.0749,-0.2296,148,1776,1.3057,8,6,0,0.0,1,0,10,1,31.08,0,17.76,52.43,-39.11,0.0764,0
CC-11514,51,Standard,70,27130,4817,0.0756,-0.017,183,2196,0.5184,27,7,0,0.0,1,1,9,0,38.43,0,21.96,97.7,-81.22999999999999,0.384,0
CC-11515,71,Standard,100,53122,7178,0.0987,-0.0243,356,4272,0.9881,8,12,0,0.0,1,1,15,0,74.76,0,42.72,91.98,-59.93999999999998,0.1156,0
CC-11516,60,Gold,44,50208,10398,0.1204,0.1556,629,7548,0.7755,8,6,0,0.0,2,0,8,0,150.96,95,113.22,116.65,16.090000000000003,0.0865,0
CC-11517,46,Platinum,88,166208,57996,0.0589,-0.2044,1718,20616,1.442,27,18,4,687.58,1,2,8,0,463.86,295,453.55,57.71,935.1800000000001,0.6235,0
CC-11518,49,Standard,7,46403,5806,0.1532,-0.1007,447,5364,0.7791,8,14,0,0.0,2,0,16,1,93.87,0,53.64,86.29,-46.06,0.149,0
CC-11519,23,Platinum,66,134040,42443,0.0794,-0.3422,1694,20328,1.4057,8,23,0,0.0,2,1,10,0,457.38,295,447.22,70.16,235.0,0.0708,0
CC-11520,34,Standard,52,44083,5623,0.0832,0.1862,235,2820,0.7708,8,4,1,94.17,3,1,11,0,49.35,0,28.2,97.31,18.010000000000005,0.2375,0
CC-11521,45,Black,108,316033,100000,0.1553,0.0176,7803,93636,1.1814,8,106,0,0.0,0,0,12,0,2340.9,495,2809.08,71.56,-44.73999999999978,0.0415,0
CC-11522,68,Standard,89,31753,4012,0.1369,-0.0895,276,3312,1.0256,8,7,1,110.55,0,0,11,0,57.96,0,33.12,93.19,42.19999999999999,0.0791,0
CC-11523,21,Standard,17,45475,8059,0.0657,-0.2183,266,3192,0.9085,8,6,0,0.0,1,0,18,0,55.86,0,31.92,65.26,-41.32000000000001,0.0602,0
CC-11524,23,Gold,97,60785,13850,0.1088,-0.2046,757,9084,0.7128,8,16,0,0.0,4,0,16,1,181.68,95,136.26,115.44,24.980000000000018,0.153,0
CC-11525,46,Standard,75,46841,6868,0.1252,0.0421,432,5184,1.0469,8,6,0,0.0,0,0,5,0,90.72,0,51.84,59.47,-20.590000000000003,0.0597,0
CC-11526,38,Standard,109,52272,9090,0.0965,-0.1861,441,5292,0.8178,27,10,0,0.0,3,1,15,1,92.61,0,52.92,81.84,-42.14999999999999,0.4123,1
CC-11527,29,Standard,55,46866,7528,0.0439,-0.0044,166,1992,0.7431,8,5,0,0.0,1,1,8,0,34.86,0,19.92,91.31,-76.37,0.1877,0
CC-11528,58,Platinum,27,161301,59120,0.1081,0.2864,3211,38532,1.3918,27,39,0,0.0,2,1,11,0,866.97,295,847.7,72.58,241.68999999999994,0.133,0
CC-11529,43,Gold,91,70124,18972,0.0937,-0.0721,893,10716,1.1143,8,17,4,357.82,0,0,15,1,214.32,95,160.74,87.7,418.7,0.3255,0
CC-11530,41,Standard,115,44300,7519,0.0913,-0.1642,345,4140,1.1431,8,8,0,0.0,7,0,9,0,72.45,0,41.4,164.89,-133.83999999999997,0.0463,0
CC-11531,21,Gold,87,79943,23004,0.0871,0.0373,1007,12084,0.8325,8,14,0,0.0,0,0,10,0,241.68,95,181.26,87.45,67.97000000000003,0.0742,0
CC-11532,41,Gold,11,78551,20758,0.1114,-0.2039,1162,13944,0.8942,8,16,0,0.0,1,0,9,1,278.88,95,209.16,94.08,70.63999999999999,0.1431,0
CC-11533,47,Standard,114,35992,6241,0.0711,0.238,223,2676,0.8754,27,6,0,0.0,2,1,18,0,46.83,0,26.76,111.73,-91.66000000000001,0.2209,0
CC-11534,62,Standard,40,40141,6106,0.0492,0.1905,151,1812,1.0512,8,9,0,0.0,1,0,13,0,31.71,0,18.12,72.55,-58.96,0.0524,0
CC-11535,26,Standard,24,32482,4438,0.0933,-0.0446,208,2496,1.1425,119,7,3,83.34,2,1,16,0,43.68,0,24.96,113.77,-11.70999999999998,0.9452,1
CC-11536,64,Standard,109,25940,4482,0.0444,-0.1546,100,1200,0.9409,8,6,1,40.06,1,0,14,1,21.0,0,12.0,83.65,-34.59,0.1616,0
CC-11537,56,Gold,89,70109,17818,0.0621,-0.0839,556,6672,0.7122,119,12,0,0.0,1,0,16,0,133.44,95,100.08,60.14,68.22,0.8071,1
CC-11538,48,Standard,51,52042,9074,0.0827,-0.0643,377,4524,1.1782,8,7,0,0.0,1,0,13,0,79.17,0,45.24,103.54,-69.61,0.0428,0
CC-11539,65,Gold,70,89973,18356,0.0789,0.0375,728,8736,0.96,8,14,0,0.0,2,0,14,0,174.72,95,131.04,89.42,49.26000000000005,0.0576,0
CC-11540,37,Gold,95,58297,13976,0.0984,0.1359,691,8292,0.5177,8,19,0,0.0,2,0,7,1,165.84,95,124.38,118.87,17.590000000000032,0.2958,0
CC-11541,60,Standard,17,40432,7151,0.0991,-0.1755,356,4272,0.3094,8,5,0,0.0,2,0,6,1,74.76,0,42.72,99.55,-67.50999999999998,0.3102,0
CC-11542,23,Gold,67,99714,22432,0.0813,0.1316,917,11004,1.0394,8,15,0,0.0,1,0,10,0,220.08,95,165.06,53.08,96.94000000000005,0.0553,0
CC-11543,32,Standard,56,39954,7051,0.105,0.0727,372,4464,0.7012,8,10,0,0.0,1,0,14,0,78.12,0,44.64,97.09,-63.610000000000014,0.0856,0
CC-11544,59,Black,32,180756,96108,0.0452,-0.0962,2183,26196,1.0793,8,29,0,0.0,3,1,6,0,654.9,495,785.88,81.53,282.4900000000001,0.1253,0
CC-11545,32,Gold,95,132974,38324,0.0925,-0.183,1782,21384,0.7173,27,21,0,0.0,3,0,4,0,427.68,95,320.76,85.95,115.97000000000008,0.1734,0
CC-11546,22,Platinum,22,134156,48150,0.1105,-0.0026,2673,32076,0.99,27,35,1,1070.94,2,0,9,0,721.71,295,705.67,85.22,1296.7600000000002,0.1628,0
CC-11547,66,Gold,35,60273,15953,0.0617,-0.1789,495,5940,0.8365,8,5,0,0.0,3,1,15,1,118.8,95,89.1,117.87,6.8300000000000125,0.2714,0
CC-11548,42,Standard,107,46926,8079,0.0613,0.1336,249,2988,1.4756,8,6,0,0.0,1,0,7,1,52.29,0,29.88,75.67,-53.26,0.0595,0
CC-11549,43,Gold,110,83180,23089,0.0577,-0.1886,669,8028,1.2351,8,14,1,268.16,3,0,7,0,160.56,95,120.42,103.86,299.44000000000005,0.0614,0
CC-11550,50,Black,102,172096,81473,0.1148,0.0622,4701,56412,1.3542,27,74,1,1882.63,1,0,7,1,1410.3,495,1692.36,75.68,2019.8900000000003,0.1829,1
CC-11551,25,Gold,88,86984,25940,0.0888,-0.0321,1158,13896,0.9572,8,24,1,463.65,1,0,6,0,277.92,95,208.44,57.62,570.51,0.0958,0
CC-11552,29,Platinum,79,174430,65584,0.0658,-0.1041,2170,26040,1.1967,8,27,0,0.0,2,0,11,1,585.9,295,572.88,106.95,201.06999999999994,0.0854,0
CC-11553,41,Platinum,9,131848,54923,0.0783,-0.0354,2160,25920,0.9775,8,25,0,0.0,1,0,11,0,583.2,295,570.24,62.07,245.89,0.0623,0
CC-11554,31,Standard,10,25000,3086,0.0684,0.142,106,1272,1.3909,8,3,0,0.0,2,1,12,0,22.26,0,12.72,91.1,-81.55999999999999,0.0728,0
CC-11555,25,Standard,30,48846,6268,0.1,-0.1988,315,3780,0.9282,8,4,1,126.16,3,1,10,1,66.15,0,37.8,138.19,16.319999999999993,0.3475,0
CC-11556,55,Gold,47,97811,23977,0.1216,-0.0818,1465,17580,0.5308,8,17,0,0.0,0,0,7,1,351.6,95,263.7,90.67,92.23000000000002,0.2998,0
CC-11557,47,Standard,109,38402,5495,0.0608,-0.1328,168,2016,0.3504,8,7,2,67.25,1,1,8,1,35.28,0,20.16,96.11,-13.739999999999995,0.6612,1
CC-11558,69,Platinum,75,119732,46645,0.1109,-0.0258,2599,31188,1.4505,8,37,0,0.0,1,0,13,1,701.73,295,686.14,103.16,207.43000000000006,0.0566,0
CC-11559,22,Platinum,91,219024,66251,0.1307,-0.1227,4350,52200,1.0936,8,50,0,0.0,1,4,10,1,1174.5,295,1148.4,91.13,229.9699999999998,0.7693,1
CC-11560,44,Standard,82,37595,6713,0.1091,-0.2852,368,4416,1.1133,8,3,0,0.0,3,0,14,0,77.28,0,44.16,129.18,-96.06,0.0452,0
CC-11561,51,Standard,76,32378,4497,0.0646,-0.1783,146,1752,1.3969,8,2,0,0.0,1,0,12,0,30.66,0,17.52,64.9,-51.760000000000005,0.0305,0
CC-11562,53,Platinum,13,140878,47905,0.0626,0.2257,1507,18084,0.4545,8,18,1,603.62,1,0,8,0,406.89,295,397.85,77.29,830.3699999999999,0.2558,0
CC-11563,59,Standard,33,51466,7024,0.0501,0.017,177,2124,0.8424,8,2,0,0.0,0,0,10,0,37.17,0,21.24,52.23,-36.3,0.0762,0
CC-11564,50,Platinum,14,158635,57284,0.1012,0.0119,2914,34968,0.8792,8,41,0,0.0,1,0,14,0,786.78,295,769.3,52.28,260.20000000000005,0.068,0
CC-11565,66,Standard,97,25000,3087,0.1225,-0.0624,190,2280,1.1727,8,4,0,0.0,0,0,14,1,39.9,0,22.8,49.42,-32.32,0.0826,0
CC-11566,57,Gold,80,70959,15253,0.0628,-0.0277,481,5772,0.7422,8,9,0,0.0,0,0,20,0,115.44,95,86.58,50.38,73.47999999999999,0.0708,1
CC-11567,71,Standard,53,57969,9550,0.1038,-0.0845,498,5976,0.5896,27,11,0,0.0,3,0,13,0,104.58,0,59.76,121.08,-76.26,0.182,0
CC-11568,48,Gold,46,91942,20103,0.0727,0.059,734,8808,0.5869,8,8,0,0.0,2,0,15,0,176.16,95,132.12,85.56,53.47999999999996,0.1362,0
CC-11569,51,Gold,98,58739,13131,0.0564,-0.0049,372,4464,1.2948,8,6,0,0.0,1,1,13,0,89.28,95,66.96,62.96,54.360000000000014,0.077,0
CC-11570,31,Gold,52,111401,31114,0.0657,-0.1957,1027,12324,0.7272,8,17,0,0.0,0,0,14,1,246.48,95,184.86,35.78,120.84,0.1602,0
CC-11571,43,Standard,119,55855,7015,0.0624,0.0181,220,2640,0.7844,8,2,4,88.11,3,0,22,1,46.2,0,26.4,104.01,3.9000000000000057,0.4099,0
CC-11572,22,Gold,19,78697,19182,0.0622,-0.3888,600,7200,1.1403,119,11,0,0.0,2,0,12,0,144.0,95,108.0,111.25,19.75,0.7078,1
CC-11573,60,Platinum,37,170781,48370,0.0918,0.0421,2232,26784,0.7403,27,36,0,0.0,1,0,11,0,602.64,295,589.25,87.64,220.75,0.1557,0
CC-11574,61,Standard,3,67497,9504,0.1273,-0.2314,608,7296,0.4385,8,7,0,0.0,1,0,9,0,127.68,0,72.96,103.85,-49.129999999999995,0.1414,0
CC-11575,47,Standard,31,33138,5366,0.1057,-0.0344,285,3420,0.4755,8,8,1,114.17,1,0,9,1,59.85,0,34.2,84.43,55.39,0.3237,1
CC-11576,55,Standard,53,51248,6426,0.0997,-0.1992,322,3864,0.933,27,1,0,0.0,1,0,13,1,67.62,0,38.64,52.87,-23.889999999999986,0.2138,1
CC-11577,22,Gold,66,127201,36739,0.0843,-0.0196,1557,18684,1.0992,27,20,0,0.0,0,0,9,0,373.68,95,280.26,61.14,127.28000000000003,0.0955,0
CC-11578,59,Gold,6,98876,28767,0.073,0.0667,1056,12672,0.8893,8,15,0,0.0,1,0,7,0,253.44,95,190.08,75.18,83.18,0.0767,0
CC-11579,57,Gold,89,68969,14517,0.0794,0.2054,579,6948,1.0791,8,7,0,0.0,2,0,16,1,138.96,95,104.22,115.96,13.780000000000001,0.0919,0
CC-11580,41,Standard,30,47687,8557,0.0905,-0.2512,389,4668,0.4661,27,10,0,0.0,1,0,10,1,81.69,0,46.68,89.41,-54.400000000000006,0.3833,1
CC-11581,25,Standard,18,60411,8327,0.1138,0.1263,476,5712,0.4864,27,14,0,0.0,0,0,14,0,99.96,0,57.12,50.95,-8.11,0.2095,0
CC-11582,65,Gold,65,63414,13216,0.1068,-0.0003,709,8508,1.6262,8,14,0,0.0,2,0,13,1,170.16,95,127.62,107.08,30.45999999999998,0.0437,0
CC-11583,41,Gold,78,84360,16914,0.1109,-0.0876,943,11316,1.3198,8,17,0,0.0,2,2,16,0,226.32,95,169.74,114.88,36.69999999999999,0.1523,0
CC-11584,49,Black,55,262956,100000,0.1289,0.094,6480,77760,1.1807,8,83,1,2594.55,2,1,11,0,1944.0,495,2332.8,68.43,2632.32,0.1388,0
CC-11585,40,Standard,87,37896,5979,0.0742,-0.0554,223,2676,0.7521,8,6,0,0.0,1,0,16,0,46.83,0,26.76,93.29,-73.22000000000001,0.0748,0
CC-11586,58,Gold,111,90133,21020,0.1167,0.0876,1233,14796,0.8786,8,24,0,0.0,2,1,6,1,295.92,95,221.94,112.7,56.28000000000003,0.2813,0
CC-11587,40,Standard,19,43866,7466,0.0514,-0.1688,193,2316,0.9495,8,3,1,77.24,2,0,14,0,40.53,0,23.16,86.68,7.929999999999993,0.0883,0
CC-11588,70,Standard,42,52237,8514,0.1124,-0.1149,481,5772,1.3443,27,8,0,0.0,3,0,12,1,101.01,0,57.72,137.08,-93.79,0.1267,0
CC-11589,45,Gold,15,109245,25674,0.0713,0.1215,920,11040,1.0708,8,19,2,368.46,3,2,12,1,220.8,95,165.6,129.93,388.73,0.5901,1
CC-11590,22,Gold,54,57952,15845,0.0455,0.2028,362,4344,1.1078,8,7,0,0.0,0,1,13,0,86.88,95,65.16,50.79,65.93,0.1046,0
CC-11591,52,Black,60,284727,100000,0.1298,-0.0253,6525,78300,0.8997,27,96,4,2612.66,1,2,20,1,1957.5,495,2349.0,73.6,2642.56,0.8705,1
CC-11592,46,Standard,98,44402,5576,0.0924,-0.4381,259,3108,1.1878,8,6,0,0.0,1,1,8,1,54.39,0,31.08,104.49,-81.17999999999999,0.1881,0
CC-11593,26,Standard,39,47288,6543,0.1259,-0.0499,414,4968,1.0407,27,6,0,0.0,5,0,9,0,86.94,0,49.68,159.95,-122.69,0.106,0
CC-11594,61,Gold,116,84671,20857,0.0752,-0.0151,788,9456,0.9632,27,13,0,0.0,1,1,13,0,189.12,95,141.84,98.42,43.860000000000014,0.2137,0
CC-11595,23,Gold,81,64160,16027,0.093,-0.0549,749,8988,0.7271,8,14,0,0.0,0,0,11,1,179.76,95,134.82,93.28,46.66,0.1651,0
CC-11596,53,Standard,78,61365,9360,0.0702,0.0305,330,3960,0.9159,8,11,0,0.0,2,0,13,0,69.3,0,39.6,69.46,-39.760000000000005,0.0624,0
CC-11597,21,Standard,63,66158,9132,0.068,-0.0915,312,3744,0.6261,27,9,0,0.0,3,0,12,0,65.52,0,37.44,83.76,-55.68000000000001,0.1752,0
CC-11598,71,Standard,115,51152,8186,0.0734,0.1058,302,3624,0.938,8,8,0,0.0,1,0,11,0,63.42,0,36.24,76.1,-48.92,0.0608,0
CC-11599,25,Platinum,81,160933,59595,0.0892,-0.195,2671,32052,0.9767,8,41,1,1070.0,1,1,6,0,721.17,295,705.14,104.76,1276.27,0.1946,1
CC-11600,33,Standard,36,46474,7188,0.0991,0.1655,358,4296,0.2286,27,6,1,143.38,0,0,7,1,75.18,0,42.96,67.01,108.59,0.5889,1
CC-11601,39,Standard,72,55903,7089,0.1126,0.2125,401,4812,0.8809,8,7,0,0.0,1,0,11,0,84.21,0,48.12,106.02,-69.92999999999999,0.0685,0
CC-11602,32,Standard,19,25000,3715,0.1328,-0.157,248,2976,0.5972,8,7,0,0.0,4,1,16,1,52.08,0,29.76,104.32,-81.99999999999999,0.3518,1
CC-11603,68,Standard,114,44956,6355,0.1115,-0.157,356,4272,1.0996,8,14,0,0.0,1,1,12,0,74.76,0,42.72,94.23,-62.18999999999998,0.103,1
CC-11604,45,Standard,115,38557,5762,0.1267,0.0416,367,4404,1.1411,8,8,0,0.0,0,0,10,0,77.07,0,44.04,54.35,-21.320000000000007,0.0456,0
CC-11605,71,Gold,22,88098,25741,0.0421,-0.1981,544,6528,0.8221,8,11,0,0.0,0,0,10,1,130.56,95,97.92,75.63,52.00999999999999,0.154,0
CC-11606,55,Standard,75,57292,8526,0.0499,-0.0939,214,2568,1.1147,8,7,1,85.64,2,0,19,0,44.94,0,25.68,90.7,14.199999999999989,0.0603,0
CC-11607,32,Platinum,61,140666,39661,0.0858,0.1454,1711,20532,1.1273,8,17,1,684.95,2,0,10,0,461.97,295,451.7,83.23,906.9900000000001,0.0708,0
CC-11608,50,Standard,71,40944,5991,0.0575,0.0906,173,2076,0.8811,8,8,0,0.0,2,0,10,1,36.33,0,20.76,116.32,-100.74999999999999,0.1372,0
CC-11609,25,Gold,89,55180,15564,0.0724,0.277,566,6792,1.4103,27,12,0,0.0,1,0,16,1,135.84,95,101.88,73.38,55.58000000000001,0.1038,1
CC-11610,54,Platinum,35,136175,53000,0.0781,0.0056,2081,24972,0.7325,8,43,3,833.17,0,0,16,1,561.87,295,549.38,48.7,1091.96,0.3796,1
CC-11611,42,Gold,104,99285,24954,0.0851,-0.1116,1067,12804,1.3914,8,13,2,427.44,0,1,8,0,256.08,95,192.06,44.07,542.39,0.1489,0
CC-11612,59,Gold,80,67126,15101,0.11,-0.0123,835,10020,0.8824,8,7,0,0.0,1,0,15,0,200.4,95,150.3,60.63,84.46999999999997,0.0631,0
CC-11613,33,Standard,19,25000,3697,0.1319,-0.0426,245,2940,0.697,27,7,0,0.0,3,0,7,1,51.45,0,29.4,111.34,-89.29,0.3152,0
CC-11614,67,Standard,59,70585,10857,0.1188,-0.0405,648,7776,0.8445,8,13,0,0.0,1,0,9,1,136.08,0,77.76,53.24,5.0800000000000125,0.148,1
CC-11615,23,Gold,85,92122,27635,0.041,-0.0236,569,6828,0.6202,8,9,0,0.0,0,0,19,0,136.56,95,102.42,39.54,89.6,0.1178,0
CC-11616,40,Black,99,264489,100000,0.0919,-0.1598,4620,55440,1.1854,119,62,0,0.0,7,0,13,0,1386.0,495,1663.2,167.09,50.710000000000036,0.6739,1
CC-11617,51,Gold,3,114558,30864,0.0558,0.0223,865,10380,0.4692,27,17,0,0.0,1,0,14,0,207.6,95,155.7,92.05,54.85000000000002,0.2813,1
CC-11618,25,Gold,15,88006,21926,0.054,-0.2313,595,7140,1.3669,8,11,4,238.32,2,0,7,0,142.8,95,107.1,106.35,262.67,0.1598,0
CC-11619,44,Gold,112,113305,26677,0.0882,-0.1275,1183,14196,0.6692,27,13,0,0.0,3,1,8,0,283.92,95,212.94,133.97,32.01000000000005,0.4064,0
CC-11620,60,Gold,29,111485,31360,0.0745,-0.0378,1174,14088,1.201,119,24,0,0.0,2,3,5,0,281.76,95,211.32,95.37,70.07,0.9698,1
CC-11621,53,Standard,72,30661,4589,0.0642,-0.3589,148,1776,0.9573,27,5,0,0.0,0,2,13,0,31.08,0,17.76,48.08,-34.760000000000005,0.3997,0
CC-11622,28,Gold,61,94774,28381,0.0805,0.0953,1148,13776,1.0312,8,24,1,459.87,2,2,11,1,275.52,95,206.64,113.03,510.72,0.5023,1
CC-11623,44,Black,8,400769,100000,0.2048,-0.328,10294,123528,0.773,8,130,0,0.0,0,0,12,0,3088.2,495,3705.84,43.85,-166.49000000000024,0.0829,0
CC-11624,70,Standard,99,33765,4189,0.0556,0.0804,117,1404,1.0558,8,4,0,0.0,0,0,15,0,24.57,0,14.04,75.42,-64.89000000000001,0.0478,0
CC-11625,40,Gold,96,64039,17178,0.0664,-0.2139,573,6876,0.9905,8,11,0,0.0,2,0,9,0,137.52,95,103.14,106.93,22.450000000000017,0.0593,0
CC-11626,36,Standard,112,35806,4396,0.1498,-0.0807,331,3972,0.5126,8,7,1,132.55,1,0,11,1,69.51,0,39.72,61.6,100.74000000000001,0.2883,0
CC-11627,70,Gold,101,103921,23387,0.0902,0.0579,1060,12720,0.6612,8,19,0,0.0,0,0,13,1,254.4,95,190.8,38.29,120.30999999999997,0.2276,0
CC-11628,32,Standard,25,48199,6806,0.0795,0.3097,272,3264,0.7877,8,8,0,0.0,2,0,12,1,57.12,0,32.64,76.26,-51.78000000000001,0.1556,0
CC-11629,33,Gold,12,43864,12016,0.0547,-0.0025,330,3960,0.7235,8,7,0,0.0,1,0,13,0,79.2,95,59.4,97.61,17.189999999999998,0.0873,0
CC-11630,65,Platinum,53,151933,53053,0.0635,-0.3174,1694,20328,1.3258,8,22,0,0.0,0,0,11,1,457.38,295,447.22,85.07,220.09000000000003,0.0721,1
CC-11631,62,Standard,21,42165,5132,0.0651,0.1231,168,2016,0.9521,8,3,0,0.0,3,1,12,0,35.28,0,20.16,95.72,-80.6,0.1358,1
CC-11632,59,Gold,53,82614,21618,0.1002,-0.0548,1088,13056,0.7164,8,20,1,436.01,0,0,12,0,261.12,95,195.84,66.18,530.11,0.1245,0
CC-11633,45,Platinum,94,110704,37373,0.0519,-0.0095,974,11688,0.8028,8,12,1,390.42,0,0,16,0,262.98,295,257.14,38.38,652.8800000000001,0.0995,0
CC-11634,66,Platinum,89,152189,62253,0.0578,0.0637,1808,21696,0.7987,119,31,0,0.0,3,1,9,0,488.16,295,477.31,91.63,214.22000000000003,0.9075,1
CC-11635,52,Standard,70,56817,8521,0.0481,-0.3538,206,2472,0.8636,27,8,0,0.0,1,1,9,1,43.26,0,24.72,84.01,-65.47,0.4317,0
CC-11636,44,Standard,86,37777,6140,0.1044,-0.019,322,3864,0.6274,8,7,0,0.0,1,0,8,0,67.62,0,38.64,63.97,-34.989999999999995,0.1038,0
CC-11637,68,Standard,85,26072,3471,0.0573,-0.0815,100,1200,0.7058,8,5,0,0.0,0,0,13,0,21.0,0,12.0,38.06,-29.060000000000002,0.0847,0
CC-11638,67,Black,44,258781,100000,0.0867,0.1633,4357,52284,1.18,8,50,0,0.0,1,0,13,1,1307.1,495,1568.52,103.37,130.21000000000004,0.0867,1
CC-11639,64,Platinum,93,166470,63414,0.0841,0.0891,2680,32160,1.0056,8,46,3,1073.47,1,0,9,1,723.6,295,707.52,63.95,1320.6000000000001,0.3023,1
CC-11640,29,Gold,59,76053,22086,0.0623,-0.2641,691,8292,0.9043,8,12,0,0.0,0,0,11,1,165.84,95,124.38,81.6,54.86000000000004,0.1317,0
CC-11641,60,Platinum,100,87585,24938,0.082,0.1694,1027,12324,0.9508,8,11,0,0.0,3,0,16,0,277.29,295,271.13,105.34,195.81999999999994,0.055,0
CC-11642,70,Gold,70,101218,24773,0.063,0.0474,784,9408,0.9363,8,18,0,0.0,4,0,12,0,188.16,95,141.12,137.35,4.689999999999941,0.062,0
CC-11643,43,Gold,40,115076,30830,0.0964,-0.2521,1493,17916,0.8873,8,26,1,598.22,1,1,11,0,358.32,95,268.74,71.38,711.42,0.207,1
CC-11644,70,Standard,64,45225,5685,0.1554,-0.0116,444,5328,1.1051,8,10,3,177.82,2,0,15,0,93.24,0,53.28,101.16,116.62,0.1369,0
CC-11645,33,Platinum,9,83797,28280,0.0749,0.1352,1065,12780,1.0829,27,17,0,0.0,1,1,8,0,287.55,295,281.16,89.39,211.99999999999994,0.2133,0
CC-11646,52,Standard,114,41424,7312,0.0403,-0.2021,148,1776,0.4785,27,1,0,0.0,2,0,11,1,31.08,0,17.76,72.42,-59.10000000000001,0.3576,1
CC-11647,70,Platinum,73,145303,49552,0.0469,0.1866,1169,14028,0.9105,8,14,0,0.0,2,0,10,0,315.63,295,308.62,118.03,183.98000000000002,0.0668,0
CC-11648,35,Platinum,52,111660,46669,0.0899,-0.2469,2109,25308,0.4983,27,24,0,0.0,1,0,11,0,569.43,295,556.78,71.17,236.48000000000002,0.2758,0
CC-11649,56,Gold,54,97396,20032,0.1017,-0.1387,1024,12288,1.1407,119,18,0,0.0,3,0,12,0,245.76,95,184.32,127.24,29.19999999999999,0.7016,1
CC-11650,69,Standard,28,34791,5673,0.1042,-0.1614,297,3564,1.1803,27,5,0,0.0,1,0,22,0,62.37,0,35.64,83.15,-56.42000000000001,0.0687,0
CC-11651,25,Standard,28,45288,7013,0.1024,0.1865,361,4332,0.7668,27,6,0,0.0,1,0,16,1,75.81,0,43.32,60.99,-28.5,0.2544,0
CC-11652,42,Standard,21,42431,6366,0.1244,-0.0937,398,4776,0.915,119,3,0,0.0,0,0,7,0,83.58,0,47.76,56.32,-20.5,0.7931,1
CC-11653,36,Standard,11,51928,9256,0.103,-0.1944,479,5748,0.3166,8,8,0,0.0,1,0,3,1,100.59,0,57.48,55.12,-12.009999999999991,0.3218,0
CC-11654,61,Standard,63,44839,5729,0.1337,0.0468,385,4620,1.2418,8,10,1,154.18,3,1,13,0,80.85,0,46.2,96.29,92.53999999999999,0.1225,0
CC-11655,30,Black,22,266245,100000,0.1076,0.0792,5409,64908,1.1629,119,71,0,0.0,0,1,7,1,1622.7,495,1947.24,47.43,123.02999999999975,0.9273,1
CC-11656,44,Gold,108,67939,18284,0.0598,0.0801,549,6588,1.295,8,10,0,0.0,2,4,12,0,131.76,95,98.82,81.43,46.50999999999999,0.5195,1
CC-11657,38,Standard,111,45391,6152,0.0983,-0.0607,304,3648,1.396,27,6,0,0.0,2,0,11,0,63.84,0,36.48,113.19,-85.82999999999998,0.0573,0
CC-11658,69,Standard,52,42072,7324,0.0763,0.0182,281,3372,0.5828,27,8,0,0.0,1,1,11,0,59.01,0,33.72,54.8,-29.509999999999998,0.3542,1
CC-11659,38,Standard,82,35206,5131,0.1008,-0.1175,260,3120,1.2164,8,1,3,104.1,3,2,22,1,54.6,0,31.2,117.92,9.579999999999984,0.5684,0
CC-11660,27,Gold,83,88389,24874,0.0485,0.2312,606,7272,1.3938,8,18,0,0.0,2,1,7,1,145.44,95,109.08,86.22,45.139999999999986,0.1469,0
CC-11661,24,Gold,24,92734,22152,0.0962,0.1516,1071,12852,0.5016,8,19,0,0.0,2,1,11,1,257.04,95,192.78,94.03,65.23000000000002,0.4969,1
CC-11662,46,Platinum,15,128155,51150,0.0715,0.1424,1838,22056,0.8986,8,27,0,0.0,4,0,15,0,496.26,295,485.23,107.77,198.26,0.0648,0
CC-11663,25,Gold,14,104795,27630,0.0845,0.0991,1173,14076,0.841,8,15,0,0.0,3,0,15,0,281.52,95,211.14,137.21,28.16999999999996,0.0706,0
CC-11664,36,Black,12,298478,100000,0.0915,0.058,4599,55188,1.2066,8,74,0,0.0,0,0,15,0,1379.7,495,1655.64,74.82,144.24,0.0407,0
CC-11665,55,Platinum,67,95065,35264,0.0752,-0.2067,1332,15984,0.2318,8,25,0,0.0,1,1,17,0,359.64,295,351.65,62.11,240.88,0.3807,0
CC-11666,46,Standard,98,60045,7894,0.0716,0.075,284,3408,1.4948,8,5,1,113.77,1,0,9,0,59.64,0,34.08,79.43,59.89999999999999,0.0402,0
CC-11667,38,Black,32,333689,100000,0.1902,-0.0029,9560,114720,0.9162,8,105,0,0.0,2,1,10,0,2868.0,495,3441.6,74.32,-152.92000000000007,0.1465,0
CC-11668,49,Standard,10,56270,7327,0.1005,0.1695,370,4440,1.2248,27,6,1,148.22,3,0,9,0,77.7,0,44.4,134.57,46.95000000000002,0.1189,0
CC-11669,43,Platinum,23,154017,43599,0.0764,0.1011,1674,20088,0.9319,27,26,1,670.47,0,0,15,0,451.98,295,441.94,63.26,912.25,0.1591,0
CC-11670,34,Standard,24,25000,3317,0.06,0.0626,100,1200,1.0976,8,5,1,40.06,2,0,10,0,21.0,0,12.0,69.44,-20.379999999999995,0.0761,0
CC-11671,35,Platinum,20,178241,63291,0.0988,-0.2726,3143,37716,0.2536,8,41,0,0.0,0,0,10,0,848.61,295,829.75,44.05,269.8100000000002,0.2328,1
CC-11672,69,Platinum,68,142127,49377,0.0614,-0.0334,1523,18276,0.8345,119,25,0,0.0,2,1,11,0,411.21,295,402.07,94.87,209.27000000000004,0.9005,1
CC-11673,53,Platinum,50,152362,53358,0.1269,-0.1037,3404,40848,1.2043,8,46,1,1362.92,1,0,11,0,919.08,295,898.66,61.79,1616.5500000000002,0.0625,0
CC-11674,45,Platinum,46,158913,50006,0.0981,0.0179,2464,29568,1.0366,8,32,0,0.0,1,0,22,0,665.28,295,650.5,92.67,217.11,0.0449,0
CC-11675,41,Standard,11,66783,10759,0.0649,-0.0823,351,4212,0.4589,8,5,0,0.0,1,0,19,1,73.71,0,42.12,75.55,-43.959999999999994,0.2153,1
CC-11676,37,Standard,69,38854,6304,0.0944,-0.0614,299,3588,0.9684,8,11,0,0.0,0,0,12,0,62.79,0,35.88,68.86,-41.95000000000001,0.0591,0
CC-11677,43,Standard,56,39145,5538,0.0726,0.0489,202,2424,0.7044,8,8,0,0.0,2,0,13,1,42.42,0,24.24,102.09,-83.91,0.1675,0
CC-11678,63,Standard,28,35425,6123,0.1011,-0.0848,311,3732,0.6784,8,8,0,0.0,2,1,14,0,65.31,0,37.32,121.88,-93.88999999999999,0.1887,0
CC-11679,37,Gold,87,62263,16462,0.0608,-0.0018,503,6036,0.4938,8,5,2,201.46,1,1,21,0,120.72,95,90.54,106.01,220.63,0.4495,0
CC-11680,34,Standard,96,33170,5399,0.1213,-0.2479,329,3948,1.1356,8,8,0,0.0,0,0,10,0,69.09,0,39.48,57.55,-27.939999999999998,0.0467,0
CC-11681,49,Black,94,150376,61642,0.1118,-0.1449,3462,41544,1.2839,8,40,1,1387.16,1,0,12,0,1038.6,495,1246.32,103.75,1570.6900000000003,0.0525,0
CC-11682,40,Gold,102,94066,18818,0.1337,0.0784,1264,15168,1.586,8,26,0,0.0,1,0,11,0,303.36,95,227.52,109.64,61.19999999999999,0.0227,0
CC-11683,50,Platinum,28,209573,84070,0.0426,-0.2045,1800,21600,0.5078,8,17,0,0.0,2,0,15,1,486.0,295,475.2,117.79,188.01,0.2777,1
CC-11684,39,Standard,36,68080,11529,0.0665,0.1669,385,4620,1.1802,8,10,1,154.32,0,0,13,1,80.85,0,46.2,38.05,150.92,0.1247,1
CC-11685,59,Platinum,10,110167,32746,0.1242,0.1262,2044,24528,1.2,27,27,0,0.0,0,1,11,0,551.88,295,539.62,54.63,252.63,0.1746,1
CC-11686,33,Platinum,12,130474,43366,0.1037,-0.0602,2260,27120,0.7758,8,22,0,0.0,3,0,13,0,610.2,295,596.64,86.58,221.98000000000002,0.0808,0
CC-11687,38,Gold,50,111208,29596,0.0519,0.4298,772,9264,0.6747,8,12,0,0.0,2,1,18,0,185.28,95,138.96,106.04,35.27999999999997,0.2313,0
CC-11688,43,Gold,57,94187,24979,0.0642,0.1665,806,9672,0.6243,8,6,2,322.79,1,0,4,1,193.44,95,145.08,70.97,395.18,0.4635,1
CC-11689,66,Platinum,109,144708,57948,0.0569,-0.1624,1657,19884,0.7918,27,25,0,0.0,1,0,14,1,447.39,295,437.45,61.31,243.63,0.2418,1
CC-11690,53,Standard,116,42111,5407,0.1148,0.0919,312,3744,1.0108,27,5,0,0.0,2,1,10,1,65.52,0,37.44,77.43,-49.35000000000001,0.3615,1
CC-11691,59,Gold,56,110038,26738,0.0691,-0.0101,929,11148,1.358,8,10,0,0.0,2,1,8,0,222.96,95,167.22,87.51,63.23000000000002,0.0795,0
CC-11692,60,Standard,80,32928,4143,0.085,-0.1365,177,2124,1.2816,8,5,1,70.88,2,0,11,1,37.17,0,21.24,100.73,-13.920000000000002,0.1084,0
CC-11693,38,Standard,42,50409,7227,0.0653,-0.1805,237,2844,0.4654,8,9,0,0.0,3,0,9,0,49.77,0,28.44,120.86,-99.53,0.1324,0
CC-11694,29,Standard,17,48880,5909,0.0997,0.1292,296,3552,0.7133,8,3,0,0.0,0,0,16,0,62.16,0,35.52,36.3,-9.659999999999997,0.0835,0
CC-11695,53,Standard,83,45487,7910,0.0528,-0.1097,210,2520,1.3399,27,2,0,0.0,5,0,17,0,44.1,0,25.2,168.87,-149.97,0.0569,0
CC-11696,52,Standard,119,53861,8166,0.1279,-0.0353,525,6300,0.7307,8,10,1,210.23,1,2,16,0,110.25,0,63.0,52.44,205.04000000000002,0.3993,0
CC-11697,37,Standard,20,45379,7759,0.0508,-0.1582,198,2376,0.9329,8,6,0,0.0,1,0,14,0,41.58,0,23.76,108.81,-90.99,0.0624,0
CC-11698,39,Black,98,242583,89945,0.158,-0.1322,7142,85704,0.4384,8,88,0,0.0,2,0,19,0,2142.6,495,2571.12,81.13,-14.650000000000091,0.1502,0
CC-11699,47,Gold,104,86965,19371,0.0829,-0.039,807,9684,1.2959,8,9,0,0.0,1,1,7,1,193.68,95,145.26,103.54,39.879999999999995,0.1652,1
CC-11700,26,Black,25,168552,68548,0.0895,0.0382,3082,36984,0.3762,8,44,0,0.0,1,0,12,0,924.6,495,1109.52,102.81,207.26999999999998,0.1927,0
CC-11701,55,Standard,64,51893,7431,0.0678,-0.4083,253,3036,0.4572,8,1,0,0.0,1,1,13,0,53.13,0,30.36,79.04,-56.27,0.247,0
CC-11702,57,Standard,48,54767,9210,0.0895,-0.0175,414,4968,1.2652,8,7,0,0.0,1,0,11,0,86.94,0,49.68,95.07,-57.81,0.039,0
CC-11703,54,Gold,89,71046,16955,0.0988,-0.1319,842,10104,1.526,8,13,1,337.18,1,1,7,0,202.08,95,151.56,89.88,392.82,0.089,0
CC-11704,40,Standard,101,34936,4621,0.0969,0.1904,225,2700,0.8628,8,7,0,0.0,2,0,8,0,47.25,0,27.0,114.31,-94.06,0.0728,0
CC-11705,45,Standard,41,38027,4711,0.0591,0.4214,140,1680,0.9359,8,6,0,0.0,3,0,9,0,29.4,0,16.8,113.36,-100.75999999999999,0.0671,0
CC-11706,24,Gold,17,83660,17397,0.1357,-0.0739,1186,14232,1.2225,8,20,0,0.0,2,0,16,0,284.64,95,213.48,85.19,80.97000000000003,0.0388,0
CC-11707,30,Standard,55,47428,7854,0.1186,-0.2783,468,5616,1.0368,8,7,0,0.0,1,0,10,1,98.28,0,56.16,75.05,-32.92999999999998,0.1116,0
CC-11708,30,Gold,90,119329,29173,0.0758,-0.0025,1111,13332,0.838,27,18,1,445.1,2,0,14,1,266.64,95,199.98,73.36,533.4000000000001,0.3099,0
CC-11709,44,Gold,66,116643,31798,0.0813,-0.0508,1299,15588,0.8044,8,18,2,520.35,0,0,10,0,311.76,95,233.82,52.22,641.07,0.1595,0
CC-11710,41,Standard,65,54354,8747,0.0783,0.2757,344,4128,0.48,8,2,0,0.0,1,1,12,0,72.24,0,41.28,108.04,-77.08,0.2438,0
CC-11711,31,Standard,94,46364,5940,0.0851,0.23,254,3048,1.0199,27,7,0,0.0,0,1,16,0,53.34,0,30.48,60.76,-37.89999999999999,0.1923,0
CC-11712,47,Platinum,82,107557,32267,0.0574,0.1098,931,11172,0.9224,27,14,0,0.0,3,0,13,0,251.37,295,245.78,122.81,177.77999999999997,0.1131,0
CC-11713,36,Gold,18,120692,33254,0.069,-0.108,1153,13836,0.8186,27,15,1,461.85,0,1,11,0,276.72,95,207.54,53.65,572.3800000000001,0.3659,0
CC-11714,46,Standard,106,42214,6892,0.1071,0.0817,371,4452,0.6495,8,9,0,0.0,1,0,6,0,77.91,0,44.52,93.17,-59.78,0.1027,0
CC-11715,50,Black,105,299696,100000,0.0642,0.0198,3228,38736,0.6798,8,52,0,0.0,0,1,14,0,968.4,495,1162.08,63.61,237.71000000000026,0.2359,1
CC-11716,69,Standard,72,52057,6488,0.115,0.0162,375,4500,1.1355,8,2,0,0.0,3,0,9,0,78.75,0,45.0,127.33,-93.57999999999998,0.0485,0
CC-11717,36,Gold,68,86308,17366,0.1365,-0.2537,1191,14292,1.2145,8,13,0,0.0,2,0,12,0,285.84,95,214.38,88.95,77.50999999999999,0.0407,0
CC-11718,27,Black,15,360576,100000,0.1073,0.1393,5390,64680,0.8519,8,70,0,0.0,2,0,20,1,1617.0,495,1940.4,122.86,48.73999999999978,0.125,1
CC-11719,36,Standard,110,50123,6042,0.0751,-0.0038,228,2736,0.8203,27,5,0,0.0,1,1,13,0,47.88,0,27.36,61.05,-40.529999999999994,0.2556,0
CC-11720,55,Standard,49,56122,7509,0.1261,-0.0351,476,5712,0.6939,8,9,0,0.0,2,0,14,0,99.96,0,57.12,95.33,-52.489999999999995,0.087,0
CC-11721,36,Standard,11,50032,7263,0.0688,-0.11,251,3012,1.231,8,5,0,0.0,3,1,15,0,52.71,0,30.12,89.86,-67.27000000000001,0.0872,0
CC-11722,60,Standard,65,44573,5673,0.0719,-0.139,205,2460,0.9593,8,3,0,0.0,3,1,11,0,43.05,0,24.6,95.79,-77.34000000000002,0.1325,0
CC-11723,32,Standard,36,45834,5786,0.0922,0.0276,268,3216,1.0604,8,7,0,0.0,0,0,13,0,56.28,0,32.16,66.16,-42.03999999999999,0.0518,0
CC-11724,55,Gold,83,83677,24236,0.0613,-0.2824,746,8952,1.0575,27,10,0,0.0,1,0,8,0,179.04,95,134.28,60.51,79.24999999999997,0.1019,1
CC-11725,69,Standard,93,30551,4739,0.1172,0.0984,279,3348,0.8577,8,9,2,111.8,3,1,11,0,58.59,0,33.48,86.5,50.41,0.2809,1
CC-11726,41,Gold,31,63732,18701,0.0758,-0.1781,712,8544,0.6004,8,6,0,0.0,1,0,12,0,170.88,95,128.16,100.84,36.879999999999995,0.1423,0
CC-11727,70,Black,39,331838,100000,0.1246,-0.3288,6263,75156,0.6512,8,83,0,0.0,2,0,12,1,1878.9,495,2254.68,86.93,32.29000000000042,0.2433,0
CC-11728,63,Platinum,45,95922,35951,0.0824,0.2533,1488,17856,1.2884,27,24,0,0.0,1,0,12,0,401.76,295,392.83,92.69,211.24,0.0695,0
CC-11729,56,Gold,88,76410,16846,0.1311,-0.1487,1110,13320,0.7323,27,15,0,0.0,0,0,7,1,266.4,95,199.8,63.77,97.82999999999998,0.2911,0
CC-11730,68,Standard,117,33186,5213,0.0515,-0.1283,135,1620,0.8269,8,4,0,0.0,0,0,8,1,28.35,0,16.2,79.77,-67.62,0.148,0
CC-11731,37,Gold,66,75273,16030,0.066,0.1502,532,6384,0.6097,8,8,0,0.0,2,0,10,1,127.68,95,95.76,80.71,46.21000000000001,0.2591,0
CC-11732,52,Gold,26,81700,16356,0.1453,0.2582,1194,14328,0.5852,8,22,0,0.0,0,1,9,1,286.56,95,214.92,40.94,125.70000000000002,0.473,1
CC-11733,61,Standard,73,40429,7111,0.1097,-0.25,392,4704,0.7193,119,9,0,0.0,2,0,12,0,82.32,0,47.04,96.35,-61.06999999999999,0.8195,1
CC-11734,26,Standard,36,28930,4434,0.0583,-0.1634,130,1560,1.4565,8,6,0,0.0,1,0,15,1,27.3,0,15.6,88.09,-76.39,0.0557,0
CC-11735,44,Platinum,50,133506,54706,0.047,-0.1524,1291,15492,1.1474,8,23,0,0.0,3,1,10,0,348.57,295,340.82,136.94,165.80999999999995,0.1046,0
CC-11736,47,Standard,14,34212,4790,0.0872,0.1202,210,2520,0.792,8,6,0,0.0,3,0,13,0,44.1,0,25.2,126.39,-107.49000000000001,0.0788,0
CC-11737,40,Standard,25,37838,5284,0.052,0.2259,138,1656,1.2749,27,5,0,0.0,0,0,11,0,28.98,0,16.56,87.47,-75.05,0.0734,0
CC-11738,45,Standard,81,53330,7681,0.1062,-0.182,410,4920,0.9043,27,9,2,164.19,1,1,15,0,86.1,0,49.2,93.8,107.28999999999999,0.3967,1
CC-11739,22,Standard,99,55748,9051,0.047,0.1922,214,2568,1.3563,8,4,0,0.0,4,1,8,0,44.94,0,25.68,154.69,-135.43,0.0771,0
CC-11740,29,Platinum,15,94116,33807,0.0463,-0.1264,787,9444,1.6135,8,13,0,0.0,1,1,12,0,212.49,295,207.77,94.44,205.27999999999997,0.052,0
CC-11741,48,Gold,89,118334,34616,0.067,0.0304,1165,13980,1.2584,8,22,0,0.0,0,0,6,0,279.6,95,209.7,74.2,90.70000000000005,0.042,0
CC-11742,58,Platinum,104,122146,34635,0.1534,-0.2107,2670,32040,0.9784,8,39,0,0.0,2,0,7,0,720.9,295,704.88,84.01,227.01,0.0623,0
CC-11743,23,Standard,98,38238,6213,0.0756,-0.0383,236,2832,1.1598,8,5,0,0.0,4,0,11,1,49.56,0,28.32,109.82,-88.57999999999998,0.0889,1
CC-11744,40,Standard,47,34968,4889,0.081,-0.0367,199,2388,0.9545,27,2,0,0.0,3,0,15,0,41.79,0,23.88,96.74,-78.82999999999998,0.107,0
CC-11745,26,Gold,116,86188,18790,0.1367,-0.0673,1291,15492,0.3992,27,20,1,517.02,1,1,10,1,309.84,95,232.38,51.62,637.8599999999999,0.7613,1
CC-11746,59,Standard,101,67292,10135,0.0907,0.0377,462,5544,0.7536,119,6,0,0.0,1,0,11,1,97.02,0,55.44,64.06,-22.480000000000004,0.9007,1
CC-11747,53,Standard,67,27678,4160,0.077,-0.1711,161,1932,0.6645,8,4,0,0.0,2,0,8,0,33.81,0,19.32,82.13,-67.63999999999999,0.0998,0
CC-11748,21,Platinum,49,68008,20346,0.0883,-0.1526,903,10836,0.747,8,10,2,361.62,2,0,20,0,243.81,295,238.39,70.14,591.9,0.1473,0
CC-11749,57,Standard,60,48020,6344,0.0696,0.0457,222,2664,1.4881,27,10,0,0.0,0,1,11,0,46.62,0,26.64,35.7,-15.720000000000006,0.1135,0
CC-11750,26,Gold,111,97098,23382,0.0836,0.1813,982,11784,1.2866,8,19,0,0.0,1,1,12,0,235.68,95,176.76,80.17,73.75,0.0786,0
CC-11751,65,Standard,7,45592,6589,0.0861,-0.0234,285,3420,1.0823,8,8,0,0.0,2,0,6,0,59.85,0,34.2,75.87,-50.220000000000006,0.0586,0
CC-11752,54,Standard,79,51702,7189,0.0734,0.0556,265,3180,1.1937,8,7,0,0.0,1,0,12,1,55.65,0,31.8,63.95,-40.1,0.0843,0
CC-11753,67,Standard,7,32273,4160,0.0679,0.0937,142,1704,0.3824,119,3,0,0.0,1,0,17,0,29.82,0,17.04,108.85,-96.07,0.8816,1
CC-11754,35,Black,62,213859,77157,0.0932,0.1046,3614,43368,1.1685,27,57,0,0.0,1,0,10,0,1084.2,495,1301.04,58.9,219.26,0.085,1
CC-11755,65,Platinum,98,144338,60020,0.0724,-0.163,2183,26196,1.2319,8,36,0,0.0,0,1,10,0,589.41,295,576.31,37.99,270.11,0.0893,0
CC-11756,46,Black,117,403064,100000,0.0933,-0.1366,4688,56256,0.2781,8,60,3,1877.98,3,0,15,1,1406.4,495,1687.68,129.51,1962.19,0.6312,1
CC-11757,34,Gold,23,96914,24070,0.0523,-0.1235,633,7596,1.1796,27,16,0,0.0,0,0,16,0,151.92,95,113.94,51.24,81.73999999999998,0.0772,0
CC-11758,27,Standard,26,51831,9314,0.1068,0.2693,500,6000,0.5228,27,11,1,200.22,2,1,10,0,105.0,0,60.0,95.28,149.94000000000003,0.4842,0
CC-11759,66,Gold,20,62184,16625,0.0776,0.0562,648,7776,0.359,8,17,0,0.0,3,0,15,0,155.52,95,116.64,130.01,3.870000000000033,0.1883,0
CC-11760,51,Gold,23,93976,19442,0.0541,0.0495,529,6348,1.3479,8,13,0,0.0,1,0,18,0,126.96,95,95.22,80.41,46.329999999999984,0.0306,0
CC-11761,44,Platinum,56,98624,29240,0.1201,0.0349,1765,21180,0.6479,8,24,0,0.0,1,0,15,0,476.55,295,465.96,103.58,202.01,0.1242,0
CC-11762,51,Standard,12,64887,11353,0.0426,-0.2181,243,2916,0.7352,8,2,2,97.35,2,0,12,1,51.03,0,29.16,104.83,14.389999999999986,0.3108,0
CC-11763,49,Gold,26,63496,16699,0.0937,0.2707,786,9432,1.2469,119,8,0,0.0,1,1,13,0,188.64,95,141.48,86.98,55.18000000000001,0.8232,1
CC-11764,62,Standard,106,36039,6147,0.0971,0.0519,300,3600,0.8584,8,7,0,0.0,0,0,10,0,63.0,0,36.0,80.4,-53.400000000000006,0.0703,0
CC-11765,52,Standard,113,28427,4943,0.0878,0.0885,218,2616,0.896,8,4,2,87.36,5,1,10,0,45.78,0,26.16,123.13,-16.150000000000006,0.2694,1
CC-11766,37,Gold,87,86823,21253,0.1001,-0.2848,1069,12828,0.8894,8,10,0,0.0,2,0,10,0,256.56,95,192.42,75.31,83.82999999999998,0.0681,0
CC-11767,34,Gold,91,85930,17602,0.0571,0.0969,505,6060,1.0543,8,9,2,202.3,3,0,9,0,121.2,95,90.9,130.42,197.18,0.1128,0
CC-11768,60,Standard,118,62023,8143,0.1239,-0.0734,507,6084,0.8821,8,5,0,0.0,0,2,8,1,106.47,0,60.84,89.01,-43.380000000000024,0.4651,1
CC-11769,56,Standard,62,53734,6662,0.0681,-0.2184,228,2736,0.9842,27,6,0,0.0,2,0,12,0,47.88,0,27.36,74.63,-54.10999999999999,0.107,0
CC-11770,68,Gold,59,68196,14926,0.0763,-0.1631,572,6864,0.7989,8,12,0,0.0,0,0,12,1,137.28,95,102.96,66.87,62.45000000000002,0.1496,0
CC-11771,44,Platinum,25,170568,57562,0.1276,-0.2097,3691,44292,1.0555,8,60,3,1478.41,2,1,15,0,996.57,295,974.42,75.17,1720.3900000000006,0.2933,0
CC-11772,65,Platinum,24,96476,28609,0.1009,-0.2123,1451,17412,1.0442,8,18,0,0.0,0,0,10,1,391.77,295,383.06,36.82,266.89,0.113,0
CC-11773,47,Black,70,229715,89591,0.156,-0.0109,7022,84264,1.5194,27,104,1,2813.18,1,0,14,0,2106.6,495,2527.92,80.01,2806.8499999999995,0.0676,1
CC-11774,45,Platinum,36,144146,49357,0.0513,-0.078,1273,15276,0.8356,27,18,0,0.0,0,0,23,1,343.71,295,336.07,71.08,231.56000000000006,0.2088,0
CC-11775,52,Standard,72,32266,4530,0.0922,0.0301,210,2520,0.8948,8,5,0,0.0,2,0,20,0,44.1,0,25.2,93.15,-74.25,0.0567,0
CC-11776,38,Gold,30,107624,26557,0.0453,0.2314,605,7260,1.0216,8,4,0,0.0,2,0,11,1,145.2,95,108.9,111.89,19.409999999999968,0.1141,0
CC-11777,66,Standard,97,70642,10296,0.1028,-0.0394,532,6384,1.2393,8,6,0,0.0,0,0,9,1,111.72,0,63.84,48.86,-0.980000000000004,0.0821,0
CC-11778,38,Standard,101,41686,6614,0.0481,-0.3567,160,1920,0.6225,8,6,1,64.04,0,0,9,0,33.6,0,19.2,90.23,-11.789999999999992,0.1443,0
CC-11779,57,Platinum,41,117190,48189,0.049,-0.0563,1187,14244,0.9811,8,15,0,0.0,1,1,5,1,320.49,295,313.37,83.79,218.32999999999998,0.2643,0
CC-11780,46,Standard,44,43542,5506,0.0795,0.159,220,2640,0.1977,27,4,0,0.0,3,1,14,0,46.2,0,26.4,111.95,-92.14999999999999,0.4905,1
CC-11781,29,Platinum,25,120491,35411,0.1268,-0.0329,2256,27072,0.8685,8,46,0,0.0,1,0,13,0,609.12,295,595.58,77.15,231.39,0.0698,0
CC-11782,55,Gold,72,90561,25835,0.0463,0.2094,601,7212,1.2718,119,13,2,240.77,0,0,7,0,144.24,95,108.18,47.91,323.91999999999996,0.822,1
CC-11783,28,Gold,82,56898,14260,0.1069,0.0479,766,9192,0.7322,8,11,0,0.0,2,0,4,0,183.84,95,137.88,81.99,58.97000000000003,0.0962,0
CC-11784,40,Gold,4,91768,25386,0.0454,-0.2957,579,6948,1.0031,8,9,0,0.0,3,1,17,1,138.96,95,104.22,113.16,16.580000000000013,0.2195,0
CC-11785,62,Platinum,26,206917,64177,0.0515,-0.0036,1661,19932,0.7913,8,29,0,0.0,1,0,12,1,448.47,295,438.5,94.51,210.46000000000004,0.1548,0
CC-11786,42,Gold,19,42454,12009,0.0628,0.0246,379,4548,0.6922,8,9,0,0.0,0,0,21,0,90.96,95,68.22,43.45,74.28999999999998,0.1078,0
CC-11787,39,Gold,111,60166,17591,0.1007,0.1421,890,10680,1.2414,8,15,0,0.0,0,0,7,0,213.6,95,160.2,66.36,82.04000000000002,0.0415,0
CC-11788,50,Standard,67,39993,6324,0.051,0.2529,162,1944,0.6364,27,7,4,64.92,3,1,6,0,34.02,0,19.44,81.81,-2.3100000000000023,0.7312,1
CC-11789,48,Gold,72,96515,20324,0.0568,0.1162,580,6960,1.0379,8,18,0,0.0,3,0,10,1,139.2,95,104.4,91.0,38.79999999999998,0.11,0
CC-11790,55,Standard,71,55016,9557,0.0954,0.0461,458,5496,1.0425,8,11,0,0.0,1,1,13,0,96.18,0,54.96,98.22,-57.0,0.1133,1
CC-11791,63,Gold,111,102211,28542,0.0579,0.0814,830,9960,0.6945,27,8,0,0.0,3,1,12,0,199.2,95,149.4,96.58,48.21999999999997,0.3778,1
CC-11792,31,Gold,62,49051,13493,0.088,-0.0452,597,7164,0.9967,119,12,0,0.0,1,0,10,0,143.28,95,107.46,66.97,63.849999999999994,0.7537,1
CC-11793,51,Gold,52,70670,14393,0.0683,-0.2394,494,5928,0.6695,8,11,0,0.0,1,0,13,1,118.56,95,88.92,81.86,42.78,0.2324,0
CC-11794,69,Standard,95,34871,5856,0.0758,-0.0138,223,2676,1.1065,27,7,0,0.0,2,0,18,0,46.83,0,26.76,87.27,-67.2,0.0784,0
CC-11795,68,Standard,14,44266,5678,0.0789,0.0348,225,2700,0.5555,8,13,0,0.0,3,0,11,1,47.25,0,27.0,130.48,-110.22999999999999,0.2158,0
CC-11796,59,Gold,105,85388,18976,0.0852,-0.2005,812,9744,0.8481,8,15,0,0.0,2,1,12,0,194.88,95,146.16,92.24,51.48000000000002,0.1475,0
CC-11797,56,Standard,49,29596,4576,0.1087,0.179,250,3000,0.8742,8,6,0,0.0,0,0,10,1,52.5,0,30.0,86.36,-63.86,0.1407,0
CC-11798,50,Standard,69,40055,5443,0.1228,0.1308,336,4032,1.2839,119,12,2,134.54,2,0,18,0,70.56,0,40.32,65.54,99.23999999999998,0.7847,1
CC-11799,43,Standard,114,51530,8228,0.0842,-0.2258,348,4176,0.992,8,7,0,0.0,2,1,15,0,73.08,0,41.76,113.51,-82.19000000000001,0.1138,1
CC-11800,39,Black,67,236016,100000,0.1398,0.1849,7023,84276,1.2365,8,96,0,0.0,1,1,7,0,2106.9,495,2528.28,51.74,21.88000000000011,0.0958,0
CC-11801,32,Gold,29,80745,17022,0.072,-0.0662,616,7392,1.1164,8,8,0,0.0,3,0,18,0,147.84,95,110.88,132.17,-0.20999999999997954,0.0435,0
CC-11802,35,Standard,50,64090,10213,0.0616,-0.1368,316,3792,1.1145,8,9,0,0.0,3,0,11,0,66.36,0,37.92,137.1,-108.65999999999998,0.049,0
CC-11803,51,Standard,90,67387,11822,0.0842,0.1419,500,6000,0.8504,8,13,0,0.0,2,1,8,0,105.0,0,60.0,118.18,-73.18,0.159,0
CC-11804,63,Standard,64,25000,3241,0.1142,-0.0277,186,2232,1.2563,8,5,1,74.5,3,0,6,0,39.06,0,22.32,133.45,-42.20999999999998,0.0628,0
CC-11805,57,Platinum,46,143986,52351,0.0449,0.2649,1180,14160,0.8431,8,8,0,0.0,4,1,14,1,318.6,295,311.52,128.21,173.87,0.2714,0
CC-11806,57,Gold,21,146986,34422,0.0941,-0.1479,1628,19536,0.4311,8,19,1,651.98,0,0,9,0,390.72,95,293.04,91.81,752.85,0.2578,1
CC-11807,35,Standard,61,50387,7435,0.0784,-0.2797,293,3516,0.8856,8,4,0,0.0,2,0,8,0,61.53,0,35.16,72.23,-45.86,0.0726,0
CC-11808,49,Standard,10,45208,6203,0.1203,-0.0621,375,4500,1.086,8,5,0,0.0,0,1,13,1,78.75,0,45.0,41.72,-7.969999999999999,0.2098,0
CC-11809,70,Standard,57,59767,8441,0.1228,0.0984,521,6252,0.468,8,7,0,0.0,1,0,9,1,109.41,0,62.52,66.55,-19.659999999999997,0.2412,0
CC-11810,63,Gold,110,89634,18185,0.1032,-0.1591,943,11316,0.6845,8,19,0,0.0,3,1,13,0,226.32,95,169.74,112.78,38.80000000000001,0.2374,0
CC-11811,46,Platinum,49,164819,68798,0.0359,-0.2195,1240,14880,0.5808,27,16,1,497.14,0,0,15,0,334.8,295,327.36,45.08,754.5,0.3154,1
CC-11812,64,Standard,4,42634,6714,0.0954,0.0143,322,3864,1.186,8,5,0,0.0,0,1,9,1,67.62,0,38.64,87.71,-58.72999999999999,0.1977,0
CC-11813,22,Standard,96,47289,7095,0.1102,-0.2396,393,4716,1.4519,8,7,0,0.0,1,0,17,1,82.53,0,47.16,65.63,-30.25999999999999,0.0515,0
CC-11814,40,Standard,96,49799,7122,0.0693,0.026,248,2976,0.8871,27,8,1,99.34,2,1,11,0,52.08,0,29.76,119.88,1.7800000000000296,0.3264,0
CC-11815,35,Black,115,340589,100000,0.1362,-0.0711,6844,82128,1.1095,8,85,0,0.0,0,1,19,0,2053.2,495,2463.84,52.17,32.1899999999996,0.0894,0
CC-11816,24,Standard,41,40143,5732,0.1361,0.0542,392,4704,1.1017,8,8,0,0.0,1,0,12,0,82.32,0,47.04,58.31,-23.03,0.0494,0
CC-11817,42,Platinum,47,123938,40947,0.0721,-0.2276,1483,17796,1.4161,119,27,0,0.0,3,1,6,1,400.41,295,391.51,124.58,179.32000000000005,0.8947,1
CC-11818,70,Gold,34,44040,10851,0.0583,0.1747,318,3816,0.7542,8,10,0,0.0,0,0,9,1,76.32,95,57.24,38.06,76.01999999999998,0.1701,1
CC-11819,58,Standard,67,40644,5550,0.0688,-0.0475,192,2304,0.884,8,10,0,0.0,0,1,7,0,40.32,0,23.04,81.72,-64.44,0.1571,0
CC-11820,43,Standard,40,55721,7288,0.1073,0.0945,393,4716,0.8478,119,9,1,157.4,0,0,12,0,82.53,0,47.16,91.07,101.70000000000002,0.8501,1
CC-11821,46,Standard,79,50211,7702,0.1253,0.124,485,5820,0.9726,8,5,0,0.0,1,0,14,1,101.85,0,58.2,63.87,-20.22,0.1118,0
CC-11822,71,Gold,13,63819,18142,0.0775,-0.1936,707,8484,1.7013,8,13,0,0.0,2,0,17,0,169.68,95,127.26,113.81,23.610000000000014,0.0181,0
CC-11823,31,Platinum,12,73364,22111,0.0796,0.1123,884,10608,0.9592,8,18,0,0.0,1,0,10,0,238.68,295,233.38,105.09,195.21000000000004,0.0651,0
CC-11824,48,Gold,114,81973,16662,0.1114,-0.2338,933,11196,0.6936,8,18,0,0.0,2,0,12,1,223.92,95,167.94,84.4,66.57999999999996,0.2202,0
CC-11825,22,Gold,61,104630,23508,0.0995,-0.2255,1176,14112,0.6037,8,13,2,470.81,0,0,11,1,282.24,95,211.68,81.74,554.6299999999999,0.4362,0
CC-11826,28,Standard,92,39612,7081,0.0812,0.2746,289,3468,1.3258,8,5,0,0.0,1,0,13,1,60.69,0,34.68,55.98,-29.97,0.0674,0
CC-11827,49,Black,57,178855,91068,0.0537,0.1468,2457,29484,0.6922,27,29,0,0.0,1,0,10,0,737.1,495,884.52,101.95,245.62999999999988,0.221,0
CC-11828,31,Platinum,22,119367,43380,0.0932,0.291,2031,24372,1.1491,119,23,0,0.0,0,1,6,1,548.37,295,536.18,62.91,244.2800000000001,0.9301,1
CC-11829,57,Standard,83,48669,8553,0.07,-0.0755,301,3612,0.7461,8,10,1,120.51,2,0,10,1,63.21,0,36.12,79.87,67.72999999999999,0.2257,0
CC-11830,38,Black,19,366970,100000,0.0789,-0.0046,3964,47568,0.57,27,45,0,0.0,2,2,8,0,1189.2,495,1427.04,96.58,160.58000000000015,0.6698,0
CC-11831,70,Gold,70,79545,23730,0.0694,0.0591,827,9924,1.1316,8,10,0,0.0,2,1,15,0,198.48,95,148.86,80.44,64.18,0.0963,0
CC-11832,34,Gold,7,107416,24665,0.129,-0.0218,1599,19188,0.7608,8,27,0,0.0,2,1,13,0,383.76,95,287.82,112.86,78.07999999999998,0.1746,0
CC-11833,30,Gold,62,105060,23536,0.0754,-0.1319,892,10704,1.0776,119,17,0,0.0,4,0,13,1,214.08,95,160.56,114.31,34.210000000000036,0.8428,1
CC-11834,55,Platinum,25,98816,36495,0.1184,-0.1544,2172,26064,1.0998,8,23,0,0.0,2,0,14,0,586.44,295,573.41,69.39,238.6400000000001,0.0483,0
CC-11835,29,Gold,48,111577,26534,0.0499,0.0121,665,7980,1.1139,8,14,0,0.0,1,0,12,0,159.6,95,119.7,52.1,82.79999999999998,0.0482,0
CC-11836,55,Standard,54,48320,7614,0.1038,-0.18,397,4764,0.8696,8,6,2,159.08,0,0,18,0,83.37,0,47.64,50.6,144.21,0.1283,0
CC-11837,31,Standard,12,31424,4345,0.0586,-0.1842,128,1536,1.1559,8,3,0,0.0,2,1,8,1,26.88,0,15.36,96.93,-85.41000000000001,0.2076,0
CC-11838,64,Platinum,48,201629,73898,0.063,0.039,2339,28068,0.6732,8,23,2,937.09,1,1,9,0,631.53,295,617.5,88.1,1158.02,0.4459,1
CC-11839,32,Standard,30,43587,5951,0.104,-0.0343,311,3732,0.2138,8,2,0,0.0,2,0,16,0,65.31,0,37.32,95.37,-67.38,0.167,0
CC-11840,23,Standard,99,25000,3076,0.1177,0.1206,182,2184,1.1621,27,7,1,72.87,4,0,11,1,38.22,0,21.84,136.92,-47.66999999999999,0.2198,1
CC-11841,59,Standard,45,37054,6474,0.0968,-0.0837,315,3780,0.9997,8,5,2,126.14,2,0,10,0,66.15,0,37.8,105.87,48.620000000000005,0.1238,0
CC-11842,34,Standard,28,34284,5930,0.0852,-0.1072,254,3048,0.767,8,8,0,0.0,1,2,14,0,53.34,0,30.48,84.45,-61.59,0.3207,1
CC-11843,48,Gold,57,70513,20947,0.0732,0.0435,771,9252,0.5087,8,17,1,308.63,1,0,9,1,185.04,95,138.78,90.91,358.97999999999996,0.3866,0
CC-11844,31,Black,116,248837,100000,0.1457,-0.1418,7321,87852,0.339,8,98,0,0.0,1,0,5,1,2196.3,495,2635.56,101.71,-45.9699999999998,0.3638,1
CC-11845,59,Standard,50,42104,6777,0.0784,-0.1187,267,3204,0.9655,119,3,0,0.0,2,0,11,1,56.07,0,32.04,67.42,-43.39000000000001,0.8709,1
CC-11846,45,Standard,31,41681,6399,0.0625,-0.1128,201,2412,1.4446,119,10,0,0.0,1,2,10,0,42.21,0,24.12,99.97,-81.88,0.8936,0
CC-11847,41,Standard,29,43903,5600,0.0686,-0.0515,193,2316,0.9084,27,2,1,77.33,3,0,9,1,40.53,0,23.16,101.36,-6.659999999999997,0.3181,1
CC-11848,30,Platinum,20,160558,49209,0.0876,0.2459,2167,26004,0.8416,8,30,0,0.0,1,0,11,0,585.09,295,572.09,68.33,239.66999999999996,0.0756,0
CC-11849,63,Gold,106,69138,15828,0.1054,-0.2265,838,10056,0.9427,27,25,0,0.0,2,2,16,0,201.12,95,150.84,116.79,28.49000000000001,0.3842,1
CC-11850,35,Standard,62,58286,10107,0.0413,0.1743,210,2520,1.6038,8,7,0,0.0,3,0,15,0,44.1,0,25.2,116.41,-97.50999999999999,0.0211,0
CC-11851,39,Platinum,76,97118,29544,0.0617,0.0907,916,10992,1.1756,8,16,1,366.91,0,0,14,0,247.32,295,241.82,38.51,628.9000000000001,0.0604,0
CC-11852,68,Platinum,108,161529,66098,0.0442,0.215,1468,17616,0.6699,8,28,0,0.0,3,3,14,0,396.36,295,387.55,91.44,212.37,0.6314,1
CC-11853,42,Platinum,71,197514,69759,0.0917,0.4505,3215,38580,0.9584,27,44,0,0.0,3,0,7,0,868.05,295,848.76,136.13,178.15999999999997,0.1205,0
CC-11854,41,Platinum,76,133792,50865,0.0583,0.1947,1490,17880,1.0497,8,27,0,0.0,4,0,14,1,402.3,295,393.36,119.75,184.18999999999994,0.1004,0
CC-11855,64,Standard,116,47176,5973,0.0696,0.1189,209,2508,0.6331,8,7,0,0.0,1,0,14,0,43.89,0,25.08,66.37,-47.56,0.0903,0
CC-11856,52,Platinum,23,106120,33710,0.1027,-0.2169,1739,20868,1.1777,8,22,0,0.0,0,0,14,0,469.53,295,459.1,46.87,258.55999999999995,0.043,0
CC-11857,70,Gold,26,74124,21929,0.0848,-0.1979,934,11208,0.7047,8,17,1,374.3,2,0,15,1,224.16,95,168.12,98.4,426.94000000000005,0.2281,0
CC-11858,43,Platinum,104,194868,61824,0.0783,0.034,2432,29184,0.4967,27,42,1,974.38,1,1,8,0,656.64,295,642.05,108.09,1175.88,0.5753,1
CC-11859,33,Gold,5,100905,23173,0.0933,-0.2747,1087,13044,0.9728,8,16,0,0.0,1,0,11,0,260.88,95,195.66,58.05,102.17000000000002,0.0629,0
CC-11860,25,Platinum,106,154649,47579,0.058,0.0723,1387,16644,0.9254,8,26,0,0.0,2,0,14,0,374.49,295,366.17,79.36,223.95999999999998,0.059,0
CC-11861,24,Gold,97,43818,9329,0.134,-0.3402,628,7536,0.9497,8,11,0,0.0,0,1,9,0,150.72,95,113.04,64.73,67.94999999999999,0.1358,0
CC-11862,48,Standard,64,36939,4949,0.0828,0.1528,206,2472,0.7206,27,8,0,0.0,1,0,9,0,43.26,0,24.72,62.92,-44.38,0.1623,0
CC-11863,34,Gold,107,121953,32223,0.1128,-0.0683,1826,21912,0.7625,8,25,0,0.0,4,0,10,1,438.24,95,328.68,154.97,49.59000000000003,0.1572,0
CC-11864,28,Black,103,308758,100000,0.1892,-0.001,9510,114120,1.2885,8,108,4,3808.29,3,0,12,1,2853.0,495,3423.6,104.56,3628.13,0.2774,0
CC-11865,29,Black,4,317491,100000,0.1683,-0.1323,8458,101496,1.0823,8,113,0,0.0,2,0,13,0,2537.4,495,3044.88,91.43,-103.90999999999985,0.0514,0
CC-11866,71,Standard,68,46918,5974,0.054,-0.3048,162,1944,0.663,8,5,3,64.93,0,0,12,0,34.02,0,19.44,48.15,31.360000000000014,0.254,0
CC-11867,55,Standard,105,38103,6406,0.0823,0.1652,265,3180,0.3648,27,7,4,106.12,2,0,7,1,55.65,0,31.8,112.75,17.22,0.7831,1
CC-11868,57,Standard,115,48741,8141,0.0464,0.1804,190,2280,0.6757,119,5,0,0.0,2,0,9,0,39.9,0,22.8,92.91,-75.81,0.8331,1
CC-11869,41,Gold,44,52482,10609,0.1373,-0.0727,732,8784,0.9972,8,15,2,293.19,2,0,14,0,175.68,95,131.76,103.91,328.20000000000005,0.1159,0
CC-11870,38,Platinum,110,83809,27966,0.1153,0.0793,1621,19452,0.7604,8,20,0,0.0,0,0,11,0,437.67,295,427.94,45.45,259.2800000000001,0.0796,0
CC-11871,53,Standard,36,36728,4558,0.1572,-0.0786,360,4320,0.7371,8,9,0,0.0,2,0,10,1,75.6,0,43.2,72.76,-40.360000000000014,0.1709,0
CC-11872,28,Gold,44,89083,24872,0.079,0.0233,987,11844,0.7733,8,17,0,0.0,1,1,8,0,236.88,95,177.66,83.65,70.57,0.1818,0
CC-11873,71,Platinum,22,85061,32596,0.0796,0.0939,1304,15648,0.9282,8,23,0,0.0,0,0,17,0,352.08,295,344.26,45.68,257.13999999999993,0.0593,0
CC-11874,69,Gold,99,87699,25450,0.0698,0.0633,893,10716,1.1854,8,19,1,357.56,4,0,12,0,214.32,95,160.74,125.91,380.23,0.0607,0
CC-11875,37,Gold,70,63865,14282,0.0789,0.1811,566,6792,0.9499,27,9,0,0.0,0,1,10,0,135.84,95,101.88,94.95,34.01000000000002,0.2345,1
CC-11876,63,Gold,47,66728,16390,0.0784,0.0578,646,7752,0.9686,27,15,0,0.0,3,0,14,1,155.04,95,116.28,106.51,27.24999999999997,0.202,0
CC-11877,51,Gold,110,112616,24600,0.1034,-0.0158,1278,15336,0.8825,27,20,0,0.0,2,0,13,0,306.72,95,230.04,66.5,105.18000000000006,0.1173,0
CC-11878,54,Standard,77,45419,6461,0.1334,-0.1342,433,5196,0.8002,8,11,0,0.0,1,2,13,0,90.93,0,51.96,88.06,-49.09,0.3048,0
CC-11879,26,Gold,44,65794,16594,0.0865,-0.0918,721,8652,1.2183,27,13,1,288.92,3,0,13,0,173.04,95,129.78,95.53,331.65000000000003,0.109,0
CC-11880,42,Gold,49,88970,18268,0.1315,0.1015,1207,14484,1.1727,8,23,2,483.53,0,2,11,0,289.68,95,217.26,91.44,559.51,0.3642,1
CC-11881,34,Platinum,7,88563,33661,0.107,-0.2453,1810,21720,1.5636,8,29,0,0.0,3,0,18,0,488.7,295,477.84,94.03,211.83000000000004,0.0221,0
CC-11882,23,Gold,91,93124,23684,0.0797,0.1459,948,11376,1.1332,27,6,0,0.0,2,0,11,1,227.52,95,170.64,120.96,30.920000000000016,0.166,0
CC-11883,32,Platinum,51,178756,70797,0.0639,-0.0622,2272,27264,0.8005,119,31,2,910.59,0,0,14,1,613.44,295,599.81,36.1,1183.1200000000003,0.9484,1
CC-11884,56,Standard,39,52444,7148,0.1108,-0.1428,398,4776,0.6786,27,1,1,159.42,1,0,7,1,83.58,0,47.76,108.7,86.53999999999999,0.4102,1
CC-11885,32,Gold,36,130851,37990,0.0648,-0.1848,1237,14844,1.2359,27,13,0,0.0,2,0,10,0,296.88,95,222.66,81.41,87.81,0.0785,0
CC-11886,65,Standard,75,25000,4498,0.0442,0.0812,100,1200,0.7055,27,5,0,0.0,1,0,10,0,21.0,0,12.0,96.9,-87.9,0.1616,0
CC-11887,22,Standard,72,46428,8132,0.0663,-0.0222,271,3252,1.1929,8,4,0,0.0,1,2,11,0,56.91,0,32.52,77.98,-53.59,0.1964,0
CC-11888,22,Gold,20,56450,15681,0.107,0.2183,843,10116,0.722,27,23,0,0.0,0,1,11,0,202.32,95,151.74,57.23,88.35,0.3107,0
CC-11889,35,Black,80,267874,100000,0.0609,-0.2095,3061,36732,1.0547,8,48,0,0.0,1,0,11,1,918.3,495,1101.96,107.48,203.8599999999999,0.1049,0
CC-11890,43,Standard,21,45017,6951,0.1028,-0.1067,359,4308,0.6321,8,12,0,0.0,1,1,6,0,75.39,0,43.08,106.51,-74.2,0.2281,1
CC-11891,49,Standard,80,70648,9283,0.1353,-0.0338,631,7572,1.184,27,8,1,252.81,3,2,19,0,132.51,0,75.72,116.24,193.36,0.3785,0
CC-11892,37,Platinum,42,137907,51685,0.0915,-0.1328,2376,28512,0.5799,119,40,0,0.0,2,0,12,0,641.52,295,627.26,121.36,187.89999999999998,0.8921,0
CC-11893,52,Standard,19,44117,7180,0.087,-0.0191,314,3768,1.0319,8,4,0,0.0,2,0,15,0,65.94,0,37.68,112.32,-84.06,0.0528,0
CC-11894,27,Gold,62,106359,31752,0.0805,0.0279,1284,15408,0.8906,27,17,3,514.49,1,0,17,0,308.16,95,231.12,71.8,614.73,0.2949,1
CC-11895,50,Gold,101,83877,21315,0.0727,0.0527,779,9348,0.9805,8,13,0,0.0,2,1,14,0,186.96,95,140.22,118.76,22.980000000000018,0.1189,0
CC-11896,48,Gold,95,123911,28144,0.0518,0.2059,732,8784,0.8313,119,12,1,293.44,1,0,13,0,175.68,95,131.76,71.52,360.84000000000003,0.845,1
CC-11897,34,Standard,44,52533,8458,0.1205,-0.2155,512,6144,0.8242,8,7,2,205.15,1,1,8,0,107.52,0,61.44,106.77,144.46000000000004,0.3132,0
CC-11898,64,Standard,83,54320,9710,0.0691,0.0307,337,4044,0.9964,8,6,0,0.0,0,0,14,0,70.77,0,40.44,65.96,-35.629999999999995,0.054,0
CC-11899,50,Platinum,109,74635,22749,0.1141,-0.117,1304,15648,0.6494,27,25,0,0.0,0,0,13,1,352.08,295,344.26,79.32,223.49999999999994,0.3671,0
CC-11900,37,Gold,74,127185,29583,0.0882,0.0445,1311,15732,0.6476,27,20,0,0.0,2,0,11,1,314.64,95,235.98,103.22,70.44,0.3839,1
CC-11901,52,Standard,67,37614,5736,0.0482,0.0447,139,1668,0.8424,27,3,0,0.0,3,1,12,0,29.19,0,16.68,124.01,-111.5,0.2595,0
CC-11902,66,Platinum,111,139659,42432,0.1427,-0.168,3043,36516,0.8308,119,42,0,0.0,2,0,12,1,821.61,295,803.35,75.83,237.43000000000006,0.8863,1
CC-11903,26,Standard,55,37657,4569,0.1411,-0.1552,324,3888,0.6484,8,11,0,0.0,3,0,17,0,68.04,0,38.88,133.35,-104.18999999999998,0.0876,0
CC-11904,71,Gold,102,63234,14777,0.0552,0.0567,410,4920,1.2273,8,8,0,0.0,0,0,17,1,98.4,95,73.8,84.34,35.26000000000002,0.0718,0
CC-11905,44,Standard,9,31475,5411,0.114,-0.0165,310,3720,0.8497,27,6,2,124.16,0,2,13,0,65.1,0,37.2,72.86,79.19999999999999,0.6498,1
CC-11906,26,Black,112,287226,100000,0.1473,-0.0529,7401,88812,0.882,119,99,1,2964.91,1,1,7,0,2220.3,495,2664.36,62.71,2953.14,0.9289,1
CC-11907,47,Standard,7,25000,3643,0.0885,0.0787,162,1944,0.5517,8,3,0,0.0,5,0,10,0,34.02,0,19.44,144.38,-129.79999999999998,0.1183,0
CC-11908,38,Standard,26,42268,7005,0.0889,0.0898,313,3756,1.5715,8,10,0,0.0,1,0,9,0,65.73,0,37.56,76.16,-47.989999999999995,0.0257,0
CC-11909,44,Standard,30,56899,10081,0.0454,-0.0994,230,2760,1.6781,8,4,2,92.12,3,0,12,1,48.3,0,27.6,81.08,31.74000000000001,0.0895,0
CC-11910,57,Standard,64,52109,9334,0.0785,-0.1478,368,4416,0.7159,8,8,0,0.0,1,1,12,0,77.28,0,44.16,105.39,-72.27000000000001,0.1811,1
CC-11911,44,Platinum,109,155135,52602,0.0505,-0.2093,1334,16008,1.3178,27,18,1,534.69,1,0,6,1,360.18,295,352.18,96.15,741.5400000000001,0.194,0
CC-11912,58,Black,19,217323,100000,0.0941,-0.015,4730,56760,0.9225,8,72,0,0.0,2,1,13,1,1419.0,495,1702.8,118.86,92.34000000000015,0.2551,0
CC-11913,54,Standard,103,27156,3316,0.114,-0.2335,190,2280,1.4311,8,6,0,0.0,1,1,8,0,39.9,0,22.8,86.19,-69.09,0.0688,0
CC-11914,60,Standard,22,56720,9344,0.1105,-0.0051,519,6228,1.0509,27,13,0,0.0,2,0,14,1,108.99,0,62.28,84.94,-38.230000000000004,0.1847,0
CC-11915,67,Gold,5,75459,19941,0.0922,0.1625,924,11088,0.9799,8,14,0,0.0,2,0,10,1,221.76,95,166.32,91.38,59.06,0.1254,0
CC-11916,35,Platinum,39,137092,43174,0.071,-0.073,1541,18492,0.2002,27,28,2,617.01,6,0,18,0,416.07,295,406.82,174.76,746.5,0.5454,0
CC-11917,31,Gold,92,80801,20259,0.1101,-0.1004,1121,13452,0.6864,8,12,0,0.0,0,0,19,0,269.04,95,201.78,46.96,115.30000000000001,0.1067,0
CC-11918,42,Standard,17,52564,6716,0.1114,0.2797,376,4512,0.9562,8,5,0,0.0,0,0,14,0,78.96,0,45.12,44.09,-10.250000000000014,0.0604,0
CC-11919,44,Standard,53,65737,11326,0.085,0.2065,484,5808,1.0096,8,8,1,193.78,2,0,16,0,101.64,0,58.08,71.03,166.31,0.0759,0
CC-11920,21,Gold,50,116075,27369,0.0564,-0.1347,776,9312,0.5855,8,12,0,0.0,2,0,10,0,186.24,95,139.68,70.97,70.59,0.1482,0
CC-11921,38,Standard,10,25000,3939,0.1142,0.0009,226,2712,0.7314,8,7,0,0.0,3,0,8,1,47.46,0,27.12,109.2,-88.85999999999999,0.1812,0
CC-11922,64,Gold,15,78443,16934,0.1318,0.0293,1122,13464,1.116,27,13,1,449.25,0,2,8,1,269.28,95,201.96,79.17,532.4,0.6541,0
CC-11923,32,Standard,50,29849,3951,0.1274,0.0105,253,3036,0.535,8,5,1,101.32,0,0,14,1,53.13,0,30.36,88.42,35.66999999999999,0.2794,0
CC-11924,63,Platinum,5,172845,72400,0.1027,0.2522,3735,44820,0.9901,8,44,3,1496.64,1,1,9,1,1008.45,295,986.04,84.07,1729.9800000000002,0.5279,0
CC-11925,48,Standard,67,45044,7440,0.0642,-0.0069,240,2880,1.3214,27,3,0,0.0,3,0,12,1,50.4,0,28.8,109.77,-88.16999999999999,0.1284,0
CC-11926,60,Gold,75,97880,28991,0.0914,0.0156,1332,15984,1.0656,8,11,0,0.0,3,0,16,0,319.68,95,239.76,103.23,71.69,0.0471,0
CC-11927,27,Gold,33,76624,17591,0.0856,0.0833,757,9084,1.0506,119,9,0,0.0,1,0,16,0,181.68,95,136.26,68.04,72.38,0.7184,1
CC-11928,43,Gold,107,62913,13617,0.0609,0.1585,417,5004,0.344,8,8,0,0.0,2,1,16,0,100.08,95,75.06,67.01,53.00999999999999,0.3364,0
CC-11929,41,Standard,28,35231,5291,0.1031,0.1205,274,3288,0.7034,8,6,0,0.0,1,0,14,0,57.54,0,32.88,93.85,-69.19,0.0872,0
CC-11930,54,Gold,83,52423,13077,0.0943,0.0607,620,7440,1.5663,8,9,0,0.0,0,0,10,0,148.8,95,111.6,39.25,92.95000000000002,0.0242,0
CC-11931,31,Gold,58,58147,12646,0.0719,-0.2538,457,5484,0.7703,8,9,0,0.0,1,1,9,0,109.68,95,82.26,95.49,26.930000000000007,0.1779,0
CC-11932,42,Gold,36,53671,14669,0.0384,-0.0932,283,3396,1.3293,8,9,2,113.38,2,0,9,1,67.92,95,50.94,107.83,117.53000000000003,0.1536,1
CC-11933,62,Gold,11,62991,14877,0.0589,0.1029,440,5280,0.7667,8,6,0,0.0,3,0,11,0,105.6,95,79.2,139.25,-17.849999999999994,0.085,0
CC-11934,55,Gold,64,61789,13509,0.0818,0.0176,555,6660,0.8667,8,9,0,0.0,2,1,13,1,133.2,95,99.9,66.2,62.099999999999966,0.265,0
CC-11935,49,Platinum,117,153793,50209,0.061,0.1039,1539,18468,1.1047,27,31,0,0.0,0,1,14,0,415.53,295,406.3,49.57,254.65999999999997,0.1751,1
CC-11936,62,Standard,15,48992,7535,0.0597,0.2631,226,2712,0.9802,27,3,0,0.0,1,1,17,1,47.46,0,27.12,54.94,-34.6,0.3599,0
CC-11937,48,Platinum,71,153755,58689,0.0697,-0.1965,2055,24660,1.0645,8,28,1,823.38,2,0,12,0,554.85,295,542.52,120.97,1009.74,0.0743,0
CC-11938,38,Gold,43,109968,27292,0.1172,0.1507,1607,19284,0.7045,8,23,1,643.83,3,0,4,0,385.68,95,289.26,110.84,724.41,0.1464,1
CC-11939,34,Standard,79,44118,6685,0.1104,-0.0696,371,4452,0.6091,8,5,0,0.0,3,0,16,0,77.91,0,44.52,137.34,-103.95000000000002,0.0928,0
CC-11940,38,Standard,3,36215,4647,0.0844,0.1203,197,2364,0.6842,8,7,0,0.0,2,0,11,1,41.37,0,23.64,74.32,-56.589999999999996,0.1843,0
CC-11941,48,Standard,91,69878,12220,0.1101,-0.0262,676,8112,0.7903,119,10,1,270.81,1,0,10,0,141.96,0,81.12,69.8,261.84999999999997,0.8611,1
CC-11942,44,Platinum,49,171697,70399,0.0834,0.2991,2950,35400,0.8812,8,32,1,1181.79,1,1,17,0,796.5,295,778.8,88.33,1406.1599999999999,0.1884,1
CC-11943,28,Gold,6,88236,23677,0.0709,-0.0005,843,10116,1.2612,8,19,1,337.89,0,0,13,1,202.32,95,151.74,51.52,431.95000000000005,0.1138,0
CC-11944,62,Platinum,102,142900,40364,0.1023,-0.1161,2075,24900,0.9762,8,23,0,0.0,1,1,13,0,560.25,295,547.8,105.31,202.1400000000001,0.1216,0
CC-11945,65,Gold,65,91155,23126,0.0714,0.043,830,9960,1.0954,8,14,0,0.0,0,0,9,0,199.2,95,149.4,61.33,83.46999999999997,0.0518,0
CC-11946,28,Standard,54,42726,6740,0.0614,0.0286,208,2496,0.9925,27,4,3,83.3,3,1,17,0,43.68,0,24.96,116.83,-14.810000000000002,0.4556,0
CC-11947,24,Standard,12,46442,8344,0.0653,0.1507,274,3288,0.6154,8,8,0,0.0,1,0,9,0,57.54,0,32.88,71.06,-46.4,0.1096,0
CC-11948,47,Standard,30,50618,9099,0.0757,0.0472,346,4152,0.9552,27,7,0,0.0,2,1,12,0,72.66,0,41.52,77.53,-46.390000000000015,0.2318,0
CC-11949,56,Standard,8,36826,6314,0.0794,0.3513,252,3024,0.9892,8,3,0,0.0,1,1,12,0,52.92,0,30.24,97.89,-75.21,0.1302,0
CC-11950,25,Standard,29,26616,3295,0.1347,-0.0367,223,2676,1.178,8,1,0,0.0,1,1,17,0,46.83,0,26.76,97.58,-77.51,0.0896,0
CC-11951,53,Standard,14,25000,4429,0.0642,-0.0349,143,1716,0.6294,8,5,0,0.0,4,0,13,1,30.03,0,17.16,143.92,-131.04999999999998,0.1902,0
CC-11952,69,Gold,64,103867,27136,0.0926,-0.1106,1263,15156,0.3379,27,28,1,505.78,2,2,19,0,303.12,95,227.34,84.81,591.75,0.7722,1
CC-11953,54,Gold,54,51362,14385,0.0765,-0.0071,553,6636,1.0029,8,2,0,0.0,2,1,14,0,132.72,95,99.54,116.25,11.929999999999978,0.1192,0
CC-11954,50,Black,50,312574,100000,0.1894,0.0147,9519,114228,1.0562,8,131,3,3812.31,0,0,17,1,2855.7,495,3426.84,54.14,3682.03,0.2608,0
CC-11955,28,Black,69,199195,83171,0.0879,0.0222,3673,44076,0.8962,8,60,1,1471.53,0,0,17,0,1101.9,495,1322.28,56.67,1689.4800000000002,0.087,0
CC-11956,59,Gold,48,60812,14979,0.1132,-0.0099,852,10224,0.9584,8,16,0,0.0,1,0,20,0,204.48,95,153.36,67.97,78.15,0.0525,0
CC-11957,67,Standard,99,36920,4755,0.136,-0.1115,325,3900,1.2136,27,9,0,0.0,0,1,12,0,68.25,0,39.0,60.84,-31.590000000000003,0.1585,0
CC-11958,46,Gold,76,89125,21007,0.096,-0.1522,1013,12156,0.8124,8,15,0,0.0,1,0,10,0,243.12,95,182.34,51.59,104.19,0.077,0
CC-11959,57,Platinum,97,94899,37965,0.0861,-0.0763,1643,19716,0.8664,8,26,1,657.95,0,0,10,1,443.61,295,433.75,50.04,912.77,0.192,1
CC-11960,54,Standard,17,38059,4653,0.0633,0.1512,148,1776,0.9737,8,4,0,0.0,2,0,6,0,31.08,0,17.76,80.32,-67.0,0.0684,0
CC-11961,27,Standard,73,44710,5769,0.149,0.1835,432,5184,0.5841,8,8,0,0.0,5,2,16,1,90.72,0,51.84,161.12,-122.24000000000001,0.5534,0
CC-11962,60,Platinum,38,97640,29049,0.0608,-0.0315,888,10656,0.9044,119,11,0,0.0,1,1,9,0,239.76,295,234.43,91.65,208.67999999999995,0.8963,1
CC-11963,48,Standard,16,61067,8804,0.0976,-0.1612,432,5184,0.9309,8,8,0,0.0,2,1,11,1,90.72,0,51.84,80.77,-41.890000000000015,0.2606,0
CC-11964,59,Gold,114,48396,14504,0.055,-0.0322,401,4812,1.4411,8,10,0,0.0,0,1,15,0,96.24,95,72.18,56.76,62.30000000000001,0.0589,0
CC-11965,59,Gold,80,80363,17465,0.0851,0.2937,747,8964,0.8606,27,13,0,0.0,1,0,12,1,179.28,95,134.46,107.76,32.059999999999945,0.2335,0
CC-11966,48,Standard,5,59316,7635,0.1144,0.1298,439,5268,1.01,8,11,0,0.0,2,1,10,0,92.19,0,52.68,100.8,-61.28999999999999,0.1312,0
CC-11967,34,Standard,115,30099,5264,0.1066,0.0626,282,3384,1.2256,27,12,0,0.0,4,0,13,0,59.22,0,33.84,136.96,-111.58000000000001,0.071,0
CC-11968,70,Standard,119,43766,7568,0.0734,0.1244,279,3348,0.6988,27,3,0,0.0,3,0,14,0,58.59,0,33.48,138.26,-113.14999999999998,0.1478,0
CC-11969,58,Standard,112,46494,5669,0.1618,0.2111,461,5532,1.3627,8,10,1,184.63,0,1,7,1,96.81,0,55.32,74.57,151.55,0.2086,1
CC-11970,24,Standard,116,35923,5930,0.0876,-0.1929,261,3132,1.4792,8,6,0,0.0,2,0,14,0,54.81,0,31.32,89.0,-65.50999999999999,0.025,0
CC-11971,62,Platinum,69,137288,51038,0.053,-0.0788,1360,16320,0.9413,8,27,0,0.0,2,0,14,0,367.2,295,359.04,87.98,215.18,0.0593,0
CC-11972,38,Standard,88,51316,8521,0.0551,-0.0993,236,2832,0.7882,8,3,0,0.0,1,0,11,1,49.56,0,28.32,56.72,-35.47999999999999,0.1513,0
CC-11973,64,Gold,21,75073,18726,0.0969,0.0681,912,10944,1.4381,8,10,0,0.0,0,0,7,0,218.88,95,164.16,41.06,108.66,0.033,0
CC-11974,68,Standard,101,53598,9619,0.0405,0.004,196,2352,1.1887,27,7,1,78.41,2,0,11,0,41.16,0,23.52,87.67,8.379999999999995,0.1129,1
CC-11975,45,Black,78,307491,100000,0.125,0.0934,6280,75360,0.9746,27,91,0,0.0,0,0,20,0,1884.0,495,2260.8,60.16,58.039999999999964,0.0928,0
CC-11976,27,Standard,56,38442,5153,0.0641,-0.096,166,1992,1.3781,8,2,0,0.0,3,0,12,0,34.86,0,19.92,119.42,-104.48,0.0319,0
CC-11977,58,Standard,71,57683,8294,0.0859,0.1858,358,4296,1.3463,27,16,0,0.0,5,0,16,1,75.18,0,42.96,137.65,-105.43,0.1152,0
CC-11978,48,Platinum,12,114067,39121,0.1088,-0.0304,2138,25656,0.8491,8,33,0,0.0,0,0,15,0,577.26,295,564.43,78.6,229.23000000000002,0.0699,0
CC-11979,25,Platinum,107,169956,69510,0.07,0.0842,2444,29328,1.0246,8,24,0,0.0,0,2,13,0,659.88,295,645.22,41.02,268.64,0.23,1
CC-11980,23,Standard,35,36866,5662,0.0573,0.1593,163,1956,1.123,8,5,0,0.0,1,1,14,0,34.23,0,19.56,68.95,-54.28000000000001,0.1019,0
CC-11981,64,Platinum,15,128937,36916,0.0784,0.1473,1454,17448,0.9586,8,22,0,0.0,2,1,14,1,392.58,295,383.86,119.22,184.4999999999999,0.2412,1
CC-11982,51,Gold,101,81543,19634,0.0717,0.0341,707,8484,0.5327,27,15,0,0.0,1,1,14,0,169.68,95,127.26,52.63,84.78999999999999,0.4325,0
CC-11983,67,Gold,53,92194,22278,0.0469,0.1029,525,6300,0.6685,8,9,1,210.31,0,0,8,1,126.0,95,94.5,74.45,262.36,0.3332,0
CC-11984,62,Standard,34,25000,4448,0.0805,0.2412,180,2160,0.5425,8,7,0,0.0,2,0,12,0,37.8,0,21.6,98.25,-82.05,0.1134,0
CC-11985,40,Standard,77,50152,7821,0.0941,0.057,370,4440,1.0979,8,7,0,0.0,0,0,13,0,77.7,0,44.4,38.62,-5.319999999999993,0.0474,0
CC-11986,39,Gold,114,82822,21828,0.0424,-0.1294,465,5580,0.5947,8,11,0,0.0,0,1,8,1,111.6,95,83.7,42.9,80.0,0.456,0
CC-11987,68,Gold,104,91071,24709,0.0661,0.0675,821,9852,1.0077,27,11,0,0.0,2,0,13,1,197.04,95,147.78,82.23,62.02999999999997,0.1879,0
CC-11988,31,Standard,26,50652,8418,0.0728,-0.0256,308,3696,1.4996,27,4,0,0.0,2,2,12,0,64.68,0,36.96,71.12,-43.400000000000006,0.2286,0
CC-11989,60,Gold,37,93368,24602,0.0629,-0.3722,778,9336,1.3783,8,11,0,0.0,2,0,11,0,186.72,95,140.04,87.19,54.49000000000004,0.0331,0
CC-11990,23,Platinum,85,69742,21843,0.1008,0.0493,1106,13272,0.3988,8,18,0,0.0,3,0,13,1,298.62,295,291.98,120.22,181.41999999999996,0.3124,0
CC-11991,43,Standard,72,33063,5701,0.0649,-0.0025,186,2232,0.5664,8,8,1,74.47,2,1,13,0,39.06,0,22.32,109.0,-17.789999999999992,0.2898,1
CC-11992,27,Gold,42,92072,25155,0.0667,0.1535,843,10116,0.717,8,20,0,0.0,1,0,13,0,202.32,95,151.74,72.01,73.57,0.0861,0
CC-11993,43,Standard,56,47246,7772,0.1045,-0.1325,408,4896,0.5993,8,11,1,163.48,3,0,11,0,85.68,0,48.96,132.93,67.26999999999998,0.1486,1
CC-11994,27,Platinum,111,112365,47139,0.0471,-0.2459,1115,13380,0.4539,8,19,0,0.0,3,2,9,0,301.05,295,294.36,132.47,169.2199999999999,0.5328,1
CC-11995,66,Gold,46,100674,28214,0.0794,0.0053,1126,13512,0.9467,119,13,0,0.0,4,0,15,1,270.24,95,202.68,103.61,58.94999999999999,0.8655,1
CC-11996,54,Black,64,262050,100000,0.1092,0.037,5489,65868,1.1615,8,66,3,2198.02,2,0,10,0,1646.7,495,1976.04,105.43,2258.2499999999995,0.138,0
CC-11997,62,Standard,108,54964,9733,0.0601,-0.0059,294,3528,1.2362,8,6,2,117.74,0,0,9,0,61.74,0,35.28,51.05,93.14999999999999,0.0857,0
CC-11998,39,Standard,101,58612,7564,0.126,-0.0169,479,5748,0.8077,8,5,0,0.0,2,1,13,0,100.59,0,57.48,100.63,-57.51999999999998,0.1536,0
CC-11999,29,Standard,70,48130,7212,0.093,-0.1803,337,4044,0.8684,8,6,0,0.0,1,0,7,0,70.77,0,40.44,72.56,-42.230000000000004,0.0753,1
CC-12000,68,Standard,35,51249,7935,0.0835,-0.0408,333,3996,1.0567,8,11,2,133.36,1,1,9,1,69.93,0,39.96,84.1,79.23000000000002,0.3965,1
CC-12001,71,Standard,79,38154,5332,0.1108,-0.0723,297,3564,0.9175,8,6,0,0.0,0,1,7,0,62.37,0,35.64,72.68,-45.95000000000001,0.1488,0
CC-12002,38,Platinum,58,171227,68065,0.0978,0.1409,3344,40128,1.1932,8,48,2,1339.9,2,0,10,0,902.88,295,882.82,74.05,1580.9100000000003,0.093,0
CC-12003,61,Standard,38,47453,7865,0.1177,0.0369,465,5580,1.0791,8,10,0,0.0,0,0,10,0,97.65,0,55.8,65.17,-23.319999999999993,0.0532,0
CC-12004,68,Standard,56,41684,6805,0.0915,-0.0617,313,3756,0.8371,8,12,2,125.33,3,0,16,1,65.73,0,37.56,89.86,63.64,0.2543,0
CC-12005,65,Platinum,109,97341,40844,0.0977,0.2386,2006,24072,0.393,8,29,0,0.0,3,0,12,0,541.62,295,529.58,90.83,216.20999999999992,0.178,0
CC-12006,62,Standard,21,39538,5359,0.049,-0.0603,132,1584,1.3997,27,7,4,52.86,3,0,19,0,27.72,0,15.84,124.7,-59.959999999999994,0.2155,0
CC-12007,45,Platinum,45,101168,38743,0.0803,0.0637,1563,18756,0.7442,27,19,0,0.0,1,0,15,1,422.01,295,412.63,104.83,199.54999999999995,0.2625,0
CC-12008,34,Standard,14,53566,8200,0.0619,-0.045,255,3060,1.0573,27,4,0,0.0,1,0,16,1,53.55,0,30.6,76.48,-53.530000000000015,0.1782,0
CC-12009,64,Gold,13,110934,25658,0.0511,0.2247,659,7908,0.375,8,7,0,0.0,0,0,14,0,158.16,95,118.62,80.38,54.16,0.1883,0
CC-12010,45,Standard,72,55308,7169,0.1055,-0.007,380,4560,0.9466,8,7,0,0.0,1,1,20,0,79.8,0,45.6,84.54,-50.34000000000002,0.1146,0
CC-12011,39,Standard,14,72967,12678,0.0951,-0.0025,606,7272,0.9801,8,8,0,0.0,0,0,11,0,127.26,0,72.72,87.61,-33.06999999999998,0.0618,0
CC-12012,59,Platinum,93,123885,45015,0.0749,-0.041,1695,20340,0.9946,8,22,1,678.65,0,0,11,0,457.65,295,447.48,90.84,892.9799999999999,0.0825,0
CC-12013,35,Standard,43,51711,8764,0.0915,0.0095,403,4836,1.8541,27,7,0,0.0,2,0,12,0,84.63,0,48.36,115.16,-78.88999999999999,0.0294,0
CC-12014,36,Gold,27,59896,15245,0.0773,0.1599,592,7104,0.7607,8,5,0,0.0,2,0,16,1,142.08,95,106.56,120.39,10.130000000000024,0.1506,0
CC-12015,47,Standard,108,42780,5698,0.0932,0.1069,267,3204,1.1962,27,7,0,0.0,2,1,15,1,56.07,0,32.04,79.99,-55.96,0.2771,0
CC-12016,60,Standard,5,28379,3980,0.0745,-0.0158,149,1788,1.107,27,9,3,59.68,1,0,10,0,31.29,0,17.88,67.35,5.740000000000009,0.263,0
CC-12017,30,Platinum,5,159886,53308,0.079,0.2352,2116,25392,0.7464,27,21,0,0.0,0,0,5,0,571.32,295,558.62,70.2,237.5,0.1746,0
CC-12018,24,Standard,86,41000,7313,0.0631,0.1109,232,2784,1.1917,27,5,0,0.0,1,0,9,0,48.72,0,27.84,98.03,-77.15,0.0822,0
CC-12019,71,Gold,30,41340,8291,0.1135,-0.0857,473,5676,0.9007,8,15,1,189.41,0,2,10,0,113.52,95,85.14,40.11,272.67999999999995,0.3808,1
CC-12020,39,Black,25,232048,100000,0.0593,-0.2271,2978,35736,1.2126,8,36,1,1193.61,0,1,8,0,893.4,495,1072.08,54.26,1455.6700000000003,0.143,0
CC-12021,48,Gold,50,123103,36690,0.0395,-0.0823,729,8748,1.5383,8,11,0,0.0,0,0,11,1,174.96,95,131.22,54.5,84.24000000000004,0.0525,0
CC-12022,41,Black,69,308730,100000,0.1485,0.042,7461,89532,0.9952,8,105,0,0.0,0,0,12,1,2238.3,495,2685.96,87.12,-39.779999999999745,0.1131,0
CC-12023,67,Standard,44,53652,7972,0.0934,0.0696,374,4488,0.8657,8,9,0,0.0,1,2,16,1,78.54,0,44.88,94.7,-61.040000000000006,0.4473,0
CC-12024,34,Standard,90,46412,8253,0.0692,0.1839,287,3444,1.2655,8,6,0,0.0,3,1,15,0,60.27,0,34.44,119.04,-93.21000000000001,0.078,0
CC-12025,53,Standard,109,42957,6174,0.0599,-0.1842,186,2232,1.369,119,4,1,74.44,2,1,6,0,39.06,0,22.32,76.18,15.0,0.8598,1
CC-12026,68,Gold,42,85331,17290,0.0894,-0.0859,777,9324,0.685,8,18,1,311.13,2,0,15,0,186.48,95,139.86,96.44,356.31,0.1678,0
CC-12027,30,Black,8,297180,100000,0.1589,-0.1966,7985,95820,0.8141,27,115,0,0.0,1,0,16,0,2395.5,495,2874.6,50.55,-34.65000000000009,0.1319,0
CC-12028,39,Standard,22,32662,5771,0.1041,-0.2208,302,3624,1.1526,8,8,0,0.0,0,0,12,1,63.42,0,36.24,47.44,-20.260000000000005,0.0934,0
CC-12029,50,Gold,13,101215,20382,0.1188,-0.1142,1217,14604,0.9104,119,24,0,0.0,2,0,10,0,292.08,95,219.06,113.12,54.89999999999998,0.7854,1
CC-12030,42,Standard,98,57620,8802,0.0486,0.035,215,2580,0.6637,8,6,0,0.0,1,0,10,0,45.15,0,25.8,89.3,-69.94999999999999,0.0942,0
CC-12031,23,Gold,29,80822,16775,0.1121,0.0957,945,11340,1.1122,8,17,2,378.51,5,0,17,0,226.8,95,170.1,142.83,387.37999999999994,0.0942,0
CC-12032,57,Gold,23,73885,16893,0.0644,-0.1623,547,6564,1.1514,8,10,0,0.0,2,0,12,0,131.28,95,98.46,115.6,12.219999999999999,0.0465,0
CC-12033,61,Black,110,228066,85720,0.0899,-0.1414,3873,46476,0.8497,27,46,0,0.0,0,1,7,0,1161.9,495,1394.28,61.51,201.11000000000013,0.2697,0
CC-12034,38,Gold,114,122383,34995,0.0484,-0.287,851,10212,0.9684,8,21,0,0.0,4,2,7,0,204.24,95,153.18,111.81,34.25,0.2681,0
CC-12035,31,Standard,116,39911,6204,0.1087,0.0122,339,4068,0.777,27,4,2,135.74,2,0,12,0,71.19,0,40.68,115.32,50.93000000000001,0.2621,0
CC-12036,68,Standard,15,52349,9115,0.0873,-0.1298,400,4800,0.6214,8,11,0,0.0,2,1,13,0,84.0,0,48.0,83.18,-47.18000000000001,0.208,1
CC-12037,22,Standard,88,42867,6914,0.0912,0.2295,317,3804,0.8009,8,6,0,0.0,1,0,13,0,66.57,0,38.04,101.35,-72.82,0.0735,0
CC-12038,32,Standard,37,42259,7533,0.0869,0.0415,329,3948,0.9722,8,10,0,0.0,2,1,14,0,69.09,0,39.48,104.79,-75.18,0.126,0
CC-12039,26,Standard,49,36396,5480,0.0646,-0.0457,178,2136,0.5075,27,8,0,0.0,3,0,11,0,37.38,0,21.36,117.89,-101.87,0.2095,0
CC-12040,63,Platinum,88,106039,39172,0.0763,-0.1162,1502,18024,0.8228,8,27,3,601.6,2,0,14,0,405.54,295,396.53,69.78,835.8299999999999,0.1994,1
CC-12041,60,Gold,30,100723,25949,0.0875,-0.2442,1141,13692,0.9763,27,14,0,0.0,2,0,10,0,273.84,95,205.38,93.64,69.82,0.1149,1
CC-12042,64,Gold,23,63900,15874,0.091,-0.2252,726,8712,1.3084,8,12,0,0.0,1,1,8,0,174.24,95,130.68,72.4,66.16,0.0877,0
CC-12043,49,Standard,112,50203,8572,0.1003,-0.1133,432,5184,0.8562,8,13,0,0.0,0,1,9,0,90.72,0,51.84,90.63,-51.75,0.1527,0
CC-12044,50,Platinum,20,143170,53006,0.0634,-0.1248,1690,20280,0.5762,8,21,0,0.0,1,0,18,0,456.3,295,446.16,50.75,254.38999999999993,0.1337,1
CC-12045,22,Gold,33,100993,28291,0.0902,-0.1699,1282,15384,0.8871,8,24,0,0.0,1,0,17,0,307.68,95,230.76,86.18,85.74000000000001,0.0626,0
CC-12046,29,Standard,62,38138,6375,0.0746,0.0366,239,2868,0.78,8,5,1,95.73,2,0,10,1,50.19,0,28.68,89.73,27.51000000000002,0.2193,1
CC-12047,67,Gold,112,107953,23652,0.1063,0.0571,1263,15156,1.1157,27,11,0,0.0,2,0,10,1,303.12,95,227.34,113.29,57.49000000000001,0.1703,0
CC-12048,22,Gold,39,81999,21731,0.0717,-0.0888,783,9396,0.8486,27,15,1,313.62,2,1,14,1,187.92,95,140.94,115.06,340.53999999999996,0.5187,1
CC-12049,49,Standard,23,74156,9787,0.1456,0.2703,716,8592,0.1368,8,11,2,286.83,2,0,12,0,150.36,0,85.92,92.85,258.42,0.3548,0
CC-12050,53,Gold,16,50698,13096,0.0523,-0.282,344,4128,2.0575,8,11,2,137.86,0,1,10,1,82.56,95,61.92,44.58,208.92000000000002,0.1166,1
CC-12051,30,Gold,91,136614,36577,0.0873,-0.0113,1605,19260,0.9927,8,22,0,0.0,0,0,9,1,385.2,95,288.9,47.27,144.03000000000003,0.1177,0
CC-12052,54,Standard,93,43578,7836,0.0792,-0.0528,312,3744,0.9768,119,11,0,0.0,1,1,13,1,65.52,0,37.44,93.44,-65.36,0.9349,1
CC-12053,64,Black,106,295596,100000,0.0824,-0.1026,4142,49704,0.4876,27,57,0,0.0,1,0,14,0,1242.6,495,1491.12,99.38,147.0999999999999,0.2586,0
CC-12054,28,Platinum,62,118849,34795,0.0577,-0.1246,1009,12108,0.5106,8,14,0,0.0,2,0,7,1,272.43,295,266.38,86.99,214.06000000000006,0.3039,0
CC-12055,57,Gold,25,51661,10730,0.1244,-0.021,671,8052,0.9224,8,16,0,0.0,5,1,14,0,161.04,95,120.78,131.98,3.2799999999999727,0.1363,0
CC-12056,53,Gold,97,73771,17692,0.0546,-0.0538,485,5820,1.0509,119,12,0,0.0,2,0,12,0,116.4,95,87.3,75.07,49.03,0.7237,1
CC-12057,67,Standard,113,40886,6921,0.0538,-0.0788,187,2244,1.1606,8,4,0,0.0,3,0,12,0,39.27,0,22.44,119.44,-102.60999999999999,0.0427,0
CC-12058,26,Gold,31,88884,25279,0.1034,-0.2148,1314,15768,1.0212,119,15,0,0.0,1,0,17,1,315.36,95,236.52,57.22,116.62,0.8475,1
CC-12059,64,Gold,49,108824,29784,0.0885,-0.2627,1324,15888,0.5942,8,24,0,0.0,2,0,13,1,317.76,95,238.32,107.2,67.24000000000001,0.2551,1
CC-12060,60,Standard,32,47145,8194,0.0571,-0.0633,235,2820,0.1987,8,4,0,0.0,2,0,12,1,49.35,0,28.2,100.89,-79.74000000000001,0.3198,0
CC-12061,65,Gold,117,89423,20771,0.0934,-0.0803,975,11700,0.9199,8,18,0,0.0,1,1,7,1,234.0,95,175.5,98.64,54.860000000000014,0.2632,0
CC-12062,39,Platinum,92,153452,44860,0.1056,-0.0496,2380,28560,0.7898,8,28,0,0.0,1,2,14,0,642.6,295,628.32,85.91,223.37,0.3015,0
CC-12063,52,Gold,86,47707,9818,0.1299,-0.0363,641,7692,0.5712,27,12,1,256.71,1,0,21,0,153.84,95,115.38,62.44,327.72999999999996,0.2869,0
CC-12064,47,Standard,40,26296,4499,0.0951,-0.0984,215,2580,1.1984,8,5,0,0.0,3,0,21,0,45.15,0,25.8,114.71,-95.35999999999999,0.0359,0
CC-12065,21,Platinum,85,87605,33487,0.1039,-0.0519,1749,20988,0.4773,8,32,0,0.0,2,0,6,1,472.23,295,461.74,119.29,186.20000000000005,0.3155,0
CC-12066,63,Standard,29,40800,6606,0.0581,-0.148,193,2316,1.1351,119,2,2,77.25,2,0,12,0,40.53,0,23.16,112.54,-17.920000000000016,0.8435,1
CC-12067,53,Standard,91,25000,3509,0.1077,0.2086,190,2280,0.527,8,5,0,0.0,2,2,13,1,39.9,0,22.8,75.27,-58.169999999999995,0.5869,1
CC-12068,60,Standard,106,37239,5317,0.0502,-0.14,134,1608,0.9902,8,4,0,0.0,2,0,10,1,28.14,0,16.08,70.6,-58.53999999999999,0.1148,0
CC-12069,52,Standard,104,29607,5254,0.0424,-0.0756,112,1344,1.2302,8,5,0,0.0,1,0,13,0,23.52,0,13.44,107.54,-97.46000000000001,0.0379,0
CC-12070,25,Platinum,118,157070,45382,0.1254,-0.1286,2859,34308,0.8486,8,36,0,0.0,0,0,20,0,771.93,295,754.78,79.76,232.38999999999987,0.0586,0
CC-12071,37,Gold,89,94300,26156,0.0376,-0.1311,494,5928,1.457,8,9,0,0.0,3,0,13,0,118.56,95,88.92,129.64,-5.0,0.027,0
CC-12072,28,Standard,95,41617,5767,0.1032,-0.0163,299,3588,1.5254,8,5,2,119.79,0,0,11,0,62.79,0,35.88,89.02,57.68000000000001,0.0542,0
CC-12073,62,Platinum,17,73501,20982,0.1401,-0.0353,1477,17724,1.0212,8,30,0,0.0,1,1,8,1,398.79,295,389.93,78.02,225.83999999999997,0.2445,0
CC-12074,54,Platinum,61,131699,50567,0.0684,-0.0889,1738,20856,1.1124,8,24,0,0.0,0,1,9,1,469.26,295,458.83,87.44,217.99,0.209,0
CC-12075,29,Platinum,5,151501,49438,0.0498,-0.0625,1238,14856,1.2682,8,20,1,495.56,1,0,7,1,334.26,295,326.83,57.84,740.15,0.1253,0
CC-12076,43,Standard,12,54120,8839,0.0984,-0.128,437,5244,1.1133,8,6,0,0.0,0,0,13,1,91.77,0,52.44,55.34,-16.010000000000005,0.0979,0
CC-12077,55,Gold,81,122259,33103,0.105,0.0403,1747,20964,1.0812,8,21,0,0.0,1,2,13,0,419.28,95,314.46,70.49,129.32999999999998,0.218,1
CC-12078,70,Black,82,358294,100000,0.1808,0.2883,9085,109020,0.7928,8,108,0,0.0,3,0,18,0,2725.5,495,3270.6,82.15,-132.25,0.0681,0
CC-12079,27,Platinum,19,145767,56678,0.0828,-0.1512,2358,28296,0.4438,8,29,2,944.61,0,0,10,0,636.66,295,622.51,46.24,1207.52,0.3327,0
CC-12080,35,Standard,85,41791,6471,0.0624,0.0391,203,2436,0.533,8,9,0,0.0,2,0,8,1,42.63,0,24.36,108.72,-90.44999999999999,0.2221,0
CC-12081,40,Standard,13,36641,5027,0.0495,-0.0133,125,1500,1.6647,8,5,0,0.0,1,0,13,1,26.25,0,15.0,77.76,-66.51,0.0429,0
CC-12082,70,Gold,50,113807,31116,0.0869,0.0803,1359,16308,1.0467,119,26,1,544.27,2,0,11,0,326.16,95,244.62,100.8,620.01,0.8067,1
CC-12083,45,Platinum,7,145830,52860,0.0602,0.0845,1599,19188,0.8763,8,20,0,0.0,1,2,13,0,431.73,295,422.14,86.92,217.67000000000002,0.2915,0
CC-12084,23,Gold,71,98399,19805,0.1342,0.0108,1336,16032,1.329,8,17,1,534.98,1,0,10,1,320.64,95,240.48,62.65,647.49,0.1038,0
CC-12085,66,Gold,66,72457,21024,0.0663,-0.026,700,8400,0.7252,27,12,1,280.57,1,0,9,0,168.0,95,126.0,105.59,311.9799999999999,0.2226,1
CC-12086,44,Standard,16,31039,4740,0.0894,-0.0852,213,2556,1.1249,27,6,3,85.3,2,0,7,0,44.73,0,25.56,73.39,31.08,0.2673,0
CC-12087,54,Gold,52,76492,21942,0.087,-0.1347,959,11508,0.9732,119,10,2,384.24,3,0,13,0,230.16,95,172.62,80.19,456.59,0.8704,1
CC-12088,66,Platinum,28,129397,52222,0.0946,-0.0345,2483,29796,1.088,8,30,0,0.0,0,1,7,0,670.41,295,655.51,50.82,259.0799999999999,0.1219,0
CC-12089,42,Standard,74,47157,6917,0.1033,-0.2127,359,4308,0.8491,8,4,0,0.0,2,0,11,1,75.39,0,43.08,95.4,-63.09000000000002,0.1406,0
CC-12090,31,Platinum,71,114189,40088,0.1223,-0.1091,2463,29556,0.6606,8,27,2,986.85,0,2,7,1,665.01,295,650.23,45.07,1251.56,0.8059,1
CC-12091,68,Black,9,281747,100000,0.1731,0.146,8700,104400,0.7031,8,102,0,0.0,0,0,10,0,2610.0,495,3132.0,81.4,-108.40000000000009,0.0951,0
CC-12092,28,Standard,18,58249,8560,0.1304,-0.0052,561,6732,0.7148,8,8,0,0.0,2,0,17,0,117.81,0,67.32,77.59,-27.099999999999994,0.0818,0
CC-12093,59,Gold,57,49449,14316,0.0909,0.1139,654,7848,0.9491,27,13,0,0.0,3,0,15,1,156.96,95,117.72,137.26,-3.019999999999982,0.2024,0
CC-12094,63,Standard,80,25000,4182,0.0952,0.2004,200,2400,0.4832,8,8,0,0.0,2,0,13,0,42.0,0,24.0,107.59,-89.59,0.1171,1
CC-12095,55,Platinum,103,183606,54662,0.1166,-0.0466,3203,38436,0.5758,8,43,1,1282.9,3,0,14,0,864.81,295,845.59,131.32,1465.8,0.1889,0
CC-12096,69,Gold,58,53897,14068,0.046,0.0111,325,3900,0.9907,8,5,0,0.0,3,0,19,0,78.0,95,58.5,112.89,1.6100000000000136,0.0505,0
CC-12097,66,Gold,107,76923,23045,0.0512,-0.0653,593,7116,0.9117,119,15,4,237.5,3,0,10,0,142.32,95,106.74,113.2,254.88,0.9436,1
CC-12098,58,Platinum,6,161296,58611,0.0415,-0.1419,1223,14676,1.0071,8,14,0,0.0,1,0,15,1,330.21,295,322.87,108.49,193.85000000000002,0.1104,0
CC-12099,28,Standard,102,44333,7410,0.0505,-0.1629,188,2256,0.9365,119,3,0,0.0,0,0,10,1,39.48,0,22.56,42.03,-25.110000000000007,0.8734,1
CC-12100,57,Platinum,50,137434,53278,0.0723,0.1065,1936,23232,1.7057,27,25,0,0.0,1,0,9,0,522.72,295,511.1,84.85,221.76999999999998,0.0389,0
CC-12101,47,Gold,19,86538,20339,0.0547,0.0113,559,6708,0.988,119,10,3,223.94,1,0,18,1,134.16,95,100.62,54.08,298.40000000000003,0.9507,1
CC-12102,48,Standard,113,73335,10436,0.1306,0.257,685,8220,0.8363,27,6,2,274.34,3,1,12,1,143.85,0,82.2,139.41,196.57999999999993,0.616,1
CC-12103,60,Gold,38,122838,33462,0.0953,0.1258,1603,19236,0.9803,8,23,3,641.88,1,0,13,1,384.72,95,288.54,87.85,745.2099999999999,0.3036,0
CC-12104,54,Platinum,72,115719,40501,0.0487,-0.1297,992,11904,1.256,27,15,3,397.01,4,1,15,0,267.84,295,261.89,99.97,597.9899999999999,0.3602,0
CC-12105,52,Standard,82,56822,8763,0.0643,0.1061,283,3396,0.9351,8,4,1,113.42,1,0,18,0,59.43,0,33.96,67.16,71.72999999999999,0.0798,0
CC-12106,35,Platinum,95,157692,59892,0.1037,-0.0658,3120,37440,1.1554,8,30,2,1250.13,3,0,19,1,842.4,295,823.68,133.46,1430.3900000000003,0.1574,0
CC-12107,64,Platinum,102,139316,54174,0.1,0.1625,2723,32676,1.0688,8,36,0,0.0,0,0,15,1,735.21,295,718.87,39.89,271.45000000000005,0.0941,0
CC-12108,37,Standard,40,34786,4741,0.1406,-0.093,335,4020,0.8629,8,3,0,0.0,7,2,9,1,70.35,0,40.2,156.45,-126.29999999999998,0.484,1
CC-12109,53,Black,103,311595,100000,0.1934,-0.1779,9721,116652,0.9833,8,125,1,3892.82,2,1,13,0,2916.3,495,3499.56,95.3,3709.2600000000007,0.1695,1
CC-12110,67,Standard,114,41556,5714,0.1421,-0.1394,408,4896,1.4297,8,8,0,0.0,2,0,17,1,85.68,0,48.96,123.95,-87.22999999999999,0.0525,0
CC-12111,66,Standard,64,40729,6127,0.0802,-0.1317,247,2964,1.0229,8,7,1,98.91,2,0,12,1,51.87,0,29.64,77.5,43.64,0.1545,0
CC-12112,36,Standard,50,36370,5111,0.0705,-0.146,181,2172,0.6542,119,2,1,72.53,3,0,6,0,38.01,0,21.72,127.54,-38.72,0.8963,1
CC-12113,49,Platinum,12,174993,62922,0.1045,-0.1059,3303,39636,0.8541,8,35,0,0.0,3,0,10,0,891.81,295,871.99,100.57,214.25,0.0761,0
CC-12114,29,Gold,107,68685,14104,0.0773,0.1085,548,6576,0.3157,8,11,2,219.45,2,1,14,0,131.52,95,98.64,65.56,281.77000000000004,0.5512,0
CC-12115,53,Standard,38,36431,5485,0.115,0.2494,317,3804,0.9912,8,13,1,126.96,0,0,12,0,66.57,0,38.04,81.93,73.55999999999997,0.0849,0
CC-12116,69,Standard,31,53751,7636,0.0964,-0.2195,370,4440,1.3436,8,5,0,0.0,1,0,11,1,77.7,0,44.4,79.39,-46.08999999999999,0.0714,1
CC-12117,49,Gold,80,81932,20767,0.1016,0.1695,1060,12720,0.5476,8,12,0,0.0,1,4,19,0,254.4,95,190.8,78.79,79.80999999999995,0.8186,1
CC-12118,33,Standard,6,43679,6348,0.0705,-0.0917,225,2700,0.9949,27,10,0,0.0,2,0,14,0,47.25,0,27.0,105.42,-85.17000000000002,0.106,0
CC-12119,41,Platinum,46,176151,56331,0.0941,0.0322,2663,31956,1.2456,8,30,0,0.0,0,0,10,1,719.01,295,703.03,74.03,236.95000000000005,0.0831,0
CC-12120,41,Platinum,58,185979,75614,0.0781,-0.2681,2968,35616,1.2773,8,40,1,1188.67,2,0,4,1,801.36,295,783.55,104.38,1397.1000000000004,0.1254,0
CC-12121,25,Gold,44,39783,8691,0.1314,0.0586,574,6888,1.3339,27,10,2,229.87,1,2,13,0,137.76,95,103.32,69.54,289.77,0.4537,1
CC-12122,30,Black,102,270985,100000,0.0861,-0.3208,4327,51924,0.3895,8,59,0,0.0,1,0,15,1,1298.1,495,1557.72,84.83,150.54999999999995,0.304,1
CC-12123,26,Standard,116,29134,5112,0.1086,0.0271,279,3348,1.1015,8,6,0,0.0,2,0,10,0,58.59,0,33.48,117.66,-92.54999999999998,0.0484,0
CC-12124,71,Black,111,252924,100000,0.1368,0.0186,6875,82500,0.4983,27,76,0,0.0,4,0,9,1,2062.5,495,2475.0,148.59,-66.09000000000015,0.444,0
CC-12125,33,Gold,15,84856,24408,0.0851,0.0087,1044,12528,0.6505,8,26,1,418.09,3,0,14,0,250.56,95,187.92,104.29,471.44,0.1819,0
CC-12126,21,Gold,48,77459,16458,0.1204,-0.1302,996,11952,1.1963,8,10,1,398.85,2,0,10,1,239.04,95,179.28,78.99,474.62,0.1274,0
CC-12127,40,Standard,84,33465,5007,0.0978,0.0624,246,2952,0.9974,8,8,0,0.0,0,0,9,1,51.66,0,29.52,39.5,-17.36,0.1175,0
CC-12128,67,Platinum,35,102339,35202,0.0646,0.0387,1142,13704,1.1679,8,17,0,0.0,2,1,15,0,308.34,295,301.49,116.47,185.37999999999988,0.0938,0
CC-12129,66,Standard,23,53189,6408,0.0758,-0.0515,244,2928,0.6713,8,5,1,97.77,1,0,14,1,51.24,0,29.28,59.92,59.80999999999999,0.2417,0
CC-12130,28,Standard,82,62266,9127,0.1236,0.0808,567,6804,1.3921,27,7,0,0.0,2,0,7,1,119.07,0,68.04,84.02,-32.99000000000001,0.1256,0
CC-12131,30,Standard,81,25000,3553,0.1143,-0.0343,204,2448,1.1565,8,8,0,0.0,1,1,9,1,42.84,0,24.48,98.71,-80.35,0.195,1
CC-12132,29,Gold,59,78038,20834,0.0531,0.0593,556,6672,1.2168,8,9,0,0.0,2,0,8,1,133.44,95,100.08,112.01,16.349999999999994,0.089,0
CC-12133,69,Gold,71,100554,29546,0.0755,-0.0389,1121,13452,0.6259,8,13,2,449.01,1,0,11,0,269.04,95,201.78,76.06,535.2099999999999,0.2591,1
CC-12134,61,Gold,72,84307,17584,0.0903,0.0125,798,9576,1.3014,119,10,0,0.0,3,0,14,0,191.52,95,143.64,121.62,21.25999999999999,0.6325,1
CC-12135,23,Platinum,104,101020,32917,0.0603,0.0662,998,11976,0.8552,27,9,0,0.0,2,0,14,0,269.46,295,263.47,79.32,221.67000000000002,0.1203,0
CC-12136,31,Standard,69,39624,5810,0.0932,-0.0797,272,3264,0.7666,27,6,2,108.99,1,0,17,0,57.12,0,32.64,105.79,27.67999999999998,0.2537,0
CC-12137,32,Gold,50,91420,22445,0.0633,-0.2051,714,8568,1.1376,8,10,0,0.0,1,1,6,0,171.36,95,128.52,107.1,30.74000000000001,0.1139,0
CC-12138,30,Standard,78,41544,6916,0.0475,0.0214,165,1980,1.125,27,6,0,0.0,0,1,11,0,34.65,0,19.8,91.53,-76.68,0.1839,0
CC-12139,45,Platinum,102,138320,47315,0.0844,0.1584,2006,24072,0.696,27,22,0,0.0,1,2,15,1,541.62,295,529.58,87.38,219.65999999999997,0.7401,1
CC-12140,69,Platinum,35,139329,39541,0.1146,0.0249,2278,27336,1.5669,8,28,0,0.0,0,1,14,0,615.06,295,601.39,39.29,269.38,0.0528,0
CC-12141,69,Gold,38,73859,20016,0.0401,0.0277,403,4836,1.4943,119,7,0,0.0,1,0,14,0,96.72,95,72.54,86.81,32.369999999999976,0.5652,0
CC-12142,45,Gold,35,102352,29526,0.0622,-0.0263,923,11076,1.1315,27,12,0,0.0,1,1,15,1,221.52,95,166.14,75.31,75.07,0.3112,1
CC-12143,31,Standard,33,39628,5977,0.0666,0.0909,200,2400,1.0791,119,2,0,0.0,4,0,14,1,42.0,0,24.0,118.71,-100.70999999999998,0.843,1
CC-12144,56,Gold,23,63633,16424,0.0408,-0.0479,337,4044,1.0489,27,5,1,134.88,3,1,6,0,80.88,95,60.66,81.68,168.42,0.3053,0
CC-12145,59,Platinum,29,218037,66024,0.0617,-0.0881,2046,24552,0.485,27,29,0,0.0,2,1,10,1,552.42,295,540.14,117.44,189.84000000000003,0.667,1
CC-12146,46,Gold,93,83346,18508,0.0572,0.1458,532,6384,0.9838,119,9,2,213.09,3,0,9,1,127.68,95,95.76,131.46,208.54999999999995,0.936,1
CC-12147,34,Standard,74,25000,3352,0.0671,-0.0996,113,1356,0.9799,8,4,0,0.0,1,1,14,0,23.73,0,13.56,69.43,-59.260000000000005,0.1214,0
CC-12148,59,Gold,103,111663,27142,0.1067,0.1134,1455,17460,0.7772,27,19,1,582.93,2,3,5,0,349.2,95,261.9,123.66,641.5699999999999,0.78,1
CC-12149,60,Platinum,64,183803,75348,0.0684,0.1459,2590,31080,0.8572,8,43,3,1037.38,1,0,15,1,699.3,295,683.76,58.15,1289.77,0.333,0
CC-12150,21,Standard,98,50143,7586,0.0567,0.065,216,2592,0.2356,27,7,0,0.0,2,0,18,0,45.36,0,25.92,115.11,-95.67,0.2547,0
CC-12151,24,Standard,28,52105,6853,0.0604,-0.2074,208,2496,0.6208,27,9,0,0.0,3,0,12,1,43.68,0,24.96,117.31,-98.59,0.3183,1
CC-12152,50,Gold,68,130894,29661,0.07,-0.0159,1044,12528,1.2265,27,16,1,417.92,0,0,14,1,250.56,95,187.92,64.14,511.42,0.1972,1
CC-12153,32,Platinum,14,106301,35479,0.116,-0.0503,2069,24828,1.4694,27,25,0,0.0,0,2,15,1,558.63,295,546.22,92.81,214.60000000000002,0.3852,1
CC-12154,55,Standard,24,46498,7318,0.0726,-0.0944,267,3204,0.667,8,5,0,0.0,1,0,11,1,56.07,0,32.04,84.98,-60.95000000000001,0.1859,0
CC-12155,33,Standard,19,67159,9832,0.0597,0.0014,295,3540,1.0049,8,11,0,0.0,1,1,8,0,61.95,0,35.4,100.02,-73.46999999999998,0.1354,0
CC-12156,51,Standard,9,69542,9982,0.0835,0.0954,419,5028,1.2795,8,8,2,167.77,1,1,5,0,87.99,0,50.28,63.93,141.54999999999998,0.1939,0
CC-12157,58,Standard,109,40881,6290,0.0908,-0.0888,287,3444,0.7939,8,2,0,0.0,3,2,12,0,60.27,0,34.44,81.93,-56.1,0.3055,1
CC-12158,63,Gold,70,127715,28631,0.047,-0.0457,676,8112,1.1529,8,13,0,0.0,1,0,10,1,162.24,95,121.68,62.67,72.88999999999999,0.0934,0
CC-12159,43,Gold,39,102055,21216,0.1079,-0.0562,1150,13800,0.9399,8,18,0,0.0,2,0,8,1,276.0,95,207.0,124.3,39.69999999999999,0.134,0
CC-12160,24,Gold,40,116773,23639,0.088,0.1546,1045,12540,1.3071,8,17,1,418.72,0,0,6,1,250.8,95,188.1,68.68,507.74,0.1177,0
CC-12161,36,Gold,98,101358,22818,0.045,-0.0586,516,6192,0.5653,8,9,0,0.0,1,0,8,0,123.84,95,92.88,100.51,25.450000000000017,0.1524,0
CC-12162,27,Standard,13,48436,6078,0.1241,-0.2052,379,4548,0.6186,8,4,0,0.0,2,1,6,0,79.59,0,45.48,106.1,-71.98999999999998,0.2332,0
CC-12163,42,Platinum,3,217328,71085,0.1106,-0.256,3952,47424,1.0339,27,59,3,1582.49,1,0,15,0,1067.04,295,1043.33,59.27,1841.9299999999998,0.2666,0
CC-12164,49,Gold,27,73767,20455,0.0809,0.0344,832,9984,0.9789,8,13,0,0.0,1,1,14,0,199.68,95,149.76,56.82,88.10000000000002,0.1258,0
CC-12165,31,Black,44,413159,100000,0.1442,-0.1341,7246,86952,0.9331,8,89,1,2902.51,3,1,8,1,2173.8,495,2608.56,109.12,2853.6300000000006,0.3521,0
CC-12166,53,Gold,54,128789,33625,0.0785,0.0803,1326,15912,1.1228,27,19,0,0.0,2,0,15,1,318.24,95,238.68,121.53,53.02999999999997,0.1616,0
CC-12167,49,Standard,26,60334,10326,0.0686,-0.2197,356,4272,0.6708,8,8,0,0.0,0,0,13,1,74.76,0,42.72,42.98,-10.939999999999984,0.1787,0
CC-12168,59,Gold,55,83475,19049,0.1047,-0.1008,1002,12024,0.5392,8,11,2,401.45,0,0,16,0,240.48,95,180.36,65.12,491.45000000000005,0.2692,0
CC-12169,32,Standard,109,47749,8265,0.0828,-0.2196,344,4128,0.8,8,11,3,137.75,0,1,12,0,72.24,0,41.28,80.59,88.12,0.3821,1
CC-12170,27,Gold,58,57910,13893,0.0481,0.0452,336,4032,0.8335,119,13,0,0.0,0,1,14,0,80.64,95,60.48,39.74,75.41999999999999,0.896,1
CC-12171,59,Standard,65,39908,5748,0.1052,0.0773,304,3648,0.8649,8,9,2,121.71,1,0,14,0,63.84,0,36.48,74.42,74.65,0.1373,1
CC-12172,62,Standard,83,51983,7502,0.109,0.0308,411,4932,1.3307,27,13,1,164.59,0,1,11,0,86.31,0,49.32,67.16,134.42000000000002,0.1941,0
CC-12173,68,Platinum,10,90065,26455,0.0885,-0.1829,1176,14112,1.1811,8,19,0,0.0,1,1,6,0,317.52,295,310.46,56.58,245.48000000000002,0.1103,0
CC-12174,46,Standard,61,41648,7435,0.102,-0.1319,381,4572,1.11,8,13,2,152.65,0,0,19,0,80.01,0,45.72,74.37,112.57000000000002,0.0889,0
CC-12175,60,Platinum,47,208069,62293,0.1339,0.0151,4191,50292,1.0166,8,48,0,0.0,2,0,12,0,1131.57,295,1106.42,109.33,210.81999999999994,0.0559,0
CC-12176,29,Standard,29,43263,6076,0.0635,-0.2732,194,2328,0.8197,8,8,1,77.66,0,0,15,1,40.74,0,23.28,73.37,21.75,0.1969,0
CC-12177,61,Gold,54,106964,24808,0.1205,-0.0562,1502,18024,0.6938,27,26,0,0.0,1,0,11,1,360.48,95,270.36,54.45,130.67000000000002,0.3705,0
CC-12178,54,Gold,20,97038,20132,0.0902,0.2075,913,10956,0.5909,8,11,0,0.0,1,1,7,1,219.12,95,164.34,50.39,99.38999999999999,0.482,1
CC-12179,65,Gold,93,78461,16886,0.1131,-0.047,960,11520,0.7416,27,13,1,384.41,2,0,9,0,230.4,95,172.8,112.91,424.0999999999999,0.2143,0
CC-12180,33,Standard,88,43255,5307,0.1417,-0.2433,378,4536,0.9371,8,2,2,151.37,4,1,7,0,79.38,0,45.36,124.4,60.99000000000001,0.2724,0
CC-12181,56,Standard,18,46877,6447,0.0969,-0.1111,314,3768,0.6035,8,3,0,0.0,1,0,11,0,65.94,0,37.68,83.91,-55.650000000000006,0.1071,0
CC-12182,45,Standard,68,25000,4299,0.069,-0.1146,149,1788,1.0009,8,6,0,0.0,0,0,9,0,31.29,0,17.88,89.42,-76.00999999999999,0.0596,0
CC-12183,44,Standard,7,55653,7811,0.1337,0.301,525,6300,0.8917,119,10,0,0.0,1,1,6,0,110.25,0,63.0,83.55,-36.30000000000001,0.9057,1
CC-12184,64,Gold,84,82484,17517,0.0684,0.2299,602,7224,0.8308,8,14,0,0.0,2,0,14,0,144.48,95,108.36,80.21,50.91,0.0692,0
CC-12185,37,Black,5,348734,100000,0.1094,0.0896,5499,65988,1.2985,8,62,0,0.0,1,0,16,1,1649.7,495,1979.64,76.86,88.19999999999982,0.071,0
CC-12186,22,Platinum,93,153587,64433,0.0613,-0.0715,1985,23820,0.2118,8,22,0,0.0,2,0,5,0,535.95,295,524.04,94.09,212.82000000000005,0.2523,0
CC-12187,33,Platinum,83,134310,41975,0.1298,0.1601,2738,32856,0.8349,8,35,0,0.0,2,0,14,0,739.26,295,722.83,105.9,205.52999999999997,0.0688,0
CC-12188,51,Platinum,82,146914,46886,0.1345,-0.19,3170,38040,0.2443,8,33,0,0.0,0,0,14,1,855.9,295,836.88,56.11,257.9100000000001,0.3637,0
CC-12189,49,Gold,72,89269,26529,0.0482,0.1415,642,7704,1.0216,8,9,0,0.0,0,0,13,0,154.08,95,115.56,85.39,48.130000000000024,0.0534,0
CC-12190,70,Standard,117,61607,8053,0.1384,0.1192,560,6720,1.1787,119,11,1,224.34,1,1,16,1,117.6,0,67.2,82.15,192.58999999999997,0.9347,1
CC-12191,48,Platinum,9,142192,49990,0.0644,-0.0427,1617,19404,0.5447,8,20,0,0.0,1,1,12,0,436.59,295,426.89,82.74,221.95999999999992,0.3017,0
CC-12192,47,Gold,52,91123,20408,0.1307,0.1509,1340,16080,0.5831,119,20,2,536.89,1,2,13,0,321.6,95,241.2,95.59,616.7,0.9898,1
CC-12193,35,Gold,16,58184,17061,0.0744,-0.0871,638,7656,0.4405,8,7,0,0.0,1,1,8,0,153.12,95,114.84,54.92,78.36000000000001,0.3548,0
CC-12194,51,Standard,40,44470,7955,0.0375,-0.2098,150,1800,0.9691,8,3,0,0.0,2,0,11,0,31.5,0,18.0,118.29,-104.79000000000002,0.0616,0
CC-12195,60,Standard,106,61360,10362,0.0419,0.1267,218,2616,0.8478,119,7,0,0.0,2,0,11,0,45.78,0,26.16,76.67,-57.05,0.7859,1
CC-12196,35,Gold,81,94112,21784,0.0556,-0.0328,609,7308,0.8664,8,9,0,0.0,2,0,13,0,146.16,95,109.62,84.97,46.56999999999999,0.067,0
CC-12197,53,Platinum,113,102164,34376,0.061,0.0703,1053,12636,0.8396,8,16,0,0.0,2,0,12,0,284.31,295,277.99,70.5,230.81999999999994,0.0693,1
CC-12198,40,Gold,49,64306,14419,0.1125,0.2531,815,9780,0.6579,8,9,0,0.0,4,0,11,0,195.6,95,146.7,123.27,20.630000000000052,0.132,0
CC-12199,62,Standard,114,36658,6358,0.0551,-0.1283,176,2112,1.2896,119,4,0,0.0,2,1,10,1,36.96,0,21.12,85.29,-69.45000000000002,0.9008,1
CC-12200,32,Black,35,349974,100000,0.2131,-0.0415,10711,128532,1.0317,8,115,1,4289.35,2,0,17,0,3213.3,495,3855.96,77.97,4063.7200000000007,0.0731,0
CC-12201,57,Standard,45,54861,7962,0.1037,0.2154,415,4980,0.5946,27,5,0,0.0,1,0,7,1,87.15,0,49.8,60.6,-23.25,0.3466,0
CC-12202,29,Standard,93,25000,3984,0.0989,0.0803,198,2376,0.7398,8,7,0,0.0,2,1,12,1,41.58,0,23.76,73.39,-55.57000000000001,0.3055,0
CC-12203,43,Standard,31,44084,5727,0.073,-0.125,210,2520,0.6884,8,7,1,84.15,1,0,11,1,44.1,0,25.2,53.81,49.239999999999995,0.2465,0
CC-12204,28,Gold,59,88137,21460,0.1138,-0.1633,1227,14724,1.3718,8,14,0,0.0,2,0,11,1,294.48,95,220.86,77.92,90.69999999999999,0.067,0
CC-12205,52,Platinum,103,106324,39170,0.0946,-0.0992,1862,22344,1.1634,119,19,0,0.0,0,1,11,0,502.74,295,491.57,35.24,270.93000000000006,0.8386,1
CC-12206,68,Standard,7,40607,5811,0.1264,-0.1308,369,4428,0.9121,27,8,0,0.0,1,1,13,1,77.49,0,44.28,54.92,-21.710000000000008,0.4061,0
CC-12207,34,Platinum,95,186584,61584,0.1317,0.0156,4076,48912,1.4622,8,57,0,0.0,5,2,15,1,1100.52,295,1076.06,168.0,151.46000000000004,0.2335,0
CC-12208,47,Standard,98,49599,5954,0.0688,-0.0082,206,2472,1.3856,8,6,0,0.0,2,0,10,0,43.26,0,24.72,89.11,-70.57,0.0317,0
CC-12209,45,Platinum,62,122514,48099,0.0453,0.0219,1096,13152,0.8808,8,13,2,438.57,2,0,12,1,295.92,295,289.34,120.1,620.0500000000001,0.2552,0
CC-12210,33,Platinum,119,133444,53979,0.0961,-0.1461,2608,31296,0.8268,8,31,0,0.0,3,0,9,1,704.16,295,688.51,103.98,206.66999999999996,0.1453,0
CC-12211,41,Platinum,72,132024,54885,0.0981,-0.0306,2705,32460,0.8413,8,39,1,1083.75,1,0,13,0,730.35,295,714.12,96.75,1298.23,0.101,0
CC-12212,65,Standard,4,48171,7859,0.0881,-0.3284,348,4176,0.6642,27,6,1,139.36,0,0,16,0,73.08,0,41.76,76.96,93.72,0.2243,0
CC-12213,51,Black,72,179918,82543,0.0783,0.0018,3246,38952,1.4702,8,45,0,0.0,5,0,12,0,973.8,495,1168.56,119.73,180.51,0.0273,0
CC-12214,57,Gold,112,70767,16059,0.101,0.1563,815,9780,0.6481,119,9,0,0.0,1,1,13,1,195.6,95,146.7,78.08,65.82000000000005,0.9714,1
CC-12215,68,Standard,45,56648,10194,0.0593,-0.2337,304,3648,1.2105,8,8,3,121.68,1,1,13,0,63.84,0,36.48,57.3,91.74000000000001,0.2489,1
CC-12216,63,Platinum,6,137460,49838,0.0608,0.0525,1522,18264,1.1572,8,26,0,0.0,1,0,11,0,410.94,295,401.81,74.36,229.77000000000004,0.0476,0
CC-12217,25,Standard,58,35438,5700,0.0813,-0.1117,233,2796,0.8585,119,6,0,0.0,1,1,13,0,48.93,0,27.96,66.95,-45.98,0.8941,0
CC-12218,33,Platinum,95,111696,41945,0.0569,0.1004,1199,14388,1.493,8,11,0,0.0,0,1,19,0,323.73,295,316.54,72.04,230.14999999999998,0.0513,1
CC-12219,48,Standard,61,53109,9066,0.0764,0.0038,348,4176,0.4823,8,8,0,0.0,2,0,14,1,73.08,0,41.76,109.69,-78.36999999999999,0.2188,0
CC-12220,63,Gold,91,73996,14870,0.1441,0.0407,1077,12924,0.9261,27,8,0,0.0,3,0,16,0,258.48,95,193.86,134.83,24.789999999999964,0.106,0
CC-12221,45,Gold,11,95856,21282,0.1201,-0.0103,1284,15408,0.8033,8,13,0,0.0,5,0,10,0,308.16,95,231.12,112.87,59.170000000000016,0.0821,0
CC-12222,71,Standard,5,37948,6069,0.1194,0.1792,364,4368,1.2382,8,8,0,0.0,2,2,17,0,76.44,0,43.68,109.59,-76.83000000000001,0.1758,0
CC-12223,55,Standard,92,32287,5608,0.0997,0.0321,281,3372,1.0561,8,5,0,0.0,1,0,13,0,59.01,0,33.72,57.63,-32.339999999999996,0.0499,0
CC-12224,67,Standard,50,47750,7693,0.0704,-0.1258,272,3264,0.4318,8,5,0,0.0,3,0,7,0,57.12,0,32.64,132.1,-107.62,0.1428,0
CC-12225,59,Gold,45,82930,20015,0.1082,-0.0052,1088,13056,1.3218,8,10,0,0.0,2,2,12,0,261.12,95,195.84,103.97,56.31,0.1663,1
CC-12226,27,Standard,93,52707,7468,0.133,-0.0753,499,5988,1.0956,8,17,0,0.0,5,0,15,0,104.79,0,59.88,164.13,-119.21999999999998,0.0452,0
CC-12227,58,Gold,102,103787,28416,0.1051,0.0044,1501,18012,0.6394,8,18,0,0.0,0,0,12,0,360.24,95,270.18,42.78,142.27999999999997,0.1281,0
CC-12228,52,Standard,98,40972,6738,0.0954,-0.083,323,3876,0.8451,8,5,2,129.39,3,0,10,0,67.83,0,38.76,109.04,49.41999999999996,0.1476,0
CC-12229,23,Standard,3,48925,7653,0.0603,-0.1215,232,2784,0.56,27,8,1,92.89,1,3,13,0,48.72,0,27.84,79.56,34.21000000000001,0.823,1
CC-12230,65,Gold,59,76737,17584,0.0469,0.0099,414,4968,0.8987,8,7,1,166.0,3,0,13,0,99.36,95,74.52,124.47,161.37,0.0939,0
CC-12231,59,Standard,55,52128,9148,0.0487,-0.0116,224,2688,0.995,8,6,0,0.0,2,0,10,0,47.04,0,26.88,123.2,-103.04000000000002,0.0596,0
CC-12232,57,Platinum,18,148169,52935,0.1224,0.1396,3257,39084,0.8496,8,41,2,1304.17,1,0,18,1,879.39,295,859.85,50.78,1567.9299999999998,0.2489,0
CC-12233,70,Platinum,53,118165,46163,0.0735,-0.0822,1705,20460,0.8149,27,19,2,682.95,1,2,10,1,460.35,295,450.12,89.02,899.1600000000002,0.8095,1
CC-12234,42,Gold,114,69963,15491,0.1216,-0.3171,947,11364,0.4662,8,13,1,379.16,0,0,16,0,227.28,95,170.46,37.45,493.53000000000003,0.209,0
CC-12235,28,Gold,77,90709,21262,0.0819,-0.0746,875,10500,1.0512,8,9,0,0.0,1,3,8,0,210.0,95,157.5,75.33,72.17000000000002,0.4314,1
CC-12236,37,Platinum,92,180676,72711,0.0861,-0.264,3145,37740,0.3727,8,35,0,0.0,3,1,10,0,849.15,295,830.28,130.96,182.91000000000008,0.3559,0
CC-12237,47,Standard,106,55139,6782,0.0563,0.0424,192,2304,0.9593,27,8,0,0.0,2,0,16,0,40.32,0,23.04,98.75,-81.47,0.0999,1
CC-12238,53,Standard,57,34391,5184,0.0656,-0.2711,171,2052,0.4103,8,8,0,0.0,4,0,15,0,35.91,0,20.52,145.99,-130.60000000000002,0.1274,1
CC-12239,66,Standard,3,35574,5297,0.0834,-0.1683,222,2664,0.9652,8,5,0,0.0,2,1,13,0,46.62,0,26.64,103.53,-83.55000000000001,0.1328,0
CC-12240,37,Platinum,92,115833,44615,0.0876,-0.0744,1964,23568,0.9482,8,34,0,0.0,3,2,23,1,530.28,295,518.5,134.33,172.44999999999993,0.372,0
CC-12241,62,Standard,30,38288,5242,0.0649,0.2116,171,2052,1.071,8,7,1,68.48,2,1,10,0,35.91,0,20.52,112.53,-28.66000000000001,0.1668,0
CC-12242,32,Gold,55,46395,10295,0.1133,-0.1809,586,7032,1.2087,119,7,0,0.0,1,1,11,1,140.64,95,105.48,93.46,36.69999999999999,0.9141,1
CC-12243,68,Black,60,335303,100000,0.1202,-0.0181,6038,72456,1.2643,27,68,0,0.0,1,0,16,1,1811.4,495,2173.68,94.62,38.100000000000364,0.1303,0
CC-12244,66,Platinum,75,124044,44660,0.1092,0.067,2451,29412,0.467,8,33,0,0.0,3,1,13,0,661.77,295,647.06,113.97,195.74,0.3122,0
CC-12245,47,Gold,62,94819,19956,0.0564,0.2026,566,6792,0.9325,27,8,0,0.0,0,0,8,0,135.84,95,101.88,85.96,43.00000000000003,0.1236,0
CC-12246,68,Standard,61,41447,5453,0.1186,0.0967,325,3900,1.5533,8,6,0,0.0,1,0,12,0,68.25,0,39.0,77.95,-48.7,0.0242,0
CC-12247,28,Platinum,110,139196,58439,0.0564,0.1441,1656,19872,0.9857,27,25,0,0.0,1,1,6,0,447.12,295,437.18,53.95,250.99,0.2326,0
CC-12248,43,Gold,24,70439,15465,0.1174,0.1096,912,10944,0.7006,8,17,0,0.0,2,0,13,1,218.88,95,164.16,109.97,39.75,0.1721,0
CC-12249,62,Standard,10,44682,6998,0.0762,-0.2014,268,3216,0.9261,8,9,1,107.33,4,0,7,0,56.28,0,32.16,139.29,-7.839999999999975,0.1043,0
CC-12250,69,Standard,51,35198,5111,0.1063,0.034,273,3276,0.8349,119,7,0,0.0,1,0,12,0,57.33,0,32.76,58.12,-33.55,0.7936,0
CC-12251,49,Platinum,44,139270,56262,0.106,0.1073,2996,35952,0.5971,27,32,0,0.0,0,0,9,1,808.92,295,790.94,50.0,262.98,0.419,1
CC-12252,70,Gold,29,115965,31950,0.0376,-0.1635,603,7236,1.2107,119,16,1,241.81,2,0,10,0,144.72,95,108.54,79.7,293.28999999999996,0.7692,1
CC-12253,40,Platinum,41,158221,57524,0.042,-0.107,1213,14556,1.1253,27,22,0,0.0,0,0,5,0,327.51,295,320.23,70.54,231.73999999999995,0.1007,0
CC-12254,36,Platinum,85,150186,42277,0.1347,-0.1405,2861,34332,0.5496,8,30,0,0.0,4,1,13,0,772.47,295,755.3,128.49,183.68000000000006,0.2829,1
CC-12255,37,Gold,27,56955,16401,0.0791,0.0959,652,7824,0.922,8,14,0,0.0,4,0,10,0,156.48,95,117.36,102.15,31.97,0.068,0
CC-12256,36,Gold,40,97054,23726,0.0645,-0.0304,769,9228,0.7801,8,12,2,308.03,1,0,11,0,184.56,95,138.42,76.34,372.8299999999999,0.165,0
CC-12257,39,Standard,87,52475,9230,0.0748,-0.0681,347,4164,0.4695,8,4,3,138.97,0,1,9,1,72.87,0,41.64,36.48,133.72,0.7061,1
CC-12258,28,Standard,26,48017,7189,0.0479,-0.2123,173,2076,0.5256,8,9,0,0.0,1,1,12,0,36.33,0,20.76,59.42,-43.85000000000001,0.2364,0
CC-12259,58,Standard,26,47410,7663,0.0566,-0.0301,218,2616,0.5702,8,6,0,0.0,4,0,19,1,45.78,0,26.16,99.14,-79.52,0.1848,0
CC-12260,58,Platinum,62,135093,39136,0.0952,-0.1051,1873,22476,0.9325,8,21,0,0.0,0,0,19,0,505.71,295,494.47,64.63,241.61,0.055,0
CC-12261,49,Gold,85,98799,27121,0.0967,0.0165,1318,15816,0.8126,8,24,0,0.0,0,1,14,0,316.32,95,237.24,38.74,135.33999999999997,0.1517,0
CC-12262,61,Platinum,52,188895,61829,0.0893,-0.1914,2775,33300,0.6622,8,30,0,0.0,3,0,16,1,749.25,295,732.6,137.08,174.56999999999994,0.2239,1
CC-12263,56,Standard,113,48718,6873,0.1019,0.0067,352,4224,0.8324,8,7,0,0.0,4,1,20,0,73.92,0,42.24,132.58,-100.90000000000002,0.1306,0
CC-12264,46,Gold,68,64351,13633,0.129,-0.0858,884,10608,1.1743,8,22,0,0.0,2,0,10,1,212.16,95,159.12,111.31,36.72999999999996,0.0907,0
CC-12265,51,Gold,16,65976,14164,0.0749,-0.2074,533,6396,1.057,119,16,0,0.0,1,0,10,0,127.92,95,95.94,74.71,52.27000000000004,0.7428,1
CC-12266,64,Gold,55,100432,21952,0.1092,-0.2191,1205,14460,1.2506,8,16,0,0.0,6,1,11,1,289.2,95,216.9,181.96,-14.660000000000025,0.1698,0
CC-12267,32,Gold,34,64523,15022,0.1163,-0.1966,878,10536,0.8815,8,18,0,0.0,2,0,12,0,210.72,95,158.04,111.5,36.180000000000064,0.0692,1
CC-12268,37,Standard,108,47261,8200,0.0536,-0.051,221,2652,1.4308,8,8,0,0.0,2,0,8,0,46.41,0,26.52,83.78,-63.89,0.0305,0
CC-12269,35,Gold,98,77657,18391,0.072,-0.0019,665,7980,1.0544,27,16,1,266.53,0,1,16,0,159.6,95,119.7,42.26,359.16999999999996,0.2509,0
CC-12270,29,Standard,94,32937,5383,0.1198,0.0205,324,3888,0.8033,8,7,1,129.8,2,1,15,1,68.04,0,38.88,92.59,66.37000000000003,0.3581,0
CC-12271,59,Standard,50,54363,6793,0.1573,0.0261,537,6444,0.9779,119,8,0,0.0,2,0,11,1,112.77,0,64.44,98.02,-49.68999999999998,0.8686,1
CC-12272,62,Gold,41,100018,25915,0.0555,-0.1338,723,8676,0.5756,8,15,0,0.0,3,0,13,0,173.52,95,130.14,111.9,26.47999999999999,0.1437,0
CC-12273,68,Gold,42,56192,13946,0.0454,0.1388,318,3816,0.8581,8,6,1,127.44,0,0,10,0,76.32,95,57.24,91.42,150.1,0.1064,0
CC-12274,32,Black,44,313701,100000,0.1003,-0.0863,5038,60456,1.079,8,69,2,2018.87,2,0,7,0,1511.4,495,1813.68,106.66,2104.93,0.1168,1
CC-12275,52,Gold,113,92124,26220,0.0628,0.0475,827,9924,1.1335,27,15,0,0.0,2,0,10,0,198.48,95,148.86,92.91,51.71000000000001,0.0861,0
CC-12276,45,Gold,106,102795,25234,0.0763,-0.0446,967,11604,0.827,8,18,0,0.0,0,1,11,0,232.08,95,174.06,77.74,75.28000000000003,0.1543,0
CC-12277,59,Gold,79,88544,24572,0.0802,0.0363,990,11880,1.7702,8,20,2,396.66,2,2,11,0,237.6,95,178.2,85.87,465.19,0.1768,0
CC-12278,38,Gold,78,115320,25290,0.1269,-0.0521,1613,19356,0.8983,8,23,0,0.0,1,0,10,1,387.12,95,290.34,97.96,93.82000000000005,0.1333,0
CC-12279,35,Standard,10,43575,6699,0.0716,0.039,241,2892,0.4465,8,6,1,96.55,0,0,18,1,50.61,0,28.92,87.92,30.319999999999993,0.2989,0
CC-12280,52,Standard,81,41938,5220,0.1437,-0.0211,377,4524,1.314,119,6,2,150.99,3,2,7,0,79.17,0,45.24,136.82,48.10000000000002,0.9591,1
CC-12281,26,Standard,28,34033,4794,0.0556,0.1021,134,1608,1.1321,8,5,0,0.0,1,0,5,0,28.14,0,16.08,52.05,-39.989999999999995,0.0544,0
CC-12282,64,Gold,14,65153,14502,0.0484,-0.1428,353,4236,1.0195,8,7,0,0.0,2,0,15,0,84.72,95,63.54,82.37,33.81,0.054,0
CC-12283,63,Standard,45,33474,5460,0.0816,-0.2855,224,2688,0.8105,8,8,0,0.0,1,1,9,0,47.04,0,26.88,59.92,-39.76,0.1702,0
CC-12284,55,Standard,53,47456,7090,0.0497,-0.166,177,2124,1.068,8,4,0,0.0,1,0,9,0,37.17,0,21.24,90.01,-74.08,0.0545,0
CC-12285,54,Standard,112,41972,6928,0.0715,0.1403,249,2988,1.4357,8,4,0,0.0,0,0,7,0,52.29,0,29.88,50.33,-27.919999999999995,0.0308,0
CC-12286,58,Black,93,303148,100000,0.1755,-0.0432,8821,105852,1.0105,8,106,1,3532.53,3,1,14,1,2646.3,495,3175.56,107.74,3390.53,0.2902,0
CC-12287,25,Standard,84,31395,3930,0.0785,-0.0062,155,1860,0.509,8,9,0,0.0,0,0,18,0,32.55,0,18.6,82.12,-68.17,0.103,0
CC-12288,38,Gold,111,66816,18276,0.0877,-0.178,805,9660,0.05,119,7,0,0.0,1,0,12,1,193.2,95,144.9,101.05,42.25,0.9747,1
CC-12289,36,Standard,102,35183,5980,0.0626,-0.0102,188,2256,1.0654,8,6,0,0.0,1,0,6,0,39.48,0,22.56,86.28,-69.36000000000001,0.0557,0
CC-12290,28,Gold,65,131097,38064,0.0373,-0.1734,714,8568,0.6542,27,14,0,0.0,0,1,14,0,171.36,95,128.52,62.08,75.75999999999999,0.3927,0
CC-12291,45,Standard,51,43136,6656,0.0906,-0.1514,303,3636,0.9201,119,10,0,0.0,2,0,7,0,63.63,0,36.36,68.81,-41.54,0.7876,1
CC-12292,52,Standard,117,44253,7311,0.107,-0.0804,393,4716,0.7073,8,5,0,0.0,1,0,10,0,82.53,0,47.16,94.24,-58.869999999999976,0.0871,0
CC-12293,46,Gold,29,83354,22939,0.0658,0.0468,758,9096,0.6857,8,14,0,0.0,1,1,14,1,181.92,95,136.44,92.66,47.819999999999965,0.4082,1
CC-12294,42,Standard,11,62469,8080,0.1145,0.0628,465,5580,0.7204,27,8,1,186.22,0,0,10,0,97.65,0,55.8,49.15,178.92000000000002,0.2285,0
CC-12295,51,Standard,41,26849,3486,0.1427,0.0669,250,3000,0.7475,27,8,0,0.0,0,0,10,0,52.5,0,30.0,78.75,-56.25,0.1564,1
CC-12296,63,Standard,67,44326,5507,0.1377,-0.2582,381,4572,1.1829,8,6,0,0.0,1,1,12,1,80.01,0,45.72,63.87,-29.58,0.1812,0
CC-12297,30,Standard,73,26744,3722,0.0658,-0.021,123,1476,1.1221,8,7,0,0.0,3,0,9,0,25.83,0,14.76,120.5,-109.42999999999999,0.0494,0
CC-12298,32,Standard,92,25000,3710,0.11,-0.0495,205,2460,0.5876,8,4,1,82.14,1,0,9,0,43.05,0,24.6,58.84,41.75,0.1523,0
CC-12299,48,Standard,73,36739,6608,0.0738,-0.2498,245,2940,0.6285,8,2,0,0.0,8,0,13,1,51.45,0,29.4,209.74,-187.69,0.183,0
CC-12300,26,Platinum,118,154425,52556,0.1093,-0.0176,2886,34632,1.0637,27,38,0,0.0,1,0,15,0,779.22,295,761.9,73.88,238.44000000000005,0.0866,0
CC-12301,40,Gold,9,68047,18551,0.0725,-0.0576,676,8112,1.2658,8,11,0,0.0,0,0,14,0,162.24,95,121.68,71.18,64.38,0.038,0
CC-12302,25,Gold,74,93410,25159,0.0463,0.0567,586,7032,1.2611,27,9,0,0.0,1,0,12,0,140.64,95,105.48,62.4,67.75999999999999,0.0708,0
CC-12303,43,Standard,82,46197,6110,0.1072,-0.0078,329,3948,0.6491,8,8,0,0.0,0,0,13,1,69.09,0,39.48,86.14,-56.53,0.177,0
CC-12304,29,Black,69,270265,100000,0.1112,-0.1024,5586,67032,1.2468,8,70,0,0.0,1,0,15,0,1675.8,495,2010.96,108.09,51.75,0.0365,0
CC-12305,49,Standard,111,59230,9047,0.0882,0.1189,401,4812,0.4171,8,9,2,160.61,6,0,15,0,84.21,0,48.12,143.31,53.389999999999986,0.2351,0
CC-12306,36,Standard,12,38294,6204,0.1129,-0.3532,352,4224,0.8891,8,12,1,140.99,1,1,10,0,73.92,0,42.24,62.26,110.41000000000003,0.2137,0
CC-12307,66,Gold,116,93088,27910,0.0925,-0.0296,1298,15576,1.0961,27,20,1,519.65,1,0,6,1,311.52,95,233.64,82.21,610.3199999999999,0.2544,0
CC-12308,42,Standard,73,25000,3537,0.0889,-0.2845,158,1896,0.3264,8,5,0,0.0,0,1,16,0,33.18,0,18.96,92.48,-78.25999999999999,0.2743,0
CC-12309,28,Standard,87,46111,8013,0.0728,-0.1568,293,3516,1.5779,27,10,0,0.0,0,0,12,1,61.53,0,35.16,80.79,-54.42,0.0877,0
CC-12310,40,Gold,55,79534,18944,0.0848,0.0587,807,9684,1.348,27,17,0,0.0,0,0,6,1,193.68,95,145.26,94.02,49.400000000000034,0.1385,1
CC-12311,71,Platinum,103,98621,37132,0.0808,-0.2111,1508,18096,1.1441,8,24,0,0.0,2,0,11,0,407.16,295,398.11,117.53,186.5200000000001,0.0449,0
CC-12312,34,Gold,97,93468,24285,0.111,-0.2336,1355,16260,0.6605,8,22,0,0.0,0,0,10,0,325.2,95,243.9,76.19,100.10999999999996,0.1292,0
CC-12313,59,Gold,89,69297,14226,0.1113,0.3373,796,9552,0.9296,119,13,0,0.0,0,0,12,0,191.04,95,143.28,46.08,96.67999999999995,0.762,0
CC-12314,57,Black,59,401252,100000,0.1293,-0.2239,6499,77988,1.1871,8,67,0,0.0,1,1,15,0,1949.7,495,2339.64,102.83,2.230000000000018,0.0896,0
CC-12315,70,Standard,93,25000,3031,0.1123,0.2276,171,2052,0.6132,119,9,0,0.0,2,0,3,0,35.91,0,20.52,101.36,-85.97,0.8637,0
CC-12316,54,Standard,88,47792,6798,0.1051,-0.0458,359,4308,0.8959,8,8,0,0.0,4,0,16,1,75.39,0,43.08,122.1,-89.79,0.1195,0
CC-12317,31,Standard,105,45480,7492,0.0916,-0.0987,345,4140,1.2231,8,5,0,0.0,1,2,12,1,72.45,0,41.4,80.03,-48.980000000000004,0.3199,0
CC-12318,60,Standard,29,41840,5454,0.1102,0.065,302,3624,0.5016,27,12,1,120.98,3,1,13,1,63.42,0,36.24,137.83,10.329999999999984,0.6589,1
CC-12319,53,Standard,56,39046,6104,0.0574,0.1805,176,2112,1.0497,27,3,1,70.52,2,0,9,1,36.96,0,21.12,65.66,20.69999999999999,0.2667,0
CC-12320,51,Platinum,115,142401,45630,0.0497,-0.1919,1139,13668,0.4236,27,16,0,0.0,1,0,13,0,307.53,295,300.7,95.01,206.82,0.2812,0
CC-12321,64,Gold,6,107571,30087,0.0596,-0.0965,901,10812,0.6668,8,16,1,360.94,0,0,11,1,216.24,95,162.18,80.73,429.27000000000004,0.3292,0
CC-12322,54,Gold,90,49466,13842,0.0658,0.107,458,5496,0.7986,27,11,3,183.33,1,0,10,0,109.92,95,82.44,55.72,250.09,0.3526,1
CC-12323,70,Standard,25,35932,5983,0.0446,0.0232,134,1608,1.1041,8,6,0,0.0,5,1,11,1,28.14,0,16.08,167.97,-155.91000000000003,0.2096,0
CC-12324,27,Platinum,50,103238,36492,0.111,0.1453,2036,24432,0.7398,8,25,1,815.32,0,1,18,0,549.72,295,537.5,64.73,1057.81,0.2218,0
CC-12325,69,Black,85,203189,83555,0.0851,0.0573,3573,42876,0.9877,119,43,0,0.0,1,0,6,0,1071.9,495,1286.28,92.91,187.71000000000004,0.7674,1
CC-12326,43,Platinum,44,151996,59783,0.1072,0.2512,3222,38664,0.7438,8,26,4,1289.97,2,0,10,0,869.94,295,850.61,90.59,1513.7099999999998,0.3215,0
CC-12327,66,Standard,5,51630,6772,0.0661,0.0068,225,2700,0.7908,8,3,0,0.0,1,0,16,0,47.25,0,27.0,69.0,-48.75,0.0752,1
CC-12328,27,Gold,93,107633,24645,0.0484,0.0133,599,7188,1.3252,8,12,1,240.09,0,0,15,0,143.76,95,107.82,69.2,301.83000000000004,0.0466,0
CC-12329,45,Standard,5,51807,6788,0.0994,0.0283,339,4068,0.6049,8,5,0,0.0,1,1,9,1,71.19,0,40.68,103.53,-73.02000000000001,0.3841,1
CC-12330,23,Standard,30,52719,8458,0.0569,-0.0414,242,2904,1.1777,27,5,0,0.0,3,0,12,1,50.82,0,29.04,118.41,-96.63,0.1605,0
CC-12331,58,Standard,65,29117,4692,0.1183,0.1072,279,3348,0.9497,8,15,0,0.0,1,1,9,1,58.59,0,33.48,89.18,-64.07,0.2547,0
CC-12332,40,Gold,83,116525,30908,0.0382,0.0156,594,7128,0.7773,27,14,0,0.0,1,0,10,0,142.56,95,106.92,69.0,61.639999999999986,0.1458,0
CC-12333,54,Gold,33,80542,19455,0.0752,0.0982,735,8820,0.5847,27,13,1,294.48,6,0,14,0,176.4,95,132.3,139.05,294.53,0.3213,0
CC-12334,69,Standard,12,56621,7134,0.1501,0.1217,538,6456,0.6061,8,13,2,215.54,2,2,9,0,112.98,0,64.56,102.68,161.27999999999997,0.6035,1
CC-12335,64,Standard,51,29518,5155,0.0672,0.0443,174,2088,0.7284,8,4,0,0.0,0,0,12,0,36.54,0,20.88,43.76,-28.1,0.0857,0
CC-12336,64,Gold,88,79869,20028,0.047,0.0553,473,5676,0.905,8,10,0,0.0,1,0,14,0,113.52,95,85.14,76.79,46.589999999999975,0.0617,0
CC-12337,50,Standard,96,55608,8030,0.0736,-0.1715,297,3564,1.1311,27,5,1,118.96,1,0,18,1,62.37,0,35.64,64.99,80.69999999999999,0.2051,1
CC-12338,37,Standard,115,45314,7038,0.0851,-0.1026,301,3612,0.8599,8,5,0,0.0,3,0,16,0,63.21,0,36.12,122.34,-95.25,0.0623,0
CC-12339,30,Standard,23,36517,4804,0.0688,0.1065,166,1992,0.88,27,8,3,66.53,2,0,16,1,34.86,0,19.92,97.11,-15.64,0.487,0
CC-12340,55,Platinum,102,185843,55484,0.0966,0.1935,2694,32328,0.9248,8,34,0,0.0,0,0,15,0,727.38,295,711.22,41.02,270.14,0.0582,0
CC-12341,40,Standard,55,31821,4592,0.1226,-0.3111,283,3396,1.093,8,3,2,113.32,3,2,10,0,59.43,0,33.96,113.59,25.19999999999999,0.3978,1
CC-12342,38,Standard,89,44770,5982,0.1361,-0.1052,409,4908,1.1434,8,3,3,163.88,2,2,12,1,85.89,0,49.08,101.09,99.59999999999997,0.6425,1
CC-12343,65,Standard,104,52201,7029,0.0541,-0.0165,191,2292,0.5339,8,10,0,0.0,2,0,19,1,40.11,0,22.92,82.44,-65.25,0.1838,0
CC-12344,64,Black,78,426698,100000,0.1169,-0.1519,5875,70500,0.8654,27,56,1,2353.01,1,0,11,0,1762.5,495,2115.0,69.86,2425.65,0.1788,0
CC-12345,47,Gold,91,75259,19046,0.0609,-0.1434,583,6996,1.3182,27,9,0,0.0,2,1,19,1,139.92,95,104.94,117.49,12.48999999999998,0.2279,0
CC-12346,69,Gold,56,79125,19650,0.0877,0.0512,866,10392,0.5552,8,12,1,346.87,1,0,13,0,207.84,95,155.88,56.71,437.12,0.2034,1
CC-12347,56,Standard,59,39997,6454,0.0706,0.2172,229,2748,0.9723,8,2,0,0.0,4,0,12,0,48.09,0,27.48,153.08,-132.47,0.0593,0
CC-12348,43,Gold,22,90067,26583,0.0906,-0.3248,1210,14520,0.8987,8,21,1,484.78,1,1,7,1,290.4,95,217.8,62.83,589.55,0.3737,1
CC-12349,52,Standard,115,51614,6541,0.1272,-0.0456,418,5016,0.78,8,9,0,0.0,1,0,17,1,87.78,0,50.16,64.51,-26.89,0.1354,0
CC-12350,30,Gold,51,108232,30667,0.0421,0.0495,649,7788,1.4272,8,12,0,0.0,1,1,12,0,155.76,95,116.82,73.46,60.48000000000002,0.0669,0
CC-12351,31,Platinum,108,166461,60219,0.0928,0.097,2807,33684,0.9611,8,37,0,0.0,1,0,13,0,757.89,295,741.05,106.88,204.95999999999992,0.0569,0
CC-12352,58,Gold,9,74430,15973,0.0568,0.0279,456,5472,1.4033,8,7,0,0.0,1,0,10,1,109.44,95,82.08,103.76,18.599999999999994,0.0677,0
CC-12353,26,Platinum,31,168467,54179,0.07,0.2442,1907,22884,0.9517,8,21,0,0.0,2,0,18,1,514.89,295,503.45,109.8,196.64,0.1112,0
CC-12354,61,Gold,50,86945,21582,0.0543,-0.0157,589,7068,1.0881,27,10,2,235.88,4,0,13,0,141.36,95,106.02,142.68,223.54000000000002,0.1828,0
CC-12355,67,Standard,95,53384,8619,0.0552,0.1768,239,2868,0.7768,8,10,0,0.0,3,0,14,1,50.19,0,28.68,111.3,-89.78999999999999,0.1453,0
CC-12356,54,Platinum,15,168082,52771,0.1061,-0.117,2814,33768,0.7802,8,38,1,1126.99,1,1,9,1,759.78,295,742.9,104.3,1334.5700000000002,0.4108,0
CC-12357,56,Standard,5,63338,9633,0.0928,-0.0113,449,5388,1.0728,8,7,0,0.0,1,0,11,0,94.29,0,53.88,57.64,-17.230000000000004,0.0541,0
CC-12358,57,Gold,4,77464,20796,0.05,-0.2019,523,6276,1.0783,27,4,2,209.29,1,0,15,0,125.52,95,94.14,82.52,253.14999999999995,0.1849,0
CC-12359,37,Standard,18,38862,5709,0.1345,0.1151,386,4632,1.1294,8,11,1,154.56,2,1,10,0,81.06,0,46.32,114.29,75.00999999999999,0.1555,0
CC-12360,60,Standard,96,50030,8594,0.0711,-0.0381,307,3684,1.063,8,7,0,0.0,1,0,13,1,64.47,0,36.84,84.2,-56.57000000000001,0.0988,0
CC-12361,60,Standard,104,58303,10037,0.046,0.0337,232,2784,0.5491,119,6,0,0.0,2,0,7,0,48.72,0,27.84,113.88,-93.0,0.8653,1
CC-12362,32,Standard,8,45653,6767,0.0553,-0.067,188,2256,0.7081,8,4,0,0.0,0,1,12,1,39.48,0,22.56,45.03,-28.110000000000007,0.3319,1
CC-12363,41,Gold,47,111513,33151,0.0725,0.068,1208,14496,1.205,8,17,0,0.0,2,0,16,0,289.92,95,217.44,67.31,100.17000000000002,0.0389,0
CC-12364,60,Gold,73,99663,20685,0.1418,0.0396,1474,17688,0.3625,8,26,0,0.0,1,0,12,0,353.76,95,265.32,83.52,99.92000000000002,0.1899,0
CC-12365,39,Standard,7,42736,5136,0.1182,-0.1692,305,3660,1.0378,27,9,0,0.0,4,0,15,1,64.05,0,36.6,136.83,-109.38000000000001,0.1867,0
CC-12366,23,Standard,58,51337,7332,0.1343,-0.1605,495,5940,0.9164,8,8,2,198.2,2,1,13,0,103.95,0,59.4,98.35,144.39999999999998,0.2603,1
CC-12367,38,Gold,73,75759,19705,0.0722,-0.0242,715,8580,1.2049,8,8,0,0.0,1,0,4,1,171.6,95,128.7,71.82,66.08000000000004,0.0963,0
CC-12368,71,Standard,100,47684,7522,0.0786,0.0789,297,3564,1.075,8,5,0,0.0,0,0,14,0,62.37,0,35.64,78.36,-51.63,0.0473,0
CC-12369,39,Gold,34,62195,15402,0.0802,0.2594,621,7452,0.7508,8,9,0,0.0,0,1,11,0,149.04,95,111.78,90.81,41.44999999999999,0.1795,0
CC-12370,67,Gold,51,83551,17753,0.1121,0.0254,1000,12000,0.7372,8,13,4,400.58,1,2,4,0,240.0,95,180.0,84.2,471.37999999999994,0.7461,1
CC-12371,26,Platinum,15,174989,53173,0.0852,0.1311,2277,27324,0.7932,8,41,0,0.0,2,1,9,0,614.79,295,601.13,75.22,233.43999999999994,0.1778,0
CC-12372,36,Gold,32,101301,28892,0.0951,-0.2619,1381,16572,1.124,8,23,0,0.0,2,0,9,0,331.44,95,248.58,96.28,81.57999999999998,0.0509,0
CC-12373,28,Standard,27,51984,8945,0.0407,0.2819,183,2196,0.2593,8,4,0,0.0,1,1,11,0,38.43,0,21.96,95.04,-78.57,0.3258,0
CC-12374,68,Gold,87,91108,24361,0.0699,0.0709,856,10272,0.9972,8,11,2,342.75,2,1,12,0,205.44,95,154.08,76.86,412.25000000000006,0.2354,0
CC-12375,38,Standard,62,46798,7480,0.0838,-0.0274,315,3780,0.6851,8,11,1,126.17,1,0,15,0,66.15,0,37.8,76.61,77.91,0.1226,0
CC-12376,68,Standard,61,30745,4791,0.0939,-0.0447,226,2712,1.0073,8,6,0,0.0,5,1,12,1,47.46,0,27.12,150.11,-129.77,0.2275,0
CC-12377,63,Platinum,87,132787,40952,0.0751,-0.1861,1545,18540,1.0533,8,25,0,0.0,4,0,17,0,417.15,295,407.88,99.73,204.53999999999996,0.0466,1
CC-12378,59,Standard,30,47054,6855,0.0842,-0.1432,290,3480,0.4513,8,6,1,116.18,2,0,18,0,60.9,0,34.8,77.26,65.02000000000001,0.1642,0
CC-12379,69,Platinum,114,100645,37985,0.0778,0.2666,1486,17832,0.8819,8,25,1,594.84,0,0,9,1,401.22,295,392.3,78.29,820.4699999999999,0.1891,0
CC-12380,69,Platinum,60,78688,27951,0.0997,-0.1684,1400,16800,0.9967,27,17,1,560.92,1,0,15,0,378.0,295,369.6,68.78,795.5400000000001,0.1419,0
CC-12381,32,Platinum,22,179509,50729,0.1345,-0.1712,3429,41148,0.9764,27,45,0,0.0,3,1,6,1,925.83,295,905.26,85.6,229.9699999999999,0.412,0
CC-12382,65,Platinum,36,141779,58625,0.0893,-0.1253,2632,31584,0.9133,27,31,0,0.0,0,1,14,0,710.64,295,694.85,79.71,231.07999999999993,0.2357,1
CC-12383,30,Standard,7,47362,8084,0.0652,-0.1997,265,3180,0.5837,8,7,0,0.0,1,0,6,0,55.65,0,31.8,62.51,-38.660000000000004,0.1213,0
CC-12384,27,Standard,84,51250,6951,0.1466,-0.0177,512,6144,0.6294,8,9,1,205.11,3,0,17,0,107.52,0,61.44,86.15,165.04,0.126,0
CC-12385,66,Gold,62,64128,16778,0.1025,0.1433,864,10368,0.5366,27,17,0,0.0,2,1,2,1,207.36,95,155.52,102.46,44.379999999999995,0.678,1
CC-12386,21,Standard,105,40460,7096,0.0575,-0.1116,205,2460,1.1162,8,9,0,0.0,2,1,19,0,43.05,0,24.6,119.61,-101.16000000000001,0.0892,0
CC-12387,69,Gold,45,116961,24515,0.066,-0.226,813,9756,0.9153,8,12,0,0.0,0,0,13,0,195.12,95,146.34,63.62,80.16,0.064,0
CC-12388,56,Gold,59,74616,18676,0.0647,0.0238,607,7284,0.9345,119,15,2,243.22,0,0,9,0,145.68,95,109.26,48.42,326.21999999999997,0.885,1
CC-12389,41,Gold,59,79350,19490,0.0771,-0.0284,755,9060,0.4384,8,20,0,0.0,1,2,3,1,181.2,95,135.9,84.91,55.389999999999986,0.7445,1
CC-12390,57,Standard,77,37468,5418,0.1238,0.1304,337,4044,0.9399,8,3,0,0.0,3,1,16,0,70.77,0,40.44,118.13,-87.8,0.1237,0
CC-12391,44,Standard,56,36665,6238,0.0995,-0.0882,312,3744,1.1401,8,4,0,0.0,2,0,13,1,65.52,0,37.44,121.27,-93.18999999999998,0.0911,0
CC-12392,45,Standard,83,57436,8204,0.1254,-0.059,517,6204,0.3974,27,11,1,207.08,2,0,14,0,108.57,0,62.04,123.1,130.51,0.3015,1
CC-12393,27,Standard,114,25000,3095,0.0823,-0.0424,128,1536,0.7894,119,2,0,0.0,2,0,10,0,26.88,0,15.36,85.57,-74.05,0.8033,1
CC-12394,62,Platinum,47,124004,35864,0.1128,-0.0066,2033,24396,0.4789,119,33,0,0.0,0,1,16,0,548.91,295,536.71,79.15,228.04999999999995,0.9543,1
CC-12395,37,Standard,88,47535,5826,0.0847,-0.0789,248,2976,0.8239,8,8,0,0.0,3,0,14,0,52.08,0,29.76,131.66,-109.33999999999999,0.0697,0
CC-12396,49,Standard,39,64088,9263,0.0559,-0.1032,260,3120,0.6797,8,7,1,104.22,0,0,10,0,54.6,0,31.2,73.24,54.379999999999995,0.137,0
CC-12397,50,Standard,86,32228,5256,0.0962,-0.2976,254,3048,1.0643,8,4,0,0.0,1,1,16,1,53.34,0,30.48,101.07,-78.20999999999998,0.1955,0
CC-12398,27,Gold,50,57254,12617,0.058,-0.1048,368,4416,1.0008,8,6,0,0.0,2,0,14,0,88.32,95,66.24,96.32,20.75999999999999,0.055,0
CC-12399,53,Gold,56,66722,17657,0.0878,0.0873,779,9348,1.3375,27,12,0,0.0,1,0,11,0,186.96,95,140.22,85.96,55.78000000000003,0.0653,0
CC-12400,27,Standard,50,52894,8527,0.0943,0.1075,404,4848,0.9338,8,7,3,161.85,1,0,6,0,84.84,0,48.48,56.04,142.17000000000002,0.2017,1
CC-12401,44,Standard,114,46409,6279,0.1284,-0.0907,405,4860,1.0515,8,5,0,0.0,2,1,13,0,85.05,0,48.6,87.92,-51.47000000000001,0.1084,0
CC-12402,31,Standard,112,28770,4489,0.0541,0.1749,122,1464,0.7827,8,4,1,48.88,1,0,8,0,25.62,0,14.64,50.83,9.030000000000001,0.1165,0
CC-12403,29,Standard,8,46120,7429,0.1055,-0.0243,394,4728,0.6191,8,11,0,0.0,3,0,13,1,82.74,0,47.28,124.78,-89.32000000000001,0.1935,0
CC-12404,32,Gold,36,117968,29098,0.1209,-0.2207,1768,21216,1.2004,8,24,0,0.0,0,0,8,1,424.32,95,318.24,59.06,142.01999999999992,0.0927,0
CC-12405,55,Gold,65,90620,21175,0.115,-0.2679,1224,14688,1.323,8,13,0,0.0,1,0,7,0,293.76,95,220.32,103.93,64.50999999999999,0.038,1
CC-12406,24,Standard,80,46851,7362,0.1054,0.1627,390,4680,1.1617,8,8,0,0.0,1,0,10,1,81.9,0,46.8,56.22,-21.11999999999999,0.0915,0
CC-12407,56,Standard,50,47528,8491,0.0862,-0.076,368,4416,0.9894,8,6,0,0.0,1,0,12,0,77.28,0,44.16,51.32,-18.19999999999999,0.0582,0
CC-12408,48,Black,25,309015,100000,0.1181,-0.2021,5934,71208,0.6578,8,76,0,0.0,0,0,11,1,1780.2,495,2136.24,57.5,81.46000000000004,0.2473,0
CC-12409,33,Gold,86,58074,13889,0.1023,-0.3589,714,8568,1.2925,27,20,0,0.0,2,0,9,0,171.36,95,128.52,123.41,14.430000000000007,0.0708,0
CC-12410,43,Gold,15,80071,19731,0.0988,-0.0794,980,11760,1.1239,8,16,0,0.0,0,0,10,0,235.2,95,176.4,93.22,60.579999999999984,0.0507,0
CC-12411,39,Standard,49,42977,5353,0.1204,0.0407,324,3888,1.5575,8,5,0,0.0,0,0,10,0,68.04,0,38.88,75.78,-46.61999999999999,0.0253,0
CC-12412,62,Gold,46,74726,19078,0.101,-0.1247,968,11616,0.6037,8,18,0,0.0,0,0,11,0,232.32,95,174.24,50.21,102.86999999999998,0.1426,0
CC-12413,57,Standard,107,52718,7365,0.09,-0.178,333,3996,1.2088,8,7,1,133.42,1,1,13,1,69.93,0,39.96,78.82,84.57,0.2309,0
CC-12414,59,Gold,34,71527,15173,0.0582,-0.1024,444,5328,1.1147,27,8,1,177.75,7,0,16,1,106.56,95,79.92,198.54,100.85000000000002,0.225,1
CC-12415,44,Black,28,254802,100000,0.1119,0.1665,5621,67452,0.8474,119,66,0,0.0,2,0,9,1,1686.3,495,2023.56,112.91,44.83000000000038,0.8962,1
CC-12416,36,Standard,116,30823,3705,0.0843,-0.2289,157,1884,1.3592,8,6,0,0.0,3,1,15,0,32.97,0,18.84,120.08,-105.94999999999999,0.0665,0
CC-12417,53,Standard,55,49255,7097,0.0813,-0.1163,290,3480,1.0707,8,6,1,116.14,2,0,13,0,60.9,0,34.8,120.73,21.50999999999999,0.0732,0
CC-12418,32,Standard,16,55596,7024,0.0541,0.1616,191,2292,0.6689,8,7,0,0.0,2,0,10,0,40.11,0,22.92,106.69,-89.50000000000001,0.0994,0
CC-12419,54,Standard,54,40938,4972,0.0961,0.0541,240,2880,0.9145,8,4,0,0.0,1,1,8,0,50.4,0,28.8,67.73,-46.13,0.1495,0
CC-12420,27,Standard,38,54083,9165,0.1023,0.0069,471,5652,0.6653,119,14,1,188.72,4,0,11,1,98.91,0,56.52,128.77,102.33999999999997,0.9426,1
CC-12421,31,Standard,10,43346,7584,0.079,-0.1173,301,3612,0.8094,8,7,0,0.0,1,0,10,0,63.21,0,36.12,66.05,-38.95999999999999,0.0814,0
CC-12422,51,Platinum,42,51539,15929,0.0492,-0.0154,394,4728,1.1611,8,6,0,0.0,3,0,13,0,106.38,295,104.02,114.02,183.34,0.0442,0
CC-12423,49,Gold,88,83905,21305,0.0759,-0.1007,813,9756,1.2468,8,3,0,0.0,2,1,22,0,195.12,95,146.34,122.71,21.069999999999993,0.0706,0
CC-12424,33,Standard,24,43024,5880,0.0768,-0.1489,227,2724,1.0164,8,9,0,0.0,2,0,6,1,47.67,0,27.24,95.37,-74.94,0.1261,0
CC-12425,51,Platinum,18,143604,50132,0.0836,-0.182,2105,25260,0.725,8,34,1,843.59,1,1,12,0,568.35,295,555.72,80.37,1070.85,0.2526,0
CC-12426,22,Standard,93,47848,6995,0.0819,0.0976,288,3456,1.0645,27,6,0,0.0,2,0,13,0,60.48,0,34.56,81.99,-56.07,0.0915,1
CC-12427,59,Black,62,232125,94806,0.1453,-0.0291,6924,83088,1.167,8,90,0,0.0,1,1,13,0,2077.2,495,2492.64,63.53,16.029999999999745,0.0954,0
CC-12428,35,Standard,62,61552,9972,0.0443,0.0272,222,2664,0.3584,119,9,0,0.0,5,0,8,1,46.62,0,26.64,116.58,-96.6,0.9493,1
CC-12429,31,Platinum,12,137684,40989,0.1187,0.0028,2444,29328,0.9849,8,32,0,0.0,1,1,18,1,659.88,295,645.22,89.68,219.9799999999999,0.22,0
CC-12430,54,Gold,27,80757,16579,0.131,0.0461,1091,13092,0.8929,27,20,0,0.0,2,1,17,0,261.84,95,196.38,98.96,61.5,0.2322,1
CC-12431,59,Platinum,33,166058,64343,0.1124,-0.0582,3634,43608,1.2361,8,51,0,0.0,2,1,14,1,981.18,295,959.38,95.9,220.89999999999986,0.1672,0
CC-12432,24,Black,23,281297,100000,0.079,-0.0922,3971,47652,1.0657,8,57,0,0.0,1,0,8,0,1191.3,495,1429.56,106.19,150.54999999999995,0.0571,0
CC-12433,31,Standard,93,73865,11073,0.0911,-0.1423,507,6084,1.0953,8,9,0,0.0,1,1,10,0,106.47,0,60.84,88.51,-42.880000000000024,0.1091,1
CC-12434,49,Black,83,265306,100000,0.0598,-0.2321,3004,36048,0.8054,8,38,0,0.0,1,0,13,0,901.2,495,1081.44,71.62,243.1400000000001,0.0732,1
CC-12435,22,Standard,35,48957,7335,0.0884,-0.1883,326,3912,0.9505,8,10,0,0.0,0,0,16,1,68.46,0,39.12,50.43,-21.090000000000003,0.1151,0
CC-12436,36,Standard,33,36572,5347,0.0566,-0.0748,152,1824,1.2331,8,2,0,0.0,3,1,9,0,31.92,0,18.24,108.59,-94.91,0.0953,0
CC-12437,59,Standard,116,54793,7866,0.1235,-0.2605,488,5856,0.9305,8,14,3,195.54,3,0,13,0,102.48,0,58.56,99.38,140.07999999999998,0.1729,0
CC-12438,33,Gold,108,91560,22887,0.0489,-0.2273,562,6744,1.0024,8,9,1,225.27,0,1,12,0,134.88,95,101.16,55.33,298.65999999999997,0.1674,0
CC-12439,57,Standard,92,41186,6248,0.0885,0.1363,278,3336,0.4892,27,6,1,111.3,4,0,11,0,58.38,0,33.36,136.45,-0.12999999999999545,0.282,0
CC-12440,37,Gold,23,66460,17890,0.0754,0.0136,678,8136,0.9294,8,21,1,271.51,4,0,10,1,162.72,95,122.04,112.42,294.77,0.186,0
CC-12441,41,Gold,38,57174,15501,0.108,-0.0878,841,10092,0.3464,8,19,0,0.0,0,0,19,0,201.84,95,151.38,35.92,109.54000000000002,0.1771,0
CC-12442,64,Platinum,67,154655,51479,0.1036,0.3207,2679,32148,0.7952,8,42,0,0.0,0,0,19,0,723.33,295,707.26,56.08,254.99,0.0673,0
CC-12443,39,Platinum,6,91459,30903,0.0695,-0.2672,1080,12960,0.9691,27,15,0,0.0,4,1,8,0,291.6,295,285.12,150.92,150.56000000000006,0.2459,0
CC-12444,27,Standard,70,59720,8505,0.0688,0.1263,294,3528,1.1801,27,7,0,0.0,2,1,8,0,61.74,0,35.28,104.5,-78.03999999999999,0.1807,0
CC-12445,58,Standard,92,30792,4686,0.0544,-0.0367,128,1536,0.6503,8,8,0,0.0,1,0,12,0,26.88,0,15.36,80.96,-69.44,0.093,0
CC-12446,28,Standard,6,42993,6328,0.1132,0.0978,360,4320,1.0621,27,7,0,0.0,1,0,11,0,75.6,0,43.2,76.49,-44.09,0.1016,0
CC-12447,33,Standard,115,35082,6082,0.091,-0.0037,278,3336,1.3905,27,5,0,0.0,2,1,15,1,58.38,0,33.36,115.77,-90.75,0.2183,0
CC-12448,57,Standard,11,45367,7339,0.0908,-0.3008,335,4020,0.7578,8,5,0,0.0,0,0,5,1,70.35,0,40.2,42.42,-12.27000000000001,0.1837,0
CC-12449,22,Standard,32,45298,7878,0.0412,-0.0057,163,1956,0.4859,8,5,0,0.0,4,0,13,0,34.23,0,19.56,113.51,-98.84,0.1209,0
CC-12450,61,Standard,117,50004,8128,0.1028,0.0303,420,5040,1.037,8,11,0,0.0,2,1,8,1,88.2,0,50.4,99.04,-61.239999999999995,0.225,1
CC-12451,31,Black,47,173160,92602,0.0885,-0.3488,4119,49428,0.5924,8,55,1,1649.57,0,0,12,0,1235.7,495,1482.84,74.94,1822.49,0.1983,1
CC-12452,44,Gold,6,68771,18126,0.1104,0.2716,1006,12072,0.7043,8,16,0,0.0,3,0,9,0,241.44,95,181.08,99.13,56.22999999999996,0.0969,0
CC-12453,26,Standard,71,55918,9942,0.0811,0.0267,405,4860,1.227,8,5,0,0.0,4,0,18,1,85.05,0,48.6,143.32,-106.86999999999999,0.0723,0
CC-12454,46,Gold,111,98994,21364,0.074,0.0808,795,9540,1.5131,8,12,0,0.0,1,0,13,0,190.8,95,143.1,69.18,73.52000000000001,0.0243,0
CC-12455,27,Standard,25,25000,3078,0.0944,-0.1948,146,1752,0.6498,8,6,0,0.0,2,1,11,1,30.66,0,17.52,66.92,-53.78,0.3542,1
CC-12456,59,Standard,18,49243,7620,0.0577,0.0836,221,2652,0.7288,27,5,0,0.0,1,0,14,0,46.41,0,26.52,80.56,-60.67,0.1524,0
CC-12457,39,Gold,24,63060,18813,0.0816,0.1434,771,9252,0.818,8,10,1,309.0,2,1,9,0,185.04,95,138.78,124.71,325.54999999999995,0.2353,1
CC-12458,26,Gold,103,72423,17509,0.0993,0.018,874,10488,0.7857,8,16,0,0.0,3,1,19,0,209.76,95,157.32,99.86,47.579999999999984,0.1427,0
CC-12459,63,Standard,74,42442,5633,0.0699,-0.0214,198,2376,1.53,119,8,0,0.0,2,2,14,0,41.58,0,23.76,83.95,-66.13000000000001,0.8671,1
CC-12460,49,Black,50,389017,100000,0.1062,-0.154,5336,64032,0.7908,8,69,0,0.0,0,0,11,0,1600.8,495,1920.96,64.22,110.62000000000012,0.0797,0
CC-12461,63,Platinum,64,103505,38382,0.0464,-0.0524,895,10740,0.8337,8,9,0,0.0,2,0,9,1,241.65,295,236.28,75.75,224.62,0.1497,0
CC-12462,59,Gold,99,55167,12772,0.1212,-0.0968,778,9336,1.4349,8,15,1,311.58,1,0,9,0,186.72,95,140.04,86.11,367.15,0.044,0
CC-12463,22,Gold,62,94569,25673,0.0537,0.0658,693,8316,1.123,27,10,0,0.0,0,0,16,0,166.32,95,124.74,60.28,76.30000000000001,0.0814,0
CC-12464,39,Gold,104,84404,25111,0.0564,-0.1475,712,8544,1.2458,8,10,0,0.0,2,0,12,1,170.88,95,128.16,89.17,48.55000000000001,0.0766,0
CC-12465,24,Standard,109,58578,10181,0.0594,0.0647,304,3648,0.6782,27,4,0,0.0,1,1,6,0,63.84,0,36.48,92.13,-64.76999999999998,0.3316,1
CC-12466,26,Standard,82,41030,5641,0.0878,-0.1458,249,2988,0.7909,119,3,2,99.69,2,0,14,0,52.29,0,29.88,76.17,45.92999999999999,0.8958,1
CC-12467,69,Standard,7,58621,8183,0.1153,-0.0594,474,5688,0.6381,8,6,0,0.0,3,0,10,1,99.54,0,56.88,139.92,-97.25999999999998,0.1983,0
CC-12468,57,Gold,82,85345,20239,0.1149,0.0724,1169,14028,1.1904,8,13,0,0.0,2,0,13,0,280.56,95,210.42,97.84,67.30000000000001,0.041,0
CC-12469,48,Gold,9,96243,23045,0.0566,-0.1256,656,7872,1.3176,8,13,0,0.0,3,0,12,1,157.44,95,118.08,90.7,43.66,0.0741,0
CC-12470,50,Standard,53,63269,7973,0.1248,0.0776,500,6000,0.7701,8,15,0,0.0,0,0,8,0,105.0,0,60.0,39.98,5.02000000000001,0.0866,1
CC-12471,27,Black,67,268292,100000,0.0948,0.0629,4765,57180,0.8407,8,68,1,1908.17,1,1,15,1,1429.5,495,1715.4,95.22,2022.05,0.3496,0
CC-12472,29,Platinum,11,176563,58468,0.1335,-0.0606,3921,47052,0.8539,27,58,0,0.0,1,1,18,0,1058.67,295,1035.14,63.84,254.69000000000005,0.2422,0
CC-12473,45,Gold,84,71961,20723,0.0551,0.1543,574,6888,0.4858,8,8,2,229.83,2,1,15,0,137.76,95,103.32,109.4,249.87000000000003,0.4832,0
CC-12474,53,Gold,47,89835,26294,0.0344,-0.0083,455,5460,0.7479,8,9,0,0.0,0,2,16,1,109.2,95,81.9,78.21,44.089999999999975,0.4935,1
CC-12475,21,Platinum,49,89436,25347,0.1069,0.1453,1362,16344,1.182,8,13,3,545.4,0,1,8,1,367.74,295,359.57,94.81,753.7599999999999,0.4472,0
CC-12476,71,Standard,69,39326,7051,0.048,0.249,170,2040,0.6874,8,5,0,0.0,3,1,11,0,35.7,0,20.4,85.35,-70.05,0.1904,0
CC-12477,26,Platinum,26,102968,39066,0.0428,-0.0562,840,10080,0.9779,8,9,0,0.0,1,0,10,1,226.8,295,221.76,83.03,217.01,0.1239,0
CC-12478,38,Standard,94,58733,8881,0.1051,0.0767,469,5628,0.5576,8,11,1,187.88,0,1,13,0,98.49,0,56.28,76.82,153.27,0.2889,0
CC-12479,30,Platinum,12,200857,67193,0.1099,-0.1156,3712,44544,0.9068,27,45,0,0.0,3,1,12,0,1002.24,295,979.97,91.56,225.71000000000004,0.2486,0
CC-12480,48,Standard,75,41009,6196,0.0841,-0.1749,262,3144,0.781,8,2,0,0.0,0,2,17,0,55.02,0,31.44,81.67,-58.089999999999996,0.2948,1
CC-12481,31,Platinum,79,112943,36757,0.1079,-0.0493,1993,23916,0.5835,119,25,0,0.0,0,0,9,0,538.11,295,526.15,66.06,240.89999999999998,0.8943,1
CC-12482,53,Black,50,188023,88762,0.0912,-0.2244,4066,48792,1.1871,119,55,0,0.0,4,0,14,0,1219.8,495,1463.76,117.4,133.63999999999987,0.6779,1
CC-12483,21,Standard,37,47976,6024,0.1193,-0.1606,361,4332,1.204,8,12,2,144.66,1,0,14,0,75.81,0,43.32,71.76,105.38999999999999,0.0865,0
CC-12484,33,Gold,56,72201,18924,0.0832,0.0687,791,9492,0.6591,8,13,0,0.0,3,0,8,0,189.84,95,142.38,101.94,40.52000000000004,0.1381,0
CC-12485,57,Black,89,241589,98945,0.118,-0.097,5867,70404,0.8851,8,69,0,0.0,3,0,6,0,1760.1,495,2112.12,126.49,16.490000000000236,0.0738,0
CC-12486,40,Gold,113,119628,24136,0.0689,0.0866,836,10032,0.9633,8,17,0,0.0,1,0,12,0,200.64,95,150.48,107.64,37.51999999999998,0.0576,0
CC-12487,21,Platinum,83,129626,46325,0.0642,0.0249,1494,17928,0.4056,8,22,0,0.0,2,0,13,0,403.38,295,394.42,104.36,199.59999999999997,0.1754,0
CC-12488,23,Gold,112,97466,25131,0.0725,0.2577,916,10992,0.5309,8,14,1,366.74,2,0,11,0,219.84,95,164.88,78.19,438.51000000000005,0.2087,0
CC-12489,38,Standard,73,45595,6638,0.086,0.0587,287,3444,1.3359,8,3,0,0.0,2,1,13,0,60.27,0,34.44,72.27,-46.43999999999999,0.0739,0
CC-12490,61,Standard,118,29753,3699,0.1356,0.1471,252,3024,0.6305,8,6,0,0.0,0,1,14,0,52.92,0,30.24,40.03,-17.349999999999994,0.1889,0
CC-12491,34,Standard,18,25000,4340,0.066,0.0403,144,1728,1.3275,8,6,0,0.0,1,0,14,0,30.24,0,17.28,83.88,-70.92,0.0343,0
CC-12492,51,Platinum,55,157063,57422,0.0541,0.0267,1560,18720,0.5464,8,16,4,625.29,2,0,19,1,421.2,295,411.84,118.28,811.37,0.6177,0
CC-12493,47,Standard,42,64171,8146,0.0784,0.1547,321,3852,1.1476,8,7,0,0.0,1,1,16,0,67.41,0,38.52,74.65,-45.76000000000002,0.0944,0
CC-12494,37,Gold,102,91693,23023,0.0566,0.0803,655,7860,0.8566,8,16,0,0.0,1,0,9,0,157.2,95,117.9,59.04,75.25999999999999,0.0721,0
CC-12495,66,Gold,22,98261,24538,0.0981,0.0115,1210,14520,0.8988,119,14,1,484.53,2,0,16,0,290.4,95,217.8,91.69,560.4399999999999,0.8304,1
CC-12496,49,Gold,90,65774,13552,0.0937,0.0108,638,7656,1.5068,8,14,0,0.0,0,1,6,1,153.12,95,114.84,82.61,50.670000000000016,0.1272,0
CC-12497,56,Platinum,113,175521,64058,0.0988,0.0607,3182,38184,0.5737,119,40,1,1273.91,1,0,12,1,859.14,295,840.05,96.72,1491.2800000000002,0.9613,1
CC-12498,57,Black,71,350175,100000,0.133,-0.1207,6684,80208,1.1284,8,96,0,0.0,0,0,10,1,2005.2,495,2406.24,58.8,35.159999999999854,0.0967,0
CC-12499,46,Standard,47,37167,6130,0.1117,-0.1271,344,4128,1.116,8,5,0,0.0,2,0,12,1,72.24,0,41.28,93.87,-62.91000000000001,0.0967,0
CC-12500,37,Platinum,8,159089,49065,0.1436,0.1938,3540,42480,1.9564,8,48,0,0.0,3,0,7,0,955.8,295,934.56,117.87,198.37000000000012,0.0148,0
CC-12501,42,Platinum,94,78175,31326,0.0871,0.2597,1371,16452,0.6269,27,27,1,549.2,0,2,17,0,370.17,295,361.94,65.73,786.7,0.6843,1
CC-12502,45,Gold,71,100383,23515,0.1159,-0.1593,1369,16428,0.7622,8,12,0,0.0,1,0,14,0,328.56,95,246.42,64.59,112.55000000000001,0.0774,0
CC-12503,22,Black,51,239930,100000,0.1003,-0.1203,5038,60456,1.1948,119,67,0,0.0,2,1,12,0,1511.4,495,1813.68,111.44,81.27999999999997,0.8349,1
CC-12504,42,Standard,41,31194,3877,0.153,0.1514,298,3576,0.8899,8,8,0,0.0,4,0,11,0,62.58,0,35.76,121.25,-94.42999999999999,0.0693,0
CC-12505,25,Standard,104,49529,7388,0.1182,0.06,439,5268,0.8111,8,8,1,175.77,3,0,15,0,92.19,0,52.68,100.61,114.67000000000004,0.0994,0
CC-12506,24,Platinum,4,77989,28356,0.1225,0.0815,1745,20940,1.2373,8,22,0,0.0,3,1,14,0,471.15,295,460.68,96.9,208.56999999999994,0.0884,0
CC-12507,56,Standard,109,48852,6588,0.1103,0.1145,365,4380,0.87,27,9,0,0.0,2,2,8,0,76.65,0,43.8,117.68,-84.83000000000001,0.4507,1
CC-12508,26,Platinum,41,100370,38942,0.0984,-0.0561,1925,23100,0.6824,119,21,1,771.3,2,0,11,1,519.75,295,508.2,82.9,994.9499999999999,0.9577,1
CC-12509,41,Platinum,23,92880,34158,0.0846,0.0295,1452,17424,1.1679,8,25,0,0.0,2,0,9,0,392.04,295,383.33,107.11,196.59999999999997,0.048,0
CC-12510,33,Standard,42,45673,5530,0.0831,0.0178,231,2772,1.0626,27,3,4,92.5,1,1,9,0,48.51,0,27.72,68.06,45.22999999999999,0.5695,1
CC-12511,57,Platinum,103,133960,48918,0.0698,-0.1488,1717,20604,0.8561,27,25,0,0.0,2,1,16,0,463.59,295,453.29,79.85,225.44999999999993,0.2349,0
CC-12512,45,Standard,84,61388,9176,0.1236,0.0273,570,6840,0.8419,8,11,0,0.0,0,1,10,0,119.7,0,68.4,60.08,-8.780000000000015,0.1562,0
CC-12513,46,Gold,56,57697,12670,0.0503,0.1657,320,3840,0.6755,8,8,0,0.0,2,1,7,1,76.8,95,57.6,121.55,-7.349999999999994,0.4409,0
CC-12514,59,Gold,114,114219,34217,0.0725,-0.0701,1246,14952,1.1675,8,14,0,0.0,0,1,8,1,299.04,95,224.28,84.71,85.05000000000001,0.1911,0
CC-12515,40,Platinum,112,100182,40634,0.0642,0.0029,1311,15732,0.842,8,19,1,525.09,1,1,16,0,353.97,295,346.1,66.64,761.3199999999999,0.193,0
CC-12516,53,Standard,14,55343,7612,0.0855,0.011,327,3924,0.719,27,8,0,0.0,2,1,8,1,68.67,0,39.24,86.72,-57.290000000000006,0.5057,0
CC-12517,34,Gold,83,108504,27571,0.1084,-0.0627,1502,18024,0.5643,8,21,0,0.0,0,0,16,0,360.48,95,270.36,71.49,113.63,0.1345,0
CC-12518,56,Gold,39,91830,21272,0.1163,0.0815,1243,14916,1.0676,27,16,2,497.96,1,1,11,0,298.32,95,223.74,75.65,591.89,0.3622,0
CC-12519,37,Gold,112,68192,18926,0.0788,-0.122,749,8988,0.7974,27,10,1,300.19,1,0,10,0,179.76,95,134.82,102.33,337.80000000000007,0.194,0
CC-12520,41,Gold,40,52637,15424,0.0524,0.1799,406,4872,0.3462,27,10,0,0.0,0,0,19,0,97.44,95,73.08,67.91,51.44999999999999,0.2948,0
CC-12521,66,Standard,17,25000,3538,0.0911,0.0739,162,1944,0.589,8,4,0,0.0,2,0,11,0,34.02,0,19.44,116.72,-102.13999999999999,0.1094,0
CC-12522,36,Standard,9,65838,11082,0.0715,-0.1605,398,4776,0.8799,8,9,0,0.0,2,0,8,0,83.58,0,47.76,80.34,-44.519999999999996,0.0762,0
CC-12523,66,Standard,80,41660,6245,0.0755,0.2347,237,2844,0.8883,8,7,0,0.0,1,0,13,0,49.77,0,28.44,91.09,-69.75999999999999,0.0649,0
CC-12524,36,Platinum,52,101336,34000,0.0536,0.0052,916,10992,0.8769,119,13,0,0.0,3,0,17,0,247.32,295,241.82,104.78,195.7199999999999,0.7647,0
CC-12525,40,Standard,67,32139,5666,0.0783,-0.1284,223,2676,0.8352,8,6,0,0.0,1,0,10,1,46.83,0,26.76,56.34,-36.27000000000001,0.1465,0
CC-12526,49,Standard,104,46888,7062,0.0704,0.1457,250,3000,0.5072,8,3,0,0.0,1,0,12,0,52.5,0,30.0,72.92,-50.42,0.1132,0
CC-12527,48,Black,69,252360,100000,0.1214,0.0542,6102,73224,0.6876,8,79,4,2443.58,3,0,9,0,1830.6,495,2196.72,100.39,2472.0700000000006,0.4237,0
CC-12528,28,Standard,103,25000,4008,0.0675,-0.2858,136,1632,1.3051,8,5,0,0.0,1,0,12,1,28.56,0,16.32,69.3,-57.06,0.0702,0
CC-12529,44,Black,46,340517,100000,0.1314,-0.0988,6605,79260,1.2609,8,78,0,0.0,0,0,12,1,1981.5,495,2377.8,72.64,26.059999999999945,0.0783,0
CC-12530,23,Gold,33,92118,21415,0.0472,0.0219,508,6096,1.1234,8,8,0,0.0,0,0,11,1,121.92,95,91.44,59.36,66.12,0.0984,0
CC-12531,45,Platinum,45,204396,83901,0.1085,-0.3439,4576,54912,1.0969,8,72,0,0.0,4,0,12,0,1235.52,295,1208.06,101.74,220.72000000000003,0.0496,0
CC-12532,39,Standard,79,57833,9294,0.0831,-0.0072,388,4656,1.2214,119,7,2,155.46,0,0,14,0,81.48,0,46.56,47.64,142.74,0.8123,1
CC-12533,53,Standard,50,25000,4239,0.0469,0.0037,100,1200,0.6138,8,3,1,40.02,0,1,13,0,21.0,0,12.0,65.47,-16.449999999999996,0.2781,0
CC-12534,22,Gold,84,115110,26142,0.0912,-0.1975,1198,14376,0.9599,27,19,0,0.0,1,0,14,1,287.52,95,215.64,81.01,85.87,0.1993,0
CC-12535,35,Platinum,83,182262,64909,0.1148,0.0206,3746,44952,0.6139,8,48,0,0.0,0,0,8,0,1011.42,295,988.94,37.21,280.27,0.1441,0
CC-12536,42,Gold,83,69352,20607,0.0852,-0.0189,882,10584,0.6191,27,12,1,353.4,1,0,17,1,211.68,95,158.76,60.51,440.80999999999995,0.4614,1
CC-12537,30,Standard,63,40133,5583,0.1144,-0.1987,321,3852,1.0604,119,9,0,0.0,1,0,12,1,67.41,0,38.52,89.43,-60.54000000000002,0.8489,1
CC-12538,38,Platinum,77,154410,46703,0.0631,0.1179,1481,17772,1.234,119,20,0,0.0,4,1,11,1,399.87,295,390.98,116.23,187.65999999999997,0.9094,1
CC-12539,42,Platinum,86,104502,36734,0.0983,0.1057,1814,21768,0.8918,8,37,0,0.0,2,0,19,0,489.78,295,478.9,85.1,220.77999999999997,0.0574,0
CC-12540,66,Gold,12,79842,19064,0.1055,-0.0635,1011,12132,1.4447,27,15,2,404.83,0,1,8,0,242.64,95,181.98,37.81,522.6800000000001,0.2523,0
CC-12541,69,Platinum,31,175001,52909,0.1059,-0.0498,2815,33780,1.0135,8,49,0,0.0,3,1,16,0,760.05,295,743.16,103.26,208.63,0.1153,0
CC-12542,47,Platinum,50,158120,63943,0.1028,0.0889,3303,39636,0.717,8,62,0,0.0,2,2,16,0,891.81,295,871.99,68.52,246.29999999999995,0.3254,1
CC-12543,33,Gold,100,70830,21183,0.0517,-0.0501,550,6600,0.624,8,10,1,220.44,0,0,13,0,132.0,95,99.0,51.95,296.49,0.1807,0
CC-12544,53,Standard,83,56506,8708,0.0638,-0.3096,279,3348,1.2554,8,6,0,0.0,0,1,9,0,58.59,0,33.48,41.8,-16.689999999999998,0.0888,0
CC-12545,25,Gold,64,91436,25370,0.0982,0.053,1252,15024,0.9885,8,17,2,501.46,0,0,10,0,300.48,95,225.36,85.27,586.3100000000001,0.124,0
CC-12546,46,Standard,118,48022,8237,0.087,-0.142,360,4320,1.1528,8,4,0,0.0,2,0,10,0,75.6,0,43.2,76.9,-44.500000000000014,0.0447,0
CC-12547,33,Standard,108,39207,6353,0.041,-0.0785,131,1572,0.1526,27,8,1,52.43,2,0,10,0,27.51,0,15.72,72.57,-8.349999999999994,0.4039,0
CC-12548,47,Standard,15,44926,5510,0.0921,0.1987,255,3060,1.0234,8,7,1,102.15,1,0,10,0,53.55,0,30.6,100.94,24.159999999999997,0.0855,0
CC-12549,34,Standard,46,36291,4698,0.1389,-0.0401,328,3936,0.7965,8,8,0,0.0,2,0,13,1,68.88,0,39.36,102.31,-72.79000000000002,0.149,0
CC-12550,44,Standard,49,25000,3106,0.0641,-0.0197,100,1200,0.5319,8,3,0,0.0,1,1,12,0,21.0,0,12.0,107.06,-98.06,0.2311,1
CC-12551,23,Standard,105,41852,5047,0.0552,0.0565,140,1680,0.9312,8,4,0,0.0,3,1,8,0,29.4,0,16.8,117.62,-105.02000000000001,0.141,0
CC-12552,67,Platinum,66,135724,43817,0.0722,0.0558,1590,19080,1.2775,8,16,0,0.0,1,1,7,0,429.3,295,419.76,90.57,213.96999999999997,0.0904,0
CC-12553,71,Black,93,289610,100000,0.1698,-0.1579,8531,102372,1.6299,8,107,1,3417.8,0,0,21,0,2559.3,495,3071.16,56.68,3344.2600000000007,0.0259,0
CC-12554,69,Standard,55,58636,7884,0.1381,-0.029,547,6564,1.0226,119,16,1,219.15,4,0,10,0,114.87,0,65.64,139.74,128.64,0.815,1
CC-12555,50,Black,92,234340,87087,0.1136,-0.0146,4973,59676,0.7373,27,61,0,0.0,0,0,19,0,1491.9,495,1790.28,69.94,126.68000000000006,0.1311,0
CC-12556,55,Gold,94,77185,19526,0.0828,0.0208,812,9744,0.7191,8,14,1,325.43,1,0,10,0,194.88,95,146.16,59.54,409.60999999999996,0.1247,0
CC-12557,68,Standard,79,53619,7313,0.0808,0.0234,297,3564,1.2389,8,2,0,0.0,0,0,11,0,62.37,0,35.64,44.32,-17.59000000000001,0.0396,0
CC-12558,34,Standard,78,36534,6129,0.0588,0.3681,181,2172,0.6509,8,5,0,0.0,1,0,18,0,38.01,0,21.72,88.61,-72.32,0.0842,0
CC-12559,32,Gold,46,88267,17724,0.1302,-0.1964,1160,13920,1.1367,8,21,0,0.0,2,0,6,0,278.4,95,208.8,81.33,83.26999999999998,0.0523,1
CC-12560,48,Platinum,30,125710,50026,0.0455,0.127,1143,13716,1.0381,8,18,0,0.0,1,0,12,0,308.61,295,301.75,82.64,219.22000000000003,0.0549,0
CC-12561,64,Gold,4,79822,23585,0.0665,0.1575,788,9456,1.0049,8,13,0,0.0,3,1,10,1,189.12,95,141.84,91.55,50.73000000000002,0.2439,0
CC-12562,49,Standard,103,53529,8723,0.0922,0.0539,404,4848,0.4796,8,14,0,0.0,1,1,12,0,84.84,0,48.48,75.16,-38.79999999999998,0.2381,0
CC-12563,63,Standard,59,40798,6691,0.0488,-0.1175,164,1968,0.8429,8,2,0,0.0,2,0,6,0,34.44,0,19.68,116.75,-101.99000000000001,0.0803,0
CC-12564,37,Standard,59,53895,9486,0.0768,0.2297,366,4392,0.5126,8,6,0,0.0,2,0,7,1,76.86,0,43.92,106.44,-73.50000000000001,0.2352,0
CC-12565,60,Standard,36,25000,3313,0.1075,-0.3488,179,2148,0.7735,119,4,0,0.0,1,1,11,0,37.59,0,21.48,79.24,-63.129999999999995,0.9111,1
CC-12566,69,Standard,89,28916,5195,0.0915,-0.1225,239,2868,1.2251,119,6,0,0.0,0,0,13,0,50.19,0,28.68,64.49,-42.97999999999999,0.6617,0
CC-12567,41,Standard,60,25000,4160,0.0584,0.1558,122,1464,1.3193,119,7,0,0.0,1,0,14,0,25.62,0,14.64,73.24,-62.25999999999999,0.6281,0
CC-12568,43,Platinum,54,99198,37865,0.062,-0.0755,1180,14160,1.0142,119,14,1,472.54,2,0,13,1,318.6,295,311.52,104.13,670.4900000000001,0.8991,1
CC-12569,40,Platinum,111,204989,67759,0.0966,0.2195,3288,39456,0.7789,8,58,2,1317.51,3,1,11,0,887.76,295,868.03,91.3,1540.94,0.3039,0
CC-12570,31,Standard,31,44802,6843,0.1285,-0.2468,442,5304,1.4264,27,12,1,176.99,2,1,16,1,92.82,0,53.04,85.23,131.54,0.2925,1
CC-12571,54,Platinum,37,114754,42636,0.0576,-0.1868,1235,14820,0.7749,8,17,0,0.0,4,1,11,0,333.45,295,326.04,135.78,166.63,0.1736,0
CC-12572,30,Standard,77,53806,8459,0.1254,-0.0997,533,6396,0.6093,27,10,1,213.51,0,0,15,0,111.93,0,63.96,78.32,183.16,0.2325,1
CC-12573,30,Gold,50,104635,28303,0.0893,0.0426,1270,15240,1.1589,27,20,0,0.0,2,0,9,1,304.8,95,228.6,118.16,53.04000000000002,0.1707,0
CC-12574,63,Standard,35,31265,3906,0.1406,-0.0533,276,3312,1.0873,8,5,0,0.0,1,2,9,0,57.96,0,33.12,68.3,-43.45999999999999,0.2371,1
CC-12575,26,Gold,117,138086,32528,0.0498,-0.0936,814,9768,0.7872,8,5,0,0.0,1,1,12,0,195.36,95,146.52,101.16,42.68000000000001,0.1588,0
CC-12576,56,Black,77,299343,100000,0.0993,0.1931,4991,59892,0.9801,8,65,0,0.0,0,0,8,0,1497.3,495,1796.76,84.44,111.09999999999991,0.0622,0
CC-12577,44,Gold,75,93549,21147,0.049,0.207,521,6252,1.0826,8,7,0,0.0,1,1,15,0,125.04,95,93.78,50.61,75.65000000000003,0.103,0
CC-12578,32,Standard,80,50593,6595,0.0884,-0.0822,293,3516,1.0111,119,8,0,0.0,0,1,15,0,61.53,0,35.16,75.36,-48.989999999999995,0.8618,1
CC-12579,63,Gold,11,95521,20431,0.1377,-0.2765,1414,16968,1.0877,27,16,0,0.0,1,1,9,0,339.36,95,254.52,96.03,83.81,0.2084,0
CC-12580,43,Standard,105,38008,5396,0.0564,-0.3436,153,1836,0.7983,8,5,0,0.0,0,1,10,1,32.13,0,18.36,35.24,-21.47,0.2922,0
CC-12581,47,Platinum,50,213938,74681,0.0908,0.0159,3409,40908,1.1079,8,48,0,0.0,2,0,9,0,920.43,295,899.98,94.63,220.81999999999982,0.0515,0
CC-12582,65,Gold,69,78939,16284,0.0488,0.0784,399,4788,0.9553,8,6,0,0.0,1,0,5,0,95.76,95,71.82,107.17,11.769999999999982,0.0688,0
CC-12583,57,Standard,95,55772,9859,0.0908,-0.0106,450,5400,0.8085,119,7,0,0.0,0,0,18,0,94.5,0,54.0,92.22,-51.72,0.7742,0
CC-12584,26,Gold,85,74907,20713,0.0501,-0.0306,522,6264,0.8762,119,7,2,208.88,2,1,12,0,125.28,95,93.96,109.43,225.76999999999998,0.948,1
CC-12585,21,Gold,38,71139,19427,0.0458,-0.1407,447,5364,0.9206,8,5,2,179.09,4,1,5,0,107.28,95,80.46,144.9,156.01,0.2943,0
CC-12586,26,Standard,98,66395,8656,0.0851,0.0782,370,4440,0.5164,8,6,1,148.27,4,0,13,0,77.7,0,44.4,113.45,68.12000000000003,0.1561,0
CC-12587,70,Gold,73,82697,21532,0.0971,0.2317,1051,12612,0.759,27,20,0,0.0,2,1,16,0,252.24,95,189.18,92.66,65.39999999999998,0.2689,0
CC-12588,42,Standard,94,44616,6771,0.0529,-0.3525,180,2160,0.9695,8,5,1,72.1,0,0,8,1,37.8,0,21.6,94.72,-6.420000000000002,0.1737,1
CC-12589,61,Gold,46,91026,27148,0.0487,-0.0316,664,7968,0.5447,119,9,0,0.0,1,0,11,1,159.36,95,119.52,98.44,36.400000000000034,0.9496,1
CC-12590,44,Platinum,84,231061,88883,0.0394,-0.1656,1762,21144,0.764,8,24,0,0.0,0,0,14,0,475.74,295,465.17,37.68,267.89,0.0764,0
CC-12591,45,Platinum,62,215906,77857,0.1215,-0.2436,4755,57060,1.6654,8,59,0,0.0,2,0,13,0,1283.85,295,1255.32,68.27,255.26,0.0199,0
CC-12592,35,Gold,65,112280,32008,0.0762,-0.1895,1226,14712,0.6112,8,9,0,0.0,0,0,9,1,294.24,95,220.68,69.78,98.77999999999997,0.2627,0
CC-12593,46,Gold,7,145639,31386,0.1126,0.037,1776,21312,0.8349,8,27,1,711.35,2,0,8,1,426.24,95,319.68,87.4,825.5100000000001,0.219,0
CC-12594,28,Standard,89,34373,4156,0.1259,0.0407,263,3156,0.6999,8,7,2,105.32,3,2,12,0,55.23,0,31.56,94.16,34.829999999999984,0.5364,1
CC-12595,71,Platinum,88,162955,61374,0.0511,0.199,1575,18900,0.9149,8,16,1,631.27,0,0,8,0,425.25,295,415.8,54.21,881.51,0.0982,0
CC-12596,44,Standard,92,45853,5772,0.1151,-0.0187,334,4008,0.7055,27,8,0,0.0,1,0,14,1,70.14,0,40.08,107.54,-77.48,0.2708,1
CC-12597,68,Gold,108,47406,10028,0.0593,-0.2837,299,3588,0.877,27,8,0,0.0,4,0,17,0,71.76,95,53.82,114.29,-1.3500000000000227,0.1102,0
CC-12598,58,Standard,78,50209,8268,0.0724,-0.0557,301,3612,0.7344,8,6,0,0.0,4,1,16,1,63.21,0,36.12,116.71,-89.61999999999998,0.2932,0
CC-12599,26,Standard,42,39478,5378,0.104,-0.228,281,3372,1.2665,8,5,0,0.0,0,0,13,1,59.01,0,33.72,62.08,-36.79,0.0765,0
CC-12600,55,Gold,21,117586,30909,0.0802,-0.201,1245,14940,0.9745,8,16,0,0.0,1,0,9,1,298.8,95,224.1,59.65,110.05000000000001,0.1271,0
CC-12601,62,Standard,49,40556,7099,0.0468,0.0671,167,2004,0.6491,8,3,1,66.87,0,0,4,0,35.07,0,20.04,58.36,23.539999999999992,0.1572,1
CC-12602,21,Gold,67,75397,17465,0.0458,0.0091,402,4824,1.2022,8,10,0,0.0,2,0,9,0,96.48,95,72.36,103.79,15.330000000000013,0.044,0
CC-12603,66,Standard,69,62247,8280,0.1293,0.0681,538,6456,0.6625,119,14,0,0.0,1,0,13,0,112.98,0,64.56,65.55,-17.13000000000001,0.8303,1
CC-12604,56,Standard,93,44263,5594,0.1284,-0.0736,361,4332,0.4808,119,10,0,0.0,1,2,17,0,75.81,0,43.32,87.38,-54.889999999999986,0.9701,1
CC-12605,32,Gold,20,109711,23373,0.0543,0.0986,638,7656,0.9491,8,17,0,0.0,1,1,14,0,153.12,95,114.84,64.68,68.6,0.1318,0
CC-12606,58,Standard,52,49774,6158,0.0672,-0.082,208,2496,1.5222,27,8,0,0.0,4,1,12,0,43.68,0,24.96,142.2,-123.47999999999999,0.1068,0
CC-12607,31,Standard,32,49924,6253,0.1473,0.1475,463,5556,0.4017,27,5,0,0.0,3,0,11,0,97.23,0,55.56,136.25,-94.58,0.2415,1
CC-12608,32,Gold,68,79813,19410,0.1038,0.0317,1012,12144,0.5507,119,11,0,0.0,2,1,10,1,242.88,95,182.16,91.67,64.05000000000001,0.9776,1
CC-12609,62,Standard,7,50649,7052,0.1425,-0.051,505,6060,1.1758,8,12,0,0.0,1,0,12,0,106.05,0,60.6,107.81,-62.36,0.0453,0
CC-12610,70,Platinum,95,135397,51304,0.0594,0.0118,1531,18372,0.7573,27,22,0,0.0,0,0,9,0,413.37,295,404.18,74.86,229.32999999999998,0.1511,0
CC-12611,59,Standard,99,35957,6192,0.0758,-0.0227,236,2832,1.1336,8,7,1,94.47,1,0,12,0,49.56,0,28.32,92.7,23.00999999999999,0.0656,0
CC-12612,27,Standard,44,43827,7322,0.0584,0.2194,215,2580,0.6988,8,6,0,0.0,5,0,10,1,45.15,0,25.8,140.68,-121.33000000000001,0.1788,0
CC-12613,31,Gold,86,112366,28435,0.0882,0.0168,1261,15132,0.9926,8,17,0,0.0,1,1,20,0,302.64,95,226.98,63.65,107.00999999999999,0.1062,0
CC-12614,56,Standard,96,51030,6437,0.0646,-0.0202,209,2508,1.4733,8,3,2,83.7,3,1,10,0,43.89,0,25.08,136.38,-33.869999999999976,0.1293,1
CC-12615,51,Standard,108,53644,8721,0.0511,-0.0558,224,2688,0.5916,8,11,0,0.0,4,1,12,0,47.04,0,26.88,153.19,-133.03,0.2064,0
CC-12616,53,Standard,7,45016,6381,0.0533,0.1065,171,2052,1.2571,8,6,0,0.0,0,1,5,1,35.91,0,20.52,85.52,-70.13,0.192,0
CC-12617,33,Standard,52,25000,3128,0.126,0.0862,198,2376,1.1539,27,8,1,79.33,1,0,11,1,41.58,0,23.76,77.81,19.33999999999999,0.2289,0
CC-12618,38,Platinum,87,97250,38700,0.0746,-0.0611,1450,17400,0.5032,27,22,0,0.0,1,1,8,0,391.5,295,382.8,60.27,243.43,0.4769,0
CC-12619,61,Standard,60,41748,5856,0.1057,-0.1933,311,3732,1.1177,119,10,0,0.0,0,0,15,0,65.31,0,37.32,40.38,-12.39,0.6957,1
CC-12620,44,Platinum,81,100272,31139,0.1325,-0.1553,2074,24888,0.9718,8,36,0,0.0,2,0,11,0,559.98,295,547.54,95.27,212.17000000000007,0.0594,0
CC-12621,29,Platinum,86,121647,48902,0.0921,-0.0476,2263,27156,0.9773,119,25,0,0.0,2,1,20,1,611.01,295,597.43,83.31,225.26999999999998,0.9262,1
CC-12622,51,Standard,10,38693,6737,0.0733,0.1823,248,2976,1.051,8,9,2,99.4,1,1,7,0,52.08,0,29.76,101.41,20.31000000000003,0.2498,0
CC-12623,61,Platinum,115,121435,39764,0.1353,-0.0575,2703,32436,0.8449,8,31,0,0.0,1,1,14,0,729.81,295,713.59,82.63,228.58999999999992,0.1421,0
CC-12624,30,Standard,33,61168,8642,0.0896,-0.1091,389,4668,0.971,8,10,0,0.0,3,1,8,0,81.69,0,46.68,135.24,-100.23000000000002,0.1405,1
CC-12625,22,Black,14,276291,100000,0.0701,-0.2841,3525,42300,1.0224,27,49,1,1411.0,0,0,12,0,1057.5,495,1269.0,78.52,1615.98,0.149,1
CC-12626,58,Standard,23,55515,9104,0.1207,0.207,552,6624,1.1738,8,7,0,0.0,0,0,7,0,115.92,0,66.24,62.13,-12.450000000000003,0.0494,0
CC-12627,35,Gold,96,88483,18255,0.0504,0.0654,462,5544,0.4919,27,4,0,0.0,2,0,11,0,110.88,95,83.16,109.59,13.129999999999995,0.2705,0
CC-12628,23,Gold,64,115084,29845,0.0805,0.0994,1208,14496,1.3373,27,6,3,483.59,1,0,10,0,289.92,95,217.44,108.09,542.98,0.1903,0
CC-12629,63,Standard,93,56486,10007,0.0605,0.1243,304,3648,0.6034,119,8,1,121.86,2,0,10,0,63.84,0,36.48,98.77,50.44999999999999,0.893,1
CC-12630,51,Gold,110,72430,16384,0.0882,-0.0447,726,8712,1.1785,119,17,1,290.87,1,0,15,0,174.24,95,130.68,68.85,360.58000000000004,0.748,1
CC-12631,26,Gold,92,126684,36850,0.0724,-0.0073,1341,16092,0.9738,8,17,0,0.0,1,0,9,1,321.84,95,241.38,72.31,103.14999999999998,0.1208,0
CC-12632,23,Standard,35,39886,7060,0.0552,0.2033,196,2352,0.5657,27,3,0,0.0,0,1,5,0,41.16,0,23.52,72.22,-54.58,0.3919,1
CC-12633,31,Standard,28,47250,6433,0.1027,0.0069,332,3984,1.1084,119,5,0,0.0,1,0,13,0,69.72,0,39.84,108.31,-78.43,0.7126,0
CC-12634,35,Gold,92,93011,25617,0.0907,0.0681,1168,14016,0.6664,119,11,0,0.0,1,0,11,0,280.32,95,210.24,78.32,86.75999999999999,0.8757,1
CC-12635,65,Gold,102,95377,21352,0.0681,0.1106,731,8772,1.2706,27,12,0,0.0,1,1,10,0,175.44,95,131.58,92.54,46.31999999999999,0.1515,0
CC-12636,48,Black,42,335732,100000,0.123,0.0764,6179,74148,0.7367,27,83,1,2475.79,3,0,10,0,1853.7,495,2224.44,90.75,2509.2999999999997,0.2195,0
CC-12637,30,Platinum,67,113512,44455,0.0586,-0.0392,1308,15696,0.5015,8,14,0,0.0,1,0,7,0,353.16,295,345.31,87.23,215.62000000000006,0.1725,0
CC-12638,58,Black,61,329863,100000,0.1806,-0.0251,9075,108900,1.4102,27,122,0,0.0,2,1,19,0,2722.5,495,3267.0,109.03,-158.5300000000002,0.1099,0
CC-12639,67,Gold,17,97349,26438,0.0897,0.0966,1192,14304,1.0044,8,19,0,0.0,2,0,11,0,286.08,95,214.56,90.4,76.11999999999995,0.0595,0
CC-12640,70,Standard,116,45005,7593,0.1077,0.0964,411,4932,1.2102,8,7,0,0.0,3,0,15,1,86.31,0,49.32,118.18,-81.19,0.0756,0
CC-12641,70,Standard,3,42865,6066,0.0627,0.1552,191,2292,0.6946,8,1,0,0.0,1,0,9,0,40.11,0,22.92,63.62,-46.42999999999999,0.0985,0
CC-12642,27,Platinum,13,111716,33903,0.0564,0.0627,961,11532,0.3825,8,15,0,0.0,1,1,13,0,259.47,295,253.7,77.56,223.21000000000004,0.3537,0
CC-12643,35,Gold,57,95207,19916,0.0589,0.0695,589,7068,1.4526,8,14,0,0.0,2,0,16,0,141.36,95,106.02,114.53,15.810000000000002,0.0263,0
CC-12644,38,Standard,4,37569,5805,0.0566,-0.0869,165,1980,0.9481,27,4,0,0.0,0,0,11,1,34.65,0,19.8,46.98,-32.13,0.2235,0
CC-12645,38,Standard,67,47676,8519,0.0766,-0.1072,328,3936,1.0974,27,3,0,0.0,2,2,13,0,68.88,0,39.36,70.34,-40.82000000000001,0.3483,0
CC-12646,61,Black,97,272906,100000,0.1664,0.0971,8362,100344,1.147,8,87,0,0.0,5,0,13,0,2508.6,495,3010.32,151.79,-158.51000000000022,0.0433,0
CC-12647,44,Gold,46,56649,13798,0.0699,-0.1061,485,5820,0.8494,8,9,1,194.13,0,0,18,0,116.4,95,87.3,53.81,264.41999999999996,0.093,0
CC-12648,22,Standard,18,34498,5250,0.127,-0.0231,335,4020,1.0179,119,7,0,0.0,0,0,14,0,70.35,0,40.2,64.29,-34.140000000000015,0.7391,1
CC-12649,60,Gold,24,93601,21336,0.0469,0.1869,503,6036,1.4282,8,13,0,0.0,0,0,9,0,120.72,95,90.54,88.51,36.66999999999999,0.0321,0
CC-12650,40,Standard,108,39101,5074,0.1455,0.1631,371,4452,0.9403,8,4,0,0.0,0,0,16,0,77.91,0,44.52,45.38,-11.990000000000009,0.0555,0
CC-12651,54,Standard,20,38717,5765,0.0604,0.0253,175,2100,1.2326,8,7,0,0.0,4,0,10,0,36.75,0,21.0,141.38,-125.63,0.0427,0
CC-12652,63,Standard,49,36405,5381,0.1265,-0.0644,342,4104,0.3526,119,6,0,0.0,0,0,13,0,71.82,0,41.04,65.4,-34.620000000000005,0.8909,1
CC-12653,46,Standard,83,36787,5566,0.0486,-0.0385,136,1632,1.2871,8,6,1,54.45,2,0,11,0,28.56,0,16.32,67.8,-1.1099999999999994,0.0537,0
CC-12654,27,Platinum,32,197493,81642,0.1046,0.1101,4290,51480,0.4934,119,53,0,0.0,5,0,13,1,1158.3,295,1132.56,120.77,199.97000000000003,0.9521,1
CC-12655,58,Standard,12,32400,5061,0.0594,-0.0255,151,1812,1.2528,8,5,0,0.0,0,0,14,0,31.71,0,18.12,64.73,-51.14000000000001,0.0386,0
CC-12656,50,Platinum,101,191551,69879,0.0657,-0.1037,2306,27672,1.0672,8,44,0,0.0,0,0,10,1,622.62,295,608.78,48.48,260.36,0.1032,0
CC-12657,62,Platinum,60,128424,38260,0.0992,0.1624,1908,22896,0.9212,8,28,0,0.0,3,0,11,0,515.16,295,503.71,101.33,205.12,0.0651,0
CC-12658,25,Standard,64,37645,6768,0.065,0.0072,221,2652,0.9201,8,8,0,0.0,2,0,12,1,46.41,0,26.52,106.6,-86.71000000000001,0.1261,0
CC-12659,31,Gold,87,93156,25830,0.0837,-0.1066,1087,13044,0.8742,8,22,0,0.0,0,0,17,0,260.88,95,195.66,85.85,74.37,0.0612,0
CC-12660,21,Gold,82,86127,24780,0.102,0.0518,1270,15240,0.7038,8,26,0,0.0,0,0,7,1,304.8,95,228.6,61.45,109.75,0.1818,0
CC-12661,54,Platinum,8,133087,44983,0.0977,0.1257,2208,26496,0.8882,8,26,0,0.0,2,0,16,0,596.16,295,582.91,95.55,212.70000000000005,0.0649,0
CC-12662,21,Standard,69,47473,7127,0.1078,-0.1712,386,4632,1.6124,8,7,0,0.0,2,0,11,0,81.06,0,46.32,100.43,-65.69,0.0224,0
CC-12663,39,Gold,43,85790,21636,0.0464,-0.0501,504,6048,1.3407,27,10,0,0.0,1,0,9,0,120.96,95,90.72,60.19,65.04999999999998,0.0681,0
CC-12664,22,Gold,45,80418,17644,0.1022,-0.057,906,10872,0.6887,27,14,2,362.96,2,0,12,1,217.44,95,163.08,100.85,411.46999999999997,0.566,1
CC-12665,41,Standard,87,55526,8960,0.0784,0.0478,353,4236,1.0303,27,6,0,0.0,2,0,9,0,74.13,0,42.36,113.55,-81.78,0.1038,0
CC-12666,40,Standard,79,28721,5002,0.1054,0.0748,265,3180,0.9788,119,7,0,0.0,3,1,10,0,55.65,0,31.8,133.7,-109.85,0.879,1
CC-12667,43,Gold,20,65563,14185,0.0816,-0.1027,582,6984,0.9073,8,9,0,0.0,0,0,17,0,139.68,95,104.76,46.47,83.44999999999999,0.0613,0
CC-12668,41,Gold,60,68250,14239,0.1124,-0.2439,804,9648,0.6492,8,17,0,0.0,1,1,6,0,192.96,95,144.72,101.4,41.84000000000003,0.2832,0
CC-12669,44,Standard,62,33098,5437,0.0586,0.1348,160,1920,1.0838,8,4,0,0.0,2,0,13,0,33.6,0,19.2,117.53,-103.13,0.049,0
CC-12670,24,Gold,90,86825,19737,0.0664,-0.188,659,7908,1.2038,8,9,0,0.0,3,0,9,0,158.16,95,118.62,125.77,8.77000000000001,0.0431,0
CC-12671,32,Standard,29,50685,7979,0.0738,0.0207,296,3552,0.6998,8,9,0,0.0,3,0,11,1,62.16,0,35.52,129.15,-102.51000000000002,0.1774,1
CC-12672,42,Gold,70,43296,11671,0.0593,-0.0398,348,4176,1.5367,119,10,0,0.0,4,1,16,1,83.52,95,62.64,121.61,-5.730000000000018,0.8491,1
CC-12673,40,Standard,24,39666,5526,0.0717,0.0044,199,2388,1.4066,27,3,0,0.0,1,0,10,0,41.79,0,23.88,108.28,-90.37,0.0615,0
CC-12674,38,Platinum,26,128741,50739,0.0416,0.2277,1061,12732,1.1144,8,9,1,424.86,0,1,7,0,286.47,295,280.1,78.07,648.1600000000001,0.1659,1
CC-12675,21,Standard,42,41784,6392,0.1158,0.4357,372,4464,0.5805,8,11,0,0.0,2,0,10,1,78.12,0,44.64,80.45,-46.97,0.2085,0
CC-12676,50,Standard,111,30542,5257,0.0432,-0.265,114,1368,1.0704,8,2,0,0.0,0,0,5,0,23.94,0,13.68,36.77,-26.51,0.056,0
CC-12677,53,Standard,76,41475,6876,0.1108,0.1276,383,4596,1.0346,119,7,2,153.35,1,1,15,0,80.43,0,45.96,60.53,127.28999999999999,0.9306,1
CC-12678,44,Standard,68,34749,5980,0.0479,-0.0434,144,1728,1.1039,8,6,0,0.0,1,0,16,1,30.24,0,17.28,94.75,-81.79,0.0901,0
CC-12679,34,Gold,42,77894,15735,0.0556,0.1372,440,5280,1.4271,8,11,0,0.0,2,1,10,0,105.6,95,79.2,116.73,4.6699999999999875,0.0699,0
CC-12680,56,Standard,8,25654,3453,0.1043,0.1236,181,2172,0.8972,119,6,0,0.0,3,1,15,0,38.01,0,21.72,85.25,-68.96000000000001,0.8882,1
CC-12681,25,Platinum,114,128535,37609,0.1022,0.1915,1932,23184,1.5643,119,19,0,0.0,1,0,11,1,521.64,295,510.05,89.25,217.34000000000003,0.7104,1
CC-12682,31,Standard,20,36910,5408,0.0894,0.0227,243,2916,1.072,8,9,0,0.0,0,0,12,0,51.03,0,29.16,57.14,-35.269999999999996,0.0526,0
CC-12683,44,Standard,83,42047,7290,0.0822,-0.1534,301,3612,0.8629,8,4,0,0.0,2,1,9,0,63.21,0,36.12,100.26,-73.16999999999999,0.1545,1
CC-12684,51,Standard,104,48383,7163,0.0703,0.1191,253,3036,1.6698,8,3,0,0.0,1,0,12,1,53.13,0,30.36,100.93,-78.16000000000003,0.0404,0
CC-12685,33,Standard,111,44496,7608,0.09,-0.0023,344,4128,1.199,27,8,0,0.0,1,0,12,0,72.24,0,41.28,75.68,-44.72000000000001,0.0754,0
CC-12686,36,Standard,89,53925,7529,0.0951,-0.0551,360,4320,0.8136,8,10,0,0.0,3,2,3,1,75.6,0,43.2,91.25,-58.849999999999994,0.5235,0
CC-12687,44,Standard,112,40941,5747,0.0786,-0.0914,227,2724,0.9753,119,6,1,90.92,3,0,23,0,47.67,0,27.24,86.81,24.540000000000006,0.7775,1
CC-12688,33,Gold,32,98151,28420,0.0911,0.131,1301,15612,1.1406,8,25,2,521.14,0,0,11,0,312.24,95,234.18,94.91,599.29,0.1005,0
CC-12689,44,Standard,23,57656,8391,0.1117,0.2205,471,5652,0.9047,8,8,0,0.0,1,0,16,0,98.91,0,56.52,96.04,-53.650000000000006,0.0626,0
CC-12690,46,Gold,64,90817,25335,0.0637,-0.1993,811,9732,0.9902,27,11,0,0.0,1,0,13,0,194.64,95,145.98,53.26,90.4,0.1041,0
CC-12691,22,Gold,12,84558,18912,0.1198,0.0733,1139,13668,0.7048,8,19,2,456.04,3,0,11,0,273.36,95,205.02,90.3,529.0800000000002,0.1858,0
CC-12692,36,Standard,109,49661,8786,0.1065,-0.0759,470,5640,0.4444,8,11,0,0.0,2,0,15,1,98.7,0,56.4,106.1,-63.8,0.2189,0
CC-12693,58,Gold,15,91568,23574,0.0801,-0.2401,949,11388,0.9819,8,13,0,0.0,2,0,10,1,227.76,95,170.82,90.37,61.56999999999999,0.1242,0
CC-12694,66,Black,78,350087,100000,0.1038,0.0022,5214,62568,0.992,27,82,0,0.0,2,1,12,0,1564.2,495,1877.04,102.24,79.91999999999985,0.2146,0
CC-12695,21,Gold,11,101868,21285,0.1348,-0.145,1442,17304,1.1081,8,26,0,0.0,1,1,9,0,346.08,95,259.56,83.9,97.61999999999995,0.1159,0
CC-12696,69,Gold,70,102123,25455,0.055,-0.2567,704,8448,0.7771,8,13,0,0.0,0,0,8,0,168.96,95,126.72,44.42,92.82000000000005,0.0846,0
CC-12697,31,Standard,41,45495,7918,0.0417,-0.1373,166,1992,0.5478,8,8,0,0.0,2,1,15,0,34.86,0,19.92,91.36,-76.42,0.2174,1
CC-12698,71,Platinum,26,151942,61200,0.0613,-0.1742,1885,22620,0.6604,8,29,0,0.0,1,1,15,0,508.95,295,497.64,81.81,224.5,0.2501,1
CC-12699,55,Platinum,36,151288,43352,0.1278,-0.117,2784,33408,1.2667,119,27,0,0.0,0,1,18,0,751.68,295,734.98,61.3,250.39999999999986,0.8019,1
CC-12700,63,Gold,105,59343,13670,0.1229,-0.2189,844,10128,0.75,8,10,0,0.0,2,0,10,0,202.56,95,151.92,93.86,51.78000000000003,0.0826,0
CC-12701,49,Black,63,354824,100000,0.1673,-0.0793,8407,100884,0.8174,8,117,0,0.0,1,0,5,0,2522.1,495,3026.52,109.36,-118.7800000000002,0.0847,1
CC-12702,57,Standard,43,26220,3417,0.1473,-0.127,253,3036,0.8563,8,6,0,0.0,1,0,21,0,53.13,0,30.36,109.11,-86.34,0.0603,0
CC-12703,37,Standard,7,53012,8683,0.0479,0.0363,209,2508,0.7642,27,7,0,0.0,3,1,11,0,43.89,0,25.08,101.15,-82.34,0.2987,0
CC-12704,59,Platinum,81,149344,45674,0.0547,0.069,1256,15072,0.742,8,18,0,0.0,2,0,10,0,339.12,295,331.58,108.77,193.77000000000004,0.0851,0
CC-12705,62,Platinum,52,130049,42724,0.1003,0.019,2153,25836,0.6887,27,23,1,862.54,1,0,11,0,581.31,295,568.39,64.02,1106.44,0.2952,0
CC-12706,48,Standard,6,49400,7893,0.1215,-0.0553,482,5784,1.3702,8,12,0,0.0,2,0,15,0,101.22,0,57.84,124.49,-81.10999999999999,0.0318,0
CC-12707,49,Standard,53,49708,7402,0.0893,-0.0594,332,3984,1.154,8,7,0,0.0,0,0,9,0,69.72,0,39.84,59.83,-29.950000000000003,0.0479,0
CC-12708,63,Standard,54,30287,4976,0.0444,-0.1456,111,1332,1.3243,8,6,0,0.0,3,0,14,1,23.31,0,13.32,115.03,-105.03999999999999,0.0683,0
CC-12709,23,Standard,41,60931,10825,0.0537,-0.1419,292,3504,1.3848,8,9,0,0.0,1,0,14,0,61.32,0,35.04,72.87,-46.589999999999996,0.0308,0
CC-12710,30,Platinum,10,142524,42232,0.075,0.0855,1592,19104,0.245,8,22,0,0.0,0,0,16,0,429.84,295,420.29,44.4,260.1499999999999,0.2158,1
CC-12711,62,Gold,115,134188,36359,0.0615,-0.284,1124,13488,1.053,8,16,0,0.0,2,0,11,0,269.76,95,202.32,74.24,88.19999999999999,0.0511,0
CC-12712,34,Standard,47,53884,7210,0.0538,-0.0321,195,2340,0.7741,8,2,0,0.0,2,0,20,1,40.95,0,23.4,121.36,-103.80999999999999,0.1361,0
CC-12713,32,Standard,90,45555,6599,0.1285,-0.0685,426,5112,1.285,27,5,0,0.0,1,1,14,0,89.46,0,51.12,83.15,-44.81000000000002,0.1399,0
CC-12714,67,Standard,119,37237,4541,0.1104,0.0699,252,3024,0.7276,27,5,0,0.0,4,0,16,0,52.92,0,30.24,153.3,-130.62,0.1372,0
CC-12715,62,Standard,30,43753,5607,0.121,-0.2338,341,4092,0.6338,8,9,0,0.0,1,0,13,0,71.61,0,40.92,74.17,-43.480000000000004,0.0981,0
CC-12716,50,Gold,109,88183,20456,0.0486,-0.0181,500,6000,0.5198,8,11,1,200.11,4,0,10,0,120.0,95,90.0,123.45,201.66000000000003,0.2154,1
CC-12717,52,Black,29,382580,100000,0.0879,0.0314,4416,52992,0.8592,27,64,0,0.0,1,0,9,1,1324.8,495,1589.76,63.1,166.94000000000005,0.2528,0
CC-12718,52,Platinum,67,182933,74260,0.0799,-0.3057,2981,35772,1.2245,8,36,0,0.0,3,1,14,1,804.87,295,786.98,86.29,226.5999999999999,0.1659,0
CC-12719,62,Standard,36,50079,8238,0.1118,-0.1811,463,5556,1.0269,119,9,0,0.0,4,1,17,0,97.23,0,55.56,141.97,-100.3,0.8584,1
CC-12720,52,Platinum,83,201921,84020,0.0738,-0.0338,3115,37380,0.5892,8,48,0,0.0,0,0,27,1,841.05,295,822.36,58.76,254.92999999999995,0.2023,0
CC-12721,46,Platinum,103,69433,25264,0.113,0.0571,1434,17208,1.5958,27,23,0,0.0,1,1,14,0,387.18,295,378.58,97.2,206.4000000000001,0.0891,0
CC-12722,71,Platinum,64,156197,49020,0.1247,0.0074,3071,36852,1.1449,8,29,0,0.0,2,0,17,0,829.17,295,810.74,91.86,221.57000000000005,0.0413,0
CC-12723,21,Gold,64,111682,25995,0.0492,0.0641,643,7716,1.1832,8,15,0,0.0,1,0,9,0,154.32,95,115.74,105.49,28.090000000000003,0.0454,0
CC-12724,62,Standard,40,51158,7120,0.0668,-0.1819,239,2868,1.3355,8,5,0,0.0,1,0,12,0,50.19,0,28.68,103.04,-81.53,0.0346,0
CC-12725,22,Standard,28,30005,4188,0.1098,-0.2583,231,2772,0.4579,8,5,0,0.0,3,0,12,0,48.51,0,27.72,129.27,-108.48000000000002,0.1283,0
CC-12726,37,Standard,26,60631,9723,0.078,-0.0073,381,4572,0.6766,8,7,0,0.0,1,0,14,0,80.01,0,45.72,97.59,-63.3,0.0908,0
CC-12727,50,Standard,41,53565,8133,0.069,-0.2044,282,3384,1.1969,8,11,0,0.0,4,0,12,0,59.22,0,33.84,134.48,-109.1,0.0427,0
CC-12728,59,Standard,23,48858,6992,0.0851,-0.1498,299,3588,0.7068,8,5,0,0.0,4,0,9,0,62.79,0,35.88,147.25,-120.34,0.0953,1
CC-12729,27,Gold,96,86877,18670,0.0875,0.1198,821,9852,0.8675,8,13,0,0.0,2,0,14,0,197.04,95,147.78,116.09,28.16999999999996,0.0649,0
CC-12730,47,Gold,49,127366,25755,0.1388,0.0084,1796,21552,0.9267,8,30,0,0.0,2,1,14,1,431.04,95,323.28,77.77,124.99000000000001,0.2454,0
CC-12731,29,Gold,117,94445,20955,0.054,-0.1052,569,6828,0.5668,8,10,0,0.0,1,1,14,1,136.56,95,102.42,91.81,37.329999999999984,0.4367,0
CC-12732,42,Standard,50,42278,5345,0.0815,-0.1247,219,2628,0.8418,8,8,0,0.0,4,0,11,0,45.99,0,26.28,145.07,-125.35999999999999,0.0739,0
CC-12733,54,Black,15,223203,100000,0.096,0.0731,4824,57888,1.2244,8,58,0,0.0,1,0,7,1,1447.2,495,1736.64,94.72,110.83999999999992,0.0927,0
CC-12734,66,Black,103,333027,100000,0.1654,0.0118,8313,99756,1.1688,8,108,0,0.0,0,0,18,0,2493.9,495,2992.68,36.02,-39.79999999999973,0.0378,0
CC-12735,69,Platinum,5,174518,66559,0.0885,-0.2022,2959,35508,1.2839,119,38,0,0.0,1,0,14,1,798.93,295,781.18,87.05,225.69999999999993,0.7984,1
CC-12736,21,Black,34,283956,100000,0.1697,-0.3122,8528,102336,1.253,27,114,0,0.0,1,0,11,1,2558.4,495,3070.08,67.1,-83.77999999999975,0.147,1
CC-12737,29,Gold,37,73147,15166,0.1243,0.2623,947,11364,1.0718,8,10,2,379.45,2,0,13,0,227.28,95,170.46,111.43,419.84000000000003,0.1066,0
CC-12738,40,Black,21,373103,100000,0.1635,-0.2034,8216,98592,1.048,8,116,0,0.0,2,0,15,0,2464.8,495,2957.76,109.43,-107.38999999999987,0.0515,0
CC-12739,39,Standard,16,35016,5419,0.061,0.0592,166,1992,1.026,8,6,0,0.0,0,2,18,0,34.86,0,19.92,41.53,-26.590000000000003,0.2253,0
CC-12740,56,Standard,50,67156,9008,0.0939,0.2066,425,5100,0.7619,8,11,0,0.0,0,2,12,1,89.25,0,51.0,55.03,-16.78,0.5073,0
CC-12741,60,Standard,88,36736,6380,0.0911,0.0021,292,3504,0.641,8,4,0,0.0,2,1,15,0,61.32,0,35.04,119.03,-92.75,0.1871,0
CC-12742,65,Standard,83,30619,3757,0.1446,-0.1101,273,3276,0.7431,8,9,1,109.35,3,1,14,1,57.33,0,32.76,108.99,24.930000000000007,0.3874,0
CC-12743,24,Standard,70,32058,4235,0.1461,-0.2339,311,3732,0.8522,8,6,0,0.0,0,3,9,0,65.31,0,37.32,65.41,-37.41999999999999,0.507,1
CC-12744,29,Gold,47,61418,16902,0.0798,-0.236,678,8136,0.7533,8,10,1,271.49,1,0,9,0,162.72,95,122.04,62.23,344.94000000000005,0.1252,1
CC-12745,61,Platinum,106,131719,49962,0.0808,0.0365,2028,24336,1.0741,8,25,0,0.0,3,1,12,1,547.56,295,535.39,90.67,216.5,0.2031,1
CC-12746,42,Gold,21,75051,17181,0.0449,0.1976,388,4656,1.0106,8,7,0,0.0,1,0,9,1,93.12,95,69.84,54.02,64.25999999999999,0.1208,0
CC-12747,38,Standard,66,56527,6993,0.0612,-0.0793,215,2580,1.0428,8,5,0,0.0,1,0,20,0,45.15,0,25.8,54.79,-35.440000000000005,0.0455,0
CC-12748,32,Platinum,103,170872,68371,0.0489,-0.1034,1681,20172,1.0554,8,21,0,0.0,1,0,7,0,453.87,295,443.78,60.52,244.57000000000005,0.0555,0
CC-12749,62,Gold,68,80250,18567,0.0477,0.0846,445,5340,1.3087,8,5,1,178.27,1,1,11,0,106.8,95,80.1,50.84,249.13000000000005,0.115,0
CC-12750,63,Standard,81,79913,10527,0.0905,-0.1229,479,5748,0.9474,8,15,0,0.0,1,0,16,0,100.59,0,57.48,109.67,-66.56,0.0561,0
CC-12751,59,Gold,68,79968,20120,0.0662,0.0212,669,8028,1.2525,8,12,0,0.0,1,0,16,1,160.56,95,120.42,76.09,59.05000000000001,0.0724,1
CC-12752,29,Standard,77,43835,7654,0.0863,-0.0137,332,3984,1.105,8,6,0,0.0,2,1,9,0,69.72,0,39.84,89.5,-59.620000000000005,0.1108,0
CC-12753,26,Standard,47,30629,3755,0.1118,-0.0814,211,2532,1.2889,27,5,1,84.5,0,0,11,0,44.31,0,25.32,70.2,33.28999999999999,0.1019,0
CC-12754,39,Platinum,89,137181,53118,0.0845,-0.0223,2255,27060,1.4344,8,32,0,0.0,1,0,12,0,608.85,295,595.32,101.31,207.2199999999999,0.0285,0
CC-12755,68,Standard,76,48345,7461,0.0835,0.2445,313,3756,1.123,8,10,0,0.0,1,2,13,1,65.73,0,37.56,89.8,-61.629999999999995,0.3566,0
CC-12756,67,Gold,69,59835,14512,0.0638,0.0707,465,5580,0.9811,8,9,0,0.0,1,0,15,0,111.6,95,83.7,62.84,60.059999999999974,0.0548,0
CC-12757,27,Platinum,71,122545,47078,0.1129,0.1439,2670,32040,0.9792,8,37,0,0.0,4,0,19,0,720.9,295,704.88,139.7,171.32000000000005,0.0509,0
CC-12758,36,Gold,5,91948,27270,0.0393,-0.1578,539,6468,0.809,27,15,1,215.72,0,2,13,1,129.36,95,97.02,43.4,299.6600000000001,0.7382,1
CC-12759,25,Standard,40,39095,5229,0.1427,0.1444,375,4500,0.7989,27,9,0,0.0,1,0,11,1,78.75,0,45.0,101.39,-67.63999999999999,0.2618,0
CC-12760,36,Standard,79,36740,4725,0.0834,0.0759,198,2376,1.2206,8,9,0,0.0,1,1,9,0,41.58,0,23.76,93.98,-76.16000000000001,0.0937,0
CC-12761,21,Standard,44,53798,9402,0.0768,-0.2449,363,4356,0.6609,8,9,0,0.0,3,0,7,1,76.23,0,43.56,136.22,-103.55,0.1972,0
CC-12762,71,Gold,85,57755,15414,0.0453,0.061,351,4212,1.4344,8,8,0,0.0,0,2,10,1,84.24,95,63.18,87.51,28.55000000000001,0.2619,0
CC-12763,57,Standard,42,32760,4792,0.0515,-0.097,124,1488,0.9045,119,3,1,49.67,1,1,14,1,26.04,0,14.88,74.78,-13.949999999999989,0.9609,1
CC-12764,59,Standard,52,46995,7255,0.0798,-0.2519,291,3492,1.8086,27,8,1,116.53,0,0,13,1,61.11,0,34.92,88.65,54.06999999999998,0.0909,0
CC-12765,39,Black,37,339231,100000,0.1746,-0.0005,8775,105300,0.7421,8,114,3,3514.41,0,0,11,0,2632.5,495,3159.0,83.59,3399.3199999999997,0.239,0
CC-12766,57,Gold,26,91492,25371,0.0551,0.0609,703,8436,1.0251,8,13,0,0.0,0,0,11,1,168.72,95,126.54,61.84,75.34000000000003,0.1139,0
CC-12767,37,Standard,90,42481,7442,0.0802,0.0027,300,3600,0.8444,27,7,0,0.0,6,1,11,0,63.0,0,36.0,166.69,-139.69,0.259,0
CC-12768,46,Gold,19,78510,19053,0.0638,-0.0364,611,7332,0.7121,8,11,1,244.68,1,2,8,0,146.64,95,109.98,59.99,316.35,0.4663,0
CC-12769,42,Gold,42,106471,24418,0.0771,-0.0696,946,11352,1.2691,8,11,2,378.94,1,0,12,0,227.04,95,170.28,82.06,448.64,0.0812,1
CC-12770,28,Standard,76,54663,8657,0.1177,0.35,512,6144,0.6183,8,10,2,205.09,0,1,13,0,107.52,0,61.44,38.22,212.95000000000002,0.3583,0
CC-12771,53,Standard,68,45560,6603,0.1239,-0.1974,411,4932,0.7472,8,12,1,164.67,0,0,12,0,86.31,0,49.32,59.65,142.01,0.1179,0
CC-12772,22,Platinum,46,130283,47324,0.0835,0.1109,1985,23820,1.1259,27,34,0,0.0,1,0,13,0,535.95,295,524.04,87.69,219.22000000000003,0.0867,0
CC-12773,50,Gold,25,85749,20751,0.0606,-0.0177,632,7584,1.1735,27,12,0,0.0,3,0,10,1,151.68,95,113.76,117.65,15.269999999999982,0.1675,0
CC-12774,67,Gold,8,69547,14973,0.0641,-0.1482,482,5784,0.5324,8,10,0,0.0,1,0,15,0,115.68,95,86.76,72.22,51.69999999999999,0.1508,1
CC-12775,40,Standard,68,43310,6417,0.1299,-0.0273,419,5028,1.1245,8,10,0,0.0,1,1,13,1,87.99,0,50.28,55.29,-17.58,0.1922,0
CC-12776,38,Standard,23,39492,6376,0.0577,-0.2289,185,2220,0.9887,8,3,2,74.05,1,0,14,0,38.85,0,22.2,88.46,2.240000000000009,0.1191,1
CC-12777,63,Standard,37,43865,7367,0.1032,-0.1093,382,4584,0.6747,8,5,0,0.0,3,2,11,0,80.22,0,45.84,85.08,-50.70000000000002,0.3658,1
CC-12778,30,Standard,115,39896,5968,0.077,-0.027,231,2772,0.7133,8,8,0,0.0,0,0,4,1,48.51,0,27.72,49.06,-28.270000000000003,0.1844,0
CC-12779,44,Standard,31,50894,6611,0.1517,-0.2527,504,6048,0.34,8,6,0,0.0,0,0,10,0,105.84,0,60.48,83.2,-37.84,0.1558,0
CC-12780,24,Standard,9,54207,7853,0.0793,0.056,313,3756,1.4652,119,10,0,0.0,2,0,7,1,65.73,0,37.56,91.2,-63.02999999999999,0.7726,0
CC-12781,57,Platinum,95,126709,49426,0.0651,-0.1646,1618,19416,1.2546,8,18,0,0.0,1,0,6,1,436.86,295,427.15,109.99,194.72000000000003,0.085,0
CC-12782,24,Black,55,223168,96925,0.1086,-0.2378,5288,63456,0.5633,8,66,0,0.0,1,0,8,1,1586.4,495,1903.68,96.22,81.5,0.2835,0
CC-12783,33,Platinum,39,164906,62254,0.1156,-0.1821,3615,43380,1.1897,8,48,0,0.0,2,0,8,0,976.05,295,954.36,89.31,227.37999999999988,0.0467,0
CC-12784,45,Platinum,25,146466,51411,0.1255,0.3064,3243,38916,0.7778,8,42,0,0.0,1,0,12,0,875.61,295,856.15,56.59,257.8700000000001,0.0813,0
CC-12785,33,Standard,99,40874,5496,0.1188,-0.3167,328,3936,1.2244,8,7,0,0.0,2,1,9,0,68.88,0,39.36,90.75,-61.23000000000002,0.0918,0
CC-12786,38,Black,10,376288,100000,0.1957,0.0454,9835,118020,0.8012,8,125,0,0.0,6,0,15,0,2950.5,495,3540.6,133.2,-228.29999999999973,0.0751,0
CC-12787,44,Standard,78,38643,4832,0.1124,-0.1327,273,3276,0.841,8,6,0,0.0,2,0,11,0,57.33,0,32.76,106.4,-81.83,0.0724,0
CC-12788,22,Black,112,140494,63851,0.1145,-0.0725,3675,44100,0.8635,8,45,0,0.0,1,0,13,1,1102.5,495,1323.0,56.3,218.20000000000005,0.1296,0
CC-12789,68,Black,50,230442,91623,0.1418,0.0706,6528,78336,0.7528,8,98,2,2615.1,2,0,15,0,1958.4,495,2350.08,121.6,2596.82,0.1589,0
CC-12790,53,Gold,12,119390,24678,0.0949,0.0632,1177,14124,1.3698,8,19,0,0.0,0,1,8,0,282.48,95,211.86,58.39,107.23000000000002,0.0808,0
CC-12791,39,Black,81,257760,100000,0.1197,-0.1221,6013,72156,1.2196,8,76,0,0.0,0,0,13,0,1803.9,495,2164.68,36.96,97.26000000000022,0.0392,1
CC-12792,29,Gold,119,74046,18508,0.0826,-0.2237,768,9216,0.983,8,13,2,307.71,3,0,12,1,184.32,95,138.24,129.72,319.06999999999994,0.2172,0
CC-12793,48,Standard,26,45299,7357,0.0866,0.0733,320,3840,1.2574,8,4,0,0.0,1,2,5,0,67.2,0,38.4,71.08,-42.27999999999999,0.2053,0
CC-12794,55,Standard,92,56374,9283,0.1119,0.0629,522,6264,0.4619,8,11,0,0.0,2,1,13,1,109.62,0,62.64,105.2,-58.22,0.4023,1
CC-12795,59,Gold,49,83238,22705,0.0624,-0.0627,712,8544,0.5815,8,11,1,285.18,1,0,8,1,170.88,95,128.16,101.8,321.09999999999997,0.3656,1
CC-12796,30,Standard,108,51652,7467,0.0648,0.0463,243,2916,1.0924,8,8,0,0.0,1,0,17,0,51.03,0,29.16,53.53,-31.659999999999997,0.0432,0
CC-12797,21,Gold,55,80978,21310,0.0723,-0.0869,774,9288,1.1707,8,13,0,0.0,2,1,13,0,185.76,95,139.32,65.94,75.5,0.0954,0
CC-12798,62,Black,41,321944,100000,0.0945,-0.1441,4749,56988,1.0338,8,57,0,0.0,2,2,11,0,1424.7,495,1709.64,73.49,136.56999999999994,0.2445,1
CC-12799,41,Standard,69,47027,6832,0.0912,-0.0194,313,3756,0.3852,8,8,0,0.0,3,0,16,1,65.73,0,37.56,94.13,-65.96,0.238,0
CC-12800,29,Platinum,68,126070,45840,0.1152,0.0579,2654,31848,0.6313,8,32,1,1062.93,1,0,9,0,716.58,295,700.66,81.45,1292.4,0.1952,0
CC-12801,67,Platinum,8,149033,61493,0.0808,0.0264,2498,29976,1.075,8,39,0,0.0,4,0,11,0,674.46,295,659.47,152.66,157.33000000000004,0.0538,0
CC-12802,35,Black,23,242024,95531,0.1424,0.0564,6834,82008,1.6779,119,97,0,0.0,0,1,8,1,2050.2,495,2460.24,67.7,17.26000000000022,0.8457,1
CC-12803,55,Black,75,183526,95991,0.0528,-0.1341,2547,30564,1.3154,8,29,2,1020.17,1,1,12,0,764.1,495,916.92,101.56,1260.79,0.1575,0
CC-12804,25,Gold,76,84577,17367,0.1357,0.2173,1184,14208,1.4232,27,20,0,0.0,3,0,9,0,284.16,95,213.12,91.98,74.06,0.0587,0
CC-12805,61,Black,38,189743,78840,0.1099,-0.0714,4355,52260,1.0519,8,54,0,0.0,1,0,10,0,1306.5,495,1567.8,103.59,130.11000000000013,0.0555,0
CC-12806,42,Platinum,5,160910,51545,0.0495,-0.0378,1283,15396,1.0497,8,15,0,0.0,5,1,13,0,346.41,295,338.71,152.88,149.8200000000001,0.1178,1
CC-12807,61,Standard,107,44578,7024,0.0952,-0.2178,336,4032,0.64,119,9,0,0.0,1,1,16,1,70.56,0,40.32,106.99,-76.75,0.9582,1
CC-12808,43,Gold,90,115244,24561,0.1355,-0.0491,1672,20064,1.2355,27,21,1,669.87,1,1,13,0,401.28,95,300.96,102.41,762.7800000000001,0.2114,0
CC-12809,27,Gold,88,77982,22477,0.0399,0.0598,451,5412,0.928,8,9,0,0.0,1,0,4,1,108.24,95,81.18,101.02,21.04000000000002,0.1409,0
CC-12810,43,Standard,115,44774,7598,0.0846,0.0944,323,3876,1.1578,8,4,0,0.0,1,0,12,0,67.83,0,38.76,54.39,-25.320000000000007,0.0428,0
CC-12811,64,Gold,80,53770,14260,0.1062,0.2143,761,9132,0.9592,8,13,1,304.83,2,1,13,0,182.64,95,136.98,105.43,340.06000000000006,0.1778,1
CC-12812,45,Gold,44,61538,15128,0.0412,0.058,313,3756,1.0337,27,6,0,0.0,2,1,8,0,75.12,95,56.34,83.45,30.329999999999984,0.2217,0
CC-12813,47,Standard,47,26114,4595,0.0849,0.0215,196,2352,0.9237,8,5,0,0.0,1,0,14,1,41.16,0,23.52,65.5,-47.86,0.1227,0
CC-12814,61,Gold,46,107896,30542,0.0685,-0.0869,1051,12612,1.0174,8,23,0,0.0,1,2,15,0,252.24,95,189.18,77.19,80.87,0.2339,0
CC-12815,26,Platinum,93,123915,43358,0.0722,-0.1193,1574,18888,1.25,8,18,0,0.0,0,1,15,0,424.98,295,415.54,87.04,217.39999999999998,0.0796,0
CC-12816,54,Gold,35,113200,30585,0.083,0.1255,1276,15312,0.5701,8,20,1,510.97,0,1,9,0,306.24,95,229.68,40.39,642.1400000000001,0.3914,1
CC-12817,29,Standard,62,25000,3850,0.0517,0.1227,100,1200,0.5021,27,4,0,0.0,0,1,11,0,21.0,0,12.0,90.45,-81.45,0.3822,0
CC-12818,69,Standard,88,62415,9691,0.107,-0.1816,521,6252,1.0778,27,8,0,0.0,2,0,14,0,109.41,0,62.52,116.48,-69.59,0.0884,0
CC-12819,53,Standard,95,44234,6186,0.0476,0.0885,148,1776,1.3822,8,8,0,0.0,2,0,8,0,31.08,0,17.76,81.79,-68.47000000000001,0.0332,0
CC-12820,71,Platinum,85,151894,52356,0.0699,0.0776,1838,22056,1.4578,8,24,0,0.0,1,0,12,0,496.26,295,485.23,70.36,235.66999999999996,0.0276,0
CC-12821,26,Standard,85,33041,4119,0.1068,-0.1871,221,2652,0.5827,27,6,1,88.55,1,0,11,1,46.41,0,26.52,53.04,55.39999999999998,0.4187,1
CC-12822,57,Gold,72,96204,22678,0.074,0.0611,843,10116,0.8291,8,20,0,0.0,1,1,16,0,202.32,95,151.74,93.78,51.79999999999998,0.1447,0
CC-12823,51,Standard,111,40793,6598,0.066,-0.1774,219,2628,0.5062,8,5,0,0.0,1,0,14,0,45.99,0,26.28,60.31,-40.6,0.1089,0
CC-12824,54,Standard,85,31568,5593,0.0996,-0.3844,280,3360,0.7848,8,4,0,0.0,1,0,11,1,58.8,0,33.6,67.72,-42.519999999999996,0.1523,0
CC-12825,61,Platinum,79,97731,40541,0.1032,-0.044,2103,25236,1.2869,8,20,0,0.0,0,0,13,1,567.81,295,555.19,58.88,248.7399999999999,0.0721,0
CC-12826,49,Gold,28,58961,15068,0.1068,0.0187,809,9708,0.9461,119,7,1,323.92,2,0,12,0,194.16,95,145.62,89.4,378.05999999999995,0.8303,1
CC-12827,34,Standard,88,49277,7706,0.0865,-0.0373,335,4020,0.8378,8,5,0,0.0,1,0,11,1,70.35,0,40.2,98.09,-67.94000000000003,0.1414,1
CC-12828,56,Standard,23,37849,4963,0.1399,0.4101,349,4188,1.1135,8,5,0,0.0,1,0,11,0,73.29,0,41.88,79.7,-48.290000000000006,0.0502,0
CC-12829,56,Standard,102,26548,4293,0.1163,0.0368,251,3012,0.7115,27,11,0,0.0,1,0,10,0,52.71,0,30.12,53.34,-30.750000000000007,0.1573,0
CC-12830,35,Gold,4,92847,19225,0.0874,0.0021,844,10128,1.4279,8,17,0,0.0,1,0,12,1,202.56,95,151.92,86.03,59.610000000000014,0.0631,0
CC-12831,28,Gold,49,38829,8871,0.0682,0.0444,304,3648,0.9522,8,7,0,0.0,0,0,10,0,72.96,95,54.72,53.41,59.829999999999984,0.0639,0
CC-12832,46,Standard,110,59952,9598,0.0496,-0.0862,239,2868,0.8295,27,3,0,0.0,0,1,16,0,50.19,0,28.68,55.39,-33.879999999999995,0.2416,0
CC-12833,56,Standard,32,67347,9335,0.0936,0.1194,439,5268,1.1261,8,9,0,0.0,0,0,14,0,92.19,0,52.68,47.4,-7.890000000000001,0.0462,0
CC-12834,68,Standard,29,30235,3718,0.1557,0.0342,291,3492,1.2318,8,6,0,0.0,1,0,10,0,61.11,0,34.92,56.7,-30.510000000000005,0.0425,0
CC-12835,41,Platinum,73,176835,70108,0.0799,0.0273,2814,33768,1.4288,8,22,0,0.0,3,3,8,0,759.78,295,742.9,95.37,216.51,0.2938,0
CC-12836,48,Black,22,304436,100000,0.1474,-0.1136,7405,88860,0.887,8,102,0,0.0,2,0,12,0,2221.5,495,2665.8,117.61,-66.91000000000031,0.0693,0
CC-12837,24,Standard,52,39374,4873,0.0653,-0.2546,160,1920,1.2758,27,6,0,0.0,2,1,10,1,33.6,0,19.2,117.3,-102.9,0.281,0
CC-12838,36,Platinum,97,124131,36056,0.0661,-0.0952,1198,14376,0.9804,8,15,1,479.72,1,0,15,1,323.46,295,316.27,106.7,675.21,0.1519,0
CC-12839,42,Standard,25,52362,7074,0.0945,0.0224,336,4032,0.7666,27,6,3,134.56,1,1,15,1,70.56,0,40.32,52.05,112.75,0.7306,1
CC-12840,32,Standard,15,44550,5821,0.1473,-0.0867,431,5172,0.717,8,8,0,0.0,1,2,10,0,90.51,0,51.72,104.03,-65.24,0.359,1
CC-12841,36,Platinum,83,49202,19110,0.0661,0.0238,635,7620,0.6209,119,16,2,254.26,3,1,11,0,171.45,295,167.64,101.69,451.38000000000005,0.9755,1
CC-12842,71,Platinum,6,212555,69087,0.1265,-0.0549,4391,52692,0.7275,8,67,0,0.0,2,1,9,1,1185.57,295,1159.22,103.91,217.43999999999983,0.3387,0
CC-12843,60,Black,16,310322,100000,0.0798,0.0446,4010,48120,1.2847,8,53,1,1606.24,1,0,17,0,1203.0,495,1443.6,87.19,1773.4499999999998,0.0507,0
CC-12844,58,Gold,22,83894,18237,0.1022,-0.1665,937,11244,1.162,119,13,0,0.0,3,0,14,0,224.88,95,168.66,90.3,60.920000000000016,0.6916,0
CC-12845,62,Standard,15,36917,5521,0.0973,0.0089,270,3240,0.5776,8,7,0,0.0,2,0,11,0,56.7,0,32.4,75.33,-51.02999999999999,0.1114,1
CC-12846,57,Platinum,5,133386,50196,0.1078,-0.1161,2720,32640,0.4261,8,43,0,0.0,3,0,6,1,734.4,295,718.08,92.8,218.5200000000001,0.3484,0
CC-12847,49,Standard,92,59278,9432,0.0418,-0.2507,198,2376,0.6163,119,5,2,79.36,0,1,11,1,41.58,0,23.76,51.13,46.05,0.9834,1
CC-12848,38,Gold,92,90559,23555,0.0527,-0.0448,624,7488,0.717,119,14,2,249.86,2,0,12,0,149.76,95,112.32,87.17,295.13,0.909,1
CC-12849,30,Standard,84,49222,8637,0.0544,0.2104,236,2832,0.859,27,5,0,0.0,0,0,12,1,49.56,0,28.32,62.3,-41.06,0.2334,1
CC-12850,62,Gold,98,58455,13026,0.1294,-0.2388,847,10164,1.3019,8,11,1,339.28,1,1,7,1,203.28,95,152.46,71.55,413.54999999999995,0.2271,0
CC-12851,59,Standard,80,41066,6144,0.0577,-0.0021,178,2136,0.7857,8,5,0,0.0,2,1,12,0,37.38,0,21.36,100.36,-84.34,0.1633,0
CC-12852,38,Standard,49,45574,7886,0.0411,0.0996,163,1956,1.4541,8,3,0,0.0,2,0,9,0,34.23,0,19.56,74.43,-59.76000000000001,0.0303,0
CC-12853,21,Platinum,5,164379,47818,0.1061,0.325,2550,30600,0.4459,8,29,0,0.0,5,0,12,1,688.5,295,673.2,165.94,144.3599999999999,0.3148,0
CC-12854,59,Standard,3,40322,4973,0.1104,-0.0939,276,3312,0.8454,8,11,0,0.0,1,1,8,0,57.96,0,33.12,100.24,-75.39999999999998,0.1701,1
CC-12855,41,Gold,92,104717,23386,0.1197,-0.1148,1407,16884,1.1857,8,17,0,0.0,0,1,9,0,337.68,95,253.26,38.11,141.31,0.0976,1
CC-12856,21,Standard,26,32126,5075,0.1216,-0.195,310,3720,1.2042,8,8,0,0.0,2,0,9,0,65.1,0,37.2,92.7,-64.80000000000001,0.0453,0
CC-12857,35,Standard,115,45782,6207,0.1013,0.1511,316,3792,0.8493,8,7,0,0.0,1,1,18,1,66.36,0,37.92,98.88,-70.44000000000001,0.2433,1
CC-12858,24,Standard,37,43901,5769,0.1442,-0.1501,418,5016,1.2505,8,8,1,167.45,3,0,9,1,87.78,0,50.16,101.15,103.91999999999999,0.1211,0
CC-12859,40,Standard,16,27950,4123,0.11,-0.0756,228,2736,1.1937,8,4,0,0.0,4,0,16,1,47.88,0,27.36,120.41,-99.88999999999999,0.0822,0
CC-12860,30,Platinum,69,138330,50615,0.0624,-0.2973,1586,19032,0.7454,27,14,0,0.0,2,0,10,0,428.22,295,418.7,124.75,179.76999999999998,0.1538,0
CC-12861,43,Standard,15,38445,5186,0.1404,0.1126,366,4392,1.0445,8,9,1,146.56,1,1,14,1,76.86,0,43.92,95.33,84.17000000000002,0.2924,0
CC-12862,61,Black,49,378964,100000,0.1834,0.1537,9217,110604,1.1611,8,124,1,3691.54,0,4,21,0,2765.1,495,3318.12,51.62,3581.8999999999996,0.6368,1
CC-12863,54,Gold,52,76282,19936,0.0696,0.1069,697,8364,0.7668,8,17,1,279.29,2,0,13,0,167.28,95,125.46,98.91,317.19999999999993,0.114,0
CC-12864,66,Standard,80,48947,8651,0.0886,-0.2608,385,4620,1.4583,8,4,0,0.0,2,3,15,0,80.85,0,46.2,113.16,-78.51000000000002,0.2554,0
CC-12865,68,Gold,87,58840,15738,0.067,0.0711,530,6360,0.6994,8,3,0,0.0,0,1,11,0,127.2,95,95.4,51.82,74.97999999999999,0.2439,1
CC-12866,53,Gold,28,90027,25053,0.0438,-0.2709,552,6624,0.9932,8,11,0,0.0,3,0,14,1,132.48,95,99.36,84.57,43.54999999999998,0.1128,0
CC-12867,54,Platinum,5,125473,41575,0.1098,-0.0113,2294,27528,0.5751,8,35,0,0.0,1,0,13,0,619.38,295,605.62,69.79,238.97000000000003,0.1475,0
CC-12868,59,Standard,53,36266,4944,0.1288,0.0108,320,3840,0.981,119,5,0,0.0,2,0,8,0,67.2,0,38.4,117.95,-89.14999999999999,0.767,1
CC-12869,30,Standard,42,76881,11321,0.1106,0.0265,629,7548,0.6299,8,16,3,252.03,1,0,14,1,132.09,0,75.48,78.07,230.57,0.4273,0
CC-12870,40,Platinum,70,127629,50158,0.0553,0.0602,1395,16740,0.8618,8,11,0,0.0,2,0,11,0,376.65,295,368.28,100.84,202.52999999999997,0.0706,0
CC-12871,21,Black,38,265163,100000,0.1601,-0.0212,8046,96552,0.474,8,114,0,0.0,2,2,23,0,2413.8,495,2896.56,67.48,-55.23999999999978,0.47,1
CC-12872,33,Platinum,53,171569,68377,0.0393,-0.3144,1351,16212,1.1899,27,16,0,0.0,1,0,12,0,364.77,295,356.66,64.37,238.73999999999995,0.08,0
CC-12873,21,Standard,109,36355,6519,0.0614,0.0603,201,2412,1.0569,8,4,1,80.57,0,0,7,1,42.21,0,24.12,82.09,16.569999999999993,0.1555,0
CC-12874,25,Platinum,3,154114,44705,0.0782,-0.0054,1757,21084,1.2762,27,21,0,0.0,1,0,8,0,474.39,295,463.85,92.68,212.86,0.0788,1
CC-12875,36,Gold,106,95844,19604,0.0533,-0.1554,525,6300,0.8457,27,8,0,0.0,1,1,13,0,126.0,95,94.5,56.65,69.85,0.2485,0
CC-12876,35,Gold,113,90199,19389,0.0837,-0.2554,816,9792,1.2902,8,18,0,0.0,1,1,12,1,195.84,95,146.88,99.23,44.73000000000002,0.1521,0
CC-12877,69,Standard,35,70833,10133,0.1041,0.211,530,6360,0.9618,8,9,1,212.32,0,0,14,1,111.3,0,63.6,66.91,193.11,0.1655,0
CC-12878,48,Gold,9,67909,14471,0.129,0.1647,938,11256,0.984,8,16,0,0.0,2,2,14,0,225.12,95,168.84,80.0,71.28,0.2531,0
CC-12879,51,Standard,119,62298,10730,0.1146,0.0859,618,7416,1.5842,8,9,0,0.0,1,0,19,0,129.78,0,74.16,59.33,-3.710000000000008,0.0192,0
CC-12880,43,Standard,118,50311,6107,0.1427,-0.1214,438,5256,0.8046,8,6,0,0.0,3,0,13,1,91.98,0,52.56,90.29,-50.87000000000002,0.14,0
CC-12881,68,Platinum,54,171830,55709,0.0892,-0.3975,2496,29952,1.3182,27,34,0,0.0,0,0,11,0,673.92,295,658.94,60.08,249.89999999999986,0.0673,0
CC-12882,65,Standard,13,48838,6401,0.1237,0.0947,398,4776,1.0939,8,3,2,159.38,0,0,13,0,83.58,0,47.76,87.57,107.63,0.1052,1
CC-12883,63,Standard,29,66130,11631,0.1013,0.035,592,7104,0.7784,8,9,0,0.0,0,0,13,1,124.32,0,71.04,57.07,-3.7900000000000205,0.1545,0
CC-12884,37,Standard,16,41399,6630,0.0798,-0.0762,266,3192,0.5553,8,4,0,0.0,0,1,14,0,55.86,0,31.92,74.06,-50.120000000000005,0.2224,1
CC-12885,69,Black,88,314805,100000,0.1677,0.1487,8427,101124,0.6401,8,88,0,0.0,1,1,12,0,2528.1,495,3033.72,58.57,-69.19000000000005,0.2578,1
CC-12886,54,Gold,82,112741,33510,0.0657,0.1072,1107,13284,1.2892,27,17,1,443.15,1,1,8,0,265.68,95,199.26,53.83,550.74,0.2148,1
CC-12887,33,Standard,48,38713,5800,0.0782,0.0064,228,2736,1.4703,8,3,2,91.29,5,0,13,0,47.88,0,27.36,134.67,-22.859999999999957,0.0588,0
CC-12888,34,Platinum,78,175015,54745,0.0979,-0.0147,2693,32316,0.9774,8,43,0,0.0,0,0,14,1,727.11,295,710.95,44.87,266.28999999999996,0.1112,0
CC-12889,31,Platinum,115,139347,42796,0.1142,-0.0124,2457,29484,0.9932,8,42,0,0.0,1,1,8,1,663.39,295,648.65,61.68,248.06000000000006,0.2378,0
CC-12890,48,Standard,112,31107,4148,0.1219,0.082,254,3048,1.1829,27,4,2,101.78,2,0,14,0,53.34,0,30.48,81.18,43.459999999999994,0.1517,0
CC-12891,62,Gold,12,54153,14667,0.0628,-0.1486,463,5556,0.972,8,8,0,0.0,1,0,18,0,111.12,95,83.34,53.69,69.09,0.0549,0
CC-12892,52,Platinum,26,136821,39084,0.1119,0.0439,2198,26376,1.2799,8,28,1,880.31,1,0,12,0,593.46,295,580.27,98.05,1090.45,0.0558,0
CC-12893,55,Gold,63,106056,21755,0.1367,-0.1581,1495,17940,1.0375,119,24,0,0.0,1,0,13,1,358.8,95,269.1,82.52,102.18,0.851,1
CC-12894,51,Standard,112,25000,3912,0.1251,0.1805,246,2952,0.9907,27,5,0,0.0,1,1,12,0,51.66,0,29.52,74.43,-52.290000000000006,0.2102,0
CC-12895,37,Platinum,20,147015,54379,0.0587,0.0598,1603,19236,0.7402,8,27,2,642.51,2,1,12,0,432.81,295,423.19,84.88,862.25,0.3294,0
CC-12896,67,Gold,88,103963,27708,0.0517,-0.1232,720,8640,0.6664,8,17,0,0.0,1,1,17,1,172.8,95,129.6,50.06,88.14000000000001,0.3895,0
CC-12897,29,Standard,11,30623,4358,0.1096,-0.0079,240,2880,0.05,119,3,0,0.0,0,0,12,0,50.4,0,28.8,87.16,-65.56,0.9331,1
CC-12898,30,Standard,19,37867,6375,0.0718,-0.1481,230,2760,1.3202,27,4,0,0.0,0,0,12,0,48.3,0,27.6,80.71,-60.010000000000005,0.0677,0
CC-12899,28,Standard,104,51439,7819,0.0456,0.2056,179,2148,0.906,8,6,0,0.0,2,0,14,0,37.59,0,21.48,108.86,-92.75,0.0609,0
CC-12900,41,Standard,106,54546,6890,0.0887,0.2234,307,3684,0.8299,8,7,0,0.0,0,0,9,1,64.47,0,36.84,45.47,-17.840000000000003,0.146,0
CC-12901,33,Platinum,60,196143,76808,0.0996,0.0844,3844,46128,0.3645,8,57,1,1539.83,4,1,14,0,1037.88,295,1014.82,98.13,1759.76,0.442,0
CC-12902,70,Standard,15,38403,6804,0.0971,0.2135,332,3984,0.758,8,9,0,0.0,1,0,11,0,69.72,0,39.84,53.88,-24.0,0.0859,0
CC-12903,25,Standard,52,35824,4427,0.1065,0.0028,237,2844,0.7185,8,7,0,0.0,2,0,17,1,49.77,0,28.44,97.18,-75.85,0.1541,0
CC-12904,26,Gold,103,120119,28724,0.0809,0.0945,1168,14016,0.7116,8,23,0,0.0,2,1,16,1,280.32,95,210.24,103.17,61.90999999999997,0.2964,0
CC-12905,50,Standard,8,36506,5448,0.0957,0.1637,262,3144,1.0499,27,5,1,104.94,1,0,15,0,55.02,0,31.44,109.89,18.629999999999995,0.1369,0
CC-12906,51,Black,87,315509,100000,0.0941,-0.0209,4728,56736,0.9867,8,68,0,0.0,0,0,12,0,1418.4,495,1702.08,66.34,144.98000000000025,0.0567,0
CC-12907,37,Standard,53,69560,11968,0.079,-0.0093,475,5700,0.5416,27,9,0,0.0,2,0,8,0,99.75,0,57.0,84.94,-42.19,0.2099,0
CC-12908,31,Standard,38,53467,7327,0.0494,0.12,182,2184,0.5606,8,6,0,0.0,4,0,16,0,38.22,0,21.84,135.79,-119.41,0.1026,0
CC-12909,40,Standard,73,53811,8985,0.0773,0.077,349,4188,0.5601,8,6,0,0.0,1,0,11,0,73.29,0,41.88,88.64,-57.230000000000004,0.1094,0
CC-12910,68,Standard,102,59378,9515,0.069,-0.1333,330,3960,1.4932,8,6,0,0.0,0,0,10,1,69.3,0,39.6,36.37,-6.670000000000002,0.055,0
CC-12911,29,Standard,27,50904,7935,0.0998,-0.348,398,4776,1.3978,8,8,3,159.4,1,2,13,0,83.58,0,47.76,57.42,137.8,0.3684,1
CC-12912,22,Gold,13,101746,22304,0.1033,-0.0463,1158,13896,0.6943,8,18,0,0.0,1,1,8,0,277.92,95,208.44,91.54,72.94,0.2686,0
CC-12913,57,Black,46,256018,100000,0.0935,-0.3345,4698,56376,0.357,8,57,0,0.0,1,0,10,0,1409.4,495,1691.28,54.94,158.18000000000006,0.2011,0
CC-12914,21,Standard,16,58049,7130,0.0547,-0.1687,196,2352,0.9884,27,6,0,0.0,3,0,15,0,41.16,0,23.52,128.37,-110.73000000000002,0.1044,0
CC-12915,24,Gold,111,93786,21014,0.0668,-0.1511,705,8460,0.9641,8,18,0,0.0,0,0,16,1,169.2,95,126.9,89.47,47.829999999999984,0.1067,0
CC-12916,56,Gold,31,53591,12569,0.0961,-0.1053,607,7284,1.0451,27,13,1,243.13,4,1,16,0,145.68,95,109.26,107.0,267.55,0.2644,0
CC-12917,45,Platinum,76,148503,58902,0.043,0.1031,1274,15288,1.1724,27,22,0,0.0,4,0,8,1,343.98,295,336.34,125.33,177.31000000000006,0.1674,1
CC-12918,23,Standard,52,25000,3549,0.0566,0.1357,101,1212,1.0855,27,2,2,40.43,2,1,5,1,21.21,0,12.12,83.87,-34.35000000000001,0.5658,1
CC-12919,29,Standard,114,53031,8764,0.092,0.0563,405,4860,0.6151,8,9,0,0.0,0,1,16,0,85.05,0,48.6,66.26,-29.810000000000016,0.1871,0
CC-12920,42,Standard,7,42372,6201,0.1136,0.0749,354,4248,1.0382,119,10,2,141.79,0,0,8,1,74.34,0,42.48,71.96,101.69,0.9363,1
CC-12921,43,Gold,74,125492,34947,0.0586,0.0784,1030,12360,1.2061,8,13,1,412.21,2,2,12,0,247.2,95,185.4,65.7,503.30999999999995,0.259,0
CC-12922,32,Platinum,112,157137,65475,0.0709,-0.3945,2332,27984,0.7328,27,32,0,0.0,0,0,16,0,629.64,295,615.65,88.72,220.26999999999998,0.137,1
CC-12923,30,Standard,71,55397,7444,0.1425,-0.0185,533,6396,1.04,8,11,0,0.0,3,0,14,0,111.93,0,63.96,102.15,-54.18000000000001,0.051,0
CC-12924,54,Standard,90,33196,5701,0.1113,-0.2895,319,3828,0.7842,8,6,0,0.0,2,0,12,0,66.99,0,38.28,76.51,-47.80000000000001,0.0766,0
CC-12925,63,Platinum,106,163960,60182,0.0656,0.0564,1985,23820,1.5489,119,19,0,0.0,0,1,12,0,535.95,295,524.04,36.93,269.98000000000013,0.7327,1
CC-12926,30,Platinum,59,117576,46374,0.0991,-0.334,2310,27720,0.552,8,26,0,0.0,3,0,11,0,623.7,295,609.84,139.56,169.29999999999995,0.1516,0
CC-12927,50,Black,28,356336,100000,0.1616,-0.0471,8121,97452,1.2968,8,110,0,0.0,1,0,11,1,2436.3,495,2923.56,95.57,-87.82999999999993,0.0767,0
CC-12928,42,Platinum,8,100857,34226,0.1298,0.0622,2232,26784,0.4488,8,29,0,0.0,1,0,8,1,602.64,295,589.25,77.36,231.02999999999997,0.3308,0
CC-12929,26,Standard,18,46235,6180,0.0969,-0.1877,301,3612,1.4879,8,5,0,0.0,2,1,12,0,63.21,0,36.12,116.95,-89.85999999999999,0.0626,0
CC-12930,70,Gold,62,60394,12501,0.1224,0.1243,769,9228,0.6075,27,25,0,0.0,1,0,18,0,184.56,95,138.42,77.37,63.77000000000001,0.2161,0
CC-12931,22,Gold,102,87673,22229,0.0995,0.056,1111,13332,1.0069,8,16,0,0.0,0,0,8,0,266.64,95,199.98,76.27,85.38999999999999,0.0586,0
CC-12932,50,Standard,14,67752,12156,0.0737,0.0371,450,5400,0.4612,27,8,1,180.33,0,0,14,1,94.5,0,54.0,92.43,128.40000000000003,0.4664,0
CC-12933,22,Gold,77,100326,27469,0.0941,0.0847,1299,15588,0.545,8,15,0,0.0,0,0,9,0,311.76,95,233.82,77.37,95.57,0.1563,1
CC-12934,52,Gold,5,84306,19620,0.065,-0.0739,641,7692,1.2193,8,15,0,0.0,2,3,13,0,153.84,95,115.38,79.41,54.05000000000001,0.3578,1
CC-12935,62,Standard,65,25000,4240,0.0483,0.0028,103,1236,1.2584,8,7,0,0.0,1,0,13,0,21.63,0,12.36,106.0,-96.73,0.0374,0
CC-12936,36,Platinum,110,121250,47003,0.0712,-0.0185,1682,20184,1.0218,8,18,0,0.0,1,0,16,1,454.14,295,444.05,51.33,253.76,0.0983,0
CC-12937,32,Gold,66,95086,21695,0.1258,-0.0219,1372,16464,1.1723,119,13,0,0.0,2,0,12,0,329.28,95,246.96,120.23,57.089999999999975,0.6888,0
CC-12938,21,Black,64,244239,88555,0.1144,-0.1208,5092,61104,1.2635,27,64,0,0.0,0,1,14,0,1527.6,495,1833.12,92.73,96.75,0.1468,0
CC-12939,28,Standard,103,61055,7759,0.1185,-0.2064,462,5544,0.7447,8,8,1,185.07,0,0,12,1,97.02,0,55.44,40.51,186.14,0.2163,0
CC-12940,68,Standard,8,45804,7907,0.0863,-0.0705,343,4116,0.5303,8,4,0,0.0,3,0,16,0,72.03,0,41.16,83.36,-52.489999999999995,0.1096,0
CC-12941,70,Gold,21,107920,30612,0.0443,-0.0788,682,8184,0.9459,8,13,0,0.0,3,0,14,0,163.68,95,122.76,130.32,5.600000000000023,0.0612,0
CC-12942,33,Standard,20,47305,6514,0.0855,-0.1305,280,3360,0.7768,8,5,0,0.0,2,0,8,0,58.8,0,33.6,66.51,-41.31000000000002,0.0879,0
CC-12943,35,Gold,82,79135,18083,0.1051,0.1078,955,11460,1.0666,27,14,0,0.0,3,1,12,1,229.2,95,171.9,128.28,24.019999999999982,0.3385,0
CC-12944,64,Platinum,89,123503,48289,0.1123,-0.1958,2726,32712,1.1144,27,48,1,1091.53,0,1,7,1,736.02,295,719.66,56.18,1346.7100000000003,0.4373,0
CC-12945,28,Standard,45,33613,5924,0.0501,-0.0457,149,1788,0.7455,8,2,1,59.74,1,0,17,0,31.29,0,17.88,51.32,21.83,0.11,0
CC-12946,30,Gold,103,108303,30098,0.0652,0.155,986,11832,1.1612,27,15,0,0.0,1,0,11,0,236.64,95,177.48,88.57,65.59000000000003,0.0818,0
CC-12947,66,Gold,75,75904,19777,0.0454,0.1164,451,5412,1.1462,8,8,0,0.0,1,0,6,0,108.24,95,81.18,66.77,55.29000000000002,0.0504,0
CC-12948,25,Standard,5,50875,6845,0.073,0.1624,251,3012,1.167,8,6,1,100.58,0,0,12,0,52.71,0,30.12,44.07,79.1,0.0671,0
CC-12949,70,Black,74,243197,100000,0.0884,-0.1086,4442,53304,0.8277,27,48,0,0.0,4,0,12,1,1332.6,495,1599.12,127.8,100.68000000000006,0.244,0
CC-12950,39,Platinum,40,102093,31923,0.0993,0.0976,1593,19116,1.184,8,24,1,638.06,0,0,13,0,430.11,295,420.55,36.69,905.9300000000001,0.0625,0
CC-12951,67,Gold,70,96796,27180,0.0518,-0.1794,707,8484,1.106,8,13,0,0.0,2,1,10,0,169.68,95,127.26,88.6,48.81999999999999,0.1093,1
CC-12952,58,Gold,78,69132,16501,0.0605,-0.0614,502,6024,1.1421,8,9,0,0.0,2,1,8,0,120.48,95,90.36,102.03,23.090000000000032,0.1069,0
CC-12953,31,Gold,46,76489,21674,0.0897,-0.0473,977,11724,1.4533,8,16,0,0.0,3,1,18,0,234.48,95,175.86,123.54,30.079999999999984,0.0577,0
CC-12954,63,Platinum,97,96295,32107,0.1309,-0.1064,2112,25344,1.0483,8,27,0,0.0,2,0,8,0,570.24,295,557.57,96.0,211.66999999999996,0.0553,0
CC-12955,40,Gold,91,74521,21045,0.058,-0.0743,613,7356,0.7679,8,12,1,245.69,1,1,9,0,147.12,95,110.34,53.7,323.77,0.2397,0
CC-12956,40,Gold,119,85512,19952,0.1012,-0.094,1015,12180,0.6169,8,19,0,0.0,0,1,17,1,243.6,95,182.7,80.81,75.09000000000003,0.4022,0
CC-12957,41,Platinum,82,129937,44388,0.0662,-0.1674,1477,17724,1.2884,8,20,0,0.0,0,0,13,1,398.79,295,389.93,58.26,245.59999999999997,0.0718,0
CC-12958,38,Standard,65,54205,8506,0.1207,0.1085,516,6192,1.0572,8,13,1,206.65,1,1,10,1,108.36,0,61.92,60.84,192.25,0.2962,0
CC-12959,70,Platinum,44,145093,42053,0.1208,-0.0474,2552,30624,1.451,8,39,0,0.0,0,0,13,1,689.04,295,673.73,50.89,259.41999999999996,0.058,0
CC-12960,30,Standard,66,79732,14103,0.0976,0.0102,692,8304,0.3411,8,14,1,277.06,3,0,11,0,145.32,0,83.04,120.05,219.29,0.2074,0
CC-12961,54,Standard,56,49772,7685,0.0471,0.0046,182,2184,1.2232,27,8,0,0.0,0,0,19,1,38.22,0,21.84,46.87,-30.489999999999995,0.1314,0
CC-12962,46,Standard,80,25475,3833,0.0966,-0.0118,186,2232,0.8717,27,4,1,74.53,0,0,10,0,39.06,0,22.32,40.29,50.980000000000004,0.18,1
CC-12963,50,Black,79,265098,100000,0.1129,-0.0061,5675,68100,0.8439,8,69,0,0.0,3,1,13,1,1702.5,495,2043.0,117.26,37.23999999999978,0.2697,1
CC-12964,29,Platinum,107,135581,54396,0.059,-0.0658,1612,19344,0.7206,27,23,0,0.0,0,0,13,0,435.24,295,425.57,73.75,230.92000000000002,0.1472,1
CC-12965,66,Gold,73,71960,18150,0.0601,0.1928,548,6576,1.2199,8,10,0,0.0,1,1,15,0,131.52,95,98.64,76.7,51.18000000000001,0.0845,1
CC-12966,71,Gold,78,86542,25333,0.0734,0.0941,934,11208,1.1341,8,16,1,374.28,4,1,13,0,224.16,95,168.12,125.3,400.0199999999999,0.1407,0
CC-12967,51,Gold,39,71327,14727,0.1162,-0.0172,860,10320,0.6073,8,12,0,0.0,3,0,13,0,206.4,95,154.8,129.91,16.68999999999994,0.1377,0
CC-12968,62,Black,116,303297,100000,0.067,-0.0871,3368,40416,0.9995,8,43,2,1348.6,5,1,11,0,1010.4,495,1212.48,130.31,1511.21,0.234,0
CC-12969,24,Gold,6,44440,11540,0.0817,-0.0378,474,5688,1.1618,8,5,0,0.0,1,0,9,1,113.76,95,85.32,101.82,21.620000000000005,0.0985,0
CC-12970,26,Standard,4,57871,8173,0.0628,0.0426,258,3096,1.0034,8,5,0,0.0,1,0,5,1,54.18,0,30.96,102.41,-79.19,0.1325,0
CC-12971,34,Standard,101,27244,4028,0.0573,0.205,116,1392,1.2824,8,4,0,0.0,0,1,11,0,24.36,0,13.92,65.72,-55.28,0.0812,0
CC-12972,24,Platinum,46,130775,42623,0.1029,-0.226,2203,26436,0.863,8,31,0,0.0,3,0,13,0,594.81,295,581.59,81.0,227.2199999999999,0.0692,0
CC-12973,46,Gold,69,69429,16695,0.067,0.079,562,6744,0.2737,8,12,1,225.15,1,0,9,1,134.88,95,101.16,105.34,248.52999999999997,0.4762,0
CC-12974,67,Standard,70,48441,8203,0.0735,0.149,303,3636,1.006,8,5,2,121.36,3,1,9,0,63.63,0,36.36,88.39,60.24000000000001,0.2464,0
CC-12975,68,Standard,104,42938,6681,0.0733,-0.243,246,2952,1.0042,8,7,0,0.0,2,1,14,0,51.66,0,29.52,96.63,-74.49,0.1147,1
CC-12976,59,Platinum,78,148807,62443,0.0817,-0.0472,2563,30756,1.0434,8,42,1,1026.87,3,0,11,1,692.01,295,676.63,120.33,1216.9199999999998,0.1513,0
CC-12977,37,Standard,85,57500,9614,0.0768,-0.1797,371,4452,1.2821,8,7,1,148.62,2,3,14,0,77.91,0,44.52,70.71,111.30000000000001,0.408,1
CC-12978,39,Gold,76,101333,23039,0.128,0.0446,1482,17784,0.3643,27,16,0,0.0,1,0,6,1,355.68,95,266.76,95.01,88.91000000000003,0.5197,0
CC-12979,71,Black,64,282541,100000,0.0998,-0.0738,5017,60204,0.8785,8,61,0,0.0,3,2,11,1,1505.1,495,1806.12,116.78,77.20000000000005,0.4628,1
CC-12980,69,Standard,3,50169,7031,0.1172,-0.0395,414,4968,0.6732,8,6,0,0.0,1,0,10,1,86.94,0,49.68,90.38,-53.120000000000005,0.1901,0
CC-12981,26,Standard,19,67050,11438,0.0588,-0.0817,338,4056,0.5876,8,6,0,0.0,1,0,9,0,70.98,0,40.56,59.23,-28.809999999999988,0.1134,0
CC-12982,49,Gold,18,102090,20696,0.0989,0.088,1029,12348,0.9283,27,13,0,0.0,1,0,10,0,246.96,95,185.22,66.31,90.43000000000004,0.124,0
CC-12983,31,Platinum,11,129726,40503,0.1006,0.0144,2048,24576,1.1605,8,35,3,820.15,2,1,17,1,552.96,295,540.67,83.16,1044.2800000000002,0.4192,0
CC-12984,36,Gold,55,112154,32579,0.0567,0.0146,929,11148,1.0403,8,12,0,0.0,1,0,12,0,222.96,95,167.22,59.02,91.72000000000003,0.0536,0
CC-12985,50,Black,75,307391,100000,0.1238,0.0041,6223,74676,0.7437,8,79,0,0.0,0,1,10,0,1866.9,495,2240.28,68.96,52.659999999999854,0.1791,0
CC-12986,45,Standard,61,34168,4565,0.0772,0.0659,177,2124,0.9064,8,6,0,0.0,1,0,8,0,37.17,0,21.24,54.6,-38.67,0.0704,0
CC-12987,60,Gold,11,81159,18010,0.0453,-0.0593,410,4920,1.229,8,9,0,0.0,1,0,8,0,98.4,95,73.8,65.4,54.20000000000002,0.045,0
CC-12988,31,Gold,14,53714,15376,0.0497,0.2351,384,4608,1.1549,8,6,0,0.0,3,1,12,0,92.16,95,69.12,125.67,-7.630000000000024,0.1025,0
CC-12989,27,Platinum,43,60024,24317,0.0884,-0.2052,1080,12960,0.7842,8,16,1,432.68,1,0,13,0,291.6,295,285.12,64.23,669.93,0.112,0
CC-12990,46,Standard,17,34323,4646,0.1242,-0.2789,290,3480,0.7648,8,9,0,0.0,2,1,9,0,60.9,0,34.8,76.67,-50.57,0.1842,0
CC-12991,42,Platinum,68,144290,48895,0.0687,-0.2913,1688,20256,0.4351,8,24,0,0.0,2,0,9,0,455.76,295,445.63,73.49,231.64,0.182,0
CC-12992,45,Gold,77,87667,24850,0.0637,-0.3319,796,9552,0.8212,27,8,0,0.0,0,1,15,1,191.04,95,143.28,72.02,70.73999999999995,0.4175,0
CC-12993,39,Standard,13,29119,4841,0.0428,0.081,104,1248,0.4293,8,5,1,41.7,3,0,18,0,21.84,0,12.48,107.24,-56.17999999999999,0.1711,0
CC-12994,51,Standard,10,25000,4220,0.0575,0.0627,122,1464,1.5701,119,4,0,0.0,0,1,15,1,25.62,0,14.64,48.2,-37.22,0.8513,1
CC-12995,46,Platinum,57,191476,67509,0.1083,0.1612,3674,44088,0.6935,119,56,2,1471.63,3,1,16,1,991.98,295,969.94,92.23,1696.44,0.9858,1
CC-12996,62,Standard,98,46072,8048,0.0838,-0.1785,339,4068,1.2827,27,6,0,0.0,2,1,15,0,71.19,0,40.68,124.33,-93.82,0.1372,0
CC-12997,61,Standard,8,62501,8722,0.0671,0.0918,294,3528,1.4954,119,10,1,117.8,1,0,13,0,61.74,0,35.28,54.01,90.25,0.6694,1
CC-12998,56,Standard,55,61859,8004,0.0776,-0.0115,312,3744,1.0149,8,9,1,125.02,4,0,12,0,65.52,0,37.44,139.62,13.47999999999999,0.0809,0
CC-12999,43,Platinum,22,165714,62842,0.1036,0.005,3273,39276,0.92,27,27,0,0.0,2,1,19,1,883.71,295,864.07,119.9,194.74,0.3716,0
CC-13000,67,Gold,41,86256,21903,0.0555,0.0738,611,7332,0.5533,8,8,1,244.68,0,0,12,0,146.64,95,109.98,61.72,314.62,0.2093,1
CC-13001,33,Platinum,101,126082,50387,0.0623,-0.1334,1577,18924,0.7986,27,22,0,0.0,1,0,6,0,425.79,295,416.33,78.9,225.55999999999995,0.1497,0
CC-13002,45,Standard,74,53084,6628,0.1237,0.3681,412,4944,1.4312,8,11,0,0.0,1,0,11,1,86.52,0,49.44,101.18,-64.10000000000001,0.0606,1
CC-13003,22,Gold,116,81603,23205,0.0742,0.1798,865,10380,1.0554,8,17,2,346.57,1,0,9,0,207.6,95,155.7,50.87,442.6000000000001,0.1105,0
CC-13004,22,Gold,115,72470,16619,0.0833,-0.0998,696,8352,0.9585,119,6,0,0.0,1,0,15,0,167.04,95,125.28,61.39,75.36999999999995,0.738,1
CC-13005,36,Platinum,109,66573,24743,0.1124,-0.1836,1397,16764,1.3436,8,22,0,0.0,1,1,14,0,377.19,295,368.81,92.83,210.55000000000007,0.0697,0
CC-13006,29,Platinum,36,137091,39155,0.0752,-0.0332,1479,17748,1.1589,27,24,0,0.0,0,0,11,0,399.33,295,390.46,65.86,238.00999999999993,0.0863,0
CC-13007,48,Standard,59,57337,8977,0.1051,0.0073,474,5688,0.9056,8,4,0,0.0,1,0,12,0,99.54,0,56.88,108.03,-65.36999999999999,0.0655,0
CC-13008,33,Gold,119,111760,30368,0.0482,0.1398,736,8832,1.0149,8,11,0,0.0,2,0,14,0,176.64,95,132.48,77.69,61.47,0.051,0
CC-13009,55,Standard,21,45599,6480,0.1041,-0.1953,339,4068,0.7196,8,9,0,0.0,1,0,19,0,71.19,0,40.68,103.2,-72.69,0.0781,0
CC-13010,61,Gold,73,66114,14646,0.1231,0.0228,906,10872,0.7817,8,15,2,362.9,3,0,8,0,217.44,95,163.08,139.99,372.26999999999987,0.1692,0
CC-13011,33,Standard,33,55155,8397,0.0834,-0.2494,352,4224,0.8881,119,8,0,0.0,1,0,4,1,73.92,0,42.24,50.08,-18.39999999999999,0.899,1
CC-13012,51,Standard,84,44827,7620,0.0953,0.0455,365,4380,1.1172,119,8,0,0.0,0,0,13,0,76.65,0,43.8,52.31,-19.459999999999994,0.7,1
CC-13013,41,Standard,42,40886,5700,0.1253,-0.0361,359,4308,0.5758,27,10,0,0.0,4,1,10,0,75.39,0,43.08,153.87,-121.55999999999999,0.3633,0
CC-13014,52,Gold,16,54061,12177,0.0561,0.2705,343,4116,0.9729,27,3,0,0.0,2,2,18,1,82.32,95,61.74,118.91,-3.3300000000000125,0.5659,1
CC-13015,54,Standard,105,68667,9389,0.117,-0.2519,552,6624,0.833,8,8,0,0.0,1,0,7,0,115.92,0,66.24,55.79,-6.109999999999999,0.0773,0
CC-13016,28,Gold,119,100690,29694,0.0958,0.1856,1429,17148,0.6797,8,20,1,572.59,1,0,10,0,342.96,95,257.22,65.42,687.9099999999999,0.1741,0
CC-13017,61,Standard,102,54520,7717,0.1008,-0.2756,391,4692,0.8347,8,6,0,0.0,1,0,15,0,82.11,0,46.92,87.65,-52.459999999999994,0.0666,0
CC-13018,68,Standard,83,35293,4242,0.0755,-0.2191,161,1932,0.2536,8,3,0,0.0,0,0,11,1,33.81,0,19.32,49.87,-35.379999999999995,0.2963,0
CC-13019,22,Platinum,39,142791,55607,0.048,-0.2716,1342,16104,0.7227,8,16,1,537.25,1,0,12,0,362.34,295,354.29,73.5,766.8,0.1247,0
CC-13020,58,Standard,46,44083,7139,0.0622,0.0176,223,2676,0.6202,8,3,1,89.38,5,0,10,0,46.83,0,26.76,125.21,-15.76000000000002,0.148,0
CC-13021,52,Standard,11,53798,6870,0.0626,-0.1961,216,2592,0.866,8,4,0,0.0,1,0,6,1,45.36,0,25.92,67.94,-48.5,0.1565,0
CC-13022,60,Gold,60,113894,33996,0.0675,-0.2222,1154,13848,0.2661,8,15,0,0.0,0,1,12,0,276.96,95,207.72,55.47,108.76999999999998,0.3928,1
CC-13023,48,Standard,22,28865,4516,0.048,0.0104,109,1308,1.0073,8,2,0,0.0,0,1,7,1,22.89,0,13.08,66.51,-56.7,0.2516,1
CC-13024,57,Standard,111,32909,4937,0.0637,0.0478,158,1896,1.2228,8,9,0,0.0,1,1,12,1,33.18,0,18.96,96.78,-82.56,0.1667,0
CC-13025,61,Standard,94,52264,7470,0.0871,-0.014,327,3924,0.9148,27,9,2,130.96,1,1,15,0,68.67,0,39.24,83.03,77.35999999999999,0.3901,1
CC-13026,21,Black,52,244437,100000,0.0987,-0.0443,4959,59508,1.0996,8,56,0,0.0,1,1,13,1,1487.7,495,1785.24,64.76,132.70000000000005,0.2006,0
CC-13027,61,Gold,22,102316,22959,0.0945,0.2543,1090,13080,0.7962,8,11,0,0.0,1,0,11,0,261.6,95,196.2,89.34,71.06000000000006,0.0807,0
CC-13028,30,Gold,107,77072,17616,0.1049,0.0019,929,11148,0.4836,27,18,0,0.0,4,0,12,0,222.96,95,167.22,144.94,5.800000000000068,0.2674,1
CC-13029,24,Gold,38,58463,12408,0.0512,0.1009,319,3828,0.9505,8,7,0,0.0,0,1,9,0,76.56,95,57.42,73.95,40.19,0.1416,0
CC-13030,55,Standard,119,25207,4172,0.0477,0.0014,100,1200,1.1541,8,9,0,0.0,3,0,13,1,21.0,0,12.0,128.01,-119.00999999999999,0.085,0
CC-13031,30,Standard,29,50446,7856,0.0476,-0.1847,188,2256,0.5527,27,13,0,0.0,1,0,11,0,39.48,0,22.56,76.95,-60.03000000000001,0.2004,0
CC-13032,67,Platinum,74,157802,57640,0.0754,0.0625,2185,26220,0.8104,8,28,0,0.0,2,0,14,1,589.95,295,576.84,120.46,187.64999999999998,0.1408,0
CC-13033,31,Standard,34,55914,7442,0.0537,-0.1184,201,2412,0.8759,8,6,0,0.0,1,0,11,0,42.21,0,24.12,86.85,-68.75999999999999,0.0711,0
CC-13034,34,Standard,3,48688,7744,0.1038,-0.0336,404,4848,1.8054,8,7,0,0.0,5,1,13,1,84.84,0,48.48,152.68,-116.32,0.0779,1
CC-13035,58,Standard,19,25000,4148,0.0576,0.0258,120,1440,1.017,8,4,0,0.0,1,0,9,0,25.2,0,14.4,56.64,-45.84,0.0605,0
CC-13036,32,Standard,11,50663,7167,0.1349,-0.3112,486,5832,0.3783,8,11,0,0.0,3,0,13,0,102.06,0,58.32,117.75,-74.00999999999999,0.1425,1
CC-13037,65,Black,86,177977,89743,0.0811,-0.2614,3657,43884,0.3041,8,52,0,0.0,2,0,14,1,1097.1,495,1316.52,66.73,208.8499999999999,0.3411,0
CC-13038,37,Standard,47,25000,3523,0.0887,0.1164,157,1884,1.1691,27,2,0,0.0,0,0,18,0,32.97,0,18.84,44.82,-30.689999999999998,0.0741,0
CC-13039,36,Gold,98,42751,11791,0.0923,-0.1196,547,6564,1.6955,8,8,0,0.0,1,0,9,0,131.28,95,98.46,91.92,35.900000000000006,0.0199,0
CC-13040,55,Standard,68,25000,3050,0.1318,-0.1124,202,2424,0.8657,8,6,0,0.0,3,0,6,0,42.42,0,24.24,120.55,-102.36999999999999,0.0771,0
CC-13041,22,Black,34,299528,100000,0.1375,0.005,6909,82908,0.8478,8,89,1,2767.65,1,1,9,0,2072.7,495,2487.24,79.78,2768.3300000000004,0.2253,0
CC-13042,31,Standard,47,36774,6552,0.1066,-0.0779,351,4212,1.0792,27,6,0,0.0,0,0,10,0,73.71,0,42.12,74.47,-42.88000000000001,0.0979,0
CC-13043,61,Standard,11,27910,4992,0.0682,0.0426,171,2052,0.7105,8,6,0,0.0,1,0,14,1,35.91,0,20.52,99.17,-83.78,0.1685,0
CC-13044,23,Gold,32,85490,19506,0.1141,-0.0277,1118,13416,0.1868,8,14,2,447.98,3,1,11,0,268.32,95,201.24,130.04,480.02,0.6305,0
CC-13045,49,Gold,86,61498,15014,0.0717,0.0098,541,6492,1.2612,8,12,0,0.0,1,0,18,0,129.84,95,97.38,103.37,24.090000000000003,0.0333,0
CC-13046,38,Standard,40,56037,6936,0.1432,-0.1253,499,5988,0.766,8,10,0,0.0,0,0,11,0,104.79,0,59.88,88.41,-43.499999999999986,0.0833,0
CC-13047,40,Standard,62,61314,10570,0.0584,0.009,310,3720,1.265,8,5,1,124.25,2,0,13,0,65.1,0,37.2,98.91,53.23999999999998,0.0544,0
CC-13048,67,Standard,3,42551,6557,0.0677,0.1458,223,2676,0.7217,8,5,0,0.0,1,0,10,0,46.83,0,26.76,71.18,-51.110000000000014,0.093,0
CC-13049,34,Standard,7,60494,8657,0.1092,-0.1052,475,5700,0.9865,8,14,0,0.0,0,1,11,1,99.75,0,57.0,35.02,7.72999999999999,0.2452,0
CC-13050,54,Standard,65,60475,7666,0.0745,0.1173,287,3444,1.2064,8,1,1,114.96,3,0,12,0,60.27,0,34.44,135.88,4.909999999999997,0.0604,0
CC-13051,69,Gold,101,86797,25577,0.0492,-0.0277,632,7584,1.2711,8,7,2,253.29,2,0,10,0,151.68,95,113.76,76.84,309.37,0.0803,0
CC-13052,51,Standard,38,64501,9792,0.0703,0.0902,346,4152,1.0199,8,8,0,0.0,1,2,14,1,72.66,0,41.52,99.97,-68.83000000000001,0.3981,0
CC-13053,60,Standard,67,38006,5205,0.1139,-0.0007,298,3576,1.005,8,6,0,0.0,0,0,13,1,62.58,0,35.76,50.04,-23.22,0.1097,0
CC-13054,62,Gold,80,43450,10211,0.1175,-0.025,603,7236,1.1359,8,13,0,0.0,0,0,12,0,144.72,95,108.54,54.31,76.86999999999998,0.0455,0
CC-13055,38,Black,75,171193,69970,0.1191,0.0325,4189,50268,1.0893,27,54,0,0.0,1,0,16,0,1256.7,495,1508.04,62.39,181.26999999999998,0.0847,0
CC-13056,50,Gold,96,70811,18423,0.1015,0.162,940,11280,0.5626,8,18,0,0.0,1,0,11,0,225.6,95,169.2,96.55,54.85000000000002,0.1455,1
CC-13057,45,Standard,26,51010,8967,0.0786,0.0154,354,4248,0.5684,119,8,0,0.0,0,0,12,0,74.34,0,42.48,61.13,-29.269999999999996,0.8574,1
CC-13058,39,Standard,6,32008,5486,0.0439,0.0518,121,1452,0.3173,8,1,0,0.0,2,0,13,0,25.41,0,14.52,122.71,-111.82,0.1554,0
CC-13059,28,Black,116,232693,100000,0.0579,-0.0753,2910,34920,1.18,8,38,1,1165.43,0,0,4,0,873.0,495,1047.6,83.58,1402.2500000000005,0.0701,0
CC-13060,48,Standard,80,30943,5247,0.0823,0.2156,217,2604,0.8313,27,4,0,0.0,3,0,16,0,45.57,0,26.04,113.99,-94.46000000000001,0.1222,0
CC-13061,28,Standard,91,37654,5474,0.0752,0.0761,207,2484,1.1961,8,6,0,0.0,1,2,10,0,43.47,0,24.84,96.99,-78.36,0.1963,0
CC-13062,51,Gold,70,113532,25570,0.0637,-0.0083,818,9816,1.0711,8,8,1,327.85,0,0,20,0,196.32,95,147.24,85.54,386.39000000000004,0.0634,0
CC-13063,23,Gold,27,92598,27625,0.0644,-0.0384,894,10728,0.6493,8,25,0,0.0,1,1,12,0,214.56,95,160.92,105.03,43.610000000000014,0.2648,0
CC-13064,23,Gold,76,72738,16758,0.1007,0.1267,848,10176,0.9139,8,16,1,339.67,2,0,8,1,203.52,95,152.64,69.8,415.75000000000006,0.1891,0
CC-13065,64,Standard,101,58730,8188,0.0841,-0.1109,346,4152,0.8136,27,5,0,0.0,2,0,9,1,72.66,0,41.52,113.07,-81.93,0.2552,0
CC-13066,42,Standard,9,45288,8123,0.0963,-0.2874,393,4716,0.7672,8,9,0,0.0,2,1,13,0,82.53,0,47.16,76.03,-40.66,0.1729,0
CC-13067,37,Black,108,289355,100000,0.1486,-0.0091,7466,89592,1.2246,119,100,1,2991.07,2,0,5,0,2239.8,495,2687.76,119.97,2918.140000000001,0.7713,1
CC-13068,56,Standard,15,57856,9582,0.0989,0.1585,476,5712,1.7032,119,12,0,0.0,3,0,15,0,99.96,0,57.12,91.27,-48.42999999999999,0.4819,1
CC-13069,37,Gold,70,77719,22816,0.1006,0.2187,1154,13848,1.2849,8,20,0,0.0,0,0,12,0,276.96,95,207.72,45.33,118.90999999999997,0.0365,0
CC-13070,34,Gold,116,104470,26240,0.0629,-0.0361,830,9960,0.9419,8,17,0,0.0,3,0,10,1,199.2,95,149.4,109.63,35.170000000000016,0.122,0
CC-13071,71,Gold,45,102954,20616,0.1137,-0.0135,1178,14136,1.3279,8,17,0,0.0,1,0,9,0,282.72,95,212.04,101.44,64.24000000000001,0.0369,0
CC-13072,29,Standard,59,43362,6179,0.1259,0.0579,391,4692,1.4639,8,7,0,0.0,4,0,20,0,82.11,0,46.92,100.26,-65.07000000000001,0.0239,0
CC-13073,50,Standard,38,29292,3711,0.1126,-0.0597,210,2520,0.5323,8,4,4,84.11,1,1,16,1,44.1,0,25.2,53.59,49.42,0.7459,1
CC-13074,41,Gold,16,85269,20602,0.1062,0.0575,1099,13188,1.3175,8,14,1,440.39,5,1,13,0,263.76,95,197.82,155.9,445.42999999999995,0.1139,0
CC-13075,32,Platinum,84,179803,70231,0.0699,-0.0328,2466,29592,1.1809,8,44,0,0.0,1,0,13,0,665.82,295,651.02,100.38,209.42000000000007,0.0415,0
CC-13076,57,Black,74,337383,100000,0.1525,0.1317,7664,91968,1.3064,8,89,0,0.0,1,0,13,0,2299.2,495,2759.04,77.41,-42.25,0.0345,0
CC-13077,52,Standard,98,64240,9373,0.0503,0.0884,237,2844,1.194,8,8,0,0.0,2,0,10,0,49.77,0,28.44,103.84,-82.50999999999999,0.0426,0
CC-13078,31,Standard,29,39482,6056,0.1285,0.1015,391,4692,0.8817,8,10,0,0.0,5,0,9,1,82.11,0,46.92,117.76,-82.57000000000001,0.1437,0
CC-13079,40,Black,108,334551,100000,0.1803,-0.0508,9060,108720,1.5599,8,112,0,0.0,2,2,11,1,2718.0,495,3261.6,100.79,-149.38999999999987,0.2183,0
CC-13080,55,Gold,39,63616,18170,0.0953,0.2689,870,10440,1.0519,27,16,0,0.0,2,0,16,0,208.8,95,156.6,65.65,81.55000000000001,0.0919,0
CC-13081,67,Platinum,89,147055,47523,0.1103,0.0526,2634,31608,0.8197,27,33,0,0.0,2,0,12,0,711.18,295,695.38,83.11,227.68999999999994,0.1323,0
CC-13082,66,Standard,73,57435,9723,0.0536,0.0171,262,3144,1.1018,8,11,0,0.0,3,0,18,0,55.02,0,31.44,81.28,-57.699999999999996,0.043,0
CC-13083,31,Gold,78,104261,26752,0.0411,-0.1341,553,6636,1.2417,119,20,0,0.0,1,0,10,1,132.72,95,99.54,66.29,61.889999999999986,0.812,1
CC-13084,28,Gold,27,87190,20058,0.118,-0.0346,1189,14268,0.9784,8,16,1,476.41,1,1,11,0,285.36,95,214.02,51.36,591.39,0.1857,0
CC-13085,24,Gold,69,79303,18201,0.0776,-0.0028,710,8520,1.0679,27,11,1,284.29,2,1,13,0,170.4,95,127.8,121.44,300.45000000000005,0.2629,1
CC-13086,47,Standard,92,33808,4789,0.0715,-0.1382,172,2064,0.9765,8,8,0,0.0,0,1,21,1,36.12,0,20.64,87.98,-72.5,0.2012,0
CC-13087,64,Standard,6,42460,6681,0.0894,-0.0638,300,3600,0.752,8,9,0,0.0,2,0,13,0,63.0,0,36.0,77.34,-50.34,0.0841,0
CC-13088,60,Gold,108,57158,12750,0.0821,-0.0449,526,6312,0.7035,8,11,3,210.7,2,0,10,0,126.24,95,94.68,120.03,217.23,0.2431,0
CC-13089,58,Standard,102,41139,7208,0.087,-0.0116,315,3780,0.5292,8,2,0,0.0,2,2,8,1,66.15,0,37.8,118.75,-90.4,0.6078,0
CC-13090,67,Gold,81,46617,12003,0.0759,-0.2844,458,5496,1.4054,27,9,0,0.0,2,0,11,1,109.92,95,82.44,78.11,44.370000000000005,0.115,0
CC-13091,50,Black,98,187693,98651,0.0944,-0.0403,4681,56172,0.883,8,59,0,0.0,0,1,10,1,1404.3,495,1685.16,75.37,138.76999999999975,0.2661,0
CC-13092,64,Standard,95,54594,6703,0.1461,-0.0766,492,5904,0.05,8,8,0,0.0,1,0,13,1,103.32,0,59.04,61.22,-16.939999999999998,0.3568,0
CC-13093,68,Platinum,76,165948,54425,0.0633,-0.0231,1731,20772,1.069,8,19,0,0.0,1,0,11,0,467.37,295,456.98,90.91,214.48000000000002,0.0515,0
CC-13094,68,Standard,87,41750,5067,0.0903,0.1353,230,2760,1.0627,8,4,0,0.0,1,1,9,0,48.3,0,27.6,53.82,-33.120000000000005,0.1168,0
CC-13095,47,Gold,18,86376,19626,0.082,0.2879,809,9708,0.39,8,9,0,0.0,2,0,9,1,194.16,95,145.62,116.56,26.97999999999996,0.3455,1
CC-13096,41,Black,113,293922,100000,0.1781,0.0818,8952,107424,0.7003,119,89,1,3584.86,0,1,13,0,2685.6,495,3222.72,84.5,3458.2400000000002,0.9394,1
CC-13097,40,Standard,21,50178,6131,0.0938,-0.2052,289,3468,0.6871,8,7,0,0.0,1,1,17,1,60.69,0,34.68,60.31,-34.30000000000001,0.315,0
CC-13098,24,Standard,31,48974,7158,0.0798,-0.0718,287,3444,0.7273,8,5,0,0.0,3,1,10,0,60.27,0,34.44,106.4,-80.57,0.1885,0
CC-13099,31,Standard,118,29961,3806,0.1203,0.0694,230,2760,1.3138,119,6,0,0.0,0,1,12,0,48.3,0,27.6,50.26,-29.560000000000002,0.7981,1
CC-13100,33,Standard,53,25000,3625,0.084,0.0525,153,1836,0.9053,8,1,1,61.29,1,1,18,0,32.13,0,18.36,57.4,17.66000000000001,0.1791,0
CC-13101,29,Gold,20,63391,17995,0.1016,0.1281,919,11028,0.8218,8,13,2,368.01,2,0,5,1,220.56,95,165.42,65.8,452.34999999999997,0.3097,1
CC-13102,24,Platinum,60,134598,49428,0.1133,-0.0346,2815,33780,1.2867,8,48,0,0.0,1,1,9,0,760.05,295,743.16,68.16,243.73000000000002,0.0864,1
CC-13103,32,Standard,46,55802,9162,0.0819,-0.0745,377,4524,1.0986,8,10,1,151.04,2,0,5,0,79.17,0,45.24,121.32,63.64999999999998,0.082,1
CC-13104,29,Standard,18,47636,6714,0.1076,0.2429,363,4356,0.4277,8,4,3,145.41,4,2,14,1,76.23,0,43.56,148.29,29.789999999999992,0.852,1
CC-13105,33,Standard,67,51011,9011,0.0417,-0.0112,189,2268,0.765,8,3,0,0.0,1,0,14,0,39.69,0,22.68,76.06,-59.05000000000001,0.0773,0
CC-13106,68,Gold,114,65941,17865,0.0878,-0.1725,788,9456,1.0466,8,11,4,315.72,3,0,8,1,189.12,95,141.84,97.31,360.69000000000005,0.3776,1
CC-13107,46,Standard,4,44204,6423,0.11,0.2013,355,4260,0.6698,27,6,2,142.21,3,1,20,0,74.55,0,42.6,98.46,75.69999999999999,0.48,1
CC-13108,58,Gold,58,86391,20962,0.0704,-0.2444,742,8904,1.5589,8,17,0,0.0,0,0,10,1,178.08,95,133.56,77.38,62.14000000000004,0.0515,0
CC-13109,62,Gold,81,68941,20121,0.0491,-0.5443,496,5952,0.9839,27,12,1,198.86,3,0,8,0,119.04,95,89.28,95.96,227.66000000000003,0.1602,0
CC-13110,33,Gold,105,62271,16043,0.1093,0.0954,881,10572,0.724,8,21,0,0.0,0,0,13,1,211.44,95,158.58,84.56,63.29999999999998,0.1576,0
CC-13111,59,Standard,30,42449,6892,0.0756,0.1166,262,3144,0.6131,8,5,2,104.88,2,0,10,0,55.02,0,31.44,86.54,41.92,0.2098,0
CC-13112,48,Gold,67,99051,23940,0.0949,0.0421,1142,13704,1.2283,8,14,0,0.0,1,0,15,0,274.08,95,205.56,54.05,109.46999999999997,0.0376,0
CC-13113,39,Standard,7,34819,4645,0.0527,-0.2154,123,1476,0.7556,8,4,0,0.0,2,1,11,0,25.83,0,14.76,72.3,-61.230000000000004,0.1817,0
CC-13114,44,Standard,108,42657,6970,0.0739,-0.0288,259,3108,1.064,8,5,1,103.68,1,1,8,0,54.39,0,31.08,96.25,30.739999999999995,0.1649,0
CC-13115,39,Platinum,24,187424,68427,0.1077,-0.0617,3703,44436,0.6045,8,60,1,1483.38,1,1,12,0,999.81,295,977.59,96.25,1704.35,0.3665,1
CC-13116,69,Gold,119,73963,18500,0.0706,-0.1006,656,7872,0.9711,27,11,0,0.0,5,0,12,1,157.44,95,118.08,133.83,0.5299999999999727,0.1981,0
CC-13117,33,Standard,102,45081,7097,0.0928,0.1918,331,3972,0.7592,8,8,0,0.0,1,1,17,0,69.51,0,39.72,109.72,-79.92999999999999,0.1532,0
CC-13118,33,Standard,112,43810,5804,0.071,-0.177,207,2484,0.8554,8,6,0,0.0,1,0,8,1,43.47,0,24.84,63.16,-44.53,0.1428,1
CC-13119,48,Standard,15,42887,7189,0.0725,0.0274,262,3144,0.7111,8,5,1,104.91,2,1,16,1,55.02,0,31.44,76.78,51.71000000000001,0.4037,0
CC-13120,22,Standard,67,63770,11280,0.1069,0.1591,606,7272,1.2577,27,9,0,0.0,3,0,7,1,127.26,0,72.72,111.63,-57.08999999999999,0.1528,0
CC-13121,30,Standard,18,48439,8402,0.0815,0.0372,344,4128,0.8027,8,7,2,137.83,0,0,16,0,72.24,0,41.28,68.32,100.47,0.1494,0
CC-13122,42,Standard,107,27335,3807,0.1333,0.1662,255,3060,0.907,8,3,1,102.15,1,0,8,1,53.55,0,30.6,75.16,49.94,0.1869,0
CC-13123,33,Gold,88,117478,28265,0.116,0.0646,1647,19764,0.9215,27,15,0,0.0,3,0,18,0,395.28,95,296.46,114.57,79.25,0.1031,0
CC-13124,29,Gold,66,90839,25511,0.1023,0.0444,1311,15732,1.4337,27,21,0,0.0,1,0,20,0,314.64,95,235.98,103.6,70.06,0.0472,0
CC-13125,53,Gold,34,77061,19998,0.107,0.035,1075,12900,1.2171,8,11,0,0.0,1,0,12,1,258.0,95,193.5,77.91,81.59000000000003,0.0843,0
CC-13126,34,Gold,82,113675,28963,0.0393,0.072,572,6864,1.1872,8,12,0,0.0,2,0,12,0,137.28,95,102.96,124.77,4.550000000000011,0.042,0
CC-13127,68,Standard,53,36239,6363,0.1082,-0.0778,346,4152,0.4766,8,6,0,0.0,1,0,15,0,72.66,0,41.52,106.9,-75.76000000000002,0.1164,0
CC-13128,40,Black,81,400099,100000,0.1057,-0.2153,5313,63756,0.7531,119,65,0,0.0,2,0,23,0,1593.9,495,1912.68,107.34,68.88000000000011,0.7743,0
CC-13129,35,Platinum,60,143265,50442,0.0458,0.1231,1160,13920,1.3066,8,20,1,465.01,2,1,18,1,313.2,295,306.24,107.27,659.7,0.1946,0
CC-13130,52,Platinum,48,175194,50084,0.058,0.1543,1459,17508,0.5987,8,29,0,0.0,1,1,12,1,393.93,295,385.18,93.53,210.22000000000003,0.4482,1
CC-13131,53,Platinum,54,247362,71665,0.0874,0.0178,3149,37788,0.9752,8,39,0,0.0,0,0,13,1,850.23,295,831.34,86.69,227.20000000000005,0.1155,0
CC-13132,37,Black,108,292606,100000,0.136,-0.1023,6832,81984,0.6304,8,99,1,2737.46,0,2,9,0,2049.6,495,2459.52,84.81,2737.7299999999996,0.5625,1
CC-13133,44,Gold,119,82942,24163,0.0616,-0.2537,748,8976,0.6605,8,20,0,0.0,3,0,15,1,179.52,95,134.64,123.17,16.70999999999998,0.2182,1
CC-13134,50,Standard,65,32995,4767,0.048,-0.0071,115,1380,1.4542,8,14,0,0.0,1,0,17,0,24.15,0,13.8,98.96,-88.60999999999999,0.0256,1
CC-13135,33,Gold,78,82437,20350,0.0786,-0.2223,804,9648,1.1658,8,15,0,0.0,4,0,11,1,192.96,95,144.72,120.81,22.430000000000064,0.0895,0
CC-13136,67,Gold,62,62981,17920,0.0659,-0.2433,593,7116,1.2449,119,12,0,0.0,3,0,16,0,142.32,95,106.74,109.87,20.70999999999998,0.646,0
CC-13137,68,Gold,67,81026,21141,0.0958,-0.0231,1018,12216,1.1851,27,22,0,0.0,3,0,12,0,244.32,95,183.24,133.69,22.389999999999986,0.0797,1
CC-13138,36,Gold,119,146512,38232,0.0594,-0.1346,1142,13704,0.9082,119,18,0,0.0,1,0,13,0,274.08,95,205.56,55.5,108.01999999999998,0.76,0
CC-13139,22,Standard,83,46345,6385,0.0689,0.0318,221,2652,0.7425,27,6,0,0.0,4,0,9,1,46.41,0,26.52,141.55,-121.66000000000003,0.2805,0
CC-13140,37,Standard,107,38771,6592,0.0589,-0.0439,195,2340,0.8294,8,6,1,78.15,2,1,12,0,40.95,0,23.4,105.29,-9.58999999999999,0.2098,1
CC-13141,52,Platinum,57,132659,40224,0.0791,-0.111,1599,19188,0.8925,8,24,2,640.43,0,1,13,0,431.73,295,422.14,43.91,901.1099999999999,0.2679,0
CC-13142,63,Gold,117,76247,15654,0.1065,-0.2757,838,10056,1.4829,8,16,0,0.0,2,0,10,0,201.12,95,150.84,90.03,55.25,0.0269,0
CC-13143,28,Gold,59,107278,23511,0.0882,-0.1479,1042,12504,0.5491,8,15,2,417.4,0,0,12,1,250.08,95,187.56,78.69,496.23,0.4532,1
CC-13144,23,Standard,116,43984,5984,0.0815,-0.1424,245,2940,0.7839,8,6,2,98.17,2,1,13,0,51.45,0,29.4,108.46,11.76000000000002,0.293,1
CC-13145,32,Standard,94,63099,8640,0.0845,-0.2038,367,4404,0.6761,8,14,0,0.0,2,2,11,0,77.07,0,44.04,106.46,-73.43,0.3543,0
CC-13146,40,Platinum,73,128936,48205,0.0695,-0.0694,1684,20208,1.267,119,20,0,0.0,1,0,14,0,454.68,295,444.58,59.36,245.74000000000007,0.645,1
CC-13147,36,Gold,75,79653,17665,0.132,-0.1921,1172,14064,1.5061,8,13,0,0.0,0,0,10,0,281.28,95,210.96,81.65,83.66999999999996,0.0268,0
CC-13148,34,Platinum,88,108612,40700,0.0584,-0.0446,1194,14328,1.0426,8,20,0,0.0,2,0,6,0,322.38,295,315.22,72.92,229.23999999999995,0.0583,0
CC-13149,36,Gold,28,76853,16070,0.1253,0.0161,1012,12144,1.0673,8,18,0,0.0,0,2,7,1,242.88,95,182.16,93.85,61.870000000000005,0.4156,1
CC-13150,69,Gold,119,48161,10341,0.1118,-0.1439,581,6972,0.9774,27,20,0,0.0,0,3,14,1,139.44,95,104.58,44.3,85.56,0.7506,1
CC-13151,63,Standard,14,25000,3763,0.0529,0.0438,100,1200,1.0812,119,8,0,0.0,1,0,17,1,21.0,0,12.0,85.59,-76.59,0.8366,1
CC-13152,69,Gold,73,98274,28714,0.1017,-0.2242,1467,17604,1.1819,8,25,0,0.0,1,0,6,0,352.08,95,264.06,96.52,86.5,0.0478,0
CC-13153,71,Standard,48,25363,4351,0.097,-0.1868,212,2544,1.0777,8,7,1,84.95,1,0,7,1,44.52,0,25.44,50.44,53.59,0.1578,0
CC-13154,53,Standard,49,49567,8829,0.0879,-0.037,390,4680,1.0997,8,5,1,156.21,1,1,14,0,81.9,0,46.8,93.2,98.11000000000001,0.148,0
CC-13155,50,Gold,81,74364,19710,0.0679,0.0831,673,8076,1.1826,119,8,0,0.0,0,0,10,0,161.52,95,121.14,48.44,86.94,0.6911,0
CC-13156,32,Black,40,345767,100000,0.1513,0.1101,7601,91212,0.4165,8,103,0,0.0,2,0,11,0,2280.3,495,2736.36,75.85,-36.909999999999854,0.184,0
CC-13157,35,Standard,23,25611,4033,0.0632,0.2219,128,1536,0.9506,27,4,2,51.3,1,0,11,0,26.88,0,15.36,54.45,8.36999999999999,0.2288,0
CC-13158,38,Platinum,16,160938,59095,0.0435,-0.0765,1292,15504,1.0416,8,22,2,517.43,1,2,12,0,348.84,295,341.09,61.47,758.71,0.4158,0
CC-13159,48,Standard,4,48730,6277,0.1376,-0.0391,434,5208,1.0748,8,8,1,173.85,2,1,10,0,91.14,0,52.08,101.6,111.31,0.169,0
CC-13160,43,Standard,74,49078,7490,0.1212,-0.1749,456,5472,0.8987,8,10,0,0.0,2,2,9,0,95.76,0,54.72,124.95,-83.91000000000001,0.2891,1
CC-13161,34,Standard,111,57643,8252,0.0613,-0.2081,254,3048,0.9982,27,7,0,0.0,3,1,9,0,53.34,0,30.48,114.06,-91.19999999999999,0.2185,0
CC-13162,50,Standard,72,45790,6710,0.1163,0.0143,392,4704,0.734,119,12,1,157.08,0,0,18,1,82.32,0,47.04,71.28,121.08000000000001,0.9256,1
CC-13163,53,Gold,103,32983,8323,0.0978,-0.1364,409,4908,0.4175,27,9,2,163.84,1,0,13,0,98.16,95,73.62,73.36,210.01999999999998,0.4703,1
CC-13164,65,Standard,103,50052,6391,0.0704,0.1649,226,2712,1.2449,8,6,1,90.56,2,0,13,0,47.46,0,27.12,67.25,43.650000000000006,0.0543,0
CC-13165,35,Gold,35,91793,21658,0.0777,-0.2394,846,10152,0.6097,8,12,1,338.73,2,0,6,0,203.04,95,152.28,108.91,375.58,0.2151,0
CC-13166,27,Platinum,107,131438,37970,0.0953,0.053,1819,21828,0.9019,27,28,0,0.0,1,1,17,0,491.13,295,480.22,54.7,251.20999999999992,0.218,0
CC-13167,35,Standard,8,35530,6352,0.0934,-0.1709,298,3576,0.7253,8,4,0,0.0,1,1,12,1,62.58,0,35.76,93.14,-66.32000000000001,0.3258,0
CC-13168,62,Platinum,118,127367,37776,0.1346,-0.1431,2555,30660,1.4261,119,37,0,0.0,3,0,9,0,689.85,295,674.52,130.06,180.2700000000001,0.5999,1
CC-13169,66,Standard,92,61403,8320,0.0581,0.0609,243,2916,0.9261,8,5,0,0.0,3,1,14,1,51.03,0,29.16,93.42,-71.55,0.239,0
CC-13170,58,Gold,105,65451,18923,0.0731,-0.1214,695,8340,0.8569,119,11,0,0.0,0,1,12,0,166.8,95,125.1,81.55,55.150000000000034,0.8925,1
CC-13171,66,Standard,107,25420,3786,0.112,-0.0974,213,2556,1.1744,27,7,1,85.35,0,0,5,1,44.73,0,25.56,89.73,14.789999999999978,0.2363,0
CC-13172,64,Standard,39,28482,3649,0.1331,-0.1418,244,2928,1.5969,8,7,0,0.0,3,0,16,0,51.24,0,29.28,113.45,-91.49000000000001,0.0213,0
CC-13173,31,Standard,16,44602,6380,0.0599,0.2478,192,2304,1.0717,8,2,0,0.0,2,1,14,1,40.32,0,23.04,90.64,-73.36000000000001,0.2095,1
CC-13174,49,Standard,39,63797,8099,0.1071,-0.1126,436,5232,0.8368,8,13,2,174.59,0,0,11,0,91.56,0,52.32,68.09,145.73999999999998,0.153,0
CC-13175,51,Standard,10,69804,9215,0.1363,-0.0123,631,7572,1.159,8,6,0,0.0,2,1,12,0,132.51,0,75.72,113.33,-56.54000000000002,0.1022,0
CC-13176,45,Gold,105,98817,20277,0.0793,-0.0503,808,9696,0.4782,8,12,3,323.66,1,0,10,0,193.92,95,145.44,86.99,380.1499999999999,0.3959,1
CC-13177,44,Platinum,79,105656,36065,0.0809,0.0132,1466,17592,0.9639,8,16,0,0.0,1,0,22,1,395.82,295,387.02,83.85,219.94999999999993,0.0981,0
CC-13178,39,Platinum,15,109371,42975,0.099,-0.1122,2139,25668,1.5482,8,27,0,0.0,3,0,12,0,577.53,295,564.7,104.33,203.4999999999999,0.0253,0
CC-13179,22,Gold,42,103611,26793,0.0453,-0.0501,610,7320,0.9973,8,14,0,0.0,3,0,11,1,146.4,95,109.8,81.55,50.05000000000001,0.117,0
CC-13180,42,Standard,109,59980,9379,0.1152,0.0391,543,6516,0.9823,119,6,0,0.0,3,1,8,0,114.03,0,65.16,88.83,-39.96000000000001,0.88,0
CC-13181,40,Standard,94,37777,4987,0.0814,-0.1495,204,2448,0.9562,8,3,0,0.0,2,0,11,0,42.84,0,24.48,95.73,-77.37,0.0602,0
CC-13182,53,Standard,60,61025,8582,0.0473,0.1434,204,2448,0.8314,27,5,0,0.0,0,0,20,1,42.84,0,24.48,73.75,-55.39,0.2167,0
CC-13183,28,Standard,20,42417,7241,0.0569,0.1578,207,2484,1.0443,8,4,0,0.0,0,1,13,1,43.47,0,24.84,45.76,-27.129999999999995,0.2197,0
CC-13184,45,Gold,59,100178,20915,0.0561,0.071,590,7080,1.1826,27,18,0,0.0,1,1,6,0,141.6,95,106.2,90.75,39.650000000000006,0.1875,1
CC-13185,66,Gold,85,109341,31248,0.0412,-0.0095,647,7764,0.8505,8,9,1,259.14,3,0,14,0,155.28,95,116.46,111.41,281.54999999999995,0.0969,0
CC-13186,29,Standard,40,28330,4221,0.1061,-0.4686,225,2700,0.2028,8,4,0,0.0,0,0,18,0,47.25,0,27.0,75.21,-54.959999999999994,0.1628,0
CC-13187,54,Standard,34,50078,8524,0.0556,0.0436,238,2856,1.0897,8,2,0,0.0,0,0,20,1,49.98,0,28.56,66.63,-45.21,0.0877,0
CC-13188,43,Platinum,88,190002,61659,0.132,-0.0787,4089,49068,1.5899,119,61,1,1638.24,2,0,15,1,1104.03,295,1079.5,90.67,1867.1,0.7681,1
CC-13189,25,Platinum,68,120376,39415,0.0926,-0.0569,1835,22020,0.8371,8,23,0,0.0,0,1,7,0,495.45,295,484.44,53.86,252.1500000000001,0.1671,0
CC-13190,45,Standard,79,33113,5466,0.0768,-0.3046,211,2532,0.5087,8,7,0,0.0,3,0,9,0,44.31,0,25.32,89.97,-70.97999999999999,0.1213,1
CC-13191,28,Platinum,89,157317,61337,0.0715,0.054,2204,26448,1.1532,27,36,0,0.0,2,0,18,0,595.08,295,581.86,70.17,238.05000000000007,0.0735,0
CC-13192,36,Black,27,289341,100000,0.143,-0.2373,7188,86256,1.4731,8,98,0,0.0,0,0,11,0,2156.4,495,2587.68,86.39,-22.669999999999618,0.0288,0
CC-13193,68,Standard,94,41317,7369,0.0708,-0.0022,262,3144,1.1088,8,7,0,0.0,2,0,18,0,55.02,0,31.44,97.6,-74.01999999999998,0.0418,0
CC-13194,65,Standard,60,44975,5624,0.0665,0.1157,188,2256,1.4674,8,10,0,0.0,2,0,17,0,39.48,0,22.56,124.26,-107.34,0.0251,0
CC-13195,35,Gold,77,49506,10240,0.1327,-0.0904,683,8196,1.1881,8,8,0,0.0,2,0,8,0,163.92,95,122.94,115.63,20.349999999999966,0.0454,0
CC-13196,21,Black,35,308313,100000,0.1187,0.1624,5963,71556,1.1621,8,87,0,0.0,0,0,17,0,1788.9,495,2146.68,42.01,95.21000000000004,0.0411,0
CC-13197,42,Platinum,90,195740,74612,0.0449,-0.132,1685,20220,0.7946,8,29,0,0.0,0,1,10,0,454.95,295,444.84,87.27,217.84000000000003,0.1657,1
CC-13198,23,Standard,68,36959,6565,0.0767,0.0701,253,3036,1.0356,8,8,1,101.35,3,2,9,1,53.13,0,30.36,126.57,-2.450000000000017,0.5091,1
CC-13199,58,Standard,32,35680,5148,0.1051,-0.2157,272,3264,0.9412,8,4,0,0.0,2,0,10,0,57.12,0,32.64,124.26,-99.78,0.0658,0
CC-13200,34,Gold,83,88666,17957,0.0761,0.1347,687,8244,0.9309,8,11,2,275.06,0,0,11,0,164.88,95,123.66,88.32,322.96000000000004,0.1303,1
CC-13201,56,Gold,106,145474,37865,0.0994,0.1114,1891,22692,0.8738,27,23,0,0.0,3,0,10,1,453.84,95,340.38,101.44,107.01999999999992,0.233,0
CC-13202,38,Standard,36,57373,7882,0.1129,0.0503,447,5364,1.0177,119,7,0,0.0,1,0,9,0,93.87,0,53.64,88.51,-48.28,0.7552,1
CC-13203,67,Platinum,104,136703,46562,0.1008,-0.079,2358,28296,0.5611,8,25,0,0.0,4,0,15,0,636.66,295,622.51,133.24,175.90999999999997,0.1354,0
CC-13204,61,Gold,88,85841,21361,0.0736,-0.2303,790,9480,1.1935,27,12,0,0.0,2,0,15,0,189.6,95,142.2,121.48,20.920000000000016,0.0732,0
CC-13205,38,Platinum,71,181959,52591,0.151,-0.0786,3990,47880,0.6867,119,44,2,1598.44,0,0,12,1,1077.3,295,1053.36,45.38,1871.9999999999998,0.9697,1
CC-13206,23,Platinum,50,108171,37647,0.0664,0.1465,1256,15072,0.8749,8,18,1,503.16,1,0,12,1,339.12,295,331.58,76.47,729.23,0.1898,1
CC-13207,30,Gold,42,97999,23777,0.0884,-0.0005,1056,12672,1.0492,119,12,0,0.0,1,0,9,0,253.44,95,190.08,84.87,73.48999999999995,0.7448,0
CC-13208,69,Standard,53,32428,5277,0.0656,-0.253,174,2088,0.6718,8,4,0,0.0,3,0,14,0,36.54,0,20.88,80.36,-64.69999999999999,0.0896,0
CC-13209,59,Gold,82,104654,27687,0.0936,-0.1887,1302,15624,0.3601,27,22,1,521.63,0,0,14,1,312.48,95,234.36,43.77,650.98,0.5794,1
CC-13210,67,Standard,15,41693,5466,0.0553,0.168,152,1824,0.8351,8,6,1,60.84,3,1,16,1,31.92,0,18.24,118.84,-44.32000000000001,0.3569,0
CC-13211,21,Gold,92,89264,19692,0.0492,0.0532,487,5844,0.5207,8,7,0,0.0,1,0,10,1,116.88,95,87.66,78.34,45.879999999999995,0.283,1
CC-13212,47,Standard,33,40962,5532,0.1284,-0.2051,357,4284,1.1637,27,3,0,0.0,0,1,11,0,74.97,0,42.84,50.51,-18.379999999999995,0.1803,0
CC-13213,47,Gold,118,99847,21756,0.0852,-0.2849,932,11184,0.6039,8,14,0,0.0,1,0,9,0,223.68,95,167.76,61.36,89.56,0.1401,0
CC-13214,31,Standard,41,43034,6861,0.0699,-0.1138,241,2892,1.3955,8,5,1,96.53,1,0,14,0,50.61,0,28.92,95.32,22.89999999999999,0.0445,0
CC-13215,69,Standard,65,69277,12446,0.0817,-0.2977,511,6132,0.9483,8,11,1,204.67,2,1,15,0,107.31,0,61.32,94.83,155.83,0.1763,0
CC-13216,25,Standard,50,60962,9700,0.1001,-0.0434,488,5856,0.9678,27,8,0,0.0,2,0,11,0,102.48,0,58.56,82.31,-38.39,0.1125,0
CC-13217,27,Standard,89,30326,4743,0.0592,0.3477,141,1692,0.3558,27,5,1,56.52,2,1,16,0,29.61,0,16.92,85.52,-16.310000000000002,0.5079,1
CC-13218,39,Gold,50,89068,21464,0.0566,-0.2595,610,7320,0.9935,8,9,2,244.53,1,0,14,1,146.4,95,109.8,95.75,280.38,0.2173,0
CC-13219,49,Gold,63,100622,23269,0.1255,-0.0479,1467,17604,0.9259,8,18,0,0.0,0,0,9,1,352.08,95,264.06,57.48,125.53999999999996,0.1319,0
CC-13220,35,Gold,14,75264,21909,0.0745,0.1768,820,9840,0.5603,8,18,0,0.0,3,0,8,1,196.8,95,147.6,103.57,40.630000000000024,0.2915,0
CC-13221,55,Standard,80,58640,10446,0.0661,0.0924,347,4164,0.9762,8,5,0,0.0,3,0,14,0,72.87,0,41.64,110.96,-79.72999999999999,0.0558,0
CC-13222,67,Standard,58,57314,8586,0.1152,-0.0423,497,5964,0.8306,27,4,0,0.0,1,1,9,0,104.37,0,59.64,53.6,-8.870000000000005,0.2764,0
CC-13223,57,Standard,20,44059,6054,0.0989,-0.042,301,3612,0.885,27,7,0,0.0,2,0,5,0,63.21,0,36.12,108.24,-81.14999999999998,0.1434,0
CC-13224,32,Standard,29,56038,9313,0.0592,-0.1934,277,3324,0.9578,8,10,0,0.0,1,0,13,0,58.17,0,33.24,55.4,-30.47,0.0608,0
CC-13225,50,Platinum,30,55626,16606,0.0706,-0.0601,589,7068,0.8086,119,13,1,235.98,0,0,7,0,159.03,295,155.5,88.18,446.33,0.8706,1
CC-13226,40,Standard,84,60272,10001,0.0716,0.0165,360,4320,1.0239,27,8,0,0.0,1,0,11,0,75.6,0,43.2,82.5,-50.10000000000001,0.1013,0
CC-13227,57,Standard,82,54973,9297,0.1066,0.1458,498,5976,0.924,8,11,0,0.0,4,1,12,0,104.58,0,59.76,151.49,-106.67,0.1351,0
CC-13228,23,Standard,54,32763,4177,0.0581,-0.113,122,1464,1.0918,8,3,0,0.0,1,1,17,0,25.62,0,14.64,74.15,-63.17,0.0996,1
CC-13229,29,Standard,18,47833,8543,0.0533,-0.0485,229,2748,0.7914,8,5,0,0.0,0,0,14,0,48.09,0,27.48,94.0,-73.39,0.0772,0
CC-13230,61,Gold,79,41941,12521,0.0928,-0.1624,584,7008,0.6305,8,7,0,0.0,1,2,13,0,140.16,95,105.12,86.59,43.44999999999999,0.449,0
CC-13231,59,Gold,60,68777,20197,0.0421,0.0138,427,5124,0.7373,27,11,4,171.15,2,0,7,0,102.48,95,76.86,72.4,219.37,0.4938,0
CC-13232,46,Standard,95,57325,8585,0.0999,0.0976,431,5172,1.3828,8,6,1,172.63,2,0,17,1,90.51,0,51.72,98.76,112.65999999999997,0.083,0
CC-13233,22,Standard,11,44855,6044,0.0701,0.0744,213,2556,1.2368,27,6,0,0.0,0,0,18,1,44.73,0,25.56,38.14,-18.970000000000006,0.1355,0
CC-13234,43,Standard,28,44232,6852,0.0947,-0.1955,326,3912,1.314,8,8,0,0.0,3,0,14,1,68.46,0,39.12,106.4,-77.06000000000002,0.0707,0
CC-13235,43,Standard,30,45508,6607,0.0804,0.002,267,3204,1.3348,27,8,0,0.0,1,1,7,0,56.07,0,32.04,90.39,-66.36000000000001,0.1537,0
CC-13236,41,Standard,107,44196,5849,0.0602,-0.1216,177,2124,0.8101,8,5,0,0.0,2,0,9,0,37.17,0,21.24,73.09,-57.16,0.0769,0
CC-13237,36,Black,79,349124,100000,0.1567,0.1317,7873,94476,1.0387,8,110,0,0.0,2,0,13,0,2361.9,495,2834.28,74.85,-52.23000000000002,0.0518,0
CC-13238,29,Gold,38,71846,19138,0.0883,-0.0442,849,10188,0.9728,8,10,0,0.0,3,0,20,0,203.76,95,152.82,125.74,20.19999999999999,0.0518,0
CC-13239,33,Gold,11,93911,19448,0.1134,-0.2479,1108,13296,1.1479,27,12,0,0.0,3,0,15,0,265.92,95,199.44,96.33,65.15000000000003,0.0831,0
CC-13240,48,Standard,49,32123,4497,0.1075,-0.053,243,2916,0.8632,27,6,0,0.0,2,0,9,1,51.03,0,29.16,116.25,-94.38,0.2484,0
CC-13241,47,Standard,80,53337,6457,0.1094,0.0488,355,4260,0.9779,8,12,0,0.0,3,0,13,0,74.55,0,42.6,116.86,-84.91000000000001,0.0567,0
CC-13242,71,Gold,53,78170,21492,0.0737,0.0166,796,9552,0.9717,8,12,2,318.83,1,0,10,1,191.04,95,143.28,82.8,378.7899999999999,0.2371,0
CC-13243,37,Gold,78,84129,22215,0.0855,-0.0968,955,11460,1.1097,8,27,0,0.0,2,1,9,0,229.2,95,171.9,88.7,63.599999999999966,0.11,1
CC-13244,58,Gold,119,77303,15945,0.1148,-0.1078,920,11040,1.1467,27,13,0,0.0,2,1,15,0,220.8,95,165.6,122.53,27.670000000000016,0.1626,0
CC-13245,56,Standard,59,42348,7533,0.0861,-0.1681,326,3912,0.9781,8,9,1,130.55,0,1,14,0,68.46,0,39.12,72.47,87.41999999999999,0.1731,0
CC-13246,21,Gold,34,63649,12873,0.1068,-0.0792,691,8292,0.9872,8,19,2,276.73,2,0,14,1,165.84,95,124.38,69.69,343.50000000000006,0.2213,0
CC-13247,38,Standard,104,48704,7568,0.0557,-0.1484,212,2544,1.0178,8,6,0,0.0,3,0,13,0,44.52,0,25.44,104.5,-85.41999999999999,0.0524,0
CC-13248,71,Platinum,69,159413,61962,0.0546,0.1255,1699,20388,1.444,8,16,0,0.0,1,0,16,0,458.73,295,448.54,57.37,247.82,0.0264,0
CC-13249,29,Gold,59,56723,15813,0.0542,-0.1552,431,5172,0.431,8,10,2,172.51,0,2,8,0,103.44,95,77.58,79.08,214.29,0.7372,1
CC-13250,33,Gold,56,72326,14713,0.1388,-0.0017,1026,12312,0.6591,119,23,0,0.0,0,1,13,0,246.24,95,184.68,50.0,106.56,0.9429,1
CC-13251,60,Standard,118,45337,7906,0.0956,-0.0119,380,4560,1.1521,27,12,0,0.0,0,0,14,0,79.8,0,45.6,35.98,-1.7800000000000011,0.0775,0
CC-13252,65,Gold,18,72278,21093,0.0717,0.1219,760,9120,1.0309,27,22,0,0.0,0,0,8,0,182.4,95,136.8,94.66,45.93999999999997,0.1111,0
CC-13253,35,Standard,64,42493,6530,0.0649,0.1434,213,2556,1.0288,8,1,0,0.0,0,3,12,0,44.73,0,25.56,63.32,-44.15,0.4233,1
CC-13254,63,Standard,86,63181,9409,0.0544,0.0844,257,3084,1.1502,8,11,0,0.0,0,0,13,1,53.97,0,30.84,37.09,-13.960000000000008,0.0877,0
CC-13255,64,Standard,98,33545,4115,0.1509,0.0329,312,3744,1.0142,119,2,1,124.99,2,0,9,0,65.52,0,37.44,92.29,60.77999999999997,0.8147,1
CC-13256,66,Gold,58,35866,9188,0.1081,-0.1773,499,5988,0.7822,8,7,0,0.0,0,0,18,1,119.76,95,89.82,51.38,73.56,0.1383,0
CC-13257,24,Standard,25,38264,5531,0.0558,-0.1803,155,1860,1.1386,8,6,0,0.0,1,0,10,0,32.55,0,18.6,93.57,-79.61999999999999,0.0491,0
CC-13258,53,Standard,19,41308,6872,0.1034,-0.1469,357,4284,0.9563,8,10,0,0.0,2,1,6,0,74.97,0,42.84,65.46,-33.33,0.1498,0
CC-13259,44,Platinum,82,122850,41344,0.0839,0.0928,1744,20928,0.8157,8,21,0,0.0,0,0,12,0,470.88,295,460.42,43.22,262.24,0.0735,1
CC-13260,56,Standard,40,48024,7732,0.0677,-0.009,263,3156,1.1571,8,9,0,0.0,1,0,11,0,55.23,0,31.56,71.23,-47.56000000000001,0.0463,0
CC-13261,71,Gold,74,63153,13271,0.1173,0.1103,782,9384,1.1453,27,12,2,313.34,2,0,10,0,187.68,95,140.76,88.8,366.46,0.1752,0
CC-13262,61,Standard,85,31778,4066,0.1155,0.1304,236,2832,1.0144,119,1,0,0.0,1,1,14,1,49.56,0,28.32,79.27,-58.03,0.9303,1
CC-13263,30,Standard,32,37412,4803,0.1322,-0.1289,319,3828,1.4651,8,8,2,127.81,0,0,13,0,66.99,0,38.28,56.19,100.33000000000001,0.06,0
CC-13264,56,Platinum,60,117115,33538,0.0598,-0.0152,1008,12096,1.348,8,11,3,403.69,2,0,9,1,272.16,295,266.11,88.92,615.8200000000002,0.2048,0
CC-13265,40,Standard,100,68859,10499,0.0711,-0.0219,375,4500,1.2506,8,9,1,150.25,4,0,12,0,78.75,0,45.0,124.09,59.91,0.055,0
CC-13266,61,Gold,80,117989,32965,0.0583,-0.0692,966,11592,1.7199,8,18,0,0.0,0,1,11,0,231.84,95,173.88,90.94,62.02000000000004,0.0428,0
CC-13267,65,Gold,24,49522,12927,0.0631,-0.1002,410,4920,0.9061,119,8,0,0.0,5,1,15,0,98.4,95,73.8,141.61,-22.01000000000002,0.8855,1
CC-13268,64,Gold,110,43991,11327,0.0775,0.1577,441,5292,0.8106,8,10,0,0.0,1,0,9,0,105.84,95,79.38,75.82,45.640000000000015,0.0767,0
CC-13269,31,Gold,19,83177,22296,0.0581,-0.0122,651,7812,1.2081,8,13,0,0.0,0,0,12,1,156.24,95,117.18,37.87,96.19,0.0864,0
CC-13270,32,Standard,17,66505,9335,0.0891,-0.018,418,5016,0.8742,8,8,0,0.0,2,0,10,0,87.78,0,50.16,73.98,-36.36,0.0736,1
CC-13271,38,Standard,116,52493,7439,0.0811,-0.1404,303,3636,0.9536,27,7,0,0.0,1,0,11,0,63.63,0,36.36,95.43,-68.16000000000003,0.1093,0
CC-13272,50,Gold,50,84301,19509,0.1062,0.0813,1041,12492,0.6542,8,14,0,0.0,5,0,15,0,249.84,95,187.38,167.51,-10.049999999999955,0.1236,1
CC-13273,64,Gold,34,75308,20424,0.081,-0.1708,831,9972,1.132,8,11,0,0.0,2,0,15,0,199.44,95,149.58,88.01,56.849999999999966,0.0448,0
CC-13274,68,Platinum,79,177700,53777,0.1137,0.0482,3074,36888,0.5087,8,40,0,0.0,0,1,9,1,829.98,295,811.54,92.72,220.72000000000003,0.4926,0
CC-13275,57,Platinum,87,146229,41210,0.0752,0.0523,1558,18696,0.9211,8,21,0,0.0,1,0,13,0,420.66,295,411.31,69.69,234.66000000000008,0.0614,0
CC-13276,40,Platinum,115,200611,72915,0.0678,-0.0819,2484,29808,0.9454,8,35,0,0.0,1,0,17,1,670.68,295,655.78,107.13,202.76999999999998,0.1073,0
CC-13277,45,Gold,42,49136,14457,0.0352,0.0276,256,3072,0.8192,27,4,1,102.43,0,0,12,0,61.44,95,46.08,71.56,141.23000000000002,0.1914,1
CC-13278,32,Standard,99,49766,7791,0.0513,0.0079,201,2412,0.4228,8,4,0,0.0,4,0,13,0,42.21,0,24.12,96.73,-78.64000000000001,0.1258,1
CC-13279,41,Platinum,59,120284,46863,0.0586,-0.0259,1380,16560,0.4206,8,23,1,552.76,0,0,25,0,372.6,295,364.32,39.69,816.3500000000001,0.1991,0
CC-13280,45,Gold,60,93803,25071,0.0421,-0.0181,530,6360,0.7261,27,12,0,0.0,1,0,18,0,127.2,95,95.4,108.79,18.00999999999999,0.1386,0
CC-13281,31,Standard,93,47822,7165,0.0975,-0.0107,351,4212,1.1117,8,5,1,140.61,2,1,16,1,73.71,0,42.12,83.31,88.88999999999999,0.2504,0
CC-13282,29,Platinum,101,157838,60069,0.1175,-0.0005,3546,42552,1.0367,27,32,0,0.0,2,1,9,0,957.42,295,936.14,65.84,250.44000000000005,0.2095,1
CC-13283,70,Platinum,18,174215,68880,0.0454,-0.011,1570,18840,0.9451,27,24,2,629.44,3,0,12,0,423.9,295,414.48,84.69,849.1700000000001,0.2276,0
CC-13284,45,Gold,30,114533,25480,0.1182,-0.1856,1513,18156,0.6846,8,24,0,0.0,2,1,17,0,363.12,95,272.34,96.79,88.99000000000001,0.235,0
CC-13285,55,Standard,100,66956,9385,0.0585,-0.0428,276,3312,1.0523,27,2,1,110.51,2,0,6,1,57.96,0,33.12,78.71,56.640000000000015,0.2705,0
CC-13286,52,Standard,113,45177,6027,0.1162,0.0197,352,4224,0.4103,8,9,0,0.0,4,0,11,0,73.92,0,42.24,140.25,-108.57000000000001,0.1312,0
CC-13287,69,Platinum,3,121017,41545,0.0994,-0.0054,2075,24900,0.231,8,34,1,831.22,5,0,11,0,560.25,295,547.8,163.06,975.6100000000001,0.3182,0
CC-13288,34,Platinum,43,97096,39217,0.1036,0.1231,2042,24504,0.8771,27,27,0,0.0,0,0,13,0,551.34,295,539.09,56.76,250.49,0.1241,0
CC-13289,21,Standard,50,49892,7020,0.0578,0.073,204,2448,0.7862,27,4,0,0.0,1,1,7,1,42.84,0,24.48,91.74,-73.38,0.4764,1
CC-13290,37,Standard,33,54392,7749,0.0758,-0.1506,295,3540,1.254,8,9,0,0.0,1,0,11,1,61.95,0,35.4,93.5,-66.95,0.0814,1
CC-13291,45,Platinum,38,92804,37163,0.044,-0.045,822,9864,0.9974,8,14,0,0.0,1,1,11,0,221.94,295,217.01,78.4,221.5300000000001,0.1281,0
CC-13292,28,Standard,110,57877,8734,0.0797,-0.0667,350,4200,1.4452,8,7,0,0.0,2,2,16,0,73.5,0,42.0,80.58,-49.08,0.1252,0
CC-13293,25,Gold,35,82846,21005,0.1107,-0.0207,1169,14028,0.7855,27,14,0,0.0,0,0,11,0,280.56,95,210.42,80.47,84.67000000000002,0.1467,0
CC-13294,25,Black,35,192092,98916,0.1032,-0.0204,5128,61536,1.096,119,62,1,2054.73,1,0,15,0,1538.4,495,1846.08,53.05,2189.0,0.7828,0
CC-13295,61,Standard,105,35456,5298,0.1085,0.0717,289,3468,0.8743,8,10,0,0.0,2,0,9,1,60.69,0,34.68,69.96,-43.94999999999999,0.1375,0
CC-13296,55,Gold,84,64956,17418,0.0767,0.0066,671,8052,1.3645,8,8,0,0.0,1,1,11,0,161.04,95,120.78,57.02,78.23999999999995,0.0729,0
CC-13297,39,Standard,25,34588,4328,0.1467,0.1646,319,3828,0.8888,27,9,1,127.8,2,0,15,0,66.99,0,38.28,84.08,72.42999999999999,0.1683,0
CC-13298,43,Standard,62,51411,6720,0.0962,0.0162,325,3900,1.2063,8,5,0,0.0,4,0,11,0,68.25,0,39.0,112.89,-83.63999999999999,0.0422,0
CC-13299,29,Platinum,89,170233,57302,0.0576,-0.1446,1658,19896,0.6267,8,31,2,664.36,3,1,12,0,447.66,295,437.71,99.07,870.24,0.4411,0
CC-13300,50,Standard,81,64115,9597,0.1184,-0.0901,571,6852,0.8254,8,7,0,0.0,1,0,6,1,119.91,0,68.52,55.84,-4.450000000000003,0.1573,1
CC-13301,70,Black,92,231124,100000,0.0747,0.0706,3754,45048,0.9248,8,47,0,0.0,4,0,19,0,1126.2,495,1351.44,120.25,149.51,0.0544,0
CC-13302,36,Gold,32,92287,27415,0.037,-0.2621,510,6120,1.329,119,6,0,0.0,1,0,9,0,122.4,95,91.8,79.0,46.599999999999994,0.6529,0
CC-13303,53,Standard,91,37720,6452,0.0484,-0.2219,157,1884,0.2908,119,6,1,62.86,1,1,14,0,32.97,0,18.84,102.93,-25.940000000000012,0.9675,1
CC-13304,22,Standard,47,45226,6283,0.1058,-0.0184,334,4008,0.8502,8,12,1,133.8,1,1,9,0,70.14,0,40.08,105.75,58.110000000000014,0.2228,0
CC-13305,34,Standard,82,28345,5040,0.0825,0.1226,209,2508,0.8401,119,5,0,0.0,2,0,9,0,43.89,0,25.08,84.98,-66.17,0.7978,1
CC-13306,66,Standard,41,32364,5222,0.0625,0.1761,164,1968,0.3269,8,4,0,0.0,2,0,10,0,34.44,0,19.68,122.69,-107.93,0.1575,0
CC-13307,21,Standard,114,54034,7758,0.1134,-0.0526,442,5304,0.8108,27,7,2,177.08,1,0,13,0,92.82,0,53.04,78.53,138.32999999999998,0.2484,0
CC-13308,46,Standard,47,28311,4589,0.1041,0.1391,240,2880,0.4878,8,9,0,0.0,1,0,6,0,50.4,0,28.8,100.43,-78.83000000000001,0.1347,1
CC-13309,45,Gold,80,98065,19775,0.1402,-0.0092,1393,16716,0.2508,27,12,0,0.0,0,0,7,0,334.32,95,250.74,35.38,143.2,0.3745,1
CC-13310,36,Gold,83,70631,15158,0.1006,-0.2497,766,9192,0.8713,8,10,0,0.0,4,1,13,0,183.84,95,137.88,99.95,41.01000000000005,0.1427,0
CC-13311,35,Gold,14,44082,12473,0.0898,-0.0212,563,6756,0.8612,8,5,2,225.45,3,0,13,0,135.12,95,101.34,105.48,248.75,0.1456,0
CC-13312,46,Gold,95,31055,8215,0.0942,-0.1128,389,4668,0.8765,119,8,0,0.0,1,0,12,0,93.36,95,70.02,73.73,44.610000000000014,0.7762,1
CC-13313,67,Standard,34,61463,8718,0.0708,0.1177,310,3720,1.0259,8,11,0,0.0,3,1,12,0,65.1,0,37.2,107.76,-79.86000000000001,0.1213,0
CC-13314,64,Standard,58,25000,3750,0.0716,-0.0239,135,1620,0.6862,119,9,0,0.0,1,0,13,0,28.35,0,16.2,65.87,-53.720000000000006,0.8262,1
CC-13315,36,Gold,26,83632,24296,0.067,-0.2117,818,9816,1.4873,8,13,0,0.0,3,0,10,1,196.32,95,147.24,114.52,29.560000000000002,0.0589,0
CC-13316,34,Gold,118,92521,24347,0.0392,-0.245,480,5760,0.94,8,3,0,0.0,1,0,14,0,115.2,95,86.4,94.35,29.44999999999999,0.0572,0
CC-13317,49,Standard,15,30226,4349,0.0732,-0.0231,160,1920,1.3359,27,2,0,0.0,0,0,10,1,33.6,0,19.2,43.09,-28.690000000000005,0.1353,0
CC-13318,44,Platinum,22,120626,35807,0.0979,-0.383,1762,21144,0.446,8,22,0,0.0,1,1,11,0,475.74,295,465.17,82.8,222.76999999999998,0.3381,1
CC-13319,67,Platinum,81,156758,50338,0.0565,-0.0977,1429,17148,0.6996,8,30,0,0.0,1,0,16,1,385.83,295,377.26,64.2,239.36999999999995,0.2097,1
CC-13320,35,Gold,58,91232,27171,0.0418,0.0147,571,6852,1.1559,8,13,0,0.0,2,0,9,1,137.04,95,102.78,118.19,11.069999999999993,0.0955,0
CC-13321,39,Standard,55,39818,5823,0.0871,-0.1786,255,3060,0.882,8,3,0,0.0,0,0,12,0,53.55,0,30.6,89.51,-66.56000000000002,0.0681,0
CC-13322,28,Platinum,70,148291,51317,0.1062,0.1291,2738,32856,0.628,8,38,0,0.0,1,0,15,0,739.26,295,722.83,92.68,218.75,0.1264,0
CC-13323,54,Gold,56,82827,20695,0.1062,0.1587,1104,13248,0.3984,8,19,0,0.0,2,0,19,0,264.96,95,198.72,75.01,86.22999999999996,0.1633,0
CC-13324,22,Platinum,36,106035,42814,0.0773,-0.1725,1664,19968,1.17,8,25,0,0.0,0,2,22,1,449.28,295,439.3,92.12,212.8599999999999,0.3075,0
CC-13325,47,Platinum,30,182017,66354,0.0798,-0.0647,2661,31932,1.1455,8,40,0,0.0,0,0,13,0,718.47,295,702.5,79.37,231.60000000000002,0.0457,0
CC-13326,30,Platinum,52,147259,55533,0.07,0.1292,1953,23436,1.023,119,29,0,0.0,0,0,17,0,527.31,295,515.59,41.16,265.55999999999995,0.7201,0
CC-13327,55,Gold,4,45856,10956,0.0576,-0.0202,317,3804,0.8012,8,8,1,127.02,0,1,14,0,76.08,95,57.06,69.85,171.18999999999997,0.2253,0
CC-13328,43,Standard,113,50868,6192,0.0704,-0.2292,219,2628,0.6161,8,3,0,0.0,1,1,11,1,45.99,0,26.28,87.1,-67.38999999999999,0.3498,1
CC-13329,69,Gold,96,71920,21079,0.0877,-0.0415,929,11148,0.9341,8,15,2,372.1,0,0,11,0,222.96,95,167.22,70.53,452.31000000000006,0.1285,0
CC-13330,28,Gold,28,78849,23253,0.065,-0.1479,760,9120,0.5554,8,13,1,304.23,4,1,14,0,182.4,95,136.8,127.11,317.71999999999997,0.3747,0
CC-13331,48,Gold,53,85174,25119,0.0871,0.1462,1099,13188,0.7245,8,14,0,0.0,0,1,15,1,263.76,95,197.82,39.17,121.76999999999998,0.305,1
CC-13332,43,Standard,49,36079,6372,0.0903,0.0709,289,3468,1.3284,8,5,0,0.0,1,1,10,0,60.69,0,34.68,61.77,-35.760000000000005,0.0804,0
CC-13333,24,Standard,28,65284,11027,0.0545,-0.0671,302,3624,0.3947,27,8,0,0.0,2,0,15,0,63.42,0,36.24,120.94,-93.76,0.2297,1
CC-13334,34,Platinum,86,87733,32973,0.0802,0.0013,1329,15948,1.1533,27,17,0,0.0,4,0,10,0,358.83,295,350.86,141.29,161.67999999999995,0.0853,0
CC-13335,62,Gold,108,86204,24520,0.066,-0.2162,813,9756,1.3983,8,10,0,0.0,2,0,8,0,195.12,95,146.34,98.96,44.81999999999999,0.0321,0
CC-13336,49,Platinum,94,153347,55830,0.0757,-0.1331,2125,25500,1.1949,8,27,0,0.0,1,1,12,1,573.75,295,561.0,85.09,222.65999999999997,0.1751,0
CC-13337,21,Platinum,86,141442,42264,0.1041,0.213,2211,26532,1.0695,8,35,1,885.58,3,0,13,0,596.97,295,583.7,97.93,1095.92,0.0716,0
CC-13338,24,Gold,77,80941,19354,0.1233,-0.012,1199,14388,0.8109,8,24,0,0.0,0,1,10,0,287.76,95,215.82,54.4,112.54000000000002,0.1636,1
CC-13339,52,Gold,76,76988,22875,0.0879,0.1195,1010,12120,0.7562,27,13,0,0.0,2,0,9,0,242.4,95,181.8,72.78,82.81999999999996,0.1534,0
CC-13340,53,Platinum,63,111888,36828,0.1272,0.0148,2355,28260,0.2756,27,32,0,0.0,2,1,14,0,635.85,295,621.72,120.71,188.41999999999996,0.5428,1
CC-13341,69,Gold,25,67555,19373,0.0367,0.1771,357,4284,0.9611,8,11,0,0.0,0,0,17,0,85.68,95,64.26,74.36,42.06,0.0563,0
CC-13342,46,Gold,39,109619,22945,0.0608,-0.3198,701,8412,0.8293,27,18,0,0.0,1,0,13,0,168.24,95,126.18,66.13,70.93,0.133,0
CC-13343,37,Standard,43,40030,5606,0.0554,-0.0482,156,1872,0.7406,27,7,0,0.0,0,1,8,0,32.76,0,18.72,77.76,-63.720000000000006,0.3131,0
CC-13344,59,Gold,54,130308,30634,0.0646,0.2267,994,11928,0.944,8,11,0,0.0,0,1,11,0,238.56,95,178.92,86.15,68.49000000000001,0.1364,0
CC-13345,43,Gold,85,99214,20354,0.0913,0.1234,934,11208,0.9687,8,15,0,0.0,1,0,13,1,224.16,95,168.12,92.06,58.97999999999996,0.114,0
CC-13346,52,Standard,111,25000,3178,0.119,0.1788,190,2280,0.7593,27,4,0,0.0,1,0,16,1,39.9,0,22.8,66.73,-49.63,0.2437,0
CC-13347,35,Standard,84,54936,7229,0.1007,-0.021,366,4392,1.4339,8,7,2,146.53,1,1,6,0,76.86,0,43.92,63.08,116.38999999999999,0.1475,0
CC-13348,33,Standard,51,44401,7560,0.1092,-0.1006,415,4980,1.1692,27,5,0,0.0,2,1,7,1,87.15,0,49.8,71.43,-34.08,0.33,0
CC-13349,22,Standard,29,29363,3635,0.1538,-0.1741,281,3372,1.2189,8,10,1,112.53,4,0,16,0,59.01,0,33.72,119.12,18.69999999999999,0.0566,1
CC-13350,39,Standard,8,59672,8230,0.0636,-0.1845,263,3156,0.919,8,5,1,105.36,0,0,10,0,55.23,0,31.56,90.55,38.480000000000004,0.1,0
CC-13351,44,Standard,76,40095,4835,0.1486,0.1011,361,4332,1.1034,8,9,0,0.0,0,2,8,0,75.81,0,43.32,46.97,-14.47999999999999,0.2299,0
CC-13352,65,Platinum,68,121767,45953,0.0776,0.057,1793,21516,0.6813,8,22,0,0.0,5,1,14,0,484.11,295,473.35,138.83,166.92999999999995,0.2411,0
CC-13353,44,Gold,26,92972,24361,0.0724,-0.03,886,10632,1.1499,8,14,1,355.01,1,0,10,0,212.64,95,159.48,50.6,452.57,0.0703,0
CC-13354,31,Standard,40,57856,9181,0.1073,0.0562,495,5940,0.8887,27,3,0,0.0,1,1,11,0,103.95,0,59.4,100.63,-56.08,0.2535,1
CC-13355,42,Standard,30,46275,6592,0.0549,0.0014,182,2184,0.6434,27,7,0,0.0,2,1,14,1,38.22,0,21.84,102.28,-85.9,0.5026,0
CC-13356,35,Gold,30,85888,18966,0.1245,0.1243,1187,14244,0.9432,119,16,1,475.28,2,0,10,1,284.88,95,213.66,84.23,557.27,0.9154,1
CC-13357,30,Standard,119,37160,6065,0.0951,0.1229,290,3480,0.8624,8,8,2,116.1,2,0,19,0,60.9,0,34.8,72.68,69.52,0.1214,0
CC-13358,61,Platinum,111,179401,70604,0.1043,-0.1799,3700,44400,1.6469,8,52,0,0.0,3,1,13,0,999.0,295,976.8,117.81,199.3900000000001,0.0449,0
CC-13359,47,Gold,116,87614,18737,0.139,0.021,1309,15708,1.0806,8,22,3,524.23,2,0,10,0,314.16,95,235.62,97.19,600.5800000000002,0.1486,1
CC-13360,29,Platinum,105,132109,45994,0.0873,-0.2703,2017,24204,1.4239,8,30,3,808.21,2,0,17,0,544.59,295,532.49,124.02,991.2900000000002,0.0812,0
CC-13361,48,Standard,68,41068,5541,0.0582,-0.0,162,1944,1.2894,8,3,0,0.0,2,0,7,0,34.02,0,19.44,93.16,-78.57999999999998,0.0399,0
CC-13362,21,Gold,63,106820,23159,0.0611,0.0706,711,8532,0.9613,8,8,0,0.0,1,0,10,0,170.64,95,127.98,59.49,78.16999999999999,0.0624,1
CC-13363,37,Standard,48,42048,6898,0.0664,-0.2171,230,2760,0.8169,8,5,0,0.0,1,1,11,0,48.3,0,27.6,100.85,-80.14999999999999,0.1629,0
CC-13364,51,Black,71,352057,100000,0.0881,-0.0825,4426,53112,0.4279,8,51,0,0.0,2,0,12,0,1327.8,495,1593.36,118.68,110.75999999999999,0.1745,0
CC-13365,64,Gold,116,74979,16616,0.1181,-0.0186,986,11832,0.6887,8,16,0,0.0,2,1,14,0,236.64,95,177.48,71.17,82.99000000000001,0.2317,0
CC-13366,30,Standard,77,53125,7363,0.0762,0.0151,282,3384,1.1488,8,3,0,0.0,0,1,9,0,59.22,0,33.84,84.62,-59.24000000000001,0.1041,0
CC-13367,57,Standard,76,47329,8424,0.1098,-0.0618,465,5580,0.8594,27,8,0,0.0,2,0,12,0,97.65,0,55.8,80.68,-38.83000000000001,0.1264,1
CC-13368,49,Standard,45,34304,5863,0.0933,-0.1958,275,3300,1.0627,27,12,0,0.0,1,1,8,0,57.75,0,33.0,82.3,-57.55,0.2137,0
CC-13369,38,Gold,61,83151,23947,0.0465,-0.0281,559,6708,0.3409,8,7,1,224.14,0,0,15,0,134.16,95,100.62,70.59,282.0899999999999,0.2561,0
CC-13370,67,Standard,4,25000,3690,0.0874,-0.2678,162,1944,1.0861,27,4,0,0.0,0,1,13,0,34.02,0,19.44,88.7,-74.12,0.1969,0
CC-13371,58,Gold,17,69189,18153,0.0732,-0.0549,668,8016,1.2789,8,16,0,0.0,1,0,14,1,160.32,95,120.24,59.47,75.61000000000001,0.0751,0
CC-13372,59,Standard,105,27249,3885,0.0922,-0.0862,180,2160,0.4173,8,5,0,0.0,1,0,17,0,37.8,0,21.6,51.18,-34.980000000000004,0.1176,0
CC-13373,69,Gold,107,127446,26479,0.0991,-0.0401,1319,15828,1.0615,8,18,0,0.0,2,0,10,0,316.56,95,237.42,100.81,73.32999999999998,0.0518,0
CC-13374,26,Platinum,39,85188,28635,0.0471,-0.1039,678,8136,1.3531,27,16,0,0.0,3,0,14,1,183.06,295,178.99,117.78,181.29000000000002,0.1211,1
CC-13375,60,Platinum,73,230502,83708,0.0975,-0.2462,4101,49212,1.454,8,58,0,0.0,2,0,15,1,1107.27,295,1082.66,122.92,196.68999999999983,0.0543,0
CC-13376,32,Platinum,22,157999,50591,0.092,-0.075,2339,28068,0.799,8,40,1,936.85,3,0,7,1,631.53,295,617.5,86.0,1159.88,0.2303,0
CC-13377,34,Standard,100,39162,6691,0.1002,0.1196,337,4044,1.184,8,7,0,0.0,0,0,5,0,70.77,0,40.44,59.47,-29.14,0.0475,1
CC-13378,64,Standard,37,54071,6978,0.1352,0.1692,474,5688,1.3789,8,10,0,0.0,1,0,10,0,99.54,0,56.88,92.67,-50.010000000000005,0.0337,0
CC-13379,30,Gold,36,71304,16878,0.0613,0.3459,520,6240,1.0704,8,10,0,0.0,0,0,9,1,124.8,95,93.6,68.36,57.84000000000003,0.1098,0
CC-13380,40,Standard,119,29142,3715,0.0568,0.2337,106,1272,1.3355,27,4,3,42.47,0,0,11,0,22.26,0,12.72,92.24,-40.22999999999999,0.1808,0
CC-13381,35,Standard,88,45889,6621,0.1106,-0.1995,368,4416,0.9392,27,6,0,0.0,2,0,10,0,77.28,0,44.16,70.32,-37.19999999999999,0.116,0
CC-13382,51,Standard,33,52875,6470,0.1599,-0.0813,520,6240,1.0683,119,11,0,0.0,2,0,9,0,109.2,0,62.4,73.77,-26.969999999999985,0.7404,1
CC-13383,27,Standard,89,59382,8096,0.0919,-0.0234,374,4488,0.7635,27,4,0,0.0,0,0,10,0,78.54,0,44.88,71.85,-38.18999999999998,0.148,0
CC-13384,61,Standard,21,50599,7288,0.0699,-0.0328,256,3072,0.9006,8,9,0,0.0,2,1,15,0,53.76,0,30.72,102.73,-79.69,0.1384,0
CC-13385,30,Platinum,70,121472,42143,0.0565,-0.0096,1196,14352,1.0801,8,21,0,0.0,1,1,14,1,322.92,295,315.74,77.93,224.25000000000006,0.2,0
CC-13386,30,Standard,26,60595,9248,0.0684,0.3411,318,3816,0.741,8,7,0,0.0,3,1,15,1,66.78,0,38.16,124.41,-95.78999999999999,0.3042,1
CC-13387,68,Gold,86,109713,24959,0.0724,-0.1823,908,10896,0.8829,8,15,0,0.0,1,1,12,0,217.92,95,163.44,70.08,79.39999999999998,0.1425,0
CC-13388,59,Standard,41,48026,7270,0.0807,-0.127,295,3540,1.1783,8,9,3,118.09,1,0,14,1,61.95,0,35.4,66.44,78.20000000000002,0.237,1
CC-13389,48,Gold,94,110729,27781,0.0916,0.2266,1279,15348,1.5658,27,11,1,512.21,0,0,15,0,306.96,95,230.22,46.27,637.6800000000001,0.0607,0
CC-13390,50,Standard,56,69579,9669,0.0737,-0.1124,358,4296,0.3352,8,7,0,0.0,2,0,13,0,75.18,0,42.96,101.39,-69.16999999999999,0.1464,0
CC-13391,57,Platinum,41,120974,47933,0.0415,0.039,999,11988,1.543,27,17,0,0.0,1,0,15,0,269.73,295,263.74,98.26,202.73000000000002,0.0449,0
CC-13392,23,Platinum,19,108511,38672,0.0731,0.1352,1421,17052,0.872,8,11,0,0.0,0,0,16,1,383.67,295,375.14,36.79,266.74000000000007,0.13,0
CC-13393,70,Standard,21,38557,5395,0.1284,0.053,348,4176,1.2395,8,7,0,0.0,1,0,11,0,73.08,0,41.76,59.64,-28.320000000000007,0.0415,0
CC-13394,63,Platinum,50,92762,38276,0.0722,0.0088,1389,16668,1.2983,8,12,0,0.0,2,0,12,0,375.03,295,366.7,116.16,187.16999999999996,0.0363,0
CC-13395,35,Black,37,321385,100000,0.1952,0.1208,9807,117684,1.4193,8,133,0,0.0,4,0,14,0,2942.1,495,3530.52,96.32,-189.74000000000024,0.0293,0
CC-13396,41,Platinum,34,83653,34930,0.0717,-0.154,1259,15108,0.7316,8,17,0,0.0,1,1,16,0,339.93,295,332.38,52.66,249.8900000000001,0.1695,0
CC-13397,57,Platinum,49,184275,69455,0.0614,-0.0945,2144,25728,0.8824,8,21,2,858.38,2,1,18,1,578.88,295,566.02,95.9,1070.3400000000001,0.4176,1
CC-13398,32,Standard,112,37437,5342,0.0644,0.0603,173,2076,0.9339,8,4,0,0.0,1,0,14,1,36.33,0,20.76,72.02,-56.45,0.1153,0
CC-13399,24,Gold,49,113872,25972,0.1042,-0.3304,1360,16320,0.8428,8,21,1,544.73,4,1,14,0,326.4,95,244.8,141.19,580.14,0.2076,0
CC-13400,67,Standard,66,25000,3994,0.0857,0.1925,172,2064,1.3456,27,8,0,0.0,1,1,14,0,36.12,0,20.64,89.14,-73.66,0.1309,0
CC-13401,29,Standard,48,40666,7273,0.0818,0.0255,299,3588,0.927,8,5,1,119.75,2,3,8,0,62.79,0,35.88,76.24,70.41999999999999,0.5858,0
CC-13402,59,Black,105,189489,89592,0.11,0.003,4954,59448,0.4644,27,76,3,1983.67,1,0,14,0,1486.2,495,1783.44,70.28,2111.1499999999996,0.546,0
CC-13403,62,Standard,37,60225,10412,0.094,-0.2646,492,5904,0.7601,8,17,0,0.0,2,0,9,1,103.32,0,59.04,70.21,-25.930000000000007,0.1684,1
CC-13404,48,Gold,96,120679,28107,0.0464,-0.213,655,7860,0.4765,8,11,0,0.0,5,1,19,0,157.2,95,117.9,115.66,18.639999999999986,0.2804,0
CC-13405,43,Platinum,19,57957,19529,0.1153,-0.0798,1132,13584,0.8815,27,22,3,453.23,2,0,11,0,305.64,295,298.85,123.89,631.1299999999999,0.3315,1
CC-13406,65,Platinum,44,170305,69293,0.0758,0.1011,2638,31656,1.1518,27,29,0,0.0,2,2,11,0,712.26,295,696.43,67.33,243.5,0.342,0
CC-13407,60,Black,113,354808,100000,0.1312,-0.3315,6591,79092,0.7537,27,94,1,2640.84,2,0,12,1,1977.3,495,2372.76,75.9,2664.48,0.3441,0
CC-13408,64,Standard,31,48663,8705,0.0768,0.0983,336,4032,0.8291,8,9,0,0.0,1,0,16,1,70.56,0,40.32,73.82,-43.579999999999984,0.1368,0
CC-13409,42,Standard,72,51616,8593,0.0885,-0.074,382,4584,0.8676,8,10,0,0.0,2,0,5,1,80.22,0,45.84,100.49,-66.10999999999999,0.1521,0
CC-13410,44,Standard,19,50805,7463,0.0584,-0.0535,219,2628,0.9922,8,7,0,0.0,4,1,16,0,45.99,0,26.28,152.19,-132.48,0.1199,0
CC-13411,71,Standard,83,54781,8319,0.0801,0.018,335,4020,1.1048,8,13,0,0.0,2,0,12,0,70.35,0,40.2,88.32,-58.16999999999999,0.0476,0
CC-13412,46,Standard,16,32709,5692,0.0636,0.0204,182,2184,1.1922,119,5,4,72.87,2,0,13,0,38.22,0,21.84,76.11,13.14,0.9156,1
CC-13413,50,Standard,26,58505,8957,0.0735,-0.1269,331,3972,1.6267,8,6,0,0.0,4,0,8,0,69.51,0,39.72,124.36,-94.56999999999998,0.024,0
CC-13414,53,Platinum,59,147327,46519,0.0559,0.0737,1306,15672,0.987,8,18,0,0.0,1,2,13,0,352.62,295,344.78,96.29,206.55,0.2482,0
CC-13415,36,Gold,52,88173,21475,0.0538,-0.3679,581,6972,1.1707,8,13,0,0.0,2,0,6,1,139.44,95,104.58,80.57,49.29000000000002,0.0992,1
CC-13416,42,Standard,59,51374,7756,0.058,-0.0876,226,2712,0.4737,27,6,1,90.55,3,1,12,0,47.46,0,27.12,90.15,20.73999999999998,0.487,1
CC-13417,69,Gold,103,57996,12160,0.0828,0.0031,506,6072,0.8362,8,9,0,0.0,1,0,10,0,121.44,95,91.08,92.92,32.44,0.0728,0
CC-13418,70,Standard,63,27523,4530,0.112,-0.0717,255,3060,0.8689,119,4,0,0.0,3,1,11,0,53.55,0,30.6,111.24,-88.29,0.8959,1
CC-13419,63,Standard,106,43638,5522,0.0739,-0.294,205,2460,0.6448,8,5,2,82.14,2,1,13,1,43.05,0,24.6,106.02,-5.430000000000007,0.525,0
CC-13420,38,Platinum,41,194023,65325,0.0812,0.0937,2666,31992,0.7892,27,44,0,0.0,2,0,10,0,719.82,295,703.82,86.9,224.10000000000002,0.1478,0
CC-13421,27,Gold,57,59810,16774,0.0575,-0.2073,485,5820,0.9178,8,11,0,0.0,2,1,12,0,116.4,95,87.3,113.83,10.27000000000001,0.1387,0
CC-13422,70,Platinum,98,146130,50482,0.1112,-0.0301,2821,33852,0.7986,27,52,0,0.0,1,0,15,0,761.67,295,744.74,75.48,236.45000000000005,0.1285,0
CC-13423,46,Standard,38,36937,6298,0.0427,0.003,135,1620,1.7306,8,9,0,0.0,1,0,10,0,28.35,0,16.2,89.44,-77.28999999999999,0.0194,0
CC-13424,28,Platinum,116,110215,36135,0.0634,-0.017,1151,13812,1.1037,27,11,0,0.0,2,0,9,1,310.77,295,303.86,87.97,213.93999999999994,0.1754,0
CC-13425,26,Gold,39,95640,28286,0.0478,0.1554,679,8148,1.5503,8,13,0,0.0,0,0,10,0,162.96,95,122.22,69.12,66.62000000000003,0.0258,0
CC-13426,50,Gold,114,101136,22345,0.1344,-0.028,1509,18108,1.3978,8,24,1,604.49,3,0,8,0,362.16,95,271.62,113.93,676.1000000000001,0.0469,0
CC-13427,59,Gold,16,68264,13914,0.1044,0.0441,730,8760,0.7582,8,18,1,292.39,2,0,8,0,175.2,95,131.4,112.87,318.31999999999994,0.1294,0
CC-13428,43,Platinum,29,188553,75824,0.0474,-0.0284,1807,21684,0.9613,27,25,0,0.0,2,0,7,0,487.89,295,477.05,70.9,234.93999999999994,0.1238,0
CC-13429,52,Gold,85,93978,25864,0.0558,0.0719,725,8700,0.8196,8,6,1,290.49,1,0,13,1,174.0,95,130.5,63.55,365.44,0.1959,0
CC-13430,42,Gold,33,79864,17825,0.0595,0.189,533,6396,0.9015,8,10,0,0.0,1,0,6,0,127.92,95,95.94,67.56,59.420000000000016,0.0752,0
CC-13431,62,Black,112,304326,100000,0.0788,0.0006,3960,47520,0.6571,8,57,0,0.0,1,0,13,0,1188.0,495,1425.6,80.43,176.97000000000003,0.1219,1
CC-13432,63,Platinum,75,211272,74012,0.1105,0.0973,4110,49320,0.8175,8,53,0,0.0,0,0,11,0,1109.7,295,1085.04,89.5,230.16000000000008,0.0751,0
CC-13433,65,Standard,104,53477,9468,0.0744,0.1983,354,4248,1.0579,8,6,0,0.0,0,1,4,0,74.34,0,42.48,82.94,-51.079999999999984,0.1268,0
CC-13434,29,Gold,83,70152,17573,0.0898,0.1836,793,9516,1.0499,8,15,0,0.0,1,1,9,0,190.32,95,142.74,100.27,42.31,0.1193,0
CC-13435,51,Standard,85,44789,6642,0.0743,-0.0778,248,2976,1.026,8,6,0,0.0,1,0,18,1,52.08,0,29.76,70.65,-48.33000000000001,0.096,0
CC-13436,27,Standard,46,46476,6829,0.095,0.1355,326,3912,0.9321,8,6,1,130.58,2,0,13,1,68.46,0,39.12,85.07,74.85000000000002,0.1737,0
CC-13437,29,Gold,70,99138,23147,0.0646,0.0173,751,9012,1.2082,8,14,0,0.0,1,0,18,0,180.24,95,135.18,91.81,48.25,0.0366,0
CC-13438,33,Platinum,50,148384,52634,0.068,0.1476,1798,21576,0.8729,8,23,0,0.0,2,0,13,0,485.46,295,474.67,116.51,189.27999999999997,0.068,0
CC-13439,23,Platinum,59,206336,70847,0.1002,0.0653,3566,42792,1.3675,8,50,0,0.0,0,2,13,0,962.82,295,941.42,92.52,223.8800000000001,0.1522,1
CC-13440,55,Standard,77,42449,5187,0.0706,0.0214,184,2208,0.3957,8,3,0,0.0,0,1,7,0,38.64,0,22.08,56.77,-40.209999999999994,0.2876,0
CC-13441,53,Gold,24,48239,10904,0.0982,0.0451,538,6456,1.147,8,10,0,0.0,1,0,13,1,129.12,95,96.84,87.7,39.579999999999984,0.0924,0
CC-13442,41,Standard,6,47413,6295,0.135,0.0183,427,5124,1.0965,27,7,0,0.0,1,1,12,0,89.67,0,51.24,92.09,-53.66000000000001,0.1971,0
CC-13443,51,Black,83,249121,100000,0.0641,0.0241,3220,38640,0.7476,8,43,0,0.0,0,0,15,1,966.0,495,1159.2,89.17,212.62999999999988,0.1499,0
CC-13444,54,Black,74,174717,81732,0.1238,-0.0438,5086,61032,0.8434,27,81,1,2036.67,1,0,10,0,1525.8,495,1830.96,94.22,2132.29,0.1875,0
CC-13445,52,Gold,48,70050,19359,0.0416,-0.0578,405,4860,1.0894,8,15,0,0.0,1,1,10,0,97.2,95,72.9,75.51,43.789999999999964,0.1137,0
CC-13446,55,Platinum,61,127456,52761,0.0612,0.2445,1622,19464,1.2248,27,22,0,0.0,0,0,9,0,437.94,295,428.21,81.09,223.6400000000001,0.0798,0
CC-13447,35,Gold,36,109220,28878,0.0835,0.0516,1212,14544,0.4252,8,16,0,0.0,1,0,16,1,290.88,95,218.16,76.95,90.76999999999998,0.2994,0
CC-13448,52,Gold,13,53480,15950,0.0706,-0.106,566,6792,1.1385,8,6,0,0.0,4,0,10,1,135.84,95,101.88,154.44,-25.47999999999999,0.0995,0
CC-13449,26,Standard,33,48935,6787,0.0569,-0.0616,194,2328,0.8127,8,6,0,0.0,0,0,15,0,40.74,0,23.28,56.91,-39.449999999999996,0.0726,1
CC-13450,65,Gold,13,132185,28899,0.1182,0.1384,1716,20592,1.2876,27,15,0,0.0,3,0,13,0,411.84,95,308.88,84.4,113.56,0.07,0
CC-13451,41,Gold,58,81284,19535,0.1219,-0.1304,1197,14364,0.3982,8,16,0,0.0,2,0,17,0,287.28,95,215.46,107.62,59.19999999999993,0.1686,0
CC-13452,53,Gold,40,80659,19929,0.0548,-0.2423,549,6588,1.6836,8,4,0,0.0,0,1,12,0,131.76,95,98.82,52.92,75.01999999999998,0.0458,0
CC-13453,52,Standard,119,53097,9224,0.1064,-0.2313,493,5916,0.6842,8,7,1,197.55,4,0,8,0,103.53,0,59.16,137.35,104.57000000000005,0.1331,0
CC-13454,39,Black,23,316552,100000,0.1387,-0.2793,6969,83628,1.379,119,91,0,0.0,2,0,13,0,2090.7,495,2508.84,69.55,7.309999999999491,0.6176,1
CC-13455,53,Standard,112,60947,8382,0.1384,-0.2148,583,6996,0.9292,27,7,0,0.0,2,0,11,1,122.43,0,69.96,124.23,-71.75999999999999,0.2133,0
CC-13456,48,Gold,96,81448,22338,0.049,-0.1971,550,6600,0.7044,8,13,0,0.0,6,0,10,1,132.0,95,99.0,172.76,-44.75999999999999,0.1712,0
CC-13457,51,Gold,12,99921,25038,0.1026,0.1878,1291,15492,1.0295,27,25,1,517.08,1,0,10,0,309.84,95,232.38,91.29,598.25,0.1529,0
CC-13458,41,Gold,28,100259,21677,0.0515,-0.0269,561,6732,1.2587,8,8,0,0.0,1,0,6,0,134.64,95,100.98,88.56,40.099999999999966,0.0441,0
CC-13459,54,Gold,93,77869,20065,0.1068,-0.0745,1077,12924,0.4842,27,20,2,431.34,1,0,10,0,258.48,95,193.86,58.43,532.53,0.4608,1
CC-13460,35,Standard,10,43717,7636,0.0891,-0.2365,342,4104,1.1605,8,11,0,0.0,2,0,12,0,71.82,0,41.04,73.67,-42.890000000000015,0.0463,0
CC-13461,34,Standard,105,44874,7653,0.0676,-0.0415,260,3120,0.9463,8,4,1,104.13,1,0,12,1,54.6,0,31.2,54.62,72.91,0.1664,1
CC-13462,39,Gold,10,58698,15184,0.0531,-0.2806,405,4860,1.1231,8,7,2,162.29,2,0,15,1,97.2,95,72.9,110.82,170.77,0.1861,0
CC-13463,63,Gold,62,76740,18241,0.1102,-0.0754,1010,12120,0.9533,119,11,0,0.0,4,0,17,1,242.4,95,181.8,137.82,17.779999999999973,0.8579,1
CC-13464,35,Standard,74,61831,7742,0.1167,0.2897,454,5448,0.7784,27,9,0,0.0,2,2,14,0,95.34,0,54.48,116.92,-76.06,0.4645,1
CC-13465,26,Gold,36,107051,26437,0.0693,0.0796,921,11052,0.6161,27,14,0,0.0,4,0,13,0,221.04,95,165.78,134.01,16.25,0.2349,1
CC-13466,29,Gold,18,72676,20001,0.0682,-0.0515,685,8220,1.1518,8,13,0,0.0,0,0,10,0,164.4,95,123.3,58.74,77.35999999999999,0.0484,0
CC-13467,57,Gold,107,84665,19983,0.1118,0.0847,1123,13476,1.1502,8,18,0,0.0,2,0,11,0,269.52,95,202.14,119.03,43.35000000000002,0.0444,0
CC-13468,40,Platinum,15,173998,54454,0.08,-0.0982,2189,26268,1.1487,8,33,1,876.86,2,0,11,0,591.03,295,577.9,102.0,1082.9899999999998,0.0698,0
CC-13469,54,Standard,89,49988,8792,0.0444,-0.1401,196,2352,1.0783,27,4,2,78.57,3,0,14,1,41.16,0,23.52,82.82,13.39,0.3134,1
CC-13470,58,Standard,78,53998,9141,0.1106,0.2356,508,6096,1.2334,119,13,1,203.5,3,0,17,0,106.68,0,60.96,133.89,115.33000000000001,0.7284,0
CC-13471,46,Platinum,93,158694,58614,0.0717,-0.1913,2112,25344,1.3718,8,22,3,845.92,1,0,7,0,570.24,295,557.57,102.39,1051.1999999999998,0.106,0
CC-13472,38,Gold,24,89577,19140,0.0789,-0.0731,759,9108,0.3871,8,10,0,0.0,1,0,8,1,182.16,95,136.62,95.47,45.069999999999965,0.3499,1
CC-13473,48,Gold,98,81474,17475,0.0652,0.0259,573,6876,0.2475,27,11,0,0.0,1,0,10,0,137.52,95,103.14,105.68,23.700000000000017,0.3583,0
CC-13474,71,Platinum,115,98171,28906,0.1416,-0.1604,2057,24684,1.4654,8,30,0,0.0,2,0,10,0,555.39,295,543.05,88.92,218.42000000000007,0.0276,0
CC-13475,29,Platinum,29,164228,60153,0.0585,0.0776,1767,21204,0.5477,8,24,0,0.0,2,0,15,0,477.09,295,466.49,115.66,189.93999999999994,0.1455,0
CC-13476,52,Black,66,264477,100000,0.1246,-0.066,6262,75144,0.6241,8,77,0,0.0,1,0,15,0,1878.6,495,2254.32,106.0,13.279999999999745,0.1275,0
CC-13477,26,Gold,4,49982,14208,0.0966,0.0796,690,8280,0.8637,8,6,1,276.26,0,1,9,1,165.6,95,124.2,82.46,330.20000000000005,0.381,0
CC-13478,34,Gold,111,73404,21969,0.0355,0.0679,392,4704,0.4538,27,12,0,0.0,1,0,17,1,94.08,95,70.56,93.88,24.639999999999986,0.4222,0
CC-13479,48,Standard,99,54588,7750,0.124,-0.0565,483,5796,0.8355,27,8,1,193.43,1,1,13,0,101.43,0,57.96,71.38,165.52,0.3353,0
CC-13480,44,Standard,28,25000,3680,0.0817,0.2366,151,1812,0.6656,8,5,0,0.0,3,1,15,0,31.71,0,18.12,100.31,-86.72,0.1887,0
CC-13481,33,Gold,94,63122,17116,0.0849,-0.1198,730,8760,0.88,8,15,2,292.49,2,0,12,1,175.2,95,131.4,118.9,312.39000000000004,0.2504,0
CC-13482,63,Standard,85,46542,8202,0.0655,0.1823,270,3240,1.034,8,6,0,0.0,3,1,8,1,56.7,0,32.4,90.78,-66.48,0.2305,1
CC-13483,32,Platinum,109,189200,76658,0.0881,0.1562,3392,40704,0.8469,27,35,0,0.0,3,0,6,0,915.84,295,895.49,82.55,232.80000000000018,0.1393,1
CC-13484,71,Gold,71,106249,21861,0.0729,0.2456,801,9612,0.8318,8,13,0,0.0,2,0,13,1,192.24,95,144.18,103.43,39.629999999999995,0.1394,0
CC-13485,39,Gold,99,116909,25358,0.0479,0.0061,610,7320,1.0274,8,13,0,0.0,0,0,6,0,146.4,95,109.8,55.24,76.36000000000001,0.0592,0
CC-13486,41,Standard,86,47337,7823,0.116,-0.1383,456,5472,1.2633,119,11,0,0.0,2,1,11,1,95.76,0,54.72,108.79,-67.74999999999999,0.9048,1
CC-13487,47,Standard,32,42646,6880,0.0422,0.2915,146,1752,1.4309,27,6,0,0.0,5,0,11,0,30.66,0,17.52,169.85,-156.71,0.0578,0
CC-13488,39,Standard,111,54487,6973,0.137,-0.0702,480,5760,0.8844,27,10,1,192.29,4,0,6,1,100.8,0,57.6,108.01,127.47999999999996,0.3246,0
CC-13489,44,Standard,10,34882,5236,0.0589,-0.142,155,1860,1.4975,119,2,1,62.08,1,1,12,0,32.55,0,18.6,69.19,6.840000000000003,0.8279,1
CC-13490,46,Standard,40,34004,5673,0.0709,-0.0485,202,2424,1.213,8,6,1,80.96,1,0,9,0,42.42,0,24.24,85.78,13.36,0.0645,0
CC-13491,65,Gold,63,60454,13413,0.1185,-0.1673,799,9588,0.5804,27,6,0,0.0,2,0,13,1,191.76,95,143.82,104.89,38.05000000000001,0.4022,0
CC-13492,48,Platinum,83,178110,71596,0.0524,0.0589,1886,22632,0.5716,8,32,0,0.0,1,1,19,0,509.22,295,497.9,109.6,196.72000000000003,0.2528,0
CC-13493,66,Platinum,110,110789,31842,0.1418,-0.1109,2269,27228,0.7768,8,30,0,0.0,2,0,14,1,612.63,295,599.02,94.74,213.87,0.1437,0
CC-13494,38,Gold,67,106262,29564,0.0713,-0.0631,1060,12720,1.3834,8,6,0,0.0,0,0,16,1,254.4,95,190.8,48.14,110.45999999999998,0.0596,0
CC-13495,64,Standard,69,46670,7324,0.0731,0.1252,269,3228,0.7996,8,5,0,0.0,2,1,13,0,56.49,0,32.28,117.98,-93.76999999999998,0.1588,0
CC-13496,56,Platinum,48,178560,57876,0.107,0.0736,3113,37356,0.3823,8,34,0,0.0,1,2,8,1,840.51,295,821.83,92.6,221.07999999999993,0.7443,1
CC-13497,62,Platinum,92,101311,38592,0.0659,-0.0177,1278,15336,0.8813,119,16,0,0.0,3,1,12,0,345.06,295,337.39,117.19,185.47999999999996,0.8898,1
CC-13498,49,Standard,97,37962,6337,0.0672,0.0056,214,2568,0.3558,8,6,0,0.0,3,0,15,0,44.94,0,25.68,131.89,-112.63,0.1335,0
CC-13499,37,Gold,74,94647,27768,0.0836,-0.0182,1167,14004,0.6335,119,9,0,0.0,0,0,13,0,280.08,95,210.06,39.58,125.44,0.8787,1
CC-13500,24,Standard,45,40151,5704,0.0754,-0.0847,216,2592,0.7739,8,5,0,0.0,0,0,12,0,45.36,0,25.92,62.29,-42.85000000000001,0.0805,0
CC-13501,64,Platinum,61,52732,19829,0.0556,-0.0204,554,6648,0.9949,8,15,0,0.0,2,0,9,1,149.58,295,146.26,118.35,179.97000000000003,0.12,1
CC-13502,65,Black,48,183941,86171,0.1157,0.0536,5011,60132,1.2572,8,54,0,0.0,2,0,15,0,1503.3,495,1803.96,69.97,124.36999999999989,0.0366,0
CC-13503,49,Standard,74,32475,4920,0.1141,-0.0389,282,3384,1.1582,27,4,0,0.0,3,0,11,0,59.22,0,33.84,114.4,-89.02000000000001,0.084,0
CC-13504,24,Platinum,37,103629,41934,0.0736,0.043,1550,18600,0.5962,8,24,0,0.0,2,1,12,1,418.5,295,409.2,83.64,220.66000000000003,0.4515,0
CC-13505,30,Gold,41,99487,19928,0.102,-0.1455,1021,12252,0.8385,119,12,0,0.0,0,0,15,0,245.04,95,183.78,68.96,87.29999999999995,0.784,1
CC-13506,45,Black,94,303593,100000,0.1505,-0.1106,7565,90780,0.9729,27,103,0,0.0,2,1,22,1,2269.5,495,2723.4,70.76,-29.66000000000031,0.3252,0
CC-13507,51,Gold,53,88447,22450,0.0791,-0.1301,892,10704,0.8713,27,9,1,357.44,2,0,8,0,214.08,95,160.56,97.47,408.49,0.1895,0
CC-13508,23,Platinum,6,210303,64134,0.0897,-0.1048,2892,34704,0.8692,8,42,0,0.0,1,1,8,0,780.84,295,763.49,80.71,231.6400000000001,0.1644,0
CC-13509,67,Standard,82,58221,10157,0.1136,0.1731,580,6960,0.4332,8,6,0,0.0,1,0,19,0,121.8,0,69.6,53.88,-1.6799999999999926,0.1129,0
CC-13510,22,Standard,79,54020,8581,0.054,0.0889,233,2796,0.6042,119,5,0,0.0,1,1,13,1,48.93,0,27.96,64.04,-43.07,0.9635,1
CC-13511,45,Standard,86,28178,4189,0.0974,-0.1815,205,2460,0.8291,8,11,0,0.0,1,0,10,1,43.05,0,24.6,58.05,-39.60000000000001,0.1458,1
CC-13512,69,Black,53,284167,100000,0.1633,0.0456,8204,98448,0.05,8,114,0,0.0,2,0,8,1,2461.2,495,2953.44,93.52,-90.76000000000022,0.474,1
CC-13513,26,Platinum,7,150454,51624,0.1033,-0.0786,2679,32148,1.1422,8,33,0,0.0,1,0,8,1,723.33,295,707.26,67.01,244.06000000000006,0.1031,0
CC-13514,46,Platinum,57,125467,44943,0.115,-0.1224,2598,31176,0.5382,119,36,0,0.0,0,1,15,0,701.46,295,685.87,66.09,244.5,0.9506,1
CC-13515,28,Black,103,399446,100000,0.1385,-0.2429,6959,83508,1.1561,8,99,0,0.0,2,0,15,0,2087.7,495,2505.24,98.82,-21.360000000000127,0.0409,0
CC-13516,55,Standard,22,45576,6469,0.072,0.1258,234,2808,1.1297,8,5,0,0.0,1,0,14,0,49.14,0,28.08,50.46,-29.39999999999999,0.0463,0
CC-13517,47,Standard,26,31181,4001,0.1393,-0.2246,280,3360,0.7869,8,4,0,0.0,5,0,8,0,58.8,0,33.6,162.19,-136.99,0.0862,0
CC-13518,45,Standard,38,33779,5451,0.0734,-0.0278,201,2412,1.2502,119,11,0,0.0,1,1,15,1,42.21,0,24.12,58.84,-40.75000000000001,0.9032,1
CC-13519,38,Standard,36,70676,10512,0.1077,-0.1619,569,6828,1.173,8,9,0,0.0,3,1,12,0,119.49,0,68.28,130.53,-79.32000000000001,0.0983,1
CC-13520,21,Standard,111,40273,5561,0.0619,0.0964,173,2076,0.8573,8,6,0,0.0,3,1,17,0,36.33,0,20.76,112.63,-97.05999999999999,0.1331,0
CC-13521,68,Gold,114,40831,10076,0.1011,-0.0702,512,6144,0.8235,8,9,0,0.0,1,0,12,1,122.88,95,92.16,63.72,62.0,0.1391,0
CC-13522,59,Standard,56,38257,5072,0.1048,-0.0402,267,3204,1.2792,8,6,0,0.0,0,0,11,1,56.07,0,32.04,81.83,-57.800000000000004,0.077,0
CC-13523,23,Standard,36,25000,4387,0.0581,-0.0351,128,1536,1.0196,8,11,0,0.0,2,0,14,0,26.88,0,15.36,103.73,-92.21000000000001,0.0541,0
CC-13524,24,Standard,85,55319,6817,0.1068,0.0254,366,4392,1.2634,8,5,0,0.0,1,0,11,1,76.86,0,43.92,89.2,-56.260000000000005,0.0771,0
CC-13525,61,Standard,19,25000,4298,0.0921,-0.018,199,2388,0.2333,8,3,3,79.68,2,0,11,0,41.79,0,23.88,83.65,13.939999999999998,0.4185,0
CC-13526,57,Black,7,181845,82202,0.0469,-0.0265,1939,23268,0.9795,8,41,0,0.0,1,2,6,0,581.7,495,698.04,74.16,304.5000000000001,0.2864,0
CC-13527,71,Platinum,91,140139,51382,0.0926,-0.0978,2391,28692,0.4768,8,28,0,0.0,0,0,12,0,645.57,295,631.22,67.16,242.19000000000005,0.1613,0
CC-13528,35,Black,20,357656,100000,0.1544,-0.2562,7761,93132,0.9423,119,89,0,0.0,1,0,13,0,2328.3,495,2793.96,72.21,-42.86999999999989,0.7651,1
CC-13529,28,Standard,57,44218,7870,0.0536,-0.1878,212,2544,1.1641,8,8,1,84.91,2,0,16,0,44.52,0,25.44,86.82,17.170000000000016,0.0601,0
CC-13530,58,Standard,55,30851,4223,0.1211,0.0878,257,3084,1.4717,8,3,0,0.0,1,0,8,1,53.97,0,30.84,100.64,-77.50999999999999,0.0612,0
CC-13531,70,Platinum,52,146389,53057,0.0662,-0.0659,1764,21168,0.6685,8,36,0,0.0,1,1,11,1,476.28,295,465.7,107.79,197.78999999999996,0.4248,0
CC-13532,39,Standard,74,39737,7136,0.0572,-0.1196,205,2460,0.7923,8,3,0,0.0,0,0,16,1,43.05,0,24.6,63.86,-45.41000000000001,0.1395,0
CC-13533,67,Standard,93,57742,9981,0.0744,-0.2309,373,4476,0.9213,27,9,0,0.0,1,1,11,0,78.33,0,44.76,101.88,-68.30999999999999,0.2357,0
CC-13534,46,Standard,81,54616,8311,0.1025,-0.2779,428,5136,0.6576,27,11,0,0.0,1,1,16,1,89.88,0,51.36,97.97,-59.44999999999999,0.4764,0
CC-13535,59,Standard,47,38956,6989,0.1056,-0.1255,371,4452,1.2436,8,8,0,0.0,3,1,13,0,77.91,0,44.52,109.27,-75.88,0.0864,1
CC-13536,30,Standard,15,53772,8715,0.0523,0.1132,229,2748,0.929,27,5,0,0.0,1,0,18,1,48.09,0,27.48,89.72,-69.11,0.2036,0
CC-13537,58,Standard,18,48051,6367,0.0897,-0.1036,287,3444,0.9866,27,5,1,114.96,1,0,16,0,60.27,0,34.44,53.92,86.86999999999999,0.1457,0
CC-13538,34,Gold,88,114044,27434,0.0469,0.0401,646,7752,1.1361,8,11,0,0.0,4,1,13,0,155.04,95,116.28,133.57,0.18999999999999773,0.0979,0
CC-13539,69,Standard,86,53293,7464,0.1192,-0.1105,447,5364,0.9285,8,10,0,0.0,2,0,15,1,93.87,0,53.64,79.63,-39.39999999999998,0.1164,0
CC-13540,61,Standard,15,51153,7194,0.0893,0.0758,323,3876,0.7047,8,9,1,129.31,2,0,11,0,67.83,0,38.76,121.26,37.119999999999976,0.1324,0
CC-13541,39,Platinum,22,186478,72067,0.0932,-0.0728,3375,40500,0.9311,119,41,0,0.0,0,1,12,1,911.25,295,891.0,75.06,240.19000000000005,0.9436,1
CC-13542,50,Standard,68,45173,7004,0.0702,-0.2048,247,2964,0.6931,8,1,0,0.0,2,0,13,0,51.87,0,29.64,102.23,-80.0,0.0874,0
CC-13543,25,Standard,101,36302,4439,0.1457,-0.0603,325,3900,0.9824,8,7,0,0.0,0,0,12,1,68.25,0,39.0,89.32,-60.06999999999999,0.1124,0
CC-13544,51,Platinum,49,147029,59229,0.0767,0.2551,2282,27384,1.2491,27,32,1,914.4,2,0,17,0,616.14,295,602.45,109.82,1113.27,0.0967,0
CC-13545,27,Standard,21,41001,5650,0.1388,0.2485,394,4728,0.5975,8,8,0,0.0,1,1,11,1,82.74,0,47.28,75.12,-39.66000000000001,0.3744,0
CC-13546,39,Standard,47,51797,9314,0.0425,0.053,199,2388,0.4903,8,4,0,0.0,2,2,8,1,41.79,0,23.88,112.25,-94.34,0.6333,1
CC-13547,51,Gold,39,86316,25499,0.0683,-0.0406,875,10500,0.9648,8,16,0,0.0,1,0,12,0,210.0,95,157.5,105.85,41.64999999999998,0.0609,0
CC-13548,59,Standard,56,49533,8739,0.0952,0.0256,418,5016,0.7197,8,10,0,0.0,1,0,12,0,87.78,0,50.16,106.62,-69.0,0.0864,0
CC-13549,44,Gold,8,59412,16701,0.0778,0.0275,653,7836,0.9595,8,9,3,261.54,2,1,6,0,156.72,95,117.54,79.99,315.73,0.3701,0
CC-13550,54,Platinum,16,157790,49054,0.0502,-0.026,1238,14856,1.0461,8,24,0,0.0,1,0,19,1,334.26,295,326.83,82.92,219.51,0.0965,0
CC-13551,43,Standard,6,30541,4640,0.1282,0.0461,299,3588,0.3069,8,2,1,119.73,1,0,10,1,62.79,0,35.88,97.69,48.95000000000002,0.3856,1
CC-13552,68,Gold,88,105437,23452,0.0714,0.0112,841,10092,1.157,27,13,1,337.04,4,0,9,0,201.84,95,151.38,153.79,328.71000000000015,0.1235,0
CC-13553,65,Gold,117,105469,23832,0.066,-0.0674,790,9480,0.5991,8,16,0,0.0,2,0,7,1,189.6,95,142.2,70.34,72.06000000000003,0.2658,1
CC-13554,60,Standard,57,48914,7662,0.0834,-0.1993,321,3852,0.9433,8,8,4,128.62,1,0,14,0,67.41,0,38.52,96.28,61.22999999999999,0.2393,0
CC-13555,26,Gold,105,91589,18691,0.1016,-0.089,954,11448,0.7522,8,18,1,382.24,0,0,13,0,228.96,95,171.72,62.08,472.40000000000003,0.1119,0
CC-13556,58,Standard,102,42483,7569,0.0941,0.0999,358,4296,0.7844,27,9,0,0.0,2,1,6,0,75.18,0,42.96,115.55,-83.32999999999998,0.2963,1
CC-13557,61,Gold,36,72181,21067,0.0608,-0.0247,644,7728,1.4582,27,11,0,0.0,0,1,9,1,154.56,95,115.92,80.06,53.579999999999984,0.2318,0
CC-13558,56,Standard,29,44831,6403,0.087,0.025,280,3360,1.0458,8,5,0,0.0,2,0,14,0,58.8,0,33.6,92.05,-66.85000000000001,0.0523,0
CC-13559,47,Gold,9,127132,31979,0.0818,-0.0625,1315,15780,1.2214,8,15,0,0.0,1,0,13,0,315.6,95,236.7,105.59,68.31000000000006,0.0414,0
CC-13560,31,Standard,5,47579,7040,0.08,-0.1789,283,3396,0.9953,27,8,0,0.0,2,0,7,1,59.43,0,33.96,87.05,-61.57999999999999,0.2241,1
CC-13561,25,Platinum,49,92898,37485,0.1046,-0.0558,1971,23652,1.136,8,33,0,0.0,0,1,8,0,532.17,295,520.34,58.69,248.14,0.1102,0
CC-13562,37,Standard,99,25780,4158,0.111,-0.1734,232,2784,1.0752,8,7,0,0.0,0,0,14,0,48.72,0,27.84,80.39,-59.510000000000005,0.0473,0
CC-13563,27,Standard,4,28821,3939,0.0924,-0.1829,183,2196,1.0263,8,1,1,73.26,1,0,14,0,38.43,0,21.96,65.87,23.859999999999985,0.0798,0
CC-13564,47,Gold,108,76976,18834,0.0407,0.1608,385,4620,1.2821,119,4,0,0.0,2,0,15,0,92.4,95,69.3,111.46,6.640000000000015,0.628,0
CC-13565,67,Gold,82,111898,27179,0.1147,-0.083,1567,18804,0.997,119,25,0,0.0,1,0,9,0,376.08,95,282.06,97.89,91.13,0.7543,1
CC-13566,35,Gold,27,63250,18717,0.0419,-0.1312,394,4728,1.6355,8,9,0,0.0,2,0,7,1,94.56,95,70.92,108.43,10.20999999999998,0.0498,0
CC-13567,66,Gold,62,115212,25062,0.068,0.2227,857,10284,1.2382,8,17,2,343.03,1,0,15,0,205.68,95,154.26,72.53,416.9200000000001,0.0792,0
CC-13568,33,Platinum,81,146280,42792,0.0665,0.1022,1431,17172,0.6081,27,26,0,0.0,0,0,15,0,386.37,295,377.78,63.19,240.40000000000003,0.2235,0
CC-13569,31,Platinum,26,156920,63283,0.0503,-0.0757,1600,19200,0.897,8,29,1,640.71,2,0,9,1,432.0,295,422.4,98.28,847.0300000000001,0.1967,0
CC-13570,65,Standard,17,50130,8712,0.0994,0.0441,435,5220,1.0691,8,13,0,0.0,0,0,10,0,91.35,0,52.2,42.69,-3.5400000000000063,0.055,1
CC-13571,46,Gold,97,97551,28014,0.0748,-0.0554,1053,12636,0.9633,8,11,0,0.0,0,0,14,0,252.72,95,189.54,57.21,100.97000000000003,0.0561,0
CC-13572,42,Platinum,16,125602,44153,0.1236,-0.1239,2743,32916,1.1561,8,41,0,0.0,2,0,19,0,740.61,295,724.15,74.8,236.6600000000002,0.0406,0
CC-13573,48,Black,56,116590,55817,0.0633,0.0512,1776,21312,1.1891,27,31,3,711.18,2,0,9,1,532.8,495,639.36,81.59,1018.03,0.3931,0
CC-13574,44,Platinum,80,119407,42851,0.082,-0.0686,1765,21180,0.5421,8,25,0,0.0,3,0,6,0,476.55,295,465.96,134.05,171.53999999999996,0.1647,0
CC-13575,49,Standard,8,35011,4347,0.1575,-0.0087,344,4128,1.3343,8,7,0,0.0,0,1,12,0,72.24,0,41.28,38.38,-7.420000000000002,0.0793,0
CC-13576,29,Standard,80,48493,7552,0.1128,0.1332,428,5136,0.801,8,6,0,0.0,2,2,8,1,89.88,0,51.36,98.23,-59.71000000000001,0.5054,0
CC-13577,62,Gold,83,89658,18053,0.1214,0.1167,1101,13212,0.7712,27,18,0,0.0,2,0,10,0,264.24,95,198.18,91.11,69.94999999999999,0.147,0
CC-13578,24,Gold,20,79211,18416,0.0589,-0.1025,545,6540,0.7703,27,9,0,0.0,1,0,13,1,130.8,95,98.1,90.15,37.55000000000001,0.2662,0
CC-13579,69,Gold,22,122304,35863,0.0861,0.0529,1552,18624,1.1926,8,22,0,0.0,4,0,16,0,372.48,95,279.36,152.76,35.360000000000014,0.0404,1
CC-13580,66,Gold,117,71384,16447,0.0732,-0.1892,605,7260,0.8699,119,10,0,0.0,1,0,11,0,145.2,95,108.9,77.5,53.79999999999998,0.7783,0
CC-13581,38,Platinum,64,62099,25558,0.0747,0.0476,959,11508,0.7509,8,12,0,0.0,0,1,10,0,258.93,295,253.18,65.32,235.43000000000006,0.1788,1
CC-13582,63,Standard,83,46343,6256,0.1088,0.0023,342,4104,0.8228,27,7,0,0.0,3,0,11,1,71.82,0,41.04,87.18,-56.400000000000006,0.2478,0
CC-13583,36,Platinum,82,181621,58852,0.1022,0.0368,3022,36264,0.4116,8,41,1,1210.66,2,0,18,1,815.94,295,797.81,119.68,1404.1100000000004,0.3759,0
CC-13584,53,Standard,42,48230,7606,0.1031,-0.0646,394,4728,0.6974,8,9,0,0.0,4,0,11,1,82.74,0,47.28,118.32,-82.86,0.1764,0
CC-13585,49,Standard,41,40987,6791,0.0929,0.2926,317,3804,0.5781,8,8,0,0.0,2,0,10,0,66.57,0,38.04,67.53,-39.0,0.1111,0
CC-13586,59,Gold,54,90109,22539,0.0452,-0.1552,512,6144,0.8692,8,13,0,0.0,3,0,18,0,122.88,95,92.16,111.79,13.930000000000007,0.0621,0
CC-13587,30,Platinum,34,204361,82458,0.0708,0.1257,2934,35208,1.1493,27,43,2,1175.1,0,0,11,0,792.18,295,774.58,85.68,1402.0199999999998,0.1762,0
CC-13588,29,Standard,110,35154,4303,0.1258,-0.1748,272,3264,1.1162,27,10,0,0.0,2,0,7,0,57.12,0,32.64,100.46,-75.97999999999999,0.0934,0
CC-13589,51,Standard,75,45347,7950,0.0601,0.0557,240,2880,1.327,8,5,0,0.0,1,0,7,0,50.4,0,28.8,85.92,-64.32,0.0375,0
CC-13590,48,Black,29,326895,100000,0.1102,0.0664,5537,66444,1.2602,8,63,0,0.0,2,0,17,0,1661.1,495,1993.32,66.29,96.48999999999978,0.0356,0
CC-13591,23,Standard,112,47856,8281,0.0478,-0.0118,199,2388,0.7914,119,4,0,0.0,0,1,10,0,41.79,0,23.88,93.23,-75.32,0.9051,1
CC-13592,34,Gold,54,79732,19142,0.0761,-0.0943,732,8784,0.9557,8,11,0,0.0,2,1,12,1,175.68,95,131.76,89.35,49.57000000000002,0.2434,0
CC-13593,45,Gold,99,75940,21511,0.1044,0.0012,1129,13548,0.9402,8,12,0,0.0,0,0,20,0,270.96,95,203.22,43.51,119.22999999999999,0.0518,0
CC-13594,35,Gold,65,78939,21089,0.0584,0.0201,619,7428,0.3047,27,15,0,0.0,0,0,19,1,148.56,95,111.42,43.42,88.72,0.4808,1
CC-13595,22,Gold,76,96305,20955,0.0943,0.2485,993,11916,0.5848,8,12,0,0.0,4,0,13,0,238.32,95,178.74,135.09,19.489999999999952,0.1384,0
CC-13596,44,Standard,65,50329,8811,0.0942,-0.1509,417,5004,0.8998,8,5,0,0.0,2,0,9,0,87.57,0,50.04,90.89,-53.360000000000014,0.0695,0
CC-13597,34,Gold,19,129512,29082,0.0455,-0.1034,665,7980,0.8981,8,17,0,0.0,2,1,18,1,159.6,95,119.7,68.21,66.69,0.2436,0
CC-13598,68,Standard,115,27711,3731,0.1376,0.0227,258,3096,1.1037,8,9,0,0.0,4,0,11,0,54.18,0,30.96,100.17,-76.94999999999999,0.0473,0
CC-13599,27,Gold,51,122355,34432,0.0626,-0.0584,1084,13008,1.0891,27,12,0,0.0,4,1,8,0,260.16,95,195.12,120.58,39.460000000000036,0.2059,0
CC-13600,56,Standard,102,42699,5395,0.1435,-0.035,389,4668,0.4188,8,12,0,0.0,3,0,12,0,81.69,0,46.68,127.74,-92.72999999999999,0.1284,1
CC-13601,70,Gold,83,83075,18459,0.0482,0.1406,447,5364,1.1056,8,6,0,0.0,3,0,10,1,107.28,95,80.46,88.55,33.27000000000001,0.099,0
CC-13602,44,Standard,84,54660,8211,0.057,-0.443,235,2820,1.0036,8,12,0,0.0,3,1,13,0,49.35,0,28.2,86.83,-65.68,0.1186,0
CC-13603,47,Standard,118,54589,9270,0.0642,-0.1097,299,3588,1.137,8,8,0,0.0,3,0,7,1,62.79,0,35.88,108.31,-81.4,0.0973,1
CC-13604,57,Standard,25,58011,7474,0.0868,-0.2814,326,3912,1.2701,8,3,0,0.0,3,0,12,0,68.46,0,39.12,111.47,-82.13000000000001,0.0387,0
CC-13605,58,Standard,100,60466,9242,0.1169,-0.1994,543,6516,0.9071,27,4,1,217.46,1,0,16,1,114.03,0,65.16,80.8,185.53000000000003,0.2769,0
CC-13606,50,Platinum,74,138605,52610,0.0402,0.3407,1062,12744,1.3237,8,22,0,0.0,2,0,8,1,286.74,295,280.37,95.19,206.18,0.0752,0
CC-13607,47,Standard,15,60610,10402,0.0882,0.0697,461,5532,0.6832,27,10,0,0.0,2,0,14,0,96.81,0,55.32,118.39,-76.9,0.1624,0
CC-13608,59,Platinum,25,117979,48486,0.0458,0.1227,1117,13404,0.6663,8,18,0,0.0,3,0,13,0,301.59,295,294.89,103.54,198.1599999999999,0.1282,0
CC-13609,35,Black,59,258629,100000,0.1419,-0.0321,7129,85548,1.0786,8,98,0,0.0,1,0,11,0,2138.7,495,2566.44,52.01,15.249999999999545,0.0514,0
CC-13610,46,Gold,64,81132,21522,0.0959,0.0938,1037,12444,0.8394,27,18,0,0.0,0,0,8,0,248.88,95,186.66,35.6,121.62,0.1405,0
CC-13611,21,Standard,56,39075,5705,0.0907,-0.285,260,3120,1.0285,8,1,0,0.0,0,0,9,1,54.6,0,31.2,59.2,-35.800000000000004,0.1148,0
CC-13612,24,Standard,22,45673,5787,0.0746,0.1357,217,2604,1.5479,8,4,0,0.0,0,0,8,0,45.57,0,26.04,88.61,-69.08000000000001,0.0273,0
CC-13613,49,Platinum,88,171374,65012,0.0893,-0.143,2916,34992,1.068,8,38,0,0.0,2,1,9,0,787.32,295,769.82,107.7,204.80000000000007,0.1159,0
CC-13614,21,Standard,113,52327,9396,0.0483,-0.0997,228,2736,1.0137,8,4,0,0.0,2,1,10,0,47.88,0,27.36,99.21,-78.69,0.1207,0
CC-13615,63,Standard,54,38101,6256,0.0557,0.0558,175,2100,0.6892,119,4,0,0.0,1,0,16,0,36.75,0,21.0,92.11,-76.36,0.8172,1
CC-13616,70,Gold,25,70220,14161,0.1112,0.0275,791,9492,0.44,8,20,1,316.96,1,1,12,0,189.84,95,142.38,60.04,399.38,0.4293,0
CC-13617,66,Platinum,107,110062,38464,0.1273,-0.0073,2461,29532,0.9282,27,23,0,0.0,1,0,16,0,664.47,295,649.7,67.95,241.81999999999994,0.1044,0
CC-13618,42,Platinum,37,143107,52384,0.1134,-0.2245,2986,35832,1.2701,8,37,1,1195.69,0,0,11,1,806.22,295,788.3,82.45,1426.1599999999999,0.1138,0
CC-13619,31,Standard,69,27215,4391,0.0897,-0.005,198,2376,0.8531,8,6,0,0.0,2,0,16,0,41.58,0,23.76,65.64,-47.82000000000001,0.0652,0
CC-13620,30,Gold,36,66074,17970,0.076,0.1241,686,8232,1.0704,119,6,1,274.9,0,1,14,0,164.64,95,123.48,53.28,357.78,0.8996,1
CC-13621,37,Standard,35,39838,6114,0.1292,-0.0999,397,4764,1.3779,119,3,0,0.0,1,0,10,0,83.37,0,47.64,107.08,-71.35,0.6298,1
CC-13622,56,Standard,48,56872,7586,0.1041,0.1772,397,4764,1.3705,119,4,1,158.95,4,1,7,0,83.37,0,47.64,131.66,63.01999999999998,0.8632,1
CC-13623,67,Platinum,83,135374,55761,0.0667,-0.1509,1868,22416,1.0786,8,22,0,0.0,1,1,7,1,504.36,295,493.15,93.89,212.32000000000005,0.2218,0
CC-13624,46,Standard,47,56315,9111,0.1155,-0.019,529,6348,1.001,8,7,0,0.0,0,1,14,0,111.09,0,63.48,58.74,-11.129999999999995,0.1202,0
CC-13625,68,Standard,21,47110,6322,0.0724,0.2103,230,2760,0.4944,8,3,1,92.13,2,0,19,0,48.3,0,27.6,71.2,41.629999999999995,0.1534,0
CC-13626,41,Standard,96,39664,5526,0.0569,-0.1222,158,1896,0.7609,8,7,1,63.29,2,0,17,1,33.18,0,18.96,105.94,-28.430000000000007,0.1966,0
CC-13627,33,Platinum,89,124840,51068,0.0827,0.1381,2123,25476,0.8658,8,43,0,0.0,2,0,13,1,573.21,295,560.47,90.46,217.27999999999997,0.1313,0
CC-13628,29,Platinum,17,99187,40096,0.044,0.2762,886,10632,0.6943,27,12,1,355.11,1,0,8,0,239.22,295,233.9,58.63,596.8,0.3122,0
CC-13629,31,Gold,80,136067,32726,0.0722,0.0057,1188,14256,1.0245,27,24,0,0.0,1,1,11,0,285.12,95,213.84,103.79,62.49000000000001,0.209,1
CC-13630,31,Platinum,68,178867,51042,0.0966,-0.0991,2477,29724,1.5235,8,37,0,0.0,1,0,16,0,668.79,295,653.93,65.1,244.76,0.0233,0
CC-13631,26,Standard,41,51791,6365,0.1129,-0.1359,361,4332,1.4053,8,10,3,144.64,2,1,12,1,75.81,0,43.32,85.91,91.22,0.3446,0
CC-13632,21,Gold,115,57304,13087,0.1299,0.1757,854,10248,1.0232,119,13,0,0.0,2,0,13,0,204.96,95,153.72,77.55,68.69000000000005,0.7255,1
CC-13633,26,Standard,20,39919,6297,0.0604,0.1715,191,2292,1.1838,8,5,0,0.0,2,1,18,0,40.11,0,22.92,88.52,-71.33,0.0878,0
CC-13634,33,Standard,72,34027,5275,0.0747,0.1974,198,2376,0.7314,8,8,0,0.0,2,1,11,1,41.58,0,23.76,101.67,-83.85000000000001,0.3164,0
CC-13635,42,Gold,61,87710,23101,0.0477,-0.0249,554,6648,1.3892,8,11,2,221.8,0,0,15,0,132.96,95,99.72,47.43,302.61,0.0634,0
CC-13636,51,Platinum,34,107544,40911,0.0869,0.1357,1786,21432,0.4814,8,27,0,0.0,0,0,15,0,482.22,295,471.5,56.54,249.18000000000006,0.1586,0
CC-13637,42,Standard,23,37459,4537,0.1342,-0.0273,306,3672,1.2238,8,9,0,0.0,0,1,9,1,64.26,0,36.72,35.81,-8.269999999999996,0.1858,0
CC-13638,57,Standard,42,34862,4403,0.103,-0.1525,228,2736,1.0987,8,8,0,0.0,1,0,13,0,47.88,0,27.36,59.57,-39.050000000000004,0.0487,0
CC-13639,67,Standard,94,42302,5988,0.0698,0.1486,210,2520,0.7232,8,4,0,0.0,2,0,7,1,44.1,0,25.2,119.41,-100.50999999999999,0.1757,0
CC-13640,47,Standard,29,45803,5921,0.1149,0.2251,342,4104,0.8874,8,5,0,0.0,2,1,10,1,71.82,0,41.04,103.12,-72.34,0.2761,0
CC-13641,70,Platinum,4,132535,38507,0.1067,-0.1731,2065,24780,0.6097,8,39,0,0.0,3,1,12,1,557.55,295,545.16,110.25,197.14,0.4529,1
CC-13642,34,Gold,99,117574,31050,0.0506,-0.1759,789,9468,0.6225,8,15,0,0.0,2,0,10,0,189.36,95,142.02,95.89,46.44999999999999,0.136,0
CC-13643,67,Gold,82,102236,28782,0.064,-0.014,925,11100,0.4727,27,8,1,370.77,0,1,9,0,222.0,95,166.5,73.53,447.74,0.5843,0
CC-13644,25,Platinum,41,112593,43389,0.0724,0.1234,1579,18948,1.1803,8,22,2,632.3,3,1,11,0,426.33,295,416.86,92.64,844.1299999999999,0.1958,0
CC-13645,56,Standard,88,48663,8225,0.1161,-0.1901,480,5760,1.3116,8,10,2,192.21,1,1,12,0,100.8,0,57.6,52.04,183.37,0.1568,0
CC-13646,52,Gold,58,70110,18690,0.1006,0.0141,945,11340,0.3015,27,14,0,0.0,0,0,11,1,226.8,95,170.1,59.61,92.09000000000003,0.5235,0
CC-13647,54,Standard,109,40554,6655,0.0996,-0.1086,333,3996,1.5015,8,7,0,0.0,4,1,17,0,69.93,0,39.96,149.55,-119.58000000000001,0.052,0
CC-13648,27,Gold,113,95182,21623,0.1216,0.0851,1321,15852,0.9464,8,23,1,529.25,3,1,17,1,317.04,95,237.78,110.64,592.8699999999999,0.2956,0
CC-13649,62,Black,15,326595,100000,0.1673,-0.1397,8406,100872,1.037,27,113,1,3367.47,3,0,13,0,2521.8,495,3026.16,132.96,3225.1500000000005,0.1435,0
CC-13650,68,Platinum,58,119439,36505,0.137,0.0958,2514,30168,0.5083,8,34,0,0.0,1,0,9,0,678.78,295,663.7,57.56,252.51999999999998,0.1664,0
CC-13651,30,Standard,68,32570,4327,0.0552,-0.0437,120,1440,1.3462,27,5,0,0.0,3,0,12,0,25.2,0,14.4,96.41,-85.61,0.0626,0
CC-13652,70,Platinum,80,143069,45846,0.089,-0.1606,2051,24612,1.0101,27,29,2,821.3,1,1,10,1,553.77,295,541.46,88.41,1040.1999999999998,0.5652,0
CC-13653,37,Standard,58,49889,8906,0.0925,-0.0104,414,4968,1.2916,8,5,0,0.0,1,0,12,0,86.94,0,49.68,51.41,-14.150000000000006,0.0364,0
CC-13654,50,Standard,104,37819,6780,0.0801,-0.3107,273,3276,1.3163,8,6,1,109.31,0,0,5,1,57.33,0,32.76,44.02,89.85999999999999,0.1128,0
CC-13655,41,Standard,107,54186,9086,0.0532,-0.1039,243,2916,1.3505,8,8,0,0.0,1,0,17,0,51.03,0,29.16,56.62,-34.75,0.029,0
CC-13656,33,Standard,30,52192,8232,0.0706,0.0306,292,3504,0.7555,8,5,0,0.0,3,0,13,1,61.32,0,35.04,111.03,-84.75,0.1593,0
CC-13657,21,Gold,66,71126,17924,0.0645,-0.2858,581,6972,0.8876,27,7,0,0.0,0,0,18,0,139.44,95,104.58,87.89,41.97,0.1101,0
CC-13658,21,Gold,73,109015,32384,0.0509,-0.4057,829,9948,0.7665,8,9,0,0.0,3,0,16,0,198.96,95,149.22,80.19,64.55000000000004,0.074,0
CC-13659,67,Platinum,84,180625,68165,0.0667,-0.3709,2284,27408,1.2185,8,31,0,0.0,3,1,15,0,616.68,295,602.98,83.36,225.33999999999992,0.084,0
CC-13660,53,Gold,66,128937,37968,0.0686,0.1791,1308,15696,1.0499,8,28,0,0.0,1,0,7,1,313.92,95,235.44,89.83,83.65000000000003,0.1146,0
CC-13661,58,Gold,58,121374,28116,0.1164,-0.0315,1644,19728,1.2707,8,21,0,0.0,1,1,12,0,394.56,95,295.92,72.11,121.52999999999997,0.0838,0
CC-13662,45,Standard,43,34845,4879,0.1175,-0.0999,288,3456,1.2838,8,8,0,0.0,0,1,19,1,60.48,0,34.56,88.6,-62.68,0.1431,0
CC-13663,46,Standard,102,55406,9490,0.1034,0.1218,493,5916,0.4318,8,10,0,0.0,0,0,10,0,103.53,0,59.16,67.27,-22.89999999999999,0.1306,0
CC-13664,33,Gold,43,103692,22292,0.128,-0.0807,1434,17208,1.3552,27,16,0,0.0,0,0,13,0,344.16,95,258.12,38.58,142.46000000000004,0.0619,0
CC-13665,48,Standard,102,41079,7260,0.0685,0.0203,250,3000,1.2353,8,7,0,0.0,1,0,17,0,52.5,0,30.0,50.42,-27.92,0.0348,0
CC-13666,53,Platinum,110,155922,54735,0.0719,-0.0161,1978,23736,0.8392,8,28,2,792.14,0,0,8,1,534.06,295,522.19,61.35,1037.6599999999999,0.276,0
CC-13667,57,Standard,6,25000,4389,0.0453,-0.0906,100,1200,1.0549,8,6,0,0.0,3,0,8,0,21.0,0,12.0,103.83,-94.83,0.0588,0
CC-13668,61,Standard,59,25000,3505,0.1351,0.0241,238,2856,0.9129,8,9,0,0.0,2,0,16,0,49.98,0,28.56,93.88,-72.46000000000001,0.0601,1
CC-13669,50,Standard,32,25710,4189,0.0475,0.096,100,1200,1.1348,8,9,0,0.0,1,0,10,0,21.0,0,12.0,75.78,-66.78,0.0492,0
CC-13670,69,Standard,90,49379,7356,0.1104,-0.0477,408,4896,0.8386,8,8,0,0.0,2,0,12,1,85.68,0,48.96,101.11,-64.38999999999999,0.1386,0
CC-13671,68,Standard,86,49910,7866,0.0739,-0.0891,292,3504,1.0937,8,7,0,0.0,0,0,10,0,61.32,0,35.04,89.05,-62.77,0.0501,0
CC-13672,28,Gold,48,79179,19829,0.1151,-0.0714,1147,13764,0.9702,8,13,0,0.0,1,0,15,0,275.28,95,206.46,95.36,68.45999999999998,0.0567,0
CC-13673,69,Standard,58,64363,11458,0.0684,-0.3647,394,4728,0.8203,8,5,1,157.75,1,0,20,1,82.74,0,47.28,81.75,111.46000000000001,0.1779,0
CC-13674,67,Gold,33,105975,28529,0.0973,0.0225,1395,16740,1.007,27,24,0,0.0,2,0,6,0,334.8,95,251.1,96.65,82.05000000000001,0.1178,0
CC-13675,21,Standard,90,27018,3649,0.0763,-0.2014,140,1680,1.7619,8,7,0,0.0,1,0,10,1,29.4,0,16.8,108.97,-96.37,0.0368,0
CC-13676,32,Standard,9,43065,7518,0.0606,0.0745,229,2748,0.7443,27,6,0,0.0,2,1,13,0,48.09,0,27.48,121.51,-100.9,0.2966,0
CC-13677,25,Standard,92,34428,4738,0.1054,-0.0336,251,3012,0.875,8,4,0,0.0,1,0,9,0,52.71,0,30.12,59.43,-36.839999999999996,0.0707,0
CC-13678,44,Platinum,79,154489,51294,0.1347,-0.0042,3471,41652,0.7496,27,45,0,0.0,3,0,12,0,937.17,295,916.34,118.18,197.6500000000001,0.1468,0
CC-13679,26,Standard,56,44655,5632,0.1067,0.085,302,3624,0.781,8,13,2,120.96,0,0,16,0,63.42,0,36.24,53.71,94.42999999999999,0.1498,0
CC-13680,45,Platinum,10,109095,44292,0.1056,-0.159,2350,28200,1.1947,8,42,0,0.0,1,0,12,0,634.5,295,620.4,61.97,247.13,0.0439,0
CC-13681,21,Standard,57,64062,8787,0.1243,0.0354,549,6588,1.1648,27,3,1,219.85,2,0,6,0,115.29,0,65.88,121.54,147.71999999999997,0.1317,0
CC-13682,45,Platinum,71,142008,44909,0.1223,0.0201,2760,33120,0.9482,27,42,1,1105.52,1,0,7,0,745.2,295,728.64,55.16,1361.9200000000003,0.172,0
CC-13683,21,Standard,46,40319,7064,0.0707,-0.0477,251,3012,1.2579,119,5,0,0.0,0,0,10,0,52.71,0,30.12,36.64,-14.050000000000004,0.6713,1
CC-13684,52,Gold,15,79620,22337,0.0628,-0.1592,705,8460,1.188,8,9,0,0.0,1,0,13,0,169.2,95,126.9,78.23,59.06999999999999,0.0434,0
CC-13685,62,Gold,95,119396,25563,0.0643,0.0693,826,9912,0.9013,8,18,0,0.0,6,1,9,1,198.24,95,148.68,157.16,-12.600000000000023,0.2648,0
CC-13686,62,Platinum,22,171894,66644,0.1127,0.0855,3774,45288,0.4898,8,49,0,0.0,0,0,14,0,1018.98,295,996.34,41.43,276.21000000000004,0.1608,0
CC-13687,23,Standard,80,43173,7545,0.1108,-0.003,420,5040,1.1989,8,8,0,0.0,1,0,17,0,88.2,0,50.4,106.83,-69.02999999999999,0.0375,0
CC-13688,69,Standard,34,33838,4219,0.1325,-0.1805,281,3372,1.0009,119,3,0,0.0,3,1,11,0,59.01,0,33.72,85.53,-60.24,0.8771,1
CC-13689,39,Standard,62,35592,6033,0.062,-0.0991,188,2256,0.9567,8,6,0,0.0,1,0,7,0,39.48,0,22.56,93.3,-76.38,0.0665,1
CC-13690,63,Platinum,52,123125,43911,0.0624,-0.029,1376,16512,0.8102,8,28,0,0.0,2,0,15,0,371.52,295,363.26,86.9,216.36,0.0718,0
CC-13691,49,Gold,29,95777,25564,0.1109,0.0833,1425,17100,1.1734,8,25,0,0.0,1,1,8,1,342.0,95,256.5,65.78,114.72000000000003,0.2008,1
CC-13692,70,Platinum,27,166478,58100,0.0484,-0.2575,1414,16968,1.0545,8,24,0,0.0,1,1,18,0,381.78,295,373.3,62.66,240.81999999999994,0.1053,0
CC-13693,22,Standard,54,36837,5962,0.1098,-0.1046,329,3948,0.879,8,7,3,131.77,4,1,15,0,69.09,0,39.48,105.55,55.83000000000001,0.3495,1
CC-13694,29,Standard,70,54008,6591,0.093,-0.0804,308,3696,0.5824,8,2,2,123.38,4,1,7,0,64.68,0,36.96,126.67,24.430000000000007,0.4013,0
CC-13695,37,Standard,23,34778,5764,0.0735,-0.0325,213,2556,1.2704,8,3,0,0.0,2,0,14,0,44.73,0,25.56,67.69,-48.52,0.0373,0
CC-13696,66,Black,20,237175,86806,0.1509,-0.2152,6581,78972,1.1315,8,72,1,2636.62,0,0,11,0,1974.3,495,2369.16,81.23,2655.53,0.0713,0
CC-13697,56,Gold,41,54197,13306,0.0479,-0.0526,320,3840,1.0266,8,7,0,0.0,0,0,12,0,76.8,95,57.6,49.01,65.19000000000001,0.0554,0
CC-13698,37,Black,17,176448,68316,0.0914,-0.0666,3139,37668,0.153,8,41,0,0.0,2,0,8,0,941.7,495,1130.04,91.05,215.61000000000013,0.2711,0
CC-13699,69,Standard,55,34656,5871,0.1135,-0.1756,335,4020,0.9386,27,11,1,134.13,0,1,15,0,70.35,0,40.2,39.81,124.46999999999998,0.2989,0
CC-13700,32,Gold,40,84453,19539,0.1031,-0.0377,1012,12144,0.8776,8,17,0,0.0,1,1,11,0,242.88,95,182.16,78.19,77.52999999999997,0.1509,0
CC-13701,40,Gold,50,63877,15676,0.1017,-0.1012,801,9612,0.7645,8,9,0,0.0,0,0,12,1,192.24,95,144.18,72.6,70.46000000000001,0.1578,0
CC-13702,70,Standard,54,61853,9013,0.1144,0.0543,518,6216,1.1763,8,9,0,0.0,0,1,12,1,108.78,0,62.16,37.96,8.659999999999997,0.1844,0
CC-13703,23,Platinum,90,107362,41672,0.0431,-0.1528,902,10824,1.1645,27,7,1,361.52,0,0,13,0,243.54,295,238.13,87.1,574.8299999999999,0.1137,0
CC-13704,63,Black,74,292876,100000,0.0854,-0.0065,4290,51480,1.081,8,67,0,0.0,1,0,6,0,1287.0,495,1544.4,67.92,169.67999999999984,0.0557,0
CC-13705,70,Platinum,30,186208,72705,0.0758,-0.1413,2768,33216,1.2614,119,32,0,0.0,2,1,14,0,747.36,295,730.75,85.42,226.19000000000017,0.8163,1
CC-13706,24,Gold,87,86965,18032,0.0832,-0.11,754,9048,0.6433,8,19,1,301.98,1,0,16,0,180.96,95,135.72,59.95,382.27000000000004,0.1691,0
CC-13707,37,Standard,18,40905,5378,0.0918,0.0246,248,2976,0.8139,8,4,0,0.0,2,2,9,0,52.08,0,29.76,118.03,-95.71,0.328,0
CC-13708,70,Standard,18,46653,7142,0.1109,0.0152,398,4776,0.9724,8,6,0,0.0,4,0,11,0,83.58,0,47.76,115.74,-79.92,0.0623,0
CC-13709,57,Black,37,240678,100000,0.0513,-0.0826,2580,30960,0.7634,8,33,0,0.0,1,1,17,0,774.0,495,928.8,67.85,272.35,0.1595,0
CC-13710,66,Standard,19,33740,4200,0.1237,-0.0604,261,3132,1.1682,8,8,0,0.0,0,0,13,1,54.81,0,31.32,78.18,-54.69,0.0899,0
CC-13711,62,Gold,75,98020,20026,0.0487,-0.238,490,5880,0.7933,8,7,0,0.0,3,0,17,0,117.6,95,88.2,98.93,25.47,0.0697,0
CC-13712,35,Gold,101,72608,15658,0.0519,0.1904,408,4896,1.3395,8,7,2,163.57,0,1,10,0,97.92,95,73.44,62.69,220.36,0.1548,0
CC-13713,53,Gold,54,104906,27707,0.0684,0.0831,952,11424,0.6707,8,10,0,0.0,2,2,10,1,228.48,95,171.36,124.98,27.139999999999986,0.6369,0
CC-13714,36,Black,95,335738,100000,0.1866,0.0777,9379,112548,1.5896,8,102,0,0.0,1,0,19,0,2813.7,495,3376.44,79.42,-147.1600000000003,0.0194,0
CC-13715,31,Standard,105,46871,7946,0.0503,-0.2593,201,2412,1.5588,27,7,0,0.0,0,0,21,0,42.21,0,24.12,62.79,-44.699999999999996,0.0371,1
CC-13716,40,Standard,84,55922,6951,0.1125,-0.1093,393,4716,0.9216,8,4,1,157.4,1,1,11,0,82.53,0,47.16,97.89,94.88,0.1924,1
CC-13717,58,Standard,14,38879,5123,0.1185,-0.0702,305,3660,1.2939,8,4,1,122.19,2,0,10,0,64.05,0,36.6,67.56,82.08000000000001,0.0572,0
CC-13718,44,Standard,85,53817,7426,0.0699,-0.3097,261,3132,0.8299,8,7,1,104.48,1,1,8,0,54.81,0,31.32,72.53,55.440000000000026,0.2264,1
CC-13719,36,Standard,50,53758,8472,0.085,0.1135,362,4344,1.254,8,9,3,144.95,3,1,16,1,76.02,0,43.44,122.03,55.49999999999997,0.3803,0
CC-13720,50,Standard,24,41609,6703,0.1161,0.1981,391,4692,0.8972,27,9,0,0.0,0,0,14,0,82.11,0,46.92,89.75,-54.56000000000002,0.1202,0
CC-13721,54,Platinum,51,124959,37161,0.1016,0.2893,1897,22764,0.5644,8,32,0,0.0,1,0,11,0,512.19,295,500.81,88.92,217.46000000000004,0.1499,0
CC-13722,21,Black,54,303031,100000,0.0826,-0.1769,4149,49788,0.05,8,57,2,1662.6,0,0,6,1,1244.7,495,1493.64,66.79,1841.8700000000001,0.6759,1
CC-13723,44,Standard,81,67142,9430,0.1064,-0.0024,504,6048,0.8694,8,7,0,0.0,2,0,12,0,105.84,0,60.48,92.67,-47.31,0.068,0
CC-13724,44,Standard,3,42387,6900,0.0888,0.1784,308,3696,1.0337,8,15,1,123.33,3,0,13,1,64.68,0,36.96,108.73,42.31999999999999,0.1562,0
CC-13725,29,Platinum,68,124222,43898,0.0445,-0.058,981,11772,1.3491,27,12,0,0.0,1,0,6,1,264.87,295,258.98,78.28,222.61,0.137,0
CC-13726,42,Standard,66,58256,7769,0.0587,-0.105,229,2748,0.961,8,1,0,0.0,1,0,14,0,48.09,0,27.48,106.35,-85.73999999999998,0.0577,0
CC-13727,32,Standard,10,45766,7815,0.0509,-0.2999,200,2400,1.2509,119,3,2,80.07,3,0,6,0,42.0,0,24.0,128.61,-30.54000000000002,0.8369,1
CC-13728,37,Standard,88,54742,9256,0.0499,0.1499,232,2784,0.8138,119,4,0,0.0,1,0,7,1,48.72,0,27.84,69.46,-48.58,0.9002,1
CC-13729,45,Gold,27,116335,27874,0.063,-0.0229,883,10596,0.8488,27,10,2,353.47,0,1,9,1,211.92,95,158.94,38.64,462.81,0.6421,1
CC-13730,48,Standard,68,25000,3882,0.0815,-0.1294,159,1908,1.2662,8,5,0,0.0,1,0,16,0,33.39,0,19.08,91.03,-76.72,0.0348,0
CC-13731,35,Black,117,277369,100000,0.1002,0.0226,5037,60444,0.2106,8,47,0,0.0,0,1,11,1,1511.1,495,1813.32,78.74,114.03999999999996,0.5928,1
CC-13732,50,Standard,75,42414,6845,0.1143,0.003,393,4716,0.9539,8,7,0,0.0,0,0,11,0,82.53,0,47.16,81.33,-45.96000000000001,0.0613,0
CC-13733,71,Gold,75,64550,14904,0.0957,0.0052,717,8604,0.83,119,16,0,0.0,1,0,14,1,172.08,95,129.06,63.97,74.05000000000004,0.8854,1
CC-13734,47,Standard,79,25000,4266,0.1068,-0.0526,229,2748,1.3582,8,5,0,0.0,1,2,8,0,48.09,0,27.48,88.2,-67.59,0.1653,0
CC-13735,42,Gold,72,51180,11348,0.0921,0.2234,525,6300,0.7915,27,13,0,0.0,1,0,10,0,126.0,95,94.5,88.35,38.150000000000006,0.1441,0
CC-13736,30,Gold,96,87217,17572,0.0582,-0.04,514,6168,1.105,119,8,0,0.0,1,0,16,0,123.36,95,92.52,56.66,69.18,0.6893,1
CC-13737,51,Platinum,81,121308,38526,0.0905,0.2229,1752,21024,1.2265,27,28,0,0.0,2,0,12,1,473.04,295,462.53,111.43,194.07999999999993,0.1449,0
CC-13738,47,Platinum,53,111935,34335,0.1286,0.0646,2219,26628,0.5022,8,38,2,888.76,4,1,15,0,599.13,295,585.82,130.52,1066.5499999999997,0.4831,1
CC-13739,32,Gold,55,87006,21823,0.055,0.0327,603,7236,0.9082,8,9,1,241.59,1,0,10,0,144.72,95,108.54,79.86,292.90999999999997,0.0981,0
CC-13740,66,Platinum,17,115774,35718,0.0572,-0.037,1026,12312,0.8205,8,15,0,0.0,1,0,7,0,277.02,295,270.86,52.38,248.77999999999997,0.0842,0
CC-13741,51,Platinum,52,185156,71626,0.064,0.1261,2303,27636,1.2339,8,35,0,0.0,2,0,14,0,621.81,295,607.99,92.5,216.31999999999994,0.0385,0
CC-13742,52,Platinum,73,118269,37111,0.0845,-0.0031,1576,18912,1.1525,119,17,0,0.0,1,0,9,0,425.52,295,416.06,101.04,203.41999999999996,0.7069,1
CC-13743,52,Standard,77,61934,10059,0.0657,-0.1598,332,3984,0.88,119,6,0,0.0,0,0,9,0,69.72,0,39.84,57.33,-27.450000000000003,0.788,1
CC-13744,61,Standard,106,44662,6909,0.0544,-0.1648,189,2268,0.6358,8,6,0,0.0,3,0,15,0,39.69,0,22.68,138.77,-121.76000000000002,0.089,1
CC-13745,65,Standard,40,37666,6748,0.0554,0.0434,188,2256,1.2614,8,7,0,0.0,0,1,10,0,39.48,0,22.56,82.21,-65.28999999999999,0.0894,0
CC-13746,55,Gold,42,69602,20879,0.0783,-0.1561,822,9864,0.9297,8,6,0,0.0,3,0,9,1,197.28,95,147.96,129.42,14.899999999999977,0.1333,0
CC-13747,66,Standard,68,62030,10679,0.0682,-0.0293,366,4392,0.4645,8,13,0,0.0,1,0,7,0,76.86,0,43.92,85.29,-52.35000000000001,0.1347,1
CC-13748,41,Standard,117,52828,8748,0.0905,0.1386,398,4776,0.4903,8,10,1,159.36,3,0,13,1,83.58,0,47.76,96.85,98.33000000000001,0.2866,0
CC-13749,30,Platinum,114,113420,37894,0.0926,0.0256,1763,21156,1.0813,8,21,0,0.0,3,0,14,0,476.01,295,465.43,104.15,201.42999999999995,0.0463,0
CC-13750,36,Platinum,41,144167,55570,0.0812,-0.1283,2268,27216,0.5673,119,35,0,0.0,3,0,20,0,612.36,295,598.75,117.08,191.52999999999997,0.8779,1
CC-13751,27,Platinum,76,57446,23778,0.054,0.1915,645,7740,1.5079,119,16,0,0.0,0,1,7,0,174.15,295,170.28,88.11,210.76,0.7684,0
CC-13752,24,Standard,110,30019,3644,0.1114,0.0622,204,2448,0.6689,8,4,1,81.71,2,0,12,0,42.84,0,24.48,108.6,-8.529999999999987,0.1276,0
CC-13753,47,Gold,19,69056,17525,0.041,0.1327,361,4332,0.9499,8,7,0,0.0,0,0,12,1,86.64,95,64.98,56.61,60.04999999999998,0.125,0
CC-13754,45,Standard,9,36283,4828,0.0927,-0.3601,225,2700,0.9977,8,7,0,0.0,0,0,10,0,47.25,0,27.0,50.47,-30.22,0.0616,0
CC-13755,51,Standard,106,58646,9000,0.0926,0.0296,419,5028,0.7312,27,6,0,0.0,2,0,12,1,87.99,0,50.28,103.02,-65.31000000000002,0.2683,0
CC-13756,31,Standard,41,25000,3699,0.0608,0.1063,113,1356,0.2781,8,7,0,0.0,1,0,14,0,23.73,0,13.56,54.85,-44.67999999999999,0.1572,0
CC-13757,68,Standard,70,28937,4472,0.0645,0.235,145,1740,1.0073,8,4,0,0.0,3,0,18,0,30.45,0,17.4,102.48,-89.42999999999999,0.0497,0
CC-13758,40,Standard,37,50089,7666,0.0623,-0.2396,240,2880,0.724,8,5,0,0.0,2,1,16,0,50.4,0,28.8,80.04,-58.440000000000005,0.1709,0
CC-13759,56,Platinum,53,148059,61357,0.0411,0.1609,1267,15204,0.985,8,19,0,0.0,2,0,15,1,342.09,295,334.49,117.21,185.38999999999993,0.1101,0
CC-13760,37,Standard,49,41065,6288,0.0734,0.2267,232,2784,0.9133,27,2,0,0.0,1,0,13,0,48.72,0,27.84,89.38,-68.5,0.1174,0
CC-13761,65,Gold,38,128615,36606,0.1034,-0.3226,1902,22824,1.029,119,29,0,0.0,2,0,10,0,456.48,95,342.36,72.26,136.86,0.7478,1
CC-13762,31,Gold,66,98119,22761,0.0732,0.0518,837,10044,1.4186,8,7,0,0.0,1,0,17,1,200.88,95,150.66,80.67,64.55000000000001,0.0555,0
CC-13763,50,Standard,97,58756,8595,0.0871,0.0726,376,4512,0.7861,27,6,0,0.0,1,1,15,0,78.96,0,45.12,97.36,-63.519999999999996,0.2605,0
CC-13764,55,Gold,91,83920,20731,0.0928,-0.0691,967,11604,0.8093,8,16,0,0.0,1,0,13,1,232.08,95,174.06,56.59,96.43000000000004,0.1418,0
CC-13765,61,Standard,107,38884,5316,0.1112,-0.0935,297,3564,0.4503,8,6,1,118.99,3,0,12,0,62.37,0,35.64,114.32,31.400000000000006,0.1723,0
CC-13766,58,Gold,15,73692,17537,0.1212,0.0802,1068,12816,0.8914,27,15,0,0.0,5,1,11,0,256.32,95,192.24,155.48,3.599999999999966,0.2566,0
CC-13767,42,Standard,20,55436,8643,0.1153,-0.1122,501,6012,1.073,8,6,0,0.0,1,0,10,0,105.21,0,60.12,62.53,-17.440000000000012,0.0545,0
CC-13768,63,Standard,23,53693,8312,0.1108,-0.0526,463,5556,0.805,8,8,0,0.0,3,0,9,0,97.23,0,55.56,135.72,-94.05,0.0826,0
CC-13769,68,Standard,114,42540,6729,0.1215,0.1019,411,4932,1.0749,27,12,0,0.0,1,0,11,1,86.31,0,49.32,83.14,-46.150000000000006,0.1766,1
CC-13770,71,Gold,67,95021,22347,0.0618,0.2431,694,8328,0.8967,8,15,3,277.98,4,0,5,1,166.56,95,124.92,132.92,281.7,0.3634,0
CC-13771,47,Platinum,102,173691,56313,0.1028,0.0607,2910,34920,0.5593,8,34,3,1165.23,0,0,16,1,785.7,295,768.24,56.19,1421.5000000000002,0.52,1
CC-13772,57,Standard,116,38655,6057,0.1173,0.0,357,4284,1.0436,8,5,0,0.0,2,0,16,1,74.97,0,42.84,111.44,-79.31,0.0948,0
CC-13773,66,Gold,10,77702,16572,0.1048,-0.0975,873,10476,0.8883,8,22,1,349.58,1,0,9,0,209.52,95,157.14,85.92,411.0399999999999,0.1063,0
CC-13774,69,Gold,118,94491,21289,0.1305,-0.1716,1396,16752,0.9868,8,26,0,0.0,3,0,14,0,335.04,95,251.28,135.06,43.69999999999999,0.0533,0
CC-13775,55,Black,50,154793,56899,0.0677,0.1464,1936,23232,0.7799,8,22,1,775.36,3,0,9,0,580.8,495,696.96,109.09,1045.1099999999997,0.1203,0
CC-13776,24,Platinum,87,156295,45351,0.0966,-0.043,2202,26424,0.7534,8,31,0,0.0,2,1,14,0,594.54,295,581.33,101.43,206.77999999999997,0.1641,0
CC-13777,36,Gold,45,61092,13705,0.131,0.1526,902,10824,0.9972,119,13,0,0.0,1,1,13,0,216.48,95,162.36,84.51,64.61000000000001,0.8724,1
CC-13778,36,Gold,118,105010,21207,0.0866,-0.0694,923,11076,0.8808,27,16,0,0.0,1,0,6,1,221.52,95,166.14,84.67,65.70999999999998,0.2437,1
CC-13779,41,Platinum,55,215172,67640,0.1177,-0.1174,4000,48000,1.4673,8,60,0,0.0,2,0,18,0,1080.0,295,1056.0,107.86,211.1400000000001,0.0248,0
CC-13780,46,Standard,119,37156,5918,0.044,0.0431,131,1572,1.1896,27,5,0,0.0,2,0,12,0,27.51,0,15.72,71.3,-59.50999999999999,0.076,0
CC-13781,56,Standard,87,29816,3687,0.1279,-0.0315,237,2844,1.1135,8,7,0,0.0,0,0,14,1,49.77,0,28.44,71.2,-49.87,0.0908,0
CC-13782,39,Standard,29,42976,6283,0.1302,-0.2008,411,4932,0.8968,27,10,0,0.0,2,1,16,0,86.31,0,49.32,90.1,-53.109999999999985,0.2343,1
CC-13783,37,Platinum,21,130715,53310,0.0646,0.2526,1730,20760,0.3422,27,24,0,0.0,2,0,14,1,467.1,295,456.72,92.03,213.35000000000002,0.5,0
CC-13784,65,Platinum,25,163125,63745,0.0398,-0.114,1275,15300,0.7077,8,18,0,0.0,2,2,7,0,344.25,295,336.6,91.04,211.60999999999996,0.3745,0
CC-13785,46,Standard,117,47633,6588,0.0504,0.1191,167,2004,0.7558,8,7,1,66.83,1,0,16,0,35.07,0,20.04,56.64,25.22,0.1046,0
CC-13786,42,Gold,52,78702,23018,0.0947,0.1063,1095,13140,0.8675,27,20,0,0.0,1,1,13,1,262.8,95,197.1,50.88,109.82000000000002,0.4143,0
CC-13787,48,Gold,53,86925,20250,0.1044,-0.2089,1062,12744,0.94,8,15,1,425.53,0,0,18,0,254.88,95,191.16,41.41,542.8399999999999,0.081,0
CC-13788,21,Standard,45,32375,4025,0.0643,-0.1704,130,1560,1.1468,8,6,0,0.0,3,1,15,0,27.3,0,15.6,106.13,-94.42999999999999,0.096,1
CC-13789,64,Black,101,338045,100000,0.0777,-0.0652,3905,46860,1.0319,8,57,0,0.0,3,0,7,1,1171.5,495,1405.8,102.66,158.03999999999996,0.1145,0
CC-13790,56,Standard,106,63202,10883,0.1004,-0.1498,549,6588,1.2978,8,10,0,0.0,4,0,15,0,115.29,0,65.88,103.5,-54.08999999999999,0.0328,0
CC-13791,63,Standard,118,31527,4664,0.1173,0.239,275,3300,0.8564,8,5,0,0.0,1,0,7,0,57.75,0,33.0,93.42,-68.67,0.0739,0
CC-13792,57,Gold,53,51440,13715,0.0463,-0.05,319,3828,1.0271,8,11,0,0.0,4,0,9,1,76.56,95,57.42,137.88,-23.74000000000001,0.1153,1
CC-13793,22,Gold,108,76455,20422,0.0596,0.1135,612,7344,1.0532,8,10,0,0.0,2,0,7,0,146.88,95,110.16,119.68,12.039999999999992,0.0555,0
CC-13794,37,Standard,114,31258,4115,0.1286,0.057,266,3192,1.0237,8,6,0,0.0,0,0,6,0,55.86,0,31.92,85.9,-61.96000000000001,0.0588,0
CC-13795,60,Gold,71,57880,12733,0.0927,0.0196,593,7116,1.3346,8,7,0,0.0,2,1,12,0,142.32,95,106.74,114.68,15.899999999999977,0.0755,0
CC-13796,58,Gold,118,55207,13633,0.1174,-0.014,804,9648,1.1911,119,16,2,322.16,2,1,15,0,192.96,95,144.72,113.12,352.2800000000001,0.9098,1
CC-13797,41,Standard,43,42821,7480,0.0745,0.1656,280,3360,0.5542,119,5,0,0.0,2,0,7,0,58.8,0,33.6,117.9,-92.7,0.8702,1
CC-13798,29,Standard,74,40371,4868,0.1292,-0.1438,316,3792,0.9157,8,7,1,126.6,1,0,15,0,66.36,0,37.92,80.86,74.17999999999998,0.0873,0
CC-13799,33,Gold,13,92931,25858,0.0722,0.239,938,11256,0.9458,27,19,0,0.0,0,0,17,0,225.12,95,168.84,39.69,111.59,0.1073,0
CC-13800,31,Standard,82,38666,4773,0.1547,-0.2131,371,4452,1.5955,119,7,0,0.0,1,1,13,0,77.91,0,44.52,84.0,-50.610000000000014,0.7179,1
CC-13801,36,Black,105,194834,86911,0.0835,0.0972,3647,43764,0.8511,119,47,1,1460.73,1,0,10,0,1094.1,495,1312.92,100.79,1636.12,0.8476,1
CC-13802,36,Platinum,113,139409,51484,0.059,-0.2308,1526,18312,0.6553,27,18,0,0.0,1,0,10,0,412.02,295,402.86,55.7,248.45999999999998,0.2231,0
CC-13803,22,Black,90,205901,99577,0.0708,-0.0674,3545,42540,1.0815,27,45,0,0.0,3,0,12,0,1063.5,495,1276.2,129.22,153.07999999999993,0.0911,0
CC-13804,62,Standard,87,50761,6269,0.1451,-0.006,457,5484,1.0991,8,16,0,0.0,2,0,10,0,95.97,0,54.84,73.25,-32.120000000000005,0.0497,0
CC-13805,64,Black,54,163364,71120,0.095,-0.093,3396,40752,0.9279,8,52,0,0.0,1,0,7,0,1018.8,495,1222.56,51.56,239.68000000000006,0.0698,1
CC-13806,28,Standard,25,25000,3875,0.0729,-0.0473,142,1704,0.8839,8,5,0,0.0,1,1,13,0,29.82,0,17.04,92.13,-79.35,0.1462,0
CC-13807,63,Standard,51,26890,3333,0.1116,-0.228,187,2244,1.2347,8,3,0,0.0,1,0,12,0,39.27,0,22.44,88.7,-71.87,0.04,0
CC-13808,62,Standard,40,40293,5161,0.0655,-0.1681,170,2040,0.6939,119,4,0,0.0,1,2,8,1,35.7,0,20.4,102.69,-87.39,0.9839,1
CC-13809,33,Standard,49,41769,6675,0.0417,0.0547,140,1680,0.8477,8,7,0,0.0,1,0,17,1,29.4,0,16.8,89.77,-77.16999999999999,0.1293,0
CC-13810,37,Gold,74,87910,22167,0.0616,-0.0155,686,8232,0.7934,119,17,0,0.0,2,0,14,0,164.64,95,123.48,80.81,55.349999999999966,0.7948,1
CC-13811,59,Gold,9,73000,15781,0.1016,-0.1236,806,9672,1.2782,27,9,0,0.0,3,0,10,0,193.44,95,145.08,135.28,8.079999999999984,0.0753,0
CC-13812,44,Standard,68,35476,5396,0.1055,0.1786,286,3432,1.0356,8,4,1,114.59,3,0,10,1,60.06,0,34.32,134.16,6.170000000000016,0.1566,0
CC-13813,23,Gold,96,115457,33629,0.0906,-0.203,1531,18372,0.6305,8,17,1,613.27,2,0,12,1,367.44,95,275.58,121.56,678.57,0.3211,0
CC-13814,50,Standard,79,58149,7032,0.1565,-0.0742,553,6636,0.6606,8,3,0,0.0,3,2,12,1,116.13,0,66.36,124.31,-74.54000000000002,0.5417,0
CC-13815,33,Gold,64,105956,28000,0.0687,-0.0958,966,11592,1.512,8,20,0,0.0,2,0,12,0,231.84,95,173.88,117.18,35.78000000000003,0.0258,0
CC-13816,39,Standard,89,48475,6031,0.132,0.0723,400,4800,1.275,27,4,0,0.0,0,0,16,0,84.0,0,48.0,49.46,-13.460000000000008,0.0636,0
CC-13817,27,Platinum,31,153597,43145,0.0611,-0.0128,1324,15888,1.2025,119,30,0,0.0,1,0,7,0,357.48,295,349.54,85.12,217.82,0.7058,0
CC-13818,29,Platinum,40,111818,33667,0.0553,-0.0362,935,11220,0.9537,8,15,2,374.75,3,1,15,0,252.45,295,246.84,96.06,579.3000000000001,0.2443,1
CC-13819,39,Gold,103,88067,21337,0.0513,-0.2966,550,6600,1.4025,8,11,0,0.0,1,0,13,0,132.0,95,99.0,69.64,58.360000000000014,0.029,0
CC-13820,65,Standard,86,34426,5788,0.0746,0.1098,217,2604,0.619,8,8,1,86.91,4,0,8,1,45.57,0,26.04,144.65,-38.21000000000001,0.2705,1
CC-13821,60,Standard,35,33150,4538,0.0688,-0.0527,157,1884,1.1759,8,5,0,0.0,1,1,14,0,32.97,0,18.84,92.63,-78.5,0.0944,0
CC-13822,42,Platinum,31,83387,30652,0.0639,-0.0027,984,11808,0.817,27,19,0,0.0,0,1,18,1,265.68,295,259.78,90.57,210.3300000000001,0.4139,1
CC-13823,38,Standard,116,49568,7170,0.1052,-0.1323,379,4548,0.8753,8,8,0,0.0,1,0,14,1,79.59,0,45.48,96.94,-62.829999999999984,0.1249,0
CC-13824,43,Standard,81,46841,6279,0.0849,-0.1559,268,3216,1.1677,8,3,0,0.0,1,0,12,0,56.28,0,32.16,67.43,-43.31,0.0433,0
CC-13825,22,Standard,25,41592,6274,0.0929,0.2049,293,3516,0.9069,8,1,0,0.0,0,0,16,0,61.53,0,35.16,87.94,-61.56999999999999,0.0623,0
CC-13826,70,Gold,108,75781,21199,0.0649,-0.286,691,8292,0.8196,8,8,0,0.0,2,2,15,0,165.84,95,124.38,69.57,66.89000000000004,0.2847,1
CC-13827,70,Gold,5,46110,13060,0.0469,-0.1781,308,3696,0.8015,8,5,0,0.0,3,0,9,0,73.92,95,55.44,84.9,28.580000000000013,0.0842,0
CC-13828,31,Platinum,103,148973,59367,0.043,0.2021,1282,15384,0.3541,8,20,0,0.0,3,0,11,0,346.14,295,338.45,96.39,206.3,0.1912,0
CC-13829,51,Standard,95,41450,5815,0.0695,0.0761,203,2436,1.179,8,6,2,81.35,0,0,10,0,42.63,0,24.36,83.3,16.319999999999993,0.0923,0
CC-13830,53,Standard,47,55079,9231,0.044,-0.0688,204,2448,0.648,8,5,0,0.0,2,0,3,1,42.84,0,24.48,120.65,-102.28999999999999,0.2132,0
CC-13831,34,Platinum,10,145117,44943,0.1078,0.167,2434,29208,1.5075,8,45,1,975.19,0,1,9,0,657.18,295,642.58,73.74,1211.0499999999997,0.0936,0
CC-13832,36,Platinum,88,164702,63143,0.1009,0.047,3201,38412,0.8637,8,40,0,0.0,1,2,17,0,864.27,295,845.06,105.7,208.51,0.266,1
CC-13833,31,Standard,119,44918,7946,0.0629,0.0149,251,3012,1.3428,119,7,0,0.0,1,1,13,0,52.71,0,30.12,86.02,-63.43,0.7871,0
CC-13834,53,Gold,31,88860,17894,0.0876,0.0138,788,9456,0.4073,27,14,1,315.51,2,1,4,0,189.12,95,141.84,120.93,336.86,0.6428,0
CC-13835,27,Standard,4,55475,8122,0.1191,0.0498,486,5832,1.1694,8,12,0,0.0,0,0,14,0,102.06,0,58.32,60.47,-16.72999999999999,0.0442,0
CC-13836,51,Black,107,266532,100000,0.0798,0.0559,4012,48144,1.2466,27,55,2,1606.24,4,1,15,0,1203.6,495,1444.32,153.33,1707.1900000000003,0.2712,0
CC-13837,68,Standard,115,50308,8155,0.0505,0.3094,207,2484,1.3411,27,4,0,0.0,2,2,9,1,43.47,0,24.84,77.64,-59.010000000000005,0.4436,1
CC-13838,66,Black,52,248953,97513,0.106,-0.0492,5192,62304,0.4916,8,79,0,0.0,2,0,13,0,1557.6,495,1869.12,78.91,104.56999999999994,0.1598,0
CC-13839,67,Gold,111,82213,24435,0.0767,-0.0446,942,11304,0.7392,27,16,2,377.24,2,0,20,1,226.08,95,169.56,79.68,449.08000000000004,0.4061,0
CC-13840,34,Gold,67,118862,31085,0.0837,-0.2055,1307,15684,1.123,8,17,0,0.0,3,0,9,1,313.68,95,235.26,90.08,83.34000000000003,0.0995,0
CC-13841,48,Standard,110,52205,6779,0.1239,-0.0278,422,5064,0.9945,27,8,1,169.06,1,0,11,1,88.62,0,50.64,80.46,126.58000000000001,0.2674,1
CC-13842,63,Gold,22,73493,14849,0.0548,0.2594,409,4908,1.038,8,9,0,0.0,3,0,12,1,98.16,95,73.62,112.57,6.969999999999999,0.1102,0
CC-13843,36,Standard,54,49757,8309,0.0735,0.1277,307,3684,0.8419,119,6,0,0.0,0,0,15,0,64.47,0,36.84,81.72,-54.09,0.7812,1
CC-13844,39,Standard,87,30600,3818,0.0782,-0.1016,150,1800,1.4152,8,2,0,0.0,0,2,12,0,31.5,0,18.0,53.31,-39.81,0.1422,1
CC-13845,37,Gold,39,80299,17192,0.117,-0.0155,1011,12132,1.7325,8,16,4,404.87,1,1,9,0,242.64,95,181.98,104.67,455.86,0.1893,1
CC-13846,46,Black,74,213260,98839,0.1228,-0.2145,6098,73176,0.9812,8,79,2,2443.07,0,0,18,0,1829.4,495,2195.28,84.99,2487.2000000000003,0.108,0
CC-13847,26,Gold,29,94603,24629,0.0597,-0.1654,739,8868,1.086,8,19,0,0.0,1,1,12,1,177.36,95,133.02,94.99,44.35000000000002,0.2105,0
CC-13848,63,Gold,49,80985,21759,0.0441,0.0024,482,5784,0.9669,8,11,0,0.0,0,1,8,0,115.68,95,86.76,93.89,30.03,0.1397,0
CC-13849,69,Standard,101,48189,6920,0.0696,-0.0942,242,2904,1.3352,8,4,0,0.0,0,0,10,0,50.82,0,29.04,36.57,-14.79,0.0342,0
CC-13850,29,Standard,8,53709,8938,0.0481,-0.1767,216,2592,1.1987,8,8,1,86.54,2,1,12,0,45.36,0,25.92,124.29,-18.310000000000002,0.1377,0
CC-13851,70,Standard,62,39822,7106,0.061,0.0535,218,2616,0.6301,8,10,1,87.25,1,1,7,0,45.78,0,26.16,64.06,42.81,0.2953,0
CC-13852,37,Gold,47,75979,17255,0.0909,-0.0323,788,9456,0.7662,8,10,0,0.0,1,2,10,0,189.12,95,141.84,52.5,89.78,0.3351,1
CC-13853,51,Black,46,277407,100000,0.1695,-0.2551,8516,102192,0.6472,8,115,0,0.0,2,0,16,1,2554.8,495,3065.76,91.92,-107.88000000000011,0.229,0
CC-13854,32,Gold,85,66714,19536,0.0611,-0.3313,600,7200,1.7584,8,8,0,0.0,4,0,9,0,144.0,95,108.0,136.18,-5.180000000000007,0.0183,0
CC-13855,43,Standard,20,44873,7232,0.0592,-0.1055,215,2580,1.1406,8,5,0,0.0,3,1,18,0,45.15,0,25.8,97.7,-78.35,0.0935,0
CC-13856,25,Standard,67,45467,7314,0.055,-0.2582,202,2424,0.7713,8,9,0,0.0,0,0,11,0,42.42,0,24.24,61.87,-43.69,0.0809,0
CC-13857,63,Gold,27,89864,19983,0.0601,-0.3003,604,7248,0.7473,8,7,0,0.0,0,2,12,0,144.96,95,108.72,49.21,82.03,0.3367,0
CC-13858,56,Standard,29,49719,7562,0.0603,0.1493,229,2748,1.1916,8,5,0,0.0,2,0,13,0,48.09,0,27.48,65.08,-44.47,0.0427,0
CC-13859,56,Platinum,9,83890,30095,0.105,-0.0347,1588,19056,1.2215,8,30,0,0.0,1,0,16,1,428.76,295,419.23,103.64,200.89,0.0793,0
CC-13860,23,Platinum,46,95020,35919,0.0443,-0.0598,799,9588,1.1894,8,19,0,0.0,1,0,13,0,215.73,295,210.94,71.73,228.06,0.0422,0
CC-13861,44,Gold,108,60197,18039,0.0994,-0.0483,901,10812,0.8223,8,11,3,360.92,2,0,7,0,216.24,95,162.18,73.79,436.19000000000005,0.22,0
CC-13862,37,Standard,31,46041,5617,0.1109,-0.1907,313,3756,1.0418,8,7,0,0.0,2,0,9,1,65.73,0,37.56,88.12,-59.95,0.1148,1
CC-13863,59,Standard,97,41800,5179,0.1118,0.0416,291,3492,0.9833,8,9,0,0.0,3,0,4,1,61.11,0,34.92,80.84,-54.650000000000006,0.1296,0
CC-13864,46,Standard,46,25000,3116,0.0907,-0.0396,142,1704,0.6691,8,4,0,0.0,3,1,17,1,29.82,0,17.04,84.82,-72.03999999999999,0.3167,0
CC-13865,24,Standard,109,66904,11010,0.0958,-0.1336,530,6360,0.6721,27,12,0,0.0,0,0,13,0,111.3,0,63.6,68.44,-20.739999999999995,0.1569,1
CC-13866,65,Standard,38,25000,3204,0.1,-0.1111,161,1932,1.0736,27,5,0,0.0,0,0,16,0,33.81,0,19.32,48.52,-34.03,0.0891,0
CC-13867,32,Gold,21,85646,22460,0.0629,-0.2041,710,8520,1.0089,119,14,1,284.36,2,1,10,1,170.4,95,127.8,104.31,317.65,0.9582,1
CC-13868,21,Gold,8,96971,22542,0.0654,-0.0809,741,8892,1.116,8,10,2,296.74,1,1,10,0,177.84,95,133.38,77.14,359.06000000000006,0.2206,1
CC-13869,41,Standard,27,36902,5440,0.128,-0.0559,350,4200,1.1873,8,7,0,0.0,1,0,13,1,73.5,0,42.0,54.29,-22.789999999999992,0.0869,0
CC-13870,39,Standard,33,52199,6939,0.0789,-0.0848,275,3300,1.3998,119,5,0,0.0,1,0,9,0,57.75,0,33.0,81.76,-57.010000000000005,0.6266,1
CC-13871,41,Standard,11,33658,5788,0.0722,-0.0117,210,2520,0.7172,8,6,1,84.12,2,0,11,1,44.1,0,25.2,103.01,0.009999999999990905,0.2411,0
CC-13872,38,Standard,86,46924,7281,0.0727,-0.0318,266,3192,1.1391,8,4,0,0.0,0,2,12,0,55.86,0,31.92,68.46,-44.519999999999996,0.2052,1
CC-13873,63,Platinum,76,63680,26251,0.0424,0.0146,559,6708,1.1748,8,5,0,0.0,1,0,14,1,150.93,295,147.58,65.3,233.05,0.0837,0
CC-13874,23,Standard,39,58198,8990,0.0589,0.1215,266,3192,0.8564,8,10,0,0.0,1,0,16,0,55.86,0,31.92,51.67,-27.730000000000004,0.0664,0
CC-13875,69,Standard,29,45009,5735,0.0715,0.069,206,2472,0.9866,8,9,0,0.0,0,0,7,1,43.26,0,24.72,60.13,-41.589999999999996,0.1287,0
CC-13876,64,Standard,15,27059,3524,0.1214,0.1232,215,2580,0.864,27,5,0,0.0,1,0,11,1,45.15,0,25.8,89.57,-70.22,0.246,0
CC-13877,52,Platinum,43,162006,67794,0.0647,-0.1472,2203,26436,1.5826,119,27,0,0.0,4,0,14,0,594.81,295,581.59,99.19,209.02999999999997,0.5292,0
CC-13878,30,Gold,68,119683,32620,0.0936,-0.0963,1534,18408,0.9815,8,26,0,0.0,2,0,11,1,368.16,95,276.12,120.03,67.01000000000005,0.1174,0
CC-13879,60,Standard,116,34577,4251,0.1301,0.078,278,3336,1.0855,27,9,0,0.0,1,1,13,0,58.38,0,33.36,70.54,-45.52,0.1827,0
CC-13880,35,Gold,87,80532,21774,0.0509,0.0807,557,6684,0.8708,8,11,0,0.0,3,0,18,0,133.68,95,100.26,100.76,27.659999999999997,0.0603,0
CC-13881,25,Gold,99,74059,17864,0.0877,-0.1218,787,9444,0.8061,8,17,0,0.0,2,0,10,0,188.88,95,141.66,85.0,57.22,0.0764,0
CC-13882,24,Black,26,226084,93892,0.1241,0.0717,5854,70248,0.5594,8,84,2,2345.36,1,0,6,0,1756.2,495,2107.44,103.99,2385.1299999999997,0.3086,0
CC-13883,48,Standard,119,35149,4542,0.1161,-0.1615,265,3180,1.28,8,8,0,0.0,0,0,12,0,55.65,0,31.8,91.7,-67.85,0.0353,0
CC-13884,71,Platinum,46,117373,46665,0.0826,0.0522,1936,23232,1.1805,8,17,3,775.85,2,0,8,1,522.72,295,511.1,118.45,964.0200000000001,0.2579,0
CC-13885,24,Black,108,238533,88612,0.1383,-0.0239,6160,73920,0.8597,8,66,0,0.0,5,0,7,0,1848.0,495,2217.6,157.31,-31.909999999999854,0.0741,0
CC-13886,35,Platinum,100,127523,40880,0.0518,-0.2277,1065,12780,0.6799,8,21,1,426.23,1,0,13,0,287.55,295,281.16,65.62,662.0,0.1678,0
CC-13887,37,Gold,62,75882,17501,0.1062,-0.0851,934,11208,1.004,8,14,1,374.11,0,1,10,1,224.16,95,168.12,79.44,445.71,0.3147,0
CC-13888,64,Gold,11,101174,21862,0.0711,0.3073,781,9372,0.8007,119,9,0,0.0,3,0,7,0,187.44,95,140.58,97.5,44.359999999999985,0.8227,1
CC-13889,23,Standard,4,52558,7909,0.0944,0.0104,375,4500,0.8834,27,9,0,0.0,2,1,10,1,78.75,0,45.0,87.6,-53.849999999999994,0.4325,0
CC-13890,30,Platinum,58,86327,24312,0.0787,0.3251,961,11532,0.5709,8,20,0,0.0,3,0,13,0,259.47,295,253.7,88.62,212.15000000000003,0.1429,0
CC-13891,67,Gold,32,72386,16655,0.1158,-0.2366,969,11628,1.0151,8,18,0,0.0,1,0,8,0,232.56,95,174.42,81.65,71.49000000000001,0.0612,0
CC-13892,62,Gold,24,111574,32731,0.0665,0.0926,1094,13128,1.0211,119,18,0,0.0,3,0,14,0,262.56,95,196.92,128.4,32.24000000000001,0.7372,1
CC-13893,43,Standard,112,48307,6696,0.1094,-0.4002,368,4416,1.2784,27,7,0,0.0,3,0,8,0,77.28,0,44.16,120.7,-87.58000000000001,0.0722,1
CC-13894,38,Gold,77,92107,21741,0.109,-0.02,1191,14292,0.9048,8,21,0,0.0,0,0,8,1,285.84,95,214.38,57.71,108.75,0.1368,0
CC-13895,21,Platinum,109,148364,51370,0.1203,0.0747,3105,37260,0.8499,8,41,1,1243.89,3,1,13,0,838.35,295,819.72,120.17,1437.35,0.2009,0
CC-13896,55,Standard,83,42056,6464,0.1062,0.1057,345,4140,0.483,8,9,2,138.18,0,0,6,0,72.45,0,41.4,73.03,96.19999999999999,0.2531,0
CC-13897,51,Platinum,102,138563,54485,0.0492,-0.1399,1348,16176,1.2803,8,20,0,0.0,1,0,12,0,363.96,295,355.87,82.44,220.65000000000003,0.0358,0
CC-13898,64,Gold,15,76417,16737,0.1231,0.1359,1035,12420,1.2178,27,8,0,0.0,0,1,14,0,248.4,95,186.3,51.07,106.02999999999997,0.1617,1
CC-13899,21,Platinum,73,169950,68327,0.083,-0.1001,2851,34212,0.9586,8,38,2,1141.51,0,1,8,0,769.77,295,752.66,36.73,1416.8899999999999,0.2641,0
CC-13900,23,Standard,18,40558,6710,0.0887,-0.0446,299,3588,0.5512,119,5,2,119.8,4,0,13,0,62.79,0,35.88,97.29,49.41999999999999,0.9314,1
CC-13901,23,Standard,99,43729,7143,0.1153,-0.085,414,4968,0.5856,8,7,1,165.77,1,0,11,1,86.94,0,49.68,107.1,95.93,0.2671,0
CC-13902,57,Platinum,47,165736,48420,0.0765,-0.1905,1861,22332,0.7859,8,29,0,0.0,2,0,13,0,502.47,295,491.3,117.06,189.11,0.0775,0
CC-13903,39,Standard,67,41312,5011,0.0806,0.2155,203,2436,1.2396,8,10,0,0.0,3,2,14,0,42.63,0,24.36,94.23,-75.96000000000001,0.1767,1
CC-13904,49,Platinum,13,137524,49943,0.0833,-0.0128,2090,25080,1.0371,8,27,0,0.0,5,0,11,0,564.3,295,551.76,121.66,185.88,0.0568,0
CC-13905,45,Gold,72,77388,22157,0.0869,0.1431,968,11616,0.502,8,20,2,387.56,3,0,7,1,232.32,95,174.24,98.19,442.45,0.4942,0
CC-13906,53,Gold,22,83101,21476,0.0729,0.1367,787,9444,1.0713,8,10,0,0.0,3,1,6,0,188.88,95,141.66,114.34,27.879999999999995,0.1276,0
CC-13907,56,Standard,101,41351,5491,0.1131,-0.1652,312,3744,0.6983,119,9,0,0.0,2,0,21,0,65.52,0,37.44,66.04,-37.96000000000001,0.7931,1
CC-13908,49,Gold,110,73613,15388,0.0907,0.1624,701,8412,0.7933,8,18,3,280.93,4,0,12,1,168.24,95,126.18,148.53,269.46000000000004,0.361,0
CC-13909,46,Standard,65,37035,5998,0.0909,0.0555,274,3288,1.2415,8,7,0,0.0,2,0,12,0,57.54,0,32.88,111.48,-86.82000000000002,0.0391,1
CC-13910,24,Standard,103,43059,7031,0.1073,-0.1761,379,4548,1.1797,8,4,0,0.0,1,1,11,0,79.59,0,45.48,81.7,-47.59,0.0942,0
CC-13911,69,Standard,107,56455,7359,0.0692,0.0473,256,3072,1.2779,8,4,0,0.0,3,1,9,1,53.76,0,30.72,131.94,-108.9,0.1633,0
CC-13912,34,Standard,92,52016,6329,0.1302,-0.1734,414,4968,0.9431,8,8,0,0.0,1,0,10,1,86.94,0,49.68,82.91,-45.650000000000006,0.1239,0
CC-13913,70,Black,14,169457,73458,0.1231,0.221,4545,54540,1.2149,8,51,0,0.0,1,0,9,0,1363.5,495,1636.2,55.32,166.98000000000002,0.045,0
CC-13914,47,Black,64,249959,100000,0.0981,0.1021,4932,59184,0.7742,8,64,0,0.0,0,1,11,0,1479.6,495,1775.52,68.49,130.58999999999992,0.1705,0
CC-13915,53,Standard,96,37818,6140,0.0671,-0.0307,207,2484,0.8727,27,11,0,0.0,2,0,13,0,43.47,0,24.84,93.84,-75.21000000000001,0.1201,0
CC-13916,42,Gold,94,51800,14555,0.0364,0.1697,266,3192,0.8521,8,12,0,0.0,0,0,14,1,63.84,95,47.88,76.66,34.30000000000001,0.1311,1
CC-13917,68,Standard,93,48096,7533,0.1096,-0.2573,415,4980,0.9572,8,8,0,0.0,2,0,16,1,87.15,0,49.8,85.77,-48.41999999999999,0.1092,0
CC-13918,23,Gold,44,82958,17511,0.078,-0.1324,686,8232,0.5641,8,19,2,274.92,0,2,14,0,164.64,95,123.48,56.62,354.4599999999999,0.6706,1
CC-13919,43,Platinum,85,210802,79169,0.0681,-0.0579,2710,32520,0.8825,8,37,0,0.0,1,0,9,0,731.7,295,715.44,106.52,204.74,0.0703,0
CC-13920,41,Black,71,256618,100000,0.0889,0.3154,4469,53628,1.3855,8,56,0,0.0,0,0,11,0,1340.7,495,1608.84,90.14,136.72000000000003,0.0318,0
CC-13921,61,Standard,60,36268,6322,0.0759,-0.1806,241,2892,0.6222,8,6,0,0.0,0,0,11,1,50.61,0,28.92,89.03,-67.34,0.1922,1
CC-13922,43,Platinum,7,109447,44001,0.0893,-0.2761,1974,23688,0.5512,8,23,0,0.0,1,0,9,0,532.98,295,521.14,74.89,231.95000000000005,0.1628,0
CC-13923,24,Standard,107,39919,5514,0.122,-0.2367,338,4056,0.5754,8,6,2,135.41,1,0,10,1,70.98,0,40.56,94.97,70.85999999999999,0.359,0
CC-13924,41,Black,29,321322,100000,0.1189,0.1159,5975,71700,1.7486,119,77,0,0.0,2,1,14,0,1792.5,495,2151.0,121.38,15.11999999999989,0.6711,1
CC-13925,57,Standard,30,52929,9054,0.0901,-0.1091,410,4920,1.0895,8,7,0,0.0,0,1,12,1,86.1,0,49.2,93.01,-56.110000000000014,0.2095,0
CC-13926,63,Gold,28,147180,39419,0.0907,-0.0439,1796,21552,0.8689,8,16,0,0.0,2,0,11,0,431.04,95,323.28,79.56,123.19999999999999,0.0722,0
CC-13927,51,Gold,93,59360,13359,0.0705,0.0944,473,5676,0.9705,8,12,0,0.0,0,1,13,1,113.52,95,85.14,47.87,75.50999999999999,0.2296,0
CC-13928,41,Gold,118,86832,25648,0.0402,-0.0437,518,6216,1.0183,8,11,2,207.53,1,0,14,1,124.32,95,93.24,79.88,253.73000000000002,0.2014,0
CC-13929,46,Standard,51,37301,5485,0.1255,0.0106,346,4152,0.7579,8,7,0,0.0,1,1,9,0,72.66,0,41.52,102.18,-71.04000000000002,0.1817,1
CC-13930,61,Black,108,304534,100000,0.1486,0.0603,7468,89616,0.7948,8,102,0,0.0,4,0,8,1,2240.4,495,2688.48,126.7,-79.77999999999975,0.1556,0
CC-13931,55,Standard,23,60560,7666,0.1202,-0.0846,463,5556,0.9027,27,7,2,185.47,2,1,13,0,97.23,0,55.56,112.51,114.63,0.4186,0
CC-13932,58,Gold,3,103319,27353,0.042,-0.0449,577,6924,0.7326,8,13,0,0.0,3,0,14,1,138.48,95,103.86,108.47,21.150000000000006,0.1646,1
CC-13933,44,Standard,94,31414,4594,0.1191,0.0163,275,3300,0.8309,8,5,1,110.13,1,0,16,0,57.75,0,33.0,95.07,39.81,0.0955,0
CC-13934,31,Standard,114,52702,6623,0.1124,0.1102,374,4488,1.0559,8,5,1,149.84,0,0,13,0,78.54,0,44.88,50.96,132.54,0.0715,1
CC-13935,61,Gold,60,40091,10986,0.0978,-0.1389,540,6480,0.6509,8,12,0,0.0,2,0,8,0,129.6,95,97.2,114.45,12.949999999999989,0.1393,0
CC-13936,49,Standard,81,25000,4198,0.1161,-0.4731,245,2940,1.733,8,3,0,0.0,1,0,9,0,51.45,0,29.4,97.83,-75.77999999999999,0.0191,0
CC-13937,67,Standard,57,42198,6900,0.118,0.0819,409,4908,1.1759,119,4,1,163.89,4,0,10,0,85.89,0,49.08,108.49,92.20999999999998,0.7749,1
CC-13938,23,Standard,83,51870,6853,0.1359,0.1192,468,5616,0.569,27,11,0,0.0,2,0,11,0,98.28,0,56.16,117.35,-75.22999999999999,0.1893,0
CC-13939,21,Standard,28,48917,7894,0.0418,0.01,166,1992,0.2066,119,5,0,0.0,1,0,18,0,34.86,0,19.92,57.07,-42.13000000000001,0.9047,0
CC-13940,39,Platinum,86,206702,58186,0.1469,0.0202,4296,51552,0.7437,8,49,1,1720.48,1,0,10,1,1159.92,295,1134.14,96.12,1945.1399999999999,0.2259,0
CC-13941,66,Platinum,27,143826,46414,0.0532,-0.1046,1240,14880,1.1553,8,27,0,0.0,2,1,19,0,334.8,295,327.36,116.01,186.42999999999995,0.0894,0
CC-13942,69,Standard,79,43797,6303,0.1244,0.055,394,4728,1.0971,27,6,2,157.83,0,0,13,0,82.74,0,47.28,84.73,108.56,0.1771,0
CC-13943,42,Standard,35,57995,9865,0.0607,0.108,301,3612,0.9167,27,7,0,0.0,2,0,14,0,63.21,0,36.12,79.65,-52.56000000000001,0.116,0
CC-13944,34,Standard,91,40791,5850,0.1024,-0.0115,301,3612,0.7696,8,8,0,0.0,4,1,12,0,63.21,0,36.12,99.87,-72.78,0.1656,0
CC-13945,69,Standard,74,49373,5958,0.0591,0.3537,177,2124,0.6788,119,5,2,70.88,1,0,13,1,37.17,0,21.24,51.75,35.06,0.9572,1
CC-13946,34,Gold,71,94540,22239,0.1075,-0.2546,1201,14412,0.8292,119,14,0,0.0,2,2,18,1,288.24,95,216.18,66.44,100.62,0.9751,1
CC-13947,64,Gold,8,64349,16080,0.0486,0.0044,393,4716,0.6463,8,8,0,0.0,0,1,9,0,94.32,95,70.74,65.66,52.920000000000016,0.2807,1
CC-13948,36,Standard,25,49359,8733,0.0681,-0.1962,299,3588,0.8303,8,9,0,0.0,7,0,12,0,62.79,0,35.88,152.01,-125.1,0.0752,0
CC-13949,53,Standard,118,69581,12278,0.099,0.112,611,7332,1.3493,8,13,0,0.0,2,1,12,0,128.31,0,73.32,117.26,-62.26999999999998,0.0713,1
CC-13950,33,Standard,32,57787,7561,0.1211,-0.2572,460,5520,0.7186,27,7,0,0.0,5,1,9,1,96.6,0,55.2,119.84,-78.44000000000003,0.4971,1
CC-13951,58,Platinum,80,110624,33842,0.0493,-0.2201,839,10068,1.1333,8,10,0,0.0,2,0,13,1,226.53,295,221.5,105.25,194.77999999999997,0.0903,0
CC-13952,69,Black,56,443705,100000,0.1661,-0.115,8347,100164,1.179,8,101,0,0.0,2,1,11,0,2504.1,495,3004.92,120.08,-125.90000000000009,0.0977,0
CC-13953,32,Standard,89,52754,8827,0.0428,0.0199,190,2280,0.6261,8,11,2,76.04,2,1,8,1,39.9,0,22.8,122.89,-29.75,0.5607,0
CC-13954,71,Standard,13,49772,5990,0.1292,-0.1093,389,4668,0.697,8,12,0,0.0,4,0,16,1,81.69,0,46.68,146.53,-111.52000000000001,0.1658,0
CC-13955,58,Platinum,33,136597,40679,0.1472,-0.1078,3009,36108,1.2707,8,42,0,0.0,2,0,6,0,812.43,295,794.38,77.27,235.77999999999986,0.0431,0
CC-13956,59,Platinum,8,163894,58233,0.097,-0.0471,2840,34080,0.6723,8,45,1,1136.97,1,2,18,0,766.8,295,749.76,81.76,1367.25,0.5219,1
CC-13957,53,Standard,13,46257,6237,0.0711,-0.0563,223,2676,0.9328,8,3,1,89.26,3,0,10,0,46.83,0,26.76,91.07,18.260000000000005,0.0977,0
CC-13958,53,Standard,79,45221,5677,0.0901,0.2031,257,3084,1.562,27,5,0,0.0,3,1,14,1,53.97,0,30.84,115.88,-92.75,0.1824,0
CC-13959,49,Standard,14,43502,6159,0.1383,0.0829,428,5136,1.2439,8,13,0,0.0,1,0,10,1,89.88,0,51.36,64.35,-25.83,0.0853,0
CC-13960,25,Gold,68,105692,24036,0.0633,-0.0687,765,9180,0.9756,8,14,0,0.0,2,0,8,0,183.6,95,137.7,84.81,56.09000000000003,0.0631,1
CC-13961,26,Standard,55,54708,8242,0.0934,0.2946,387,4644,1.2022,8,7,0,0.0,3,1,11,0,81.27,0,46.44,113.14,-78.30999999999999,0.0945,0
CC-13962,51,Standard,101,43319,7743,0.0668,0.0537,260,3120,0.9332,8,6,0,0.0,6,0,10,0,54.6,0,31.2,132.33,-108.93,0.0631,0
CC-13963,36,Gold,38,52721,11199,0.1187,-0.1653,668,8016,1.2555,27,10,0,0.0,4,1,16,1,160.32,95,120.24,116.26,18.819999999999993,0.2659,0
CC-13964,51,Standard,19,45405,6464,0.1271,0.0185,413,4956,0.3361,8,12,1,165.37,1,0,11,0,86.73,0,49.56,70.4,132.14000000000001,0.2152,1
CC-13965,45,Platinum,30,114874,47153,0.0611,0.0603,1448,17376,0.9082,8,26,0,0.0,1,0,14,0,390.96,295,382.27,85.12,218.57000000000005,0.0643,0
CC-13966,68,Standard,94,39672,6847,0.0889,-0.1231,306,3672,0.3241,8,7,0,0.0,0,1,11,1,64.26,0,36.72,69.34,-41.8,0.4658,1
CC-13967,66,Standard,24,43595,6262,0.0966,-0.1779,304,3648,0.9984,8,7,2,121.76,3,0,14,0,63.84,0,36.48,103.4,45.72000000000003,0.1174,0
CC-13968,53,Gold,104,62468,16859,0.0574,-0.007,486,5832,0.8791,27,8,2,194.78,3,0,13,0,116.64,95,87.48,131.93,187.00999999999993,0.23,0
CC-13969,33,Standard,9,26884,3367,0.0816,-0.074,138,1656,1.3582,8,7,0,0.0,2,1,3,1,28.98,0,16.56,103.57,-91.14999999999999,0.1736,0
CC-13970,30,Black,17,300438,100000,0.1293,0.2019,6500,78000,1.1635,8,83,0,0.0,2,0,8,0,1950.0,495,2340.0,113.27,-8.269999999999982,0.0495,1
CC-13971,44,Gold,98,85570,25438,0.0437,0.0912,559,6708,0.7922,27,11,2,223.75,2,1,15,0,134.16,95,100.62,99.24,253.04999999999995,0.4368,0
CC-13972,30,Standard,13,44871,6831,0.1142,-0.1161,392,4704,0.8281,8,11,0,0.0,2,2,15,0,82.32,0,47.04,87.87,-52.59,0.2982,1
CC-13973,61,Gold,26,95853,23948,0.0453,0.0439,545,6540,1.0642,8,8,0,0.0,1,0,9,0,130.8,95,98.1,72.8,54.900000000000034,0.056,0
CC-13974,51,Standard,69,37580,4931,0.0597,0.1701,148,1776,0.7782,8,4,2,59.25,2,0,14,0,31.08,0,17.76,77.43,-4.860000000000014,0.1541,0
CC-13975,33,Platinum,32,151636,55912,0.0682,-0.2291,1915,22980,0.9403,119,28,0,0.0,2,0,15,0,517.05,295,505.56,115.01,191.4799999999999,0.7565,1
CC-13976,23,Standard,72,60045,9332,0.0527,-0.1734,247,2964,1.345,27,6,0,0.0,3,1,11,1,51.87,0,29.64,130.57,-108.33999999999997,0.2522,0
CC-13977,70,Gold,68,79587,21105,0.0732,-0.0217,776,9312,0.7013,8,14,0,0.0,1,0,8,0,186.24,95,139.68,56.55,85.00999999999999,0.0946,0
CC-13978,54,Standard,63,66368,8068,0.0982,-0.0147,398,4776,0.8157,8,8,2,159.47,0,1,8,1,83.58,0,47.76,84.88,110.41000000000003,0.4906,1
CC-13979,69,Standard,80,45562,6967,0.106,-0.0278,371,4452,0.8578,8,10,0,0.0,0,0,8,0,77.91,0,44.52,84.25,-50.860000000000014,0.0745,0
CC-13980,48,Platinum,43,110166,40022,0.1194,-0.0666,2401,28812,1.8974,8,26,0,0.0,3,0,17,1,648.27,295,633.86,116.16,193.25,0.0271,0
CC-13981,39,Platinum,84,169738,52458,0.121,-0.0689,3191,38292,1.1325,27,43,0,0.0,0,1,15,0,861.57,295,842.42,79.78,234.37000000000023,0.1698,0
CC-13982,43,Standard,53,43733,5794,0.068,0.0376,198,2376,1.2896,8,6,0,0.0,2,0,12,0,41.58,0,23.76,120.27,-102.45,0.0367,0
CC-13983,65,Standard,46,56841,7762,0.1392,0.1501,543,6516,1.1804,8,10,0,0.0,3,1,12,1,114.03,0,65.16,109.14,-60.27000000000001,0.1844,0
CC-13984,52,Platinum,97,154467,58642,0.0701,-0.0921,2067,24804,1.2006,8,32,0,0.0,1,0,11,0,558.09,295,545.69,96.62,210.77999999999997,0.0414,0
CC-13985,33,Black,15,257051,100000,0.1038,0.3458,5217,62604,1.0921,8,64,0,0.0,2,2,16,0,1565.1,495,1878.12,122.54,59.440000000000055,0.2142,1
CC-13986,53,Standard,92,62111,10605,0.0715,0.2741,381,4572,1.0596,8,4,0,0.0,2,1,12,0,80.01,0,45.72,87.9,-53.61,0.1109,0
CC-13987,54,Gold,110,74388,17076,0.0676,0.1794,580,6960,0.5148,8,12,1,232.35,0,0,12,0,139.2,95,104.4,61.81,300.3399999999999,0.2099,0
CC-13988,53,Standard,14,25000,4368,0.1057,0.0734,232,2784,1.0574,8,5,0,0.0,0,1,11,0,48.72,0,27.84,74.27,-53.39,0.1199,0
CC-13989,25,Platinum,84,170820,65615,0.0647,0.2812,2132,25584,0.9175,8,27,2,854.51,3,0,11,0,575.64,295,562.85,109.91,1052.39,0.1326,0
CC-13990,23,Standard,11,48936,7032,0.0993,-0.0635,351,4212,1.1136,8,8,0,0.0,0,0,11,0,73.71,0,42.12,50.63,-19.040000000000006,0.0506,0
CC-13991,27,Standard,115,59441,7472,0.078,-0.1449,293,3516,0.9287,8,5,0,0.0,3,0,14,0,61.53,0,35.16,116.53,-90.16,0.0583,0
CC-13992,44,Platinum,87,109141,34486,0.1225,-0.0989,2123,25476,1.1789,8,30,0,0.0,1,0,13,0,573.21,295,560.47,95.6,212.14,0.0415,0
CC-13993,42,Standard,50,42219,7489,0.0951,-0.1704,358,4296,1.232,8,8,2,143.35,2,0,11,0,75.18,0,42.96,65.34,110.22999999999999,0.0868,0
CC-13994,65,Gold,51,77349,17870,0.0685,-0.0017,615,7380,0.0764,8,9,0,0.0,1,1,8,0,147.6,95,110.7,62.04,69.85999999999999,0.4888,1
CC-13995,43,Standard,55,55504,7759,0.1121,0.025,437,5244,0.8198,27,6,1,175.07,1,0,10,1,91.77,0,52.44,109.64,104.75999999999999,0.3402,1
CC-13996,50,Standard,58,52322,6873,0.1213,0.0101,419,5028,0.3928,8,10,0,0.0,2,0,17,0,87.99,0,50.28,116.55,-78.83999999999999,0.126,0
CC-13997,38,Standard,42,47416,7985,0.0835,-0.0219,335,4020,1.0217,27,7,2,134.21,2,2,12,1,70.35,0,40.2,124.72,39.639999999999986,0.7475,1
CC-13998,52,Gold,109,89701,20412,0.0962,-0.0,987,11844,0.8598,27,16,0,0.0,3,1,12,0,236.88,95,177.66,118.39,35.829999999999984,0.2476,1
CC-13999,27,Standard,26,32051,4481,0.1017,0.2404,229,2748,1.3567,8,8,2,91.73,0,0,13,0,48.09,0,27.48,65.36,46.97999999999999,0.0709,0
CC-14000,53,Gold,100,101334,24465,0.0479,0.073,589,7068,1.0122,119,8,1,235.88,4,0,12,1,141.36,95,106.02,96.93,269.29,0.8977,0
CC-14001,25,Platinum,74,167619,57111,0.1025,0.1184,2942,35304,0.8043,27,44,0,0.0,2,0,12,1,794.34,295,776.69,85.68,226.97000000000003,0.251,0
CC-14002,69,Platinum,110,220188,74332,0.0857,0.0086,3202,38424,1.2316,119,46,0,0.0,1,0,7,0,864.54,295,845.33,74.86,239.3499999999999,0.682,0
CC-14003,48,Standard,119,50296,7555,0.0827,-0.2623,314,3768,0.8545,8,8,0,0.0,2,0,11,1,65.94,0,37.68,72.94,-44.68000000000001,0.1351,1
CC-14004,28,Standard,35,52115,8800,0.1067,-0.2921,472,5664,0.8006,8,7,0,0.0,1,0,13,0,99.12,0,56.64,73.7,-31.22,0.0766,0
CC-14005,35,Standard,25,50373,8520,0.0409,0.2924,175,2100,1.0681,8,4,0,0.0,1,0,13,0,36.75,0,21.0,63.53,-47.78,0.0517,0
CC-14006,24,Standard,79,37162,6239,0.0593,-0.0998,186,2232,1.4339,8,5,0,0.0,3,1,17,0,39.06,0,22.32,106.53,-89.78999999999999,0.059,0
CC-14007,54,Standard,56,59055,7444,0.0652,-0.1125,244,2928,1.2061,119,7,0,0.0,3,0,12,0,51.24,0,29.28,115.51,-93.55000000000001,0.6789,0
CC-14008,25,Gold,55,83815,23465,0.038,0.0168,448,5376,1.1201,8,5,2,179.48,1,0,9,0,107.52,95,80.64,90.0,211.36,0.1055,0
CC-14009,53,Standard,51,42829,5448,0.0807,0.0626,221,2652,1.7753,8,8,0,0.0,2,0,10,0,46.41,0,26.52,97.41,-77.52,0.0179,0
CC-14010,25,Standard,80,43483,5543,0.1547,0.0815,431,5172,0.7303,119,9,0,0.0,0,1,8,1,90.51,0,51.72,37.17,1.6200000000000045,0.9597,0
CC-14011,58,Standard,80,44258,7827,0.0577,0.2462,227,2724,0.7236,119,7,0,0.0,1,0,12,1,47.67,0,27.24,105.05,-84.61999999999999,0.9047,1
CC-14012,54,Gold,82,74663,21050,0.0821,0.2051,868,10416,0.9937,8,16,3,347.86,0,1,12,0,208.32,95,156.24,84.56,410.38000000000005,0.3169,0
CC-14013,46,Standard,51,47421,7262,0.0534,-0.1416,195,2340,1.4045,27,8,3,78.06,1,0,13,0,40.95,0,23.4,86.15,9.459999999999994,0.1673,0
CC-14014,21,Gold,104,82947,23847,0.0762,0.1253,913,10956,0.6675,8,13,0,0.0,5,0,12,0,219.12,95,164.34,161.23,-11.449999999999989,0.123,0
CC-14015,24,Standard,62,42955,7704,0.1098,-0.0776,425,5100,1.4764,8,6,0,0.0,2,0,15,0,89.25,0,51.0,117.17,-78.92000000000002,0.0257,0
CC-14016,59,Platinum,105,157143,57434,0.0647,-0.0406,1866,22392,0.5183,119,19,2,747.97,1,0,5,1,503.82,295,492.62,63.67,990.5,0.9791,1
CC-14017,46,Platinum,92,142652,52182,0.11,-0.1841,2884,34608,0.9136,27,39,0,0.0,2,0,17,0,778.68,295,761.38,80.98,231.31999999999982,0.1059,0
CC-14018,53,Standard,92,38765,6406,0.1202,-0.274,387,4644,1.002,8,7,0,0.0,2,0,13,0,81.27,0,46.44,69.24,-34.41,0.0542,0
CC-14019,53,Standard,67,36410,4876,0.1077,-0.0247,264,3168,0.6852,8,9,0,0.0,1,0,11,1,55.44,0,31.68,83.17,-59.41,0.1762,1
CC-14020,28,Standard,34,46107,5995,0.0823,-0.1634,248,2976,0.7636,8,7,3,99.31,0,0,8,0,52.08,0,29.76,77.98,43.64999999999998,0.2441,0
CC-14021,40,Standard,81,36600,6060,0.0939,0.1192,286,3432,1.189,8,1,0,0.0,2,0,9,1,60.06,0,34.32,71.69,-45.94999999999999,0.0895,0
CC-14022,36,Gold,118,67604,15852,0.1141,-0.0622,909,10908,1.3825,8,9,0,0.0,0,0,15,1,218.16,95,163.62,63.16,86.37999999999997,0.0584,0
CC-14023,41,Platinum,23,111843,33430,0.067,0.0263,1126,13512,0.3156,8,16,0,0.0,2,0,14,0,304.02,295,297.26,113.9,187.86,0.202,0
CC-14024,65,Gold,20,90418,20930,0.0819,0.1851,861,10332,1.0041,8,17,1,345.03,3,0,8,1,206.64,95,154.98,119.87,371.81999999999994,0.1746,0
CC-14025,46,Platinum,96,181773,60023,0.074,-0.2428,2233,26796,0.916,8,34,4,894.04,1,0,12,1,602.91,295,589.51,83.78,1118.6599999999999,0.412,1
CC-14026,43,Standard,62,48912,8702,0.0583,-0.1287,255,3060,0.9822,27,4,0,0.0,0,0,13,1,53.55,0,30.6,66.7,-43.750000000000014,0.1997,0
CC-14027,38,Standard,15,54976,8899,0.1114,0.0071,498,5976,0.855,8,13,0,0.0,2,1,10,0,104.58,0,59.76,87.22,-42.39999999999999,0.161,0
CC-14028,51,Gold,26,83518,21137,0.0724,0.0269,769,9228,0.5629,27,8,0,0.0,1,0,8,0,184.56,95,138.42,76.19,64.95000000000002,0.2714,0
CC-14029,62,Standard,32,46600,8300,0.0623,0.1455,260,3120,1.4127,8,5,0,0.0,1,0,12,0,54.6,0,31.2,67.46,-44.059999999999995,0.0309,0
CC-14030,32,Gold,4,120126,34874,0.0756,0.1101,1325,15900,1.2978,8,14,0,0.0,2,1,11,0,318.0,95,238.5,105.44,69.06,0.0855,0
CC-14031,21,Standard,85,54322,8187,0.0632,-0.0055,260,3120,0.9188,8,11,4,104.15,0,0,14,0,54.6,0,31.2,73.61,53.94,0.2422,0
CC-14032,62,Standard,113,55541,9683,0.0555,0.0255,270,3240,0.8035,27,5,0,0.0,1,0,9,0,56.7,0,32.4,62.1,-37.8,0.1401,0
CC-14033,29,Black,110,261505,100000,0.1106,0.0297,5558,66696,0.7672,27,77,0,0.0,1,0,17,0,1667.4,495,2000.88,66.08,95.44000000000005,0.1285,0
CC-14034,23,Standard,113,44940,6014,0.09,-0.2405,272,3264,0.1743,8,10,1,108.95,2,0,12,0,57.12,0,32.64,124.18,9.25,0.2436,1
CC-14035,71,Black,27,308396,100000,0.1016,-0.0435,5107,61284,1.0561,8,62,1,2045.04,0,0,14,1,1532.1,495,1838.52,41.27,2192.35,0.1465,0
CC-14036,46,Black,52,237551,100000,0.0545,0.0173,2741,32892,1.1841,8,34,0,0.0,3,0,15,0,822.3,495,986.76,121.61,208.93000000000006,0.0408,0
CC-14037,29,Platinum,16,57288,20059,0.087,0.0488,877,10524,0.9914,8,13,0,0.0,2,0,7,0,236.79,295,231.53,95.99,204.26999999999998,0.0654,0
CC-14038,62,Gold,8,93424,24840,0.0985,-0.1587,1230,14760,0.9241,8,10,0,0.0,5,0,11,1,295.2,95,221.4,114.69,54.10999999999996,0.1329,0
CC-14039,71,Gold,78,105429,28319,0.1001,-0.2103,1424,17088,0.99,8,29,0,0.0,0,0,13,0,341.76,95,256.32,38.57,141.87,0.0558,0
CC-14040,36,Platinum,86,141932,40184,0.0775,-0.0552,1565,18780,0.694,8,27,0,0.0,1,0,12,1,422.55,295,413.16,98.1,206.28999999999996,0.2241,0
CC-14041,44,Standard,89,38296,4719,0.1181,0.2751,280,3360,0.8001,8,9,0,0.0,1,2,11,0,58.8,0,33.6,87.05,-61.85000000000001,0.3112,1
CC-14042,70,Gold,32,77972,19747,0.1065,-0.1429,1057,12684,0.9001,8,19,0,0.0,0,0,12,0,253.68,95,190.26,37.68,120.74000000000001,0.0674,0
CC-14043,34,Gold,32,41899,9180,0.0824,0.1561,380,4560,1.159,8,4,0,0.0,1,1,10,0,91.2,95,68.4,67.28,50.51999999999998,0.1042,0
CC-14044,23,Standard,40,41251,6515,0.12,0.2177,393,4716,1.3637,8,3,0,0.0,1,0,17,1,82.53,0,47.16,65.52,-30.14999999999999,0.0615,0
CC-14045,54,Standard,60,32455,4969,0.1213,-0.0132,303,3636,0.8813,8,6,0,0.0,3,0,7,0,63.63,0,36.36,113.67,-86.4,0.0745,0
CC-14046,53,Standard,96,37129,5760,0.0605,-0.122,175,2100,0.6366,119,7,1,70.14,1,0,12,0,36.75,0,21.0,64.48,21.409999999999997,0.8835,1
CC-14047,70,Gold,43,60229,13867,0.0656,0.0569,457,5484,0.9607,8,10,3,183.1,0,0,14,1,109.68,95,82.26,82.68,222.83999999999997,0.3051,0
CC-14048,44,Platinum,96,95165,35170,0.0549,0.0092,971,11652,1.5534,8,14,0,0.0,2,1,15,0,262.17,295,256.34,79.29,221.54000000000008,0.0504,0
CC-14049,29,Standard,59,33703,5721,0.0543,-0.1489,156,1872,0.6627,8,6,0,0.0,1,1,8,1,32.76,0,18.72,77.06,-63.02,0.3568,0
CC-14050,33,Black,38,324297,100000,0.1893,-0.1188,9511,114132,1.2158,8,111,0,0.0,1,1,11,0,2853.3,495,3423.96,75.32,-150.98000000000002,0.0939,0
CC-14051,22,Gold,66,74166,21051,0.1003,0.048,1061,12732,1.3508,8,13,0,0.0,2,0,5,1,254.64,95,190.98,69.29,89.37,0.0768,0
CC-14052,27,Platinum,115,101222,36242,0.046,0.12,837,10044,0.842,8,10,0,0.0,0,0,12,0,225.99,295,220.97,58.38,241.64,0.0689,0
CC-14053,68,Gold,100,101022,22158,0.0991,-0.0684,1104,13248,0.7398,27,19,0,0.0,2,0,13,1,264.96,95,198.72,89.49,71.75,0.2627,0
CC-14054,41,Platinum,18,144514,54250,0.0846,-0.0304,2306,27672,1.1225,27,31,0,0.0,2,0,11,0,622.62,295,608.78,73.74,235.10000000000002,0.0923,0
CC-14055,39,Standard,90,25000,4406,0.0668,0.0803,148,1776,1.056,27,4,0,0.0,1,1,7,0,31.08,0,17.76,103.1,-89.78,0.2126,1
CC-14056,45,Platinum,80,174846,54143,0.1091,-0.0459,2968,35616,1.1584,8,39,0,0.0,2,0,15,0,801.36,295,783.55,87.41,225.4000000000002,0.0415,0
CC-14057,67,Standard,92,45810,6200,0.1419,-0.0649,442,5304,1.5721,8,12,0,0.0,2,1,13,1,92.82,0,53.04,115.89,-76.11000000000001,0.1023,0
CC-14058,42,Platinum,74,166963,50232,0.0665,-0.1333,1678,20136,1.0001,8,22,0,0.0,5,0,16,0,453.06,295,442.99,144.93,160.13999999999987,0.0521,0
CC-14059,31,Black,16,264234,100000,0.068,-0.1359,3415,40980,0.5923,8,53,0,0.0,0,1,9,0,1024.5,495,1229.4,35.58,254.51999999999998,0.2971,0
CC-14060,53,Standard,33,63052,9104,0.049,0.3803,224,2688,0.97,8,3,0,0.0,1,0,9,0,47.04,0,26.88,90.95,-70.78999999999999,0.0642,0
CC-14061,52,Standard,68,40703,5037,0.0924,-0.0494,234,2808,1.0225,27,4,0,0.0,0,0,12,1,49.14,0,28.08,59.25,-38.19,0.1919,0
CC-14062,41,Platinum,114,47745,19217,0.062,0.1848,599,7188,1.3302,8,3,0,0.0,0,1,7,0,161.73,295,158.14,78.91,219.68000000000004,0.0807,0
CC-14063,59,Standard,70,34994,5370,0.0804,0.2326,217,2604,0.891,8,8,0,0.0,0,0,8,0,45.57,0,26.04,76.36,-56.830000000000005,0.0715,1
CC-14064,40,Platinum,67,157574,51424,0.0918,-0.0475,2371,28452,0.8273,8,30,2,950.2,3,1,15,0,640.17,295,625.94,124.33,1135.1,0.279,0
CC-14065,28,Standard,57,46789,6580,0.1185,0.0353,392,4704,0.5386,8,10,0,0.0,2,0,10,0,82.32,0,47.04,106.51,-71.23000000000002,0.1162,0
CC-14066,62,Standard,86,43621,5994,0.086,-0.0046,259,3108,1.1142,8,6,0,0.0,0,1,16,0,54.39,0,31.08,36.23,-12.920000000000002,0.0958,0
CC-14067,57,Black,80,210952,93237,0.0779,-0.2618,3650,43800,1.9545,8,45,0,0.0,3,2,15,0,1095.0,495,1314.0,137.9,138.0999999999999,0.0622,0
CC-14068,29,Gold,42,85391,19956,0.113,-0.2528,1133,13596,0.8832,8,10,0,0.0,1,1,8,0,271.92,95,203.94,77.81,85.17000000000002,0.1573,0
CC-14069,45,Platinum,27,139496,49759,0.1129,-0.0127,2824,33888,1.0856,27,32,3,1130.77,1,1,12,0,762.48,295,745.54,103.47,1339.24,0.4491,1
CC-14070,45,Standard,27,44722,7442,0.0583,-0.0837,218,2616,0.7857,8,6,0,0.0,0,0,10,0,45.78,0,26.16,44.89,-25.269999999999996,0.0832,0
CC-14071,53,Gold,5,96425,25788,0.0606,0.2637,785,9420,0.5656,8,12,2,314.56,1,1,9,0,188.4,95,141.3,71.43,385.23,0.4977,1
CC-14072,22,Gold,71,88862,20389,0.1149,-0.0555,1177,14124,1.0803,8,17,0,0.0,4,0,7,0,282.48,95,211.86,153.43,12.189999999999998,0.0548,0
CC-14073,39,Gold,104,79638,20138,0.0456,0.2726,461,5532,0.9585,119,8,0,0.0,1,0,11,0,110.64,95,82.98,102.51,20.149999999999977,0.7549,1
CC-14074,66,Gold,28,63695,18090,0.0579,-0.0915,526,6312,0.2343,8,12,0,0.0,5,1,12,0,126.24,95,94.68,157.85,-31.289999999999992,0.4114,1
CC-14075,40,Gold,42,113899,23556,0.0912,0.2668,1080,12960,1.433,119,19,0,0.0,2,2,11,0,259.2,95,194.4,82.41,77.38999999999999,0.8926,1
CC-14076,62,Standard,40,67293,8391,0.073,0.056,308,3696,1.0748,8,5,0,0.0,2,1,12,0,64.68,0,36.96,107.31,-79.59,0.1127,1
CC-14077,61,Standard,40,64622,9911,0.0586,0.0645,292,3504,0.9722,119,5,0,0.0,7,1,20,0,61.32,0,35.04,154.47,-128.19,0.8613,1
CC-14078,62,Platinum,70,164467,60766,0.0747,-0.0968,2281,27372,0.8234,8,34,0,0.0,1,0,11,1,615.87,295,602.18,90.28,218.41000000000008,0.1461,0
CC-14079,49,Standard,9,26155,3470,0.125,0.0665,218,2616,1.0716,8,12,0,0.0,0,1,9,0,45.78,0,26.16,93.03,-73.41,0.1222,0
CC-14080,26,Gold,96,46806,12849,0.0971,0.2339,627,7524,1.0854,8,8,0,0.0,3,0,8,1,150.48,95,112.86,100.99,31.629999999999995,0.1046,1
CC-14081,37,Standard,32,38830,6165,0.1233,-0.0417,382,4584,1.0704,119,8,0,0.0,3,0,12,0,80.22,0,45.84,109.3,-74.91999999999999,0.7282,1
CC-14082,45,Gold,21,83836,24507,0.0391,-0.0709,481,5772,1.2704,27,12,2,192.87,1,0,14,1,115.44,95,86.58,73.98,242.75,0.2621,0
CC-14083,58,Gold,105,82963,17994,0.0657,-0.057,594,7128,1.3386,8,11,1,237.96,0,1,11,0,142.56,95,106.92,40.98,327.62,0.1072,0
CC-14084,24,Standard,37,47179,7788,0.1009,0.223,395,4740,1.5517,8,10,3,158.17,2,0,11,1,82.95,0,47.4,122.06,71.66,0.154,0
CC-14085,50,Standard,106,29334,3667,0.1102,0.1083,203,2436,0.6989,8,5,1,81.34,3,0,15,0,42.63,0,24.36,103.22,-3.6099999999999994,0.1164,0
CC-14086,40,Standard,35,63083,9709,0.0713,0.1972,348,4176,0.778,8,7,0,0.0,2,1,12,1,73.08,0,41.76,122.64,-91.32000000000001,0.3028,0
CC-14087,23,Gold,35,116986,29853,0.055,0.027,825,9900,1.0584,8,10,1,330.49,3,0,11,1,198.0,95,148.5,123.21,351.78000000000003,0.1528,0
CC-14088,43,Platinum,80,94102,31465,0.0696,-0.0141,1101,13212,0.7163,8,18,0,0.0,1,0,14,0,297.27,295,290.66,63.27,238.33999999999997,0.0822,0
CC-14089,71,Standard,40,25000,4266,0.0718,0.0436,154,1848,0.7646,8,3,0,0.0,1,0,13,0,32.34,0,18.48,86.45,-72.59,0.0804,0
CC-14090,38,Gold,12,83092,16654,0.0672,0.1405,562,6744,1.0926,27,11,0,0.0,1,0,19,0,134.88,95,101.16,55.46,73.25999999999999,0.0837,0
CC-14091,46,Standard,59,59198,8951,0.1283,-0.0571,577,6924,1.2203,8,15,0,0.0,1,0,18,1,121.17,0,69.24,61.74,-9.809999999999988,0.0737,0
CC-14092,56,Gold,30,84316,18694,0.0545,0.1853,512,6144,1.3328,8,12,0,0.0,1,0,19,0,122.88,95,92.16,56.38,69.34,0.0305,0
CC-14093,28,Platinum,80,149098,57267,0.1154,0.0349,3322,39864,0.8922,8,42,0,0.0,1,0,4,0,896.94,295,877.01,53.89,261.0400000000001,0.0763,0
CC-14094,37,Standard,102,40053,4909,0.1451,-0.3809,358,4296,1.0889,8,8,0,0.0,3,0,15,1,75.18,0,42.96,117.12,-84.9,0.0914,0
CC-14095,51,Gold,40,88108,24948,0.0648,0.1125,813,9756,1.0228,8,12,0,0.0,2,0,11,0,195.12,95,146.34,81.17,62.610000000000014,0.0568,0
CC-14096,57,Standard,18,55625,9472,0.0964,-0.2108,459,5508,0.9553,8,5,0,0.0,3,1,14,1,96.39,0,55.08,125.43,-84.11999999999999,0.2417,0
CC-14097,65,Standard,23,49636,8436,0.0913,0.1089,387,4644,0.7052,119,6,0,0.0,2,0,12,0,81.27,0,46.44,85.14,-50.30999999999999,0.8289,1
CC-14098,53,Standard,94,51474,6648,0.073,0.1152,244,2928,0.667,8,5,0,0.0,1,1,12,1,51.24,0,29.28,102.23,-80.26999999999998,0.3306,0
CC-14099,47,Standard,99,26288,4148,0.0705,0.0295,147,1764,1.15,8,6,0,0.0,1,0,12,0,30.87,0,17.64,76.49,-63.25999999999999,0.0438,0
CC-14100,65,Gold,8,130438,26275,0.1,0.0616,1321,15852,0.7002,8,13,0,0.0,3,2,12,0,317.04,95,237.78,101.08,73.18,0.3573,1
CC-14101,24,Standard,43,26423,4515,0.0881,0.1448,200,2400,0.4169,8,9,0,0.0,0,0,12,1,42.0,0,24.0,37.44,-19.439999999999998,0.2473,0
CC-14102,42,Gold,17,88323,24050,0.0762,-0.0943,921,11052,0.9405,8,14,0,0.0,1,1,12,0,221.04,95,165.78,93.82,56.43999999999994,0.1384,1
CC-14103,46,Standard,110,43307,6577,0.0847,0.099,280,3360,1.3866,8,9,0,0.0,1,1,15,0,58.8,0,33.6,108.58,-83.38000000000001,0.0642,1
CC-14104,52,Standard,5,43797,7175,0.0763,0.1545,275,3300,0.1115,8,6,0,0.0,1,0,14,1,57.75,0,33.0,65.63,-40.879999999999995,0.3469,0
CC-14105,44,Gold,45,103483,21672,0.0949,0.244,1033,12396,0.8635,27,23,0,0.0,1,1,11,0,247.92,95,185.94,89.27,67.70999999999998,0.2604,0
CC-14106,66,Black,49,230453,100000,0.0892,-0.1859,4485,53820,1.1526,27,64,0,0.0,0,0,18,0,1345.5,495,1614.6,75.47,150.43000000000006,0.0759,1
CC-14107,55,Standard,101,40132,5517,0.1003,0.0413,278,3336,0.403,8,7,0,0.0,0,0,13,1,58.38,0,33.36,61.43,-36.40999999999999,0.2389,0
CC-14108,57,Platinum,16,99868,41561,0.0995,-0.1642,2079,24948,0.886,8,26,0,0.0,2,1,13,0,561.33,295,548.86,85.58,221.89,0.1467,0
CC-14109,52,Gold,68,108845,31098,0.0789,-0.1706,1233,14796,0.6082,8,14,0,0.0,0,0,13,0,295.92,95,221.94,38.13,130.85000000000002,0.1347,1
CC-14110,27,Gold,31,90654,24778,0.089,0.0339,1108,13296,0.6478,8,18,0,0.0,2,1,17,0,265.92,95,199.44,121.97,39.51000000000005,0.2456,0
CC-14111,53,Gold,6,98540,28909,0.0744,-0.0084,1081,12972,0.8293,8,21,0,0.0,1,1,12,0,259.44,95,194.58,80.6,79.25999999999999,0.1622,0
CC-14112,51,Standard,28,54134,7622,0.1076,0.1518,412,4944,0.6131,8,10,0,0.0,0,0,5,0,86.52,0,49.44,53.36,-16.28,0.1167,0
CC-14113,32,Standard,117,67403,11731,0.0821,-0.0719,484,5808,0.5881,8,17,2,193.86,3,0,16,0,101.64,0,58.08,132.89,104.53000000000003,0.1857,1
CC-14114,31,Gold,14,123610,28742,0.0451,-0.0401,651,7812,0.9322,8,10,0,0.0,2,1,13,1,156.24,95,117.18,73.28,60.78,0.2529,0
CC-14115,44,Standard,4,48634,7974,0.1213,0.0117,486,5832,1.6181,27,15,2,194.69,0,0,12,0,102.06,0,58.32,77.01,161.42,0.0922,0
CC-14116,28,Platinum,19,145528,55751,0.0415,-0.1493,1164,13968,1.1773,27,14,0,0.0,1,0,13,0,314.28,295,307.3,57.03,244.94999999999993,0.0821,0
CC-14117,52,Standard,37,39013,4724,0.0977,-0.1285,232,2784,1.2532,8,2,3,92.9,4,1,14,0,48.72,0,27.84,138.81,-25.03,0.234,0
CC-14118,58,Standard,12,53371,7560,0.0566,0.1474,215,2580,1.1892,8,3,0,0.0,2,0,7,1,45.15,0,25.8,101.16,-81.81,0.0977,0
CC-14119,42,Gold,114,100026,20199,0.0588,-0.1023,597,7164,0.7407,8,13,0,0.0,5,0,9,0,143.28,95,107.46,144.21,-13.390000000000015,0.0847,0
CC-14120,54,Standard,88,36794,6616,0.0953,0.1574,317,3804,1.0432,119,8,0,0.0,2,1,14,0,66.57,0,38.04,98.78,-70.25,0.8572,1
CC-14121,39,Gold,107,100295,21284,0.0868,0.0711,928,11136,1.2793,27,11,0,0.0,3,0,14,0,222.72,95,167.04,106.24,44.440000000000055,0.0647,0
CC-14122,40,Gold,45,106427,27062,0.1018,-0.2521,1384,16608,1.1985,27,30,0,0.0,1,0,13,1,332.16,95,249.12,103.75,74.29000000000002,0.1519,0
CC-14123,34,Platinum,23,100742,39357,0.059,0.0596,1167,14004,1.0084,8,21,0,0.0,2,1,14,1,315.09,295,308.09,67.22,234.77999999999997,0.2257,0
CC-14124,53,Platinum,17,146646,45192,0.0732,0.0584,1663,19956,1.106,8,16,0,0.0,2,0,10,0,449.01,295,439.03,117.62,187.36,0.052,0
CC-14125,30,Gold,37,83603,20775,0.0602,0.0434,628,7536,1.6889,8,12,0,0.0,3,0,9,0,150.72,95,113.04,105.52,27.159999999999997,0.0212,0
CC-14126,36,Gold,114,84885,22133,0.0851,-0.0413,947,11364,1.2018,27,16,0,0.0,0,0,16,0,227.28,95,170.46,54.73,97.08999999999997,0.0696,0
CC-14127,24,Black,87,213314,82944,0.1402,-0.161,5843,70116,0.8555,27,70,1,2340.68,0,0,12,0,1752.9,495,2103.48,70.76,2414.3399999999997,0.1771,0
CC-14128,47,Standard,87,25000,4167,0.0755,0.1819,158,1896,0.9278,8,5,1,63.33,0,1,16,1,33.18,0,18.96,47.99,29.559999999999988,0.3107,0
CC-14129,48,Standard,87,36501,5035,0.0842,-0.0352,213,2556,0.6338,8,3,3,85.33,2,1,13,0,44.73,0,25.56,91.73,12.769999999999996,0.4461,0
CC-14130,63,Standard,62,34926,4633,0.1473,-0.1525,343,4116,1.6541,27,6,0,0.0,0,0,5,1,72.03,0,41.16,72.63,-41.75999999999999,0.0909,0
CC-14131,36,Standard,46,48973,7517,0.0532,0.0486,201,2412,1.4312,8,4,0,0.0,3,0,18,0,42.21,0,24.12,102.43,-84.34,0.0264,0
CC-14132,53,Gold,98,92852,22380,0.0814,-0.1314,916,10992,0.975,27,13,0,0.0,2,0,13,0,219.84,95,164.88,84.09,65.87000000000003,0.1037,1
CC-14133,68,Gold,7,91642,26762,0.0619,-0.1624,832,9984,1.6042,8,16,0,0.0,3,2,14,0,199.68,95,149.76,115.38,29.54000000000002,0.1118,0
CC-14134,39,Gold,105,55319,15932,0.0412,-0.0763,330,3960,1.1397,8,10,0,0.0,2,1,7,0,79.2,95,59.4,102.53,12.269999999999982,0.1071,0
CC-14135,41,Standard,75,32404,4828,0.068,-0.1198,165,1980,0.8207,8,7,0,0.0,1,0,13,0,34.65,0,19.8,68.78,-53.93,0.072,1
CC-14136,42,Gold,119,71895,16961,0.0445,-0.1568,379,4548,1.2219,8,9,0,0.0,1,0,12,0,90.96,95,68.22,88.92,28.819999999999993,0.0386,0
CC-14137,29,Standard,20,45260,6315,0.1308,0.101,415,4980,1.0696,8,9,0,0.0,2,0,16,0,87.15,0,49.8,115.6,-78.24999999999997,0.0489,0
CC-14138,29,Gold,23,77878,17659,0.0971,-0.0371,862,10344,1.2014,119,17,0,0.0,4,0,9,0,206.88,95,155.16,101.79,44.93000000000001,0.6992,0
CC-14139,29,Gold,74,91601,23308,0.1028,0.1678,1204,14448,0.5393,119,12,0,0.0,0,0,9,1,288.96,95,216.72,91.34,75.89999999999998,0.9508,1
CC-14140,47,Standard,110,55974,9420,0.0805,-0.1482,381,4572,0.7069,8,6,0,0.0,1,0,9,0,80.01,0,45.72,54.04,-19.749999999999986,0.0893,0
CC-14141,37,Standard,118,33757,4680,0.105,-0.2791,247,2964,1.3965,8,3,0,0.0,2,0,6,0,51.87,0,29.64,96.46,-74.22999999999999,0.0332,0
CC-14142,64,Standard,100,34185,4492,0.1209,0.0023,273,3276,1.4579,8,7,0,0.0,1,1,12,0,57.33,0,32.76,104.16,-79.58999999999999,0.0615,0
CC-14143,65,Platinum,76,144737,50161,0.1212,0.2584,3056,36672,1.3745,8,33,0,0.0,0,1,12,0,825.12,295,806.78,50.35,262.9899999999999,0.0709,0
CC-14144,28,Platinum,53,137128,39721,0.061,0.0596,1217,14604,1.6156,119,24,0,0.0,1,0,8,0,328.59,295,321.29,91.8,210.4999999999999,0.5439,1
CC-14145,36,Gold,43,100796,27227,0.0612,0.4623,837,10044,1.1232,8,10,4,335.4,1,0,12,0,200.88,95,150.66,52.52,428.09999999999997,0.1989,0
CC-14146,38,Standard,26,45085,6812,0.106,0.0298,363,4356,1.1021,8,7,0,0.0,1,1,14,0,76.23,0,43.56,78.83,-46.16,0.1057,0
CC-14147,53,Standard,106,64580,9672,0.129,0.0153,627,7524,0.676,119,11,0,0.0,0,1,10,0,131.67,0,75.24,72.56,-16.130000000000024,0.9202,1
CC-14148,21,Gold,26,51257,11791,0.1281,-0.3433,759,9108,0.7758,8,18,0,0.0,4,0,11,1,182.16,95,136.62,127.37,13.169999999999959,0.1607,0
CC-14149,32,Platinum,98,169407,68890,0.0835,0.0442,2892,34704,0.3535,27,35,0,0.0,3,1,14,0,780.84,295,763.49,90.67,221.68000000000018,0.5044,1
CC-14150,26,Standard,99,47242,5925,0.0732,0.0053,218,2616,0.8536,8,4,0,0.0,1,1,17,1,45.78,0,26.16,51.29,-31.67,0.2482,0
CC-14151,61,Standard,40,29216,5030,0.0475,-0.0811,120,1440,0.3324,119,3,1,48.09,0,0,10,1,25.2,0,14.4,61.9,-3.009999999999991,0.9661,1
CC-14152,25,Gold,46,41055,9757,0.1209,-0.0405,593,7116,1.2743,27,9,0,0.0,2,0,13,1,142.32,95,106.74,75.83,54.75,0.1368,0
CC-14153,36,Standard,59,32343,5590,0.0716,-0.0302,201,2412,1.0665,119,6,0,0.0,0,1,10,0,42.21,0,24.12,56.93,-38.839999999999996,0.8652,1
CC-14154,38,Standard,117,58602,9594,0.0562,-0.047,271,3252,0.3421,119,5,0,0.0,1,0,12,1,56.91,0,32.52,100.44,-76.05000000000001,0.9443,1
CC-14155,69,Standard,61,57321,7236,0.1504,0.2935,547,6564,0.893,8,15,0,0.0,3,0,19,0,114.87,0,65.64,112.93,-63.69999999999999,0.0584,0
CC-14156,38,Gold,115,82266,23293,0.0425,-0.0756,497,5964,1.5403,8,10,0,0.0,3,0,9,0,119.28,95,89.46,84.9,39.91999999999999,0.0251,0
CC-14157,21,Platinum,36,127320,47809,0.0977,0.0054,2348,28176,0.9123,8,30,0,0.0,2,0,13,1,633.96,295,619.87,108.04,201.05000000000007,0.1279,0
CC-14158,39,Black,77,220073,80505,0.1275,-0.0806,5159,61908,0.6505,27,53,0,0.0,2,2,11,0,1547.7,495,1857.24,92.0,93.46000000000004,0.6154,1
CC-14159,28,Gold,97,81017,17286,0.0548,0.0975,476,5712,0.4143,8,12,0,0.0,6,2,10,1,114.24,95,85.68,127.43,-3.8700000000000045,0.7183,1
CC-14160,23,Gold,84,74924,19747,0.0633,0.0065,628,7536,0.4233,119,13,0,0.0,0,0,12,0,150.72,95,113.04,78.3,54.379999999999995,0.9111,1
CC-14161,45,Standard,25,64236,10262,0.0539,-0.062,278,3336,1.1107,8,10,2,111.33,1,0,10,0,58.38,0,33.36,103.15,33.20000000000002,0.1074,0
CC-14162,25,Gold,88,58723,16129,0.0799,-0.3089,648,7776,0.8198,27,14,2,259.4,0,0,10,1,155.52,95,116.64,79.79,313.48999999999995,0.428,0
CC-14163,60,Standard,45,49414,8065,0.0792,0.0165,321,3852,0.8447,8,7,0,0.0,1,0,9,1,67.41,0,38.52,108.69,-79.80000000000001,0.1494,0
CC-14164,39,Gold,84,122337,32535,0.0377,-0.0664,616,7392,0.8211,8,10,0,0.0,1,0,13,1,147.84,95,110.88,59.44,72.52000000000001,0.1402,0
CC-14165,38,Standard,42,53714,8915,0.1179,-0.0291,528,6336,0.9079,8,12,1,211.56,0,0,10,1,110.88,0,63.36,68.87,190.20999999999998,0.1888,0
CC-14166,70,Standard,49,32351,4998,0.0729,-0.1974,183,2196,0.5819,8,5,0,0.0,0,0,13,1,38.43,0,21.96,40.54,-24.07,0.1975,0
CC-14167,51,Standard,43,27648,3750,0.0738,0.195,139,1668,1.0448,8,5,0,0.0,3,2,11,0,29.19,0,16.68,138.54,-126.03,0.2409,1
CC-14168,53,Standard,49,48087,8402,0.0547,0.1085,231,2772,0.5232,8,6,1,92.51,4,0,14,0,48.51,0,27.72,107.9,5.400000000000006,0.1574,0
CC-14169,67,Standard,105,46693,5654,0.0722,0.1946,205,2460,0.7232,8,3,0,0.0,0,0,16,1,43.05,0,24.6,91.52,-73.07000000000001,0.15,1
CC-14170,38,Standard,22,58864,8358,0.14,0.152,588,7056,1.2532,27,13,1,235.53,0,0,11,1,123.48,0,70.56,62.48,225.97,0.2061,0
CC-14171,59,Black,79,318391,100000,0.1049,0.0688,5274,63288,1.0629,8,72,0,0.0,2,0,14,0,1582.2,495,1898.64,112.61,65.94999999999982,0.049,0
CC-14172,36,Standard,111,39545,5758,0.0823,-0.1913,238,2856,1.1557,8,3,1,95.38,2,1,11,1,49.98,0,28.56,122.28,-5.480000000000018,0.2532,0
CC-14173,36,Gold,67,73254,14832,0.1347,0.2565,1004,12048,1.5951,119,21,0,0.0,2,0,20,0,240.96,95,180.72,78.97,76.27000000000004,0.4893,1
CC-14174,67,Platinum,118,94284,27270,0.1178,-0.1591,1614,19368,0.9321,27,16,0,0.0,0,0,21,0,435.78,295,426.1,83.95,220.72999999999996,0.0941,0
CC-14175,58,Black,70,289055,100000,0.1041,-0.0603,5231,62772,0.9564,8,78,0,0.0,1,0,18,0,1569.3,495,1883.16,103.36,77.7800000000002,0.0537,1
CC-14176,61,Gold,26,55155,16352,0.0938,0.086,771,9252,0.8707,27,10,0,0.0,1,0,11,0,185.04,95,138.78,83.1,58.15999999999997,0.1313,0
CC-14177,27,Platinum,102,171849,61394,0.1044,0.0935,3221,38652,0.817,119,31,0,0.0,1,0,13,1,869.67,295,850.34,90.46,223.87,0.8872,1
CC-14178,34,Standard,38,51627,7764,0.0641,0.0658,250,3000,0.6468,119,7,0,0.0,0,1,19,1,52.5,0,30.0,61.6,-39.099999999999994,0.9576,1
CC-14179,63,Standard,47,51271,7131,0.1088,-0.08,390,4680,0.9752,27,6,0,0.0,1,1,16,1,81.9,0,46.8,75.52,-40.41999999999999,0.3602,0
CC-14180,68,Standard,4,30129,4079,0.139,-0.111,285,3420,1.0565,8,8,0,0.0,0,0,13,0,59.85,0,34.2,44.57,-18.92000000000001,0.0535,0
CC-14181,45,Gold,30,81813,16534,0.0981,0.3602,815,9780,1.0732,8,14,0,0.0,0,2,16,0,195.6,95,146.7,76.34,67.56000000000003,0.2172,0
CC-14182,52,Gold,28,76727,17439,0.1079,-0.0259,946,11352,0.9693,8,9,0,0.0,1,0,8,0,227.04,95,170.28,60.01,91.74999999999997,0.0657,0
CC-14183,58,Standard,25,46156,6782,0.1326,-0.0443,452,5424,1.2279,8,7,0,0.0,2,0,12,1,94.92,0,54.24,75.92,-35.239999999999995,0.0835,0
CC-14184,42,Standard,81,50945,6718,0.1197,-0.127,404,4848,0.9588,8,6,0,0.0,3,0,12,0,84.84,0,48.48,110.16,-73.79999999999998,0.0594,0
CC-14185,36,Gold,38,74086,15464,0.0574,0.0167,446,5352,0.8272,8,7,0,0.0,2,0,10,0,107.04,95,80.28,92.49,29.27000000000004,0.0776,1
CC-14186,49,Standard,93,39645,6464,0.0603,0.0097,196,2352,0.6719,8,6,0,0.0,1,0,4,0,41.16,0,23.52,88.97,-71.33,0.1041,0
CC-14187,36,Gold,8,99448,28786,0.0753,-0.0224,1089,13068,0.4853,8,19,0,0.0,2,0,14,0,261.36,95,196.02,96.33,64.00999999999999,0.1634,0
CC-14188,32,Gold,37,60998,17913,0.0525,0.0373,473,5676,1.3881,8,10,0,0.0,1,0,9,0,113.52,95,85.14,68.91,54.46999999999997,0.0338,0
CC-14189,37,Gold,105,69133,18099,0.1107,0.2445,1007,12084,0.7403,8,13,1,403.28,1,1,12,1,241.68,95,181.26,53.47,505.23,0.3937,0
CC-14190,57,Platinum,40,140204,40293,0.094,-0.1093,1904,22848,0.6723,27,31,0,0.0,2,0,12,0,514.08,295,502.66,100.33,206.09000000000003,0.222,0
CC-14191,47,Platinum,37,171490,65804,0.0745,-0.0135,2462,29544,0.8247,8,37,0,0.0,1,2,19,0,664.74,295,649.97,79.33,230.43999999999994,0.2788,0
CC-14192,45,Gold,102,64413,13591,0.1132,-0.1172,773,9276,0.8665,119,12,0,0.0,0,0,16,0,185.52,95,139.14,39.85,101.53,0.7638,1
CC-14193,33,Gold,76,123031,32846,0.0763,0.0242,1260,15120,1.4416,8,18,0,0.0,2,0,13,0,302.4,95,226.8,106.94,63.65999999999997,0.0279,0
CC-14194,28,Gold,96,56298,15647,0.0631,-0.1053,496,5952,0.8516,8,4,0,0.0,4,0,16,0,119.04,95,89.28,110.29,14.470000000000027,0.064,0
CC-14195,25,Standard,55,62440,10212,0.0468,-0.0988,240,2880,1.74,8,6,0,0.0,1,0,9,0,50.4,0,28.8,52.06,-30.46,0.0193,0
CC-14196,32,Standard,107,58495,10360,0.082,-0.2389,427,5124,0.9691,8,5,1,170.99,1,2,9,0,89.67,0,51.24,50.66,158.76000000000002,0.3453,1
CC-14197,61,Standard,40,28911,4749,0.1102,-0.0053,263,3156,1.5671,8,7,0,0.0,1,0,15,0,55.23,0,31.56,82.38,-58.71,0.0227,0
CC-14198,23,Standard,95,26637,4304,0.0971,0.0445,210,2520,1.2182,27,8,1,84.12,0,0,11,1,44.1,0,25.2,90.7,12.319999999999993,0.2053,0
CC-14199,55,Gold,118,100297,22684,0.0775,0.2591,884,10608,1.0583,27,15,0,0.0,1,0,14,0,212.16,95,159.12,100.87,47.16999999999996,0.0889,0
CC-14200,53,Platinum,61,126790,51916,0.0457,0.0504,1193,14316,1.4234,27,22,1,477.56,0,0,13,1,322.11,295,314.95,41.1,738.6200000000001,0.1553,0
CC-14201,42,Standard,45,33671,4403,0.1333,-0.0875,295,3540,1.2867,8,9,2,118.14,3,0,12,1,61.95,0,35.4,99.1,45.59,0.1537,0
CC-14202,70,Standard,105,65381,11395,0.1097,-0.224,628,7536,1.1404,8,9,0,0.0,1,0,12,0,131.88,0,75.36,68.79,-12.27000000000001,0.0443,0
CC-14203,64,Black,116,196426,81768,0.0884,-0.2032,3634,43608,1.6453,8,45,0,0.0,0,2,7,0,1090.2,495,1308.24,86.16,190.79999999999995,0.1102,0
CC-14204,29,Standard,6,36821,4706,0.1273,-0.2143,301,3612,0.8005,8,14,0,0.0,0,1,13,0,63.21,0,36.12,83.01,-55.919999999999995,0.1658,0
CC-14205,61,Gold,7,72071,20372,0.0641,0.2617,656,7872,0.6515,8,17,0,0.0,2,0,15,1,157.44,95,118.08,122.94,11.420000000000016,0.2372,0
CC-14206,38,Gold,70,25511,5108,0.0993,0.0232,255,3060,0.7471,8,8,0,0.0,2,0,10,0,61.2,95,45.9,96.24,14.060000000000002,0.0852,0
CC-14207,70,Gold,102,86941,24622,0.0938,-0.1074,1161,13932,1.4757,119,19,0,0.0,4,2,12,0,278.64,95,208.98,95.83,68.82999999999998,0.8786,1
CC-14208,49,Standard,47,34744,4716,0.057,-0.164,135,1620,1.3852,8,4,0,0.0,3,0,5,0,28.35,0,16.2,134.13,-121.97999999999999,0.0364,0
CC-14209,59,Standard,82,54118,9366,0.0788,-0.1484,371,4452,0.7924,27,4,0,0.0,0,1,15,0,77.91,0,44.52,37.14,-3.75,0.2609,1
CC-14210,47,Standard,27,55589,8976,0.0585,-0.1114,264,3168,0.2436,8,4,0,0.0,2,0,10,0,55.44,0,31.68,114.9,-91.14000000000001,0.1777,1
CC-14211,56,Gold,80,89924,23975,0.0627,0.1774,755,9060,0.8882,8,10,0,0.0,4,1,12,0,181.2,95,135.9,126.13,14.170000000000016,0.1421,0
CC-14212,65,Gold,13,90164,21326,0.0962,-0.0245,1031,12372,0.646,27,18,1,412.95,3,0,5,1,247.44,95,185.58,137.94,431.87,0.5251,1
CC-14213,37,Standard,31,46840,5787,0.0564,-0.2371,164,1968,0.8018,8,4,1,65.7,1,1,8,1,34.44,0,19.68,64.56,15.899999999999991,0.404,0
CC-14214,54,Gold,36,70116,19843,0.0768,0.3266,766,9192,0.6337,8,6,0,0.0,1,0,7,1,183.84,95,137.88,80.76,60.200000000000045,0.2682,0
CC-14215,66,Platinum,88,118481,36009,0.0769,-0.191,1392,16704,0.4671,8,19,0,0.0,5,1,10,0,375.84,295,367.49,110.81,192.5399999999999,0.3229,0
CC-14216,23,Standard,16,59886,8523,0.1088,-0.1086,466,5592,1.515,8,6,0,0.0,1,1,8,0,97.86,0,55.92,86.05,-44.11,0.0649,0
CC-14217,25,Gold,26,100623,26165,0.0491,0.1765,645,7740,0.7449,8,9,0,0.0,1,0,9,0,154.8,95,116.1,54.05,79.65000000000003,0.09,0
CC-14218,34,Gold,61,89379,22186,0.099,0.0423,1104,13248,1.3738,8,15,0,0.0,4,0,14,1,264.96,95,198.72,98.92,62.31999999999999,0.063,0
CC-14219,23,Standard,41,51750,6826,0.1152,-0.0905,395,4740,0.8836,8,10,0,0.0,1,2,18,0,82.95,0,47.4,93.72,-58.17,0.2635,1
CC-14220,43,Standard,28,44312,5691,0.1518,-0.2047,434,5208,0.6108,27,12,0,0.0,3,1,14,0,91.14,0,52.08,91.11,-52.05,0.335,1
CC-14221,59,Gold,45,88930,18882,0.1323,-0.165,1255,15060,1.1027,8,17,0,0.0,0,0,12,0,301.2,95,225.9,93.67,76.63,0.0492,0
CC-14222,50,Platinum,38,160808,64455,0.0583,-0.156,1889,22668,0.8327,8,32,1,756.37,0,0,9,0,510.03,295,498.7,58.78,1003.9200000000001,0.1126,0
CC-14223,70,Platinum,41,67400,19169,0.0553,-0.0189,533,6396,0.8879,8,6,4,213.37,1,0,18,0,143.91,295,140.71,79.01,432.55999999999995,0.2433,0
CC-14224,65,Gold,63,104255,31036,0.0772,0.0087,1204,14448,0.9935,27,17,2,482.27,2,0,9,0,288.96,95,216.72,83.88,565.63,0.218,0
CC-14225,43,Gold,18,102729,22585,0.0997,-0.0423,1132,13584,0.7063,8,17,0,0.0,2,0,14,1,271.68,95,203.76,81.71,81.21000000000004,0.1687,0
CC-14226,47,Standard,104,36217,4585,0.0551,-0.0259,127,1524,0.4637,8,4,0,0.0,0,0,5,0,26.67,0,15.24,87.45,-76.02,0.136,1
CC-14227,30,Gold,61,111437,28716,0.048,-0.1776,693,8316,0.9346,8,12,0,0.0,1,0,12,0,166.32,95,124.74,103.59,32.99000000000001,0.0626,0
CC-14228,45,Gold,98,37882,7879,0.1036,0.024,410,4920,1.2392,27,4,0,0.0,0,0,12,0,98.4,95,73.8,47.52,72.08000000000001,0.0718,0
CC-14229,33,Standard,8,48970,7646,0.1197,0.1721,460,5520,0.6795,8,5,0,0.0,1,0,14,0,96.6,0,55.2,52.37,-10.969999999999999,0.0916,0
CC-14230,36,Gold,100,85848,24472,0.0981,-0.0444,1207,14484,0.9962,8,14,2,483.22,2,0,10,0,289.68,95,217.26,81.65,568.9900000000001,0.1195,0
CC-14231,61,Gold,58,78423,16060,0.0632,-0.0473,510,6120,1.4017,8,10,0,0.0,1,0,9,0,122.4,95,91.8,99.49,26.110000000000014,0.0326,0
CC-14232,54,Standard,10,45217,7596,0.0697,-0.0075,266,3192,0.9231,8,14,0,0.0,1,1,12,0,55.86,0,31.92,79.88,-55.94,0.1424,0
CC-14233,57,Platinum,96,160395,53768,0.0483,0.1477,1306,15672,0.9758,8,24,1,522.73,2,0,14,1,352.62,295,344.78,112.32,713.25,0.1556,0
CC-14234,42,Standard,29,25000,3239,0.0989,-0.1542,161,1932,0.9666,27,3,2,64.48,2,0,12,0,33.81,0,19.32,114.99,-36.019999999999996,0.22,1
CC-14235,37,Standard,73,56260,7345,0.1271,0.1976,469,5628,0.7453,8,10,0,0.0,1,0,16,0,98.49,0,56.28,99.16,-56.95,0.0763,0
CC-14236,43,Standard,29,40384,7072,0.0976,0.0432,347,4164,0.652,8,9,0,0.0,2,0,11,0,72.87,0,41.64,99.96,-68.72999999999999,0.0991,0
CC-14237,56,Platinum,91,175540,51869,0.1009,-0.0157,2630,31560,0.6532,8,49,0,0.0,0,0,18,0,710.1,295,694.32,45.23,265.54999999999995,0.114,0
CC-14238,69,Gold,48,98674,28287,0.0413,0.162,587,7044,1.0605,8,13,0,0.0,1,0,10,0,140.88,95,105.66,87.9,42.31999999999999,0.0543,0
CC-14239,29,Standard,43,40150,6129,0.0763,-0.1973,235,2820,1.1774,8,5,0,0.0,1,0,9,0,49.35,0,28.2,68.21,-47.059999999999995,0.0465,0
CC-14240,22,Gold,81,83314,16988,0.1397,0.0583,1193,14316,1.1915,8,19,0,0.0,3,0,8,0,286.32,95,214.74,125.86,40.71999999999997,0.045,0
CC-14241,52,Standard,27,44768,6619,0.0652,0.0445,217,2604,0.8364,27,6,0,0.0,3,0,11,0,45.57,0,26.04,92.28,-72.75,0.1376,0
CC-14242,70,Platinum,88,196219,77397,0.062,-0.1603,2412,28944,1.278,8,35,0,0.0,1,0,12,0,651.24,295,636.77,88.77,220.70000000000005,0.0363,0
CC-14243,42,Gold,20,60765,16565,0.0909,0.0491,757,9084,1.0422,8,9,0,0.0,3,1,8,0,181.68,95,136.26,85.14,55.28000000000003,0.1285,0
CC-14244,63,Standard,14,40071,5983,0.1094,0.0225,329,3948,0.9712,8,8,0,0.0,1,0,13,0,69.09,0,39.48,98.12,-68.50999999999999,0.0603,0
CC-14245,33,Black,89,169246,87129,0.1137,-0.0468,4979,59748,0.05,119,74,0,0.0,1,0,7,0,1493.7,495,1792.44,68.89,127.36999999999989,0.9535,1
CC-14246,28,Standard,53,46393,5902,0.0924,0.1094,274,3288,0.7048,27,6,0,0.0,3,0,13,0,57.54,0,32.88,138.36,-113.70000000000002,0.1562,0
CC-14247,21,Standard,111,37985,6632,0.0768,-0.1058,256,3072,0.4937,27,7,0,0.0,1,1,5,0,53.76,0,30.72,77.6,-54.559999999999995,0.4043,0
CC-14248,37,Gold,41,74328,21157,0.0676,0.0205,719,8628,1.1381,8,10,1,287.88,1,1,21,1,172.56,95,129.42,65.43,360.59000000000003,0.2323,0
CC-14249,32,Black,91,383928,100000,0.2272,-0.0398,11419,137028,0.9785,8,140,1,4573.16,4,0,11,1,3425.7,495,4110.84,102.54,4280.4800000000005,0.1636,0
CC-14250,24,Standard,12,35737,6042,0.0995,-0.1122,302,3624,0.6284,8,8,0,0.0,0,0,8,0,63.42,0,36.24,94.21,-67.02999999999999,0.1095,0
CC-14251,33,Standard,96,43205,6594,0.1156,0.0554,383,4596,1.0413,8,9,1,153.43,2,1,15,0,80.43,0,45.96,88.98,98.92000000000002,0.1524,0
CC-14252,51,Standard,76,39840,6394,0.0523,-0.0512,168,2016,0.523,8,5,0,0.0,0,0,9,0,35.28,0,20.16,75.03,-59.91,0.1192,0
CC-14253,61,Gold,100,76588,19611,0.1004,-0.241,989,11868,0.6369,27,8,1,396.32,3,0,15,0,237.36,95,178.02,99.26,451.40000000000003,0.2875,1
CC-14254,27,Standard,112,76182,10766,0.0874,-0.2902,473,5676,0.7369,8,11,1,189.4,2,0,9,0,99.33,0,56.76,78.55,153.42000000000002,0.1221,0
CC-14255,43,Gold,79,48131,12364,0.0404,0.0984,251,3012,1.112,8,7,0,0.0,0,0,17,0,60.24,95,45.18,69.28,40.78,0.0429,0
CC-14256,44,Black,56,325084,100000,0.0755,-0.2031,3793,45516,1.3698,8,51,0,0.0,2,0,15,1,1137.9,495,1365.48,88.74,178.68000000000006,0.0625,0
CC-14257,25,Gold,31,136581,33329,0.096,0.0219,1608,19296,0.7742,8,23,0,0.0,4,0,8,0,385.92,95,289.44,123.86,67.62,0.0875,0
CC-14258,25,Standard,104,57139,7819,0.0845,-0.0118,332,3984,1.3467,8,6,0,0.0,1,2,10,0,69.72,0,39.84,92.33,-62.45000000000002,0.1596,0
CC-14259,37,Standard,43,45528,5799,0.1424,-0.0753,415,4980,0.9642,8,12,0,0.0,0,0,7,1,87.15,0,49.8,51.95,-14.599999999999994,0.1314,1
CC-14260,50,Standard,111,31806,4430,0.1172,0.2735,261,3132,1.0208,8,7,0,0.0,0,0,12,0,54.81,0,31.32,44.25,-20.75999999999999,0.0529,0
CC-14261,29,Platinum,11,185667,74132,0.039,0.007,1452,17424,0.9309,119,18,4,581.94,1,0,7,1,392.04,295,383.33,82.25,803.4000000000001,0.9753,1
CC-14262,26,Standard,65,55545,7935,0.1101,0.0933,439,5268,0.8908,119,7,0,0.0,1,0,8,0,92.19,0,52.68,56.96,-17.450000000000003,0.7901,0
CC-14263,45,Standard,79,27790,4582,0.0556,0.0227,128,1536,1.0818,8,5,1,51.28,0,0,18,0,26.88,0,15.36,75.55,-12.75,0.0644,0
CC-14264,39,Gold,39,78194,17008,0.0844,-0.0547,721,8652,1.1721,8,12,4,288.94,1,0,12,0,173.04,95,129.78,85.47,341.73,0.1873,0
CC-14265,36,Standard,16,31431,4572,0.1023,-0.0229,235,2820,0.6846,8,5,3,94.14,0,0,12,0,49.35,0,28.2,49.06,66.23,0.2557,0
CC-14266,41,Gold,103,25000,5287,0.1291,0.1988,343,4116,0.8932,8,5,0,0.0,1,0,11,0,82.32,95,61.74,66.16,49.41999999999999,0.0657,0
CC-14267,22,Standard,75,31169,3999,0.0985,0.1432,198,2376,1.4508,27,3,0,0.0,2,2,11,0,41.58,0,23.76,76.17,-58.35000000000001,0.2389,0
CC-14268,30,Platinum,74,143690,52653,0.1066,0.2728,2820,33840,1.0032,8,32,0,0.0,1,0,7,1,761.4,295,744.48,103.5,208.42000000000007,0.1217,1
CC-14269,36,Black,41,320622,100000,0.1705,0.0132,8569,102828,1.036,8,94,1,3431.88,3,0,6,1,2570.7,495,3084.84,99.1,3313.64,0.1705,0
CC-14270,57,Gold,42,78126,17292,0.0822,-0.1515,714,8568,1.3002,8,14,0,0.0,0,1,13,0,171.36,95,128.52,89.64,48.19999999999999,0.0798,0
CC-14271,35,Black,56,376188,100000,0.1561,-0.0861,7844,94128,0.7996,8,103,0,0.0,0,0,9,0,2353.2,495,2823.84,36.35,-11.990000000000236,0.0812,0
CC-14272,33,Standard,5,56581,9720,0.0925,-0.1982,452,5424,0.9398,8,7,0,0.0,2,0,12,0,94.92,0,54.24,88.56,-47.88000000000001,0.0649,0
CC-14273,33,Gold,57,82337,17901,0.0486,0.0951,437,5244,1.1951,8,12,0,0.0,2,0,16,0,104.88,95,78.66,119.3,1.920000000000016,0.0392,0
CC-14274,52,Gold,113,79632,16079,0.137,-0.1079,1107,13284,1.3217,27,12,0,0.0,2,0,15,1,265.68,95,199.26,107.99,53.43000000000001,0.1178,0
CC-14275,65,Gold,106,93133,24698,0.0952,-0.4783,1182,14184,0.2405,8,9,0,0.0,2,1,23,0,283.68,95,212.76,68.63,97.29000000000002,0.3423,0
CC-14276,67,Standard,35,44799,5519,0.0804,0.3496,223,2676,0.729,8,1,0,0.0,1,1,10,0,46.83,0,26.76,79.7,-59.63000000000001,0.1876,0
CC-14277,66,Standard,98,28961,5178,0.1095,-0.1056,285,3420,0.6505,119,7,0,0.0,0,0,10,0,59.85,0,34.2,42.65,-16.999999999999993,0.8379,1
CC-14278,28,Standard,73,41676,6525,0.0573,-0.1065,188,2256,0.9129,8,4,1,75.26,0,0,12,0,39.48,0,22.56,43.51,48.670000000000016,0.0927,0
CC-14279,63,Standard,21,52487,7779,0.1264,0.2307,494,5928,0.6732,119,9,0,0.0,3,1,15,1,103.74,0,59.28,106.63,-62.17,0.9597,1
CC-14280,38,Standard,36,59790,8717,0.0749,-0.2012,328,3936,1.1492,8,5,0,0.0,1,1,10,0,68.88,0,39.36,102.52,-73.0,0.1054,0
CC-14281,56,Gold,80,105403,27120,0.0977,0.1505,1331,15972,1.0017,119,10,0,0.0,1,1,10,0,319.44,95,239.58,71.86,103.0,0.875,1
CC-14282,46,Standard,52,48760,6116,0.1009,-0.1081,310,3720,1.2168,8,4,0,0.0,1,0,10,0,65.1,0,37.2,91.08,-63.18000000000001,0.0427,0
CC-14283,30,Standard,49,61395,10793,0.0933,-0.2186,506,6072,1.2359,8,6,0,0.0,0,1,17,0,106.26,0,60.72,48.64,-3.0999999999999943,0.081,1
CC-14284,51,Gold,48,94008,24683,0.0497,0.2359,616,7392,1.1537,27,13,2,246.92,2,0,11,1,147.84,95,110.88,89.2,289.68,0.3077,0
CC-14285,53,Gold,58,83118,18152,0.0701,0.1185,639,7668,0.8493,27,4,0,0.0,0,2,11,0,153.36,95,115.02,41.93,91.41000000000003,0.4546,1
CC-14286,49,Platinum,59,191754,68793,0.0499,0.118,1725,20700,0.9813,8,23,1,690.96,0,1,11,0,465.75,295,455.4,43.08,953.23,0.1811,0
CC-14287,25,Gold,85,100305,21397,0.1273,0.0351,1369,16428,0.8117,8,14,0,0.0,1,0,10,1,328.56,95,246.42,89.2,87.94,0.1494,0
CC-14288,33,Standard,53,59647,7220,0.0871,0.0699,316,3792,0.5406,119,10,0,0.0,1,2,12,1,66.36,0,37.92,50.7,-22.260000000000005,0.9862,1
CC-14289,21,Platinum,56,98433,36250,0.0968,-0.2048,1763,21156,1.2361,8,21,1,706.3,3,0,20,1,476.01,295,465.43,122.83,889.05,0.1003,0
CC-14290,43,Gold,92,66719,17670,0.0991,-0.0033,880,10560,0.9248,8,12,0,0.0,4,0,10,0,211.2,95,158.4,146.86,0.9399999999999977,0.0644,0
CC-14291,60,Standard,83,35804,5550,0.1198,-0.1593,334,4008,0.4992,8,10,0,0.0,1,0,13,0,70.14,0,40.08,65.24,-35.17999999999999,0.1143,0
CC-14292,23,Gold,30,88862,19402,0.0552,-0.2283,538,6456,1.1111,8,8,0,0.0,2,1,10,1,129.12,95,96.84,117.44,9.840000000000003,0.2104,1
CC-14293,23,Platinum,21,203852,74300,0.1141,0.0416,4259,51108,0.8828,8,63,0,0.0,3,0,8,1,1149.93,295,1124.38,123.94,196.6099999999999,0.1468,0
CC-14294,27,Standard,29,32186,3971,0.0747,0.1537,149,1788,0.3321,27,6,1,59.71,1,0,11,0,31.29,0,17.88,99.42,-26.299999999999997,0.3474,0
CC-14295,56,Standard,50,55185,8639,0.1048,-0.0775,455,5460,0.5379,27,10,1,182.24,3,0,7,0,95.55,0,54.6,127.21,95.98000000000002,0.2896,0
CC-14296,55,Standard,118,31471,4822,0.1061,-0.0518,257,3084,0.7398,119,7,0,0.0,1,0,13,1,53.97,0,30.84,50.09,-26.960000000000008,0.8978,0
CC-14297,35,Standard,21,68822,10964,0.0423,-0.1907,233,2796,1.0132,8,4,2,93.35,1,0,7,0,48.93,0,27.96,90.71,23.610000000000014,0.1303,0
CC-14298,60,Standard,99,27037,4697,0.0547,-0.0189,129,1548,1.1864,8,6,0,0.0,1,0,10,0,27.09,0,15.48,76.96,-65.35,0.0431,0
CC-14299,23,Gold,53,100731,28711,0.0692,0.094,999,11988,1.1761,8,17,1,399.91,1,0,12,0,239.76,95,179.82,109.31,445.5400000000001,0.0638,0
CC-14300,49,Standard,9,54904,9818,0.0681,0.0987,336,4032,1.1309,8,5,0,0.0,1,1,16,1,70.56,0,40.32,84.82,-54.579999999999984,0.1889,0
CC-14301,50,Black,31,323400,100000,0.1902,0.0618,9557,114684,0.9397,8,115,0,0.0,0,0,5,0,2867.1,495,3440.52,71.23,-149.6500000000001,0.0725,0
CC-14302,59,Platinum,45,109296,42420,0.0661,-0.1128,1409,16908,1.4667,8,18,1,564.39,2,0,9,0,380.43,295,371.98,124.97,742.8700000000001,0.0438,0
CC-14303,38,Gold,71,62552,18492,0.0966,-0.1175,898,10776,1.16,8,14,0,0.0,0,0,11,1,215.52,95,161.64,51.08,97.80000000000001,0.0907,0
CC-14304,31,Platinum,96,184534,74075,0.0713,0.0993,2655,31860,1.0166,8,42,0,0.0,2,0,10,1,716.85,295,700.92,111.25,199.68000000000006,0.1114,0
CC-14305,63,Standard,115,56794,9294,0.1186,0.1018,554,6648,1.12,8,7,0,0.0,5,0,13,1,116.34,0,66.48,113.33,-63.47,0.0897,1
CC-14306,69,Gold,109,106988,22204,0.1186,-0.0458,1323,15876,0.8303,119,18,0,0.0,2,0,16,0,317.52,95,238.14,94.5,79.88,0.7731,1
CC-14307,58,Gold,60,109564,22450,0.1291,-0.0839,1456,17472,0.9328,27,22,0,0.0,1,0,15,0,349.44,95,262.08,87.78,94.57999999999998,0.1093,1
CC-14308,60,Platinum,10,86237,34258,0.0454,0.1551,782,9384,0.3254,27,10,0,0.0,2,0,11,0,211.14,295,206.45,77.41,222.27999999999997,0.3421,1
CC-14309,21,Platinum,44,85191,29693,0.093,-0.074,1387,16644,0.834,27,17,0,0.0,0,2,12,0,374.49,295,366.17,63.47,239.85000000000002,0.4586,1
CC-14310,49,Standard,78,37447,6323,0.0504,0.0919,160,1920,1.478,8,5,4,64.14,0,1,7,0,33.6,0,19.2,62.4,16.140000000000015,0.2612,1
CC-14311,30,Black,44,246425,100000,0.0815,-0.0405,4094,49128,0.9945,27,43,0,0.0,3,2,17,0,1228.2,495,1473.84,96.88,152.48000000000025,0.3722,1
CC-14312,48,Standard,15,38405,5524,0.1034,-0.1771,287,3444,0.982,27,4,0,0.0,1,1,12,0,60.27,0,34.44,86.5,-60.669999999999995,0.2264,0
CC-14313,51,Platinum,28,149712,56595,0.0968,0.2218,2753,33036,1.2496,8,38,0,0.0,1,1,17,0,743.31,295,726.79,90.62,220.89999999999998,0.0807,0
CC-14314,39,Black,20,358067,100000,0.08,-0.002,4022,48264,1.0573,27,45,0,0.0,1,0,17,0,1206.6,495,1447.92,55.26,198.41999999999985,0.0908,0
CC-14315,23,Standard,44,41692,5222,0.109,-0.1266,286,3432,0.7141,8,5,0,0.0,6,1,9,1,60.06,0,34.32,134.3,-108.56,0.3364,0
CC-14316,56,Gold,53,67674,19364,0.074,-0.2286,720,8640,0.9571,8,13,0,0.0,2,0,9,1,172.8,95,129.6,122.42,15.78000000000003,0.1272,0
CC-14317,63,Standard,118,54145,9073,0.0456,-0.2135,208,2496,0.6094,8,9,0,0.0,2,1,11,0,43.68,0,24.96,67.36,-48.63999999999999,0.2037,0
CC-14318,35,Standard,115,41827,5811,0.0955,-0.0759,279,3348,1.0051,8,2,0,0.0,1,1,13,0,58.59,0,33.48,56.52,-31.409999999999997,0.1157,1
CC-14319,53,Gold,86,87280,20556,0.1025,0.2688,1059,12708,0.6987,8,19,0,0.0,0,1,8,0,254.16,95,190.62,83.76,74.77999999999997,0.2555,0
CC-14320,61,Gold,18,77934,15948,0.0538,-0.1077,431,5172,1.2285,8,6,0,0.0,1,0,12,0,103.44,95,77.58,98.54,22.319999999999993,0.0415,0
CC-14321,63,Black,103,303797,100000,0.1587,0.1971,7976,95712,0.7969,8,88,3,3194.37,0,2,10,1,2392.8,495,2871.36,92.25,3118.56,0.763,1
CC-14322,71,Gold,5,63454,15717,0.0865,-0.0396,683,8196,0.7026,8,21,0,0.0,3,1,5,0,163.92,95,122.94,131.96,4.019999999999953,0.2144,1
CC-14323,65,Gold,93,100433,21046,0.1266,-0.1972,1339,16068,0.9162,119,19,1,536.3,1,0,10,0,321.36,95,241.02,62.99,648.65,0.835,1
CC-14324,46,Platinum,81,138852,42649,0.0698,-0.091,1495,17940,1.0596,27,27,0,0.0,1,0,4,0,403.65,295,394.68,90.83,213.14,0.1093,1
CC-14325,36,Black,100,226497,100000,0.1252,-0.2121,6291,75492,0.5878,27,74,0,0.0,0,1,17,1,1887.3,495,2264.76,46.87,70.67000000000007,0.582,0
CC-14326,56,Standard,47,50972,7863,0.0511,-0.1484,202,2424,0.7936,8,4,0,0.0,1,0,14,0,42.42,0,24.24,99.46,-81.27999999999999,0.0752,0
CC-14327,53,Black,24,226431,100000,0.0848,-0.1529,4263,51156,0.9815,8,59,0,0.0,4,2,13,1,1278.9,495,1534.68,126.33,112.8900000000001,0.4206,0
CC-14328,40,Standard,106,36887,4841,0.0707,-0.3056,172,2064,1.3515,8,8,1,68.89,0,2,13,0,36.12,0,20.64,62.83,21.539999999999992,0.209,0
CC-14329,33,Platinum,25,97955,38791,0.1037,0.2069,2021,24252,0.1914,8,33,0,0.0,0,0,13,1,545.67,295,533.54,65.05,242.08000000000004,0.3996,1
CC-14330,53,Standard,61,25834,4445,0.0927,0.0117,207,2484,1.1345,8,8,0,0.0,4,1,11,0,43.47,0,24.84,96.46,-77.83,0.1038,0
CC-14331,25,Standard,64,51010,7722,0.0459,-0.1229,178,2136,0.8349,8,3,0,0.0,0,1,6,1,37.38,0,21.36,77.98,-61.96,0.3038,0
CC-14332,57,Standard,115,58113,10155,0.0386,0.0133,197,2364,0.8016,8,6,1,78.9,1,0,15,1,41.37,0,23.64,60.04,36.59,0.1902,1
CC-14333,34,Gold,70,75424,21456,0.0553,-0.1453,596,7152,0.7457,8,12,0,0.0,1,2,10,1,143.04,95,107.28,58.22,72.53999999999999,0.5196,1
CC-14334,47,Standard,117,36017,5902,0.0519,-0.4207,154,1848,0.8408,8,4,0,0.0,5,1,11,0,32.34,0,18.48,128.06,-114.19999999999999,0.1502,0
CC-14335,43,Standard,56,25000,4101,0.0912,0.4235,188,2256,1.1362,8,5,1,75.28,0,0,12,0,39.48,0,22.56,64.38,27.819999999999993,0.0676,0
CC-14336,34,Gold,59,38816,8172,0.1098,0.0084,451,5412,0.789,27,4,0,0.0,1,0,10,1,108.24,95,81.18,80.56,41.5,0.2657,0
CC-14337,60,Platinum,107,165435,52594,0.1354,-0.1084,3578,42936,1.4476,8,51,0,0.0,2,0,13,0,966.06,295,944.59,104.42,212.04999999999995,0.027,0
CC-14338,24,Standard,25,25000,3100,0.1553,-0.3101,242,2904,1.1372,27,7,0,0.0,0,0,18,1,50.82,0,29.04,38.94,-17.15999999999999,0.1538,0
CC-14339,59,Standard,113,32130,3872,0.1275,-0.2441,248,2976,1.0094,8,4,1,99.37,1,0,10,1,52.08,0,29.76,70.31,51.37999999999998,0.1572,0
CC-14340,39,Standard,62,48188,6240,0.0517,0.2282,162,1944,0.9002,27,7,1,64.94,1,0,12,0,34.02,0,19.44,64.67,14.850000000000009,0.1698,0
CC-14341,67,Standard,75,46009,7951,0.0658,0.2053,263,3156,1.307,8,5,1,105.31,0,0,13,0,55.23,0,31.56,59.18,69.8,0.0505,0
CC-14342,24,Platinum,90,151364,47465,0.0964,0.093,2300,27600,1.3508,8,33,0,0.0,1,1,11,1,621.0,295,607.2,80.55,228.25,0.1448,0
CC-14343,50,Platinum,87,140242,58315,0.0717,-0.1873,2101,25212,0.6016,8,32,0,0.0,1,1,13,0,567.27,295,554.66,100.97,206.64,0.266,0
CC-14344,39,Gold,107,77415,20106,0.0845,0.2065,854,10248,0.7394,119,10,0,0.0,0,0,15,0,204.96,95,153.72,86.62,59.62000000000003,0.801,1
CC-14345,51,Standard,112,32199,4322,0.1441,0.0475,313,3756,1.1404,8,4,0,0.0,0,0,12,0,65.73,0,37.56,67.09,-38.92,0.044,0
CC-14346,51,Platinum,57,117804,41184,0.1182,0.0782,2447,29364,1.231,8,38,0,0.0,1,0,8,0,660.69,295,646.01,97.16,212.5200000000001,0.0432,0
CC-14347,29,Gold,119,78857,17499,0.0546,0.0469,480,5760,0.8599,8,7,0,0.0,0,0,10,0,115.2,95,86.4,59.23,64.57,0.0695,0
CC-14348,33,Platinum,82,73838,30846,0.0547,-0.246,848,10176,0.7273,8,17,0,0.0,1,2,12,0,228.96,295,223.87,109.28,190.81000000000006,0.3336,0
CC-14349,34,Gold,65,68290,19443,0.0931,-0.1997,910,10920,0.9736,8,18,0,0.0,1,1,13,1,218.4,95,163.8,57.57,92.02999999999997,0.2329,0
CC-14350,66,Platinum,58,126972,36018,0.1393,-0.0965,2522,30264,1.393,27,31,0,0.0,1,0,11,1,680.94,295,665.81,58.58,251.55000000000007,0.119,0
CC-14351,30,Gold,57,70359,20740,0.0523,0.0765,545,6540,0.9623,8,9,0,0.0,2,1,9,0,130.8,95,98.1,82.59,45.110000000000014,0.1374,0
CC-14352,68,Standard,27,41146,6717,0.0998,-0.2271,337,4044,0.5708,8,4,3,134.93,3,1,16,0,70.77,0,40.44,86.25,79.00999999999999,0.4686,1
CC-14353,51,Black,28,326810,100000,0.1588,-0.0463,7979,95748,0.9829,8,100,0,0.0,2,0,15,1,2393.7,495,2872.44,65.33,-49.070000000000164,0.1124,1
CC-14354,57,Gold,51,101819,27192,0.0725,-0.0465,991,11892,1.1848,8,17,0,0.0,3,1,8,0,237.84,95,178.38,99.61,54.85000000000002,0.1026,0
CC-14355,43,Gold,65,117116,30999,0.0527,0.0989,821,9852,0.9196,8,12,0,0.0,0,1,8,0,197.04,95,147.78,37.78,106.47999999999996,0.1474,0
CC-14356,47,Standard,47,28036,3732,0.1381,0.0812,259,3108,1.3275,8,3,0,0.0,0,1,9,0,54.39,0,31.08,69.94,-46.629999999999995,0.0822,0
CC-14357,26,Gold,75,76059,20980,0.0849,-0.1715,895,10740,1.2098,8,8,0,0.0,1,1,9,0,214.8,95,161.1,100.12,48.579999999999984,0.0955,0
CC-14358,46,Gold,81,111086,23184,0.0638,0.197,743,8916,0.9315,27,14,0,0.0,1,0,7,1,178.32,95,133.74,60.94,78.63999999999999,0.231,0
CC-14359,22,Standard,41,25360,3787,0.1067,-0.1945,203,2436,0.9629,8,2,0,0.0,1,0,10,1,42.63,0,24.36,86.06,-67.78999999999999,0.1251,0
CC-14360,65,Standard,99,31767,3830,0.1361,0.1438,262,3144,0.3975,8,2,0,0.0,3,1,10,0,55.02,0,31.44,94.51,-70.93,0.2712,1
CC-14361,33,Gold,67,71915,21349,0.0929,-0.1025,997,11964,1.3131,27,19,0,0.0,1,0,11,1,239.28,95,179.46,81.77,73.04999999999995,0.1322,0
CC-14362,71,Platinum,71,211551,81493,0.056,0.0046,2293,27516,0.8511,8,35,0,0.0,0,1,17,0,619.11,295,605.35,67.07,241.68999999999994,0.1381,0
CC-14363,70,Gold,58,64291,13879,0.1372,0.0139,957,11484,0.83,8,28,2,383.28,3,0,16,0,229.68,95,172.26,83.09,452.61,0.1399,0
CC-14364,39,Standard,11,57192,8035,0.0617,0.0097,249,2988,0.785,8,6,0,0.0,3,0,10,1,52.29,0,29.88,135.79,-113.38,0.1631,1
CC-14365,21,Gold,110,84407,18236,0.1014,0.0812,929,11148,1.087,8,16,0,0.0,1,2,14,1,222.96,95,167.22,60.66,90.08000000000004,0.3587,1
CC-14366,60,Standard,72,32102,5328,0.0923,0.0387,247,2964,0.6114,8,5,0,0.0,0,0,14,0,51.87,0,29.64,69.56,-47.330000000000005,0.0964,0
CC-14367,52,Standard,30,76498,9450,0.0985,0.0975,468,5616,0.6547,8,9,0,0.0,1,0,10,0,98.28,0,56.16,77.49,-35.369999999999976,0.1004,0
CC-14368,42,Standard,47,47189,8042,0.0757,0.0497,306,3672,0.9342,8,8,0,0.0,2,1,14,0,64.26,0,36.72,113.26,-85.72000000000001,0.1319,0
CC-14369,68,Standard,28,49232,8691,0.1044,-0.2097,456,5472,0.762,27,11,0,0.0,1,0,8,0,95.76,0,54.72,72.61,-31.569999999999993,0.1601,0
CC-14370,49,Standard,30,51013,8192,0.0945,0.0205,389,4668,1.0506,8,5,0,0.0,1,0,18,0,81.69,0,46.68,93.77,-58.75999999999999,0.0481,0
CC-14371,22,Standard,42,50140,6657,0.0995,-0.1046,333,3996,0.773,119,13,0,0.0,1,0,9,0,69.93,0,39.96,96.46,-66.48999999999998,0.8195,1
CC-14372,60,Standard,17,69210,9800,0.0587,-0.1864,289,3468,1.4285,27,8,1,115.79,1,0,15,0,60.69,0,34.68,59.91,81.89000000000001,0.0791,0
CC-14373,58,Standard,8,65091,9674,0.0453,-0.0635,220,2640,1.158,8,10,0,0.0,3,0,6,0,46.2,0,26.4,120.38,-100.58,0.0522,0
CC-14374,68,Gold,29,65203,16982,0.0477,0.0075,407,4884,1.1543,27,3,2,163.05,2,0,14,0,97.68,95,73.26,91.2,191.27,0.1671,0
CC-14375,31,Gold,40,127897,34131,0.1086,0.0175,1862,22344,0.7685,8,22,0,0.0,0,0,15,0,446.88,95,335.16,92.3,114.41999999999996,0.0771,0
CC-14376,37,Standard,70,37123,5689,0.1091,0.1384,312,3744,1.6717,8,9,0,0.0,0,1,13,0,65.52,0,37.44,94.28,-66.2,0.0447,0
CC-14377,71,Platinum,77,151278,49798,0.133,0.1761,3329,39948,0.8183,119,50,1,1333.13,0,1,14,0,898.83,295,878.86,77.03,1571.0700000000002,0.9283,1
CC-14378,63,Standard,87,28670,4972,0.0408,0.0304,102,1224,0.7359,8,9,0,0.0,0,0,23,1,21.42,0,12.24,68.82,-59.639999999999986,0.1324,1
CC-14379,28,Gold,66,107027,22276,0.1128,0.0576,1263,15156,1.162,8,17,1,505.77,1,1,10,1,303.12,95,227.34,69.05,607.5,0.2623,0
CC-14380,42,Standard,32,41542,6147,0.0486,-0.0057,150,1800,1.0086,8,4,0,0.0,2,0,9,0,31.5,0,18.0,80.76,-67.26,0.0606,0
CC-14381,24,Standard,84,32068,5340,0.1021,0.0951,274,3288,0.7045,8,7,0,0.0,4,1,14,0,57.54,0,32.88,123.75,-99.09,0.1755,0
CC-14382,31,Gold,101,110255,22722,0.085,0.053,971,11652,1.6088,8,23,1,388.75,1,1,5,0,233.04,95,174.78,82.12,459.89,0.081,0
CC-14383,28,Gold,5,115519,31251,0.0438,-0.0282,688,8256,1.2427,8,7,0,0.0,1,0,13,0,165.12,95,123.84,82.73,53.55000000000001,0.0402,0
CC-14384,29,Platinum,64,191453,75577,0.0808,0.3028,3067,36804,0.9512,27,41,0,0.0,0,2,12,0,828.09,295,809.69,83.51,229.8900000000001,0.4085,0
CC-14385,46,Gold,14,52637,14005,0.0583,-0.1019,410,4920,1.6703,8,8,0,0.0,0,1,13,1,98.4,95,73.8,85.59,34.01000000000002,0.0941,0
CC-14386,22,Black,93,390148,100000,0.1876,0.1982,9425,113100,1.1932,27,124,0,0.0,1,0,8,0,2827.5,495,3393.0,71.22,-141.7199999999998,0.083,0
CC-14387,36,Standard,119,41619,5444,0.1173,-0.2231,321,3852,0.9464,8,4,2,128.54,3,0,8,0,67.41,0,38.52,110.68,46.74999999999997,0.1309,0
CC-14388,51,Standard,32,68079,9566,0.1136,0.102,546,6552,1.6344,8,7,0,0.0,2,0,17,0,114.66,0,65.52,110.44,-61.29999999999998,0.0198,0
CC-14389,26,Standard,87,52030,6973,0.1475,0.1955,517,6204,1.1477,8,8,0,0.0,3,0,12,0,108.57,0,62.04,132.31,-85.78,0.0444,0
CC-14390,41,Standard,40,47827,8501,0.066,-0.3061,282,3384,1.1346,27,8,0,0.0,5,0,11,0,59.22,0,33.84,119.0,-93.62,0.0892,0
CC-14391,46,Gold,87,85181,22586,0.0724,0.0008,822,9864,0.8341,27,14,0,0.0,2,0,18,0,197.28,95,147.96,109.82,34.5,0.1169,0
CC-14392,39,Gold,62,84709,19457,0.113,0.0873,1105,13260,0.9648,8,9,0,0.0,1,1,12,0,265.2,95,198.9,105.16,56.139999999999986,0.1295,0
CC-14393,48,Standard,40,37355,6566,0.0812,0.0178,268,3216,0.8268,8,10,0,0.0,1,0,20,1,56.28,0,32.16,65.06,-40.94,0.1272,0
CC-14394,28,Black,106,205235,100000,0.0457,0.0367,2297,27564,1.3819,27,30,0,0.0,2,0,16,0,689.1,495,826.92,94.33,262.8499999999999,0.0534,0
CC-14395,34,Platinum,17,127306,40718,0.1253,0.0004,2564,30768,0.4672,8,36,0,0.0,2,1,15,0,692.28,295,676.9,65.18,245.20000000000005,0.314,1
CC-14396,44,Standard,20,58397,8335,0.0511,-0.1841,214,2568,1.3598,8,3,0,0.0,1,0,13,0,44.94,0,25.68,99.35,-80.09,0.0332,0
CC-14397,68,Standard,54,29287,3864,0.0669,0.3352,130,1560,0.6868,8,1,0,0.0,1,1,11,0,27.3,0,15.6,100.56,-88.86,0.1925,1
CC-14398,64,Standard,31,60082,10710,0.0448,-0.0955,241,2892,0.9326,27,5,0,0.0,1,0,13,1,50.61,0,28.92,104.83,-83.14,0.217,1
CC-14399,57,Standard,114,46613,7040,0.0506,0.0451,179,2148,0.8614,8,7,0,0.0,2,1,11,1,37.59,0,21.48,108.82,-92.70999999999998,0.2663,1
CC-14400,46,Standard,104,53791,9346,0.04,-0.117,188,2256,0.794,8,1,0,0.0,1,1,12,1,39.48,0,22.56,70.34,-53.42000000000001,0.2856,1
CC-14401,51,Gold,62,102704,24099,0.0471,-0.3614,570,6840,1.1569,8,13,0,0.0,2,0,13,0,136.8,95,102.6,75.85,53.35000000000002,0.0438,0
CC-14402,71,Standard,23,55443,9516,0.0728,-0.1587,348,4176,0.9484,8,5,0,0.0,0,0,4,0,73.08,0,41.76,55.28,-23.959999999999994,0.0733,0
CC-14403,52,Standard,19,45252,5576,0.081,-0.2371,227,2724,0.7497,8,4,0,0.0,4,0,13,0,47.67,0,27.24,108.65,-88.22000000000001,0.0835,0
CC-14404,70,Black,107,283664,100000,0.0737,0.1437,3702,44424,0.9962,27,43,0,0.0,3,1,15,0,1110.6,495,1332.72,86.5,186.37999999999988,0.1997,0
CC-14405,61,Gold,117,103999,30284,0.0792,-0.111,1205,14460,0.7412,27,15,0,0.0,1,3,8,0,289.2,95,216.9,77.96,89.33999999999997,0.7009,1
CC-14406,22,Black,20,207109,88099,0.0708,-0.0971,3133,37596,0.7887,8,49,0,0.0,1,0,12,0,939.9,495,1127.88,62.26,244.76,0.0803,0
CC-14407,45,Standard,59,31562,5254,0.0413,-0.1796,109,1308,0.5008,8,11,1,43.68,1,0,13,0,22.89,0,13.08,53.91,-0.4200000000000017,0.1638,0
CC-14408,64,Standard,39,39772,6567,0.0736,-0.0059,243,2916,0.8149,119,4,0,0.0,3,1,15,0,51.03,0,29.16,113.37,-91.5,0.8983,1
CC-14409,22,Gold,62,91121,26436,0.0556,-0.1275,738,8856,1.0983,8,14,0,0.0,5,0,17,0,177.12,95,132.84,144.16,-4.8799999999999955,0.0444,0
CC-14410,62,Standard,40,66609,9221,0.0783,0.1289,363,4356,0.9611,8,8,0,0.0,2,0,13,1,76.23,0,43.56,95.48,-62.81000000000002,0.1191,0
CC-14411,21,Standard,14,45539,6736,0.0845,0.0253,286,3432,1.4945,119,6,0,0.0,0,0,9,0,60.06,0,34.32,45.55,-19.810000000000002,0.5944,1
CC-14412,56,Gold,77,127503,36529,0.0812,-0.1058,1490,17880,1.7338,27,29,0,0.0,1,0,10,1,357.6,95,268.2,75.08,109.32000000000005,0.0729,0
CC-14413,32,Gold,114,95953,26661,0.0799,0.1075,1071,12852,0.8107,8,10,0,0.0,3,0,12,0,257.04,95,192.78,122.17,37.09000000000003,0.0723,0
CC-14414,29,Standard,118,39898,5729,0.1327,-0.0188,382,4584,0.7,8,10,2,153.02,1,0,11,1,80.22,0,45.84,93.22,94.18,0.3082,0
CC-14415,56,Gold,115,109375,31125,0.0712,-0.0168,1113,13356,1.2889,8,15,1,446.06,0,0,7,1,267.12,95,200.34,71.08,536.76,0.1122,1
CC-14416,61,Standard,86,42267,5191,0.105,-0.2394,274,3288,1.0506,119,5,0,0.0,0,0,12,0,57.54,0,32.88,84.98,-60.320000000000014,0.7256,1
CC-14417,48,Standard,75,47826,7983,0.0566,-0.0307,227,2724,1.2908,27,8,0,0.0,5,0,10,0,47.67,0,27.24,147.04,-126.61,0.0703,0
CC-14418,58,Standard,3,29965,3967,0.1254,0.0282,250,3000,1.0696,8,6,1,100.13,2,0,12,0,52.5,0,30.0,68.55,54.08,0.0777,0
CC-14419,53,Standard,60,28027,3844,0.0616,0.18,119,1428,0.8917,27,3,0,0.0,1,0,15,0,24.99,0,14.28,96.19,-85.48,0.1159,0
CC-14420,62,Standard,5,51228,7663,0.0878,-0.1328,338,4056,0.8934,27,13,0,0.0,2,0,9,1,70.98,0,40.56,88.12,-57.7,0.2463,0
CC-14421,66,Black,65,357261,100000,0.1365,0.3217,6857,82284,1.0798,8,85,0,0.0,1,0,11,0,2057.1,495,2468.52,63.25,20.329999999999927,0.0511,0
CC-14422,42,Gold,23,126345,31846,0.0914,0.0635,1463,17556,0.8867,8,22,0,0.0,4,0,11,0,351.12,95,263.34,97.09,85.69000000000005,0.0706,0
CC-14423,45,Gold,25,67800,17253,0.1108,-0.2479,961,11532,1.3159,8,13,0,0.0,1,0,19,0,230.64,95,172.98,69.44,83.22,0.0315,0
CC-14424,38,Standard,11,61467,8598,0.137,-0.1468,592,7104,0.5593,27,7,0,0.0,2,0,9,0,124.32,0,71.04,101.68,-48.400000000000034,0.2077,1
CC-14425,26,Standard,85,59787,7803,0.0678,0.1931,266,3192,1.3142,8,3,0,0.0,3,1,7,0,55.86,0,31.92,131.18,-107.24000000000002,0.0844,0
CC-14426,38,Standard,111,39474,6556,0.0607,0.1665,200,2400,0.388,8,5,0,0.0,2,1,14,0,42.0,0,24.0,83.77,-65.77,0.2567,0
CC-14427,36,Standard,57,60615,8728,0.1208,-0.0173,530,6360,0.9935,8,11,0,0.0,0,1,7,1,111.3,0,63.6,65.45,-17.750000000000014,0.2503,0
CC-14428,35,Standard,112,55622,8362,0.0897,0.0025,377,4524,0.8507,8,7,0,0.0,1,1,16,1,79.17,0,45.24,59.4,-25.47,0.2508,1
CC-14429,68,Platinum,118,179976,66637,0.0768,-0.1947,2572,30864,0.4951,8,31,0,0.0,2,1,13,0,694.44,295,679.01,92.04,218.3900000000001,0.2952,0
CC-14430,28,Gold,21,131056,38132,0.0828,0.1782,1586,19032,0.332,8,25,1,635.52,1,0,16,1,380.64,95,285.48,67.04,758.6399999999999,0.4283,0
CC-14431,33,Gold,64,108389,29346,0.081,-0.1682,1194,14328,0.6207,8,16,0,0.0,0,0,12,1,286.56,95,214.92,43.76,122.88,0.2485,0
CC-14432,63,Gold,89,39590,8097,0.143,0.1067,582,6984,0.9637,8,10,0,0.0,1,1,11,0,139.68,95,104.76,79.41,50.50999999999999,0.1294,0
CC-14433,27,Platinum,93,151289,60122,0.0814,0.1828,2459,29508,0.7693,8,36,0,0.0,0,2,12,1,663.93,295,649.18,92.08,217.66999999999996,0.4954,0
CC-14434,37,Standard,93,27373,4909,0.0713,-0.0128,176,2112,0.6377,8,5,0,0.0,0,0,12,0,36.96,0,21.12,71.66,-55.82,0.0947,0
CC-14435,70,Standard,41,46703,6928,0.0931,0.1251,324,3888,1.3557,8,1,0,0.0,2,0,8,1,68.04,0,38.88,108.07,-78.90999999999998,0.0736,0
CC-14436,52,Standard,102,46053,8205,0.0973,0.2571,401,4812,0.5803,8,14,0,0.0,2,0,10,1,84.21,0,48.12,78.24,-42.14999999999999,0.2005,0
CC-14437,42,Platinum,78,119570,42641,0.0931,0.0202,1995,23940,1.1537,8,28,0,0.0,0,0,11,0,538.65,295,526.68,60.68,246.29000000000008,0.0452,0
CC-14438,71,Black,29,208067,92117,0.1074,-0.0463,4972,59664,0.6833,8,57,0,0.0,0,0,11,0,1491.6,495,1789.92,87.4,109.27999999999975,0.1293,1
CC-14439,33,Standard,48,39033,5460,0.1392,-0.03,382,4584,0.6132,8,7,0,0.0,3,0,17,1,80.22,0,45.84,105.86,-71.47999999999999,0.1778,0
CC-14440,67,Platinum,36,128199,47697,0.0897,-0.1314,2150,25800,0.7688,27,29,1,861.18,2,0,11,0,580.5,295,567.6,83.49,1085.5899999999997,0.2083,0
CC-14441,43,Platinum,35,135390,42265,0.0841,-0.1348,1787,21444,1.136,8,17,0,0.0,1,1,19,1,482.49,295,471.77,59.49,246.23000000000002,0.1756,1
CC-14442,49,Standard,94,46186,5833,0.1249,0.0464,366,4392,0.5386,8,6,0,0.0,0,0,13,0,76.86,0,43.92,69.91,-36.97,0.1072,0
CC-14443,42,Standard,97,51584,6274,0.1262,-0.0446,398,4776,1.0362,8,10,1,159.37,2,2,10,0,83.58,0,47.76,69.25,125.94,0.3189,1
CC-14444,21,Standard,98,41483,5705,0.0495,0.0291,142,1704,0.6618,8,5,1,56.84,0,0,10,1,29.82,0,17.04,46.27,23.349999999999994,0.2478,0
CC-14445,49,Black,52,369575,100000,0.1482,-0.2435,7447,89364,0.7158,8,91,1,2983.02,0,0,10,0,2234.1,495,2680.92,47.13,2984.0699999999997,0.1291,1
CC-14446,68,Standard,22,44569,6824,0.1076,-0.0339,369,4428,1.0702,8,4,0,0.0,1,0,22,1,77.49,0,44.28,52.29,-19.08,0.0878,0
CC-14447,25,Platinum,42,172357,55324,0.0929,0.1345,2582,30984,1.602,8,42,0,0.0,2,0,9,0,697.14,295,681.65,70.62,239.87,0.0242,0
CC-14448,55,Standard,101,41574,7443,0.0946,-0.1878,354,4248,0.6767,119,7,0,0.0,4,0,10,0,74.34,0,42.48,120.43,-88.57,0.8318,1
CC-14449,30,Gold,97,143303,32841,0.0825,-0.0175,1362,16344,1.166,8,20,0,0.0,0,0,18,1,326.88,95,245.16,35.46,141.26,0.0775,1
CC-14450,39,Standard,60,50256,7360,0.1341,-0.2982,496,5952,0.8562,8,9,0,0.0,1,0,11,1,104.16,0,59.52,77.77,-33.129999999999995,0.1406,0
CC-14451,57,Gold,33,119750,25186,0.075,-0.2158,949,11388,0.8076,119,11,0,0.0,0,1,17,0,227.76,95,170.82,93.15,58.789999999999964,0.8962,1
CC-14452,27,Platinum,40,115712,36621,0.0558,0.1011,1027,12324,1.2714,8,8,1,411.31,3,1,19,0,277.29,295,271.13,107.31,605.1599999999999,0.1074,1
CC-14453,66,Platinum,88,124349,35659,0.0968,-0.0664,1734,20808,0.6969,8,32,2,694.79,2,0,12,1,468.18,295,457.78,113.66,886.5300000000001,0.3897,0
CC-14454,55,Platinum,47,131175,47004,0.0867,0.2533,2049,24588,0.6038,8,31,0,0.0,2,2,18,1,553.23,295,540.94,65.16,242.13,0.6259,1
CC-14455,65,Standard,43,72821,12020,0.0682,0.0449,412,4944,1.0881,8,11,0,0.0,2,1,8,1,86.52,0,49.44,109.6,-72.52,0.2215,0
CC-14456,33,Gold,11,80479,17670,0.0672,0.0596,597,7164,1.4284,8,11,0,0.0,2,0,15,0,143.28,95,107.46,92.58,38.24000000000001,0.0289,0
CC-14457,30,Standard,118,35736,5077,0.1094,-0.1815,279,3348,1.175,8,11,1,111.8,0,1,12,0,58.59,0,33.48,52.55,84.35999999999999,0.1314,0
CC-14458,22,Standard,11,59635,7215,0.096,-0.0778,348,4176,0.5279,8,5,0,0.0,2,1,7,1,73.08,0,41.76,65.23,-33.91000000000001,0.4222,0
CC-14459,26,Gold,65,86249,24490,0.0792,-0.1299,975,11700,0.7654,27,9,0,0.0,3,0,13,0,234.0,95,175.5,115.23,38.26999999999998,0.1426,0
CC-14460,28,Standard,81,42546,7096,0.1015,-0.1798,362,4344,1.2439,8,6,0,0.0,2,0,16,1,76.02,0,43.44,111.58,-78.99999999999999,0.0726,0
CC-14461,56,Gold,79,72031,14861,0.1216,0.0796,908,10896,1.4243,119,14,0,0.0,2,0,10,1,217.92,95,163.44,75.2,74.27999999999997,0.7632,0
CC-14462,45,Black,24,314217,100000,0.114,0.1097,5729,68748,1.0186,8,80,0,0.0,1,0,8,0,1718.7,495,2062.44,97.2,54.059999999999945,0.0612,0
CC-14463,64,Standard,18,56954,10098,0.0798,0.0398,405,4860,0.7762,8,11,0,0.0,2,0,12,1,85.05,0,48.6,117.21,-80.76,0.1588,1
CC-14464,67,Gold,34,101746,24337,0.079,-0.1442,966,11592,1.4438,119,10,0,0.0,0,0,8,1,231.84,95,173.88,80.26,72.70000000000005,0.7715,1
CC-14465,60,Standard,68,39607,6003,0.1197,0.0296,361,4332,0.9276,27,9,2,144.63,3,0,13,0,75.81,0,43.32,128.61,48.50999999999999,0.2217,0
CC-14466,27,Standard,92,33888,4788,0.1293,-0.3069,311,3732,0.7683,27,7,0,0.0,2,1,12,1,65.31,0,37.32,104.93,-76.94,0.4499,1
CC-14467,66,Standard,16,25000,3894,0.0715,0.1785,140,1680,0.7175,8,7,1,56.04,2,1,11,1,29.4,0,16.8,112.43,-43.79000000000002,0.4252,0
CC-14468,43,Black,40,213817,100000,0.0524,-0.2147,2635,31620,0.5915,27,42,4,1054.73,1,0,10,1,790.5,495,948.6,102.01,1289.62,0.7799,1
CC-14469,39,Platinum,100,126975,53285,0.0475,-0.1881,1271,15252,1.8001,8,12,0,0.0,2,0,9,0,343.17,295,335.54,96.56,206.07000000000005,0.0169,0
CC-14470,66,Platinum,10,137933,53581,0.0666,-0.0027,1793,21516,1.3763,27,21,0,0.0,1,0,14,0,484.11,295,473.35,99.9,205.86,0.0603,0
CC-14471,42,Black,102,261043,100000,0.1152,0.0106,5787,69444,0.7531,119,85,0,0.0,0,0,11,0,1736.1,495,2083.32,82.4,65.37999999999965,0.8108,1
CC-14472,33,Standard,23,76509,11450,0.1025,-0.0309,590,7080,1.4695,8,13,0,0.0,0,0,7,1,123.9,0,70.8,46.68,6.420000000000016,0.0641,0
CC-14473,41,Standard,58,50527,7144,0.078,-0.1865,280,3360,1.11,8,6,0,0.0,1,1,12,0,58.8,0,33.6,67.24,-42.040000000000006,0.1058,0
CC-14474,21,Gold,48,58700,17525,0.0778,0.15,685,8220,1.0922,27,11,0,0.0,1,0,16,0,164.4,95,123.3,102.64,33.45999999999998,0.0861,0
CC-14475,39,Gold,45,98930,26787,0.1056,-0.2729,1422,17064,0.7346,8,21,0,0.0,1,0,15,1,341.28,95,255.96,73.78,106.53999999999996,0.1567,0
CC-14476,53,Standard,94,49404,7259,0.1039,-0.2425,379,4548,0.7958,8,9,0,0.0,4,0,13,0,79.59,0,45.48,154.83,-120.72,0.0737,0
CC-14477,24,Standard,48,33188,4006,0.072,-0.036,145,1740,0.9373,8,7,0,0.0,1,0,11,0,30.45,0,17.4,89.59,-76.54,0.0642,0
CC-14478,62,Gold,110,91137,22970,0.0852,-0.2096,983,11796,0.3603,8,15,0,0.0,1,0,9,0,235.92,95,176.94,52.79,101.18999999999997,0.195,0
CC-14479,23,Gold,50,96265,28724,0.0694,0.1634,1002,12024,0.804,8,15,0,0.0,3,1,15,0,240.48,95,180.36,103.2,51.920000000000016,0.1547,0
CC-14480,47,Standard,72,56525,8556,0.12,-0.1967,516,6192,0.9513,8,6,0,0.0,0,0,21,0,108.36,0,61.92,82.5,-36.06000000000002,0.0511,0
CC-14481,61,Gold,86,47266,10315,0.0774,0.2136,401,4812,1.3429,8,7,0,0.0,1,0,16,0,96.24,95,72.18,72.15,46.91,0.0305,0
CC-14482,55,Gold,33,98771,19972,0.0908,0.1353,911,10932,0.765,8,15,0,0.0,2,0,9,0,218.64,95,163.98,87.58,62.079999999999984,0.0869,0
CC-14483,48,Gold,35,114960,27069,0.0928,0.1653,1263,15156,1.1936,8,18,0,0.0,0,0,11,0,303.12,95,227.34,55.65,115.13,0.044,0
CC-14484,26,Standard,46,66236,11597,0.0776,0.2631,452,5424,0.3319,8,10,0,0.0,0,0,10,0,94.92,0,54.24,54.76,-14.079999999999998,0.1559,0
CC-14485,26,Gold,73,58946,17663,0.0809,-0.0078,718,8616,1.3001,27,12,0,0.0,0,0,16,1,172.32,95,129.24,46.64,91.44,0.1228,0
CC-14486,64,Standard,10,43358,7662,0.0405,-0.1719,156,1872,0.6799,8,2,0,0.0,2,1,18,1,32.76,0,18.72,76.37,-62.330000000000005,0.3151,0
CC-14487,43,Standard,75,44448,7279,0.0861,-0.0355,315,3780,0.9891,27,6,0,0.0,1,2,7,0,66.15,0,37.8,97.64,-69.28999999999999,0.4158,0
CC-14488,53,Platinum,4,163643,58607,0.0518,-0.105,1525,18300,1.0719,27,21,1,611.07,1,0,15,1,411.75,295,402.6,86.93,828.2900000000002,0.2454,0
CC-14489,36,Gold,19,81501,21114,0.0626,-0.1264,664,7968,1.0131,8,8,0,0.0,3,0,13,0,159.36,95,119.52,96.4,38.44,0.0564,0
CC-14490,44,Standard,54,36951,5629,0.1011,0.0026,286,3432,0.918,8,6,0,0.0,4,1,12,0,60.06,0,34.32,141.96,-116.22,0.139,0
CC-14491,25,Gold,47,89614,24258,0.0483,-0.0668,589,7068,0.5775,27,10,0,0.0,1,0,16,0,141.36,95,106.02,85.74,44.60000000000002,0.2336,0
CC-14492,61,Gold,39,77828,18825,0.0665,-0.1328,629,7548,0.6831,8,16,1,251.98,2,0,11,1,150.96,95,113.22,93.62,291.1,0.3175,0
CC-14493,62,Platinum,44,159676,59669,0.0961,-0.0568,2881,34572,1.2489,8,43,0,0.0,1,0,15,0,777.87,295,760.58,87.1,225.18999999999983,0.0372,1
CC-14494,33,Gold,46,67796,14383,0.1079,0.0623,780,9360,0.7708,8,20,0,0.0,0,0,17,0,187.2,95,140.4,53.25,88.54999999999998,0.0737,0
CC-14495,67,Gold,83,63275,14336,0.0518,0.1235,373,4476,0.919,8,11,0,0.0,2,1,8,1,89.52,95,67.14,109.47,7.909999999999968,0.2651,0
CC-14496,32,Gold,119,112953,32033,0.0755,-0.2604,1216,14592,0.5024,8,16,0,0.0,1,0,11,1,291.84,95,218.88,64.17,103.78999999999996,0.2803,0
CC-14497,25,Standard,40,70565,12294,0.0492,-0.0655,304,3648,1.2076,8,8,0,0.0,3,0,4,0,63.84,0,36.48,113.4,-86.03999999999999,0.049,1
CC-14498,57,Standard,101,65500,9978,0.0654,-0.0412,328,3936,0.5542,8,9,1,131.35,3,0,15,0,68.88,0,39.36,130.65,30.22,0.143,0
CC-14499,51,Standard,113,44190,5386,0.1042,-0.1974,282,3384,1.2248,8,4,0,0.0,2,0,11,0,59.22,0,33.84,96.36,-70.97999999999999,0.0394,1
CC-14500,48,Gold,105,107421,31441,0.0414,-0.038,654,7848,0.6312,119,12,0,0.0,1,0,11,0,156.96,95,117.72,80.44,53.80000000000001,0.8805,1
CC-14501,48,Gold,96,70416,19026,0.1099,0.0022,1051,12612,1.2544,8,14,0,0.0,0,0,7,0,252.24,95,189.18,73.87,84.19,0.0412,0
CC-14502,50,Standard,8,50717,7345,0.0607,0.0578,224,2688,0.9531,8,9,2,89.74,1,0,10,1,47.04,0,26.88,68.84,41.06,0.2494,0
CC-14503,38,Standard,70,38432,5991,0.1089,-0.0084,328,3936,0.7824,27,9,2,131.32,1,0,14,0,68.88,0,39.36,109.35,51.49000000000001,0.2602,0
CC-14504,64,Gold,53,111700,27140,0.1089,-0.1521,1485,17820,1.4301,8,10,0,0.0,0,0,12,0,356.4,95,267.3,77.08,107.01999999999998,0.0295,1
CC-14505,47,Standard,103,57638,8525,0.134,0.2818,574,6888,0.9293,8,10,0,0.0,2,0,13,1,120.54,0,68.88,85.15,-33.489999999999995,0.1189,0
CC-14506,55,Gold,37,129114,37272,0.064,0.1044,1199,14388,0.8415,27,17,0,0.0,3,0,8,0,287.76,95,215.82,118.06,48.879999999999995,0.1428,0
CC-14507,46,Standard,60,42420,5500,0.1404,0.0629,388,4656,1.2227,27,7,0,0.0,0,0,12,1,81.48,0,46.56,87.68,-52.760000000000005,0.1479,0
CC-14508,59,Gold,59,118554,24939,0.1378,0.1307,1727,20724,0.5059,8,20,0,0.0,2,0,18,0,414.48,95,310.86,115.55,83.07,0.1432,0
CC-14509,69,Black,75,315452,100000,0.088,0.0167,4422,53064,0.1919,8,72,0,0.0,3,0,10,1,1326.6,495,1591.92,136.69,92.98999999999978,0.4038,1
CC-14510,71,Standard,8,45848,6365,0.0935,0.1729,299,3588,1.2974,8,6,2,119.79,3,1,7,1,62.79,0,35.88,89.24,57.46000000000001,0.3225,0
CC-14511,38,Gold,15,92161,19790,0.0519,-0.0115,516,6192,0.6991,8,11,0,0.0,1,0,12,1,123.84,95,92.88,69.1,56.860000000000014,0.2331,0
CC-14512,53,Standard,61,64102,8538,0.1114,-0.0197,478,5736,1.2094,8,11,0,0.0,4,0,10,1,100.38,0,57.36,151.69,-108.67000000000002,0.0866,0
CC-14513,45,Gold,88,82196,16531,0.1069,0.0753,888,10656,0.9638,8,17,2,355.7,0,0,10,1,213.12,95,159.84,74.09,429.88999999999993,0.2341,1
CC-14514,51,Gold,94,83277,18547,0.0629,0.2165,586,7032,0.6008,8,17,0,0.0,2,1,10,1,140.64,95,105.48,119.99,10.169999999999987,0.4478,0
CC-14515,57,Standard,32,25000,3499,0.1228,0.2068,216,2592,1.1322,8,7,0,0.0,1,0,11,1,45.36,0,25.92,65.29,-45.85000000000001,0.0972,0
CC-14516,22,Gold,118,81875,16633,0.0525,0.0689,439,5268,0.8269,8,13,2,175.77,1,0,9,0,105.36,95,79.02,94.52,202.59,0.1517,0
CC-14517,53,Platinum,102,149252,54492,0.1068,0.0575,2924,35088,0.6268,119,43,0,0.0,1,0,11,0,789.48,295,771.94,80.91,231.63,0.8815,1
CC-14518,59,Standard,4,36424,5613,0.045,0.0844,127,1524,0.6346,27,2,0,0.0,1,1,15,0,26.67,0,15.24,89.05,-77.61999999999999,0.3266,1
CC-14519,63,Standard,60,33661,4235,0.1217,0.1278,259,3108,0.4301,27,5,0,0.0,4,0,10,0,54.39,0,31.08,128.98,-105.67,0.2327,0
CC-14520,63,Platinum,38,75206,27322,0.0475,0.1748,652,7824,1.0709,8,11,1,261.22,1,0,6,1,176.04,295,172.13,93.88,466.25,0.1631,0
CC-14521,52,Gold,74,72576,21763,0.0498,-0.0555,545,6540,0.6694,8,6,0,0.0,1,0,10,1,130.8,95,98.1,62.33,65.37,0.24,0
CC-14522,38,Platinum,47,189741,78216,0.0885,0.1777,3477,41724,0.9396,27,44,0,0.0,2,0,12,0,938.79,295,917.93,123.53,192.32999999999993,0.1153,0
CC-14523,37,Gold,108,53510,10716,0.0774,0.0314,417,5004,0.8955,8,7,0,0.0,1,0,12,0,100.08,95,75.06,80.62,39.39999999999998,0.064,0
CC-14524,54,Platinum,116,167615,65596,0.0771,0.0776,2542,30504,0.6675,8,28,0,0.0,1,0,14,0,686.34,295,671.09,99.21,211.03999999999996,0.1177,0
CC-14525,59,Standard,11,54892,7751,0.1327,0.1873,517,6204,0.4931,8,9,0,0.0,0,1,15,0,108.57,0,62.04,36.22,10.310000000000002,0.2372,0
CC-14526,27,Gold,67,137123,28297,0.053,0.0921,753,9036,1.7101,8,13,0,0.0,0,0,20,0,180.72,95,135.54,44.09,96.09000000000003,0.0161,0
CC-14527,62,Platinum,79,176342,56682,0.1217,0.1174,3467,41604,0.9354,119,49,3,1388.49,0,0,11,0,936.09,295,915.29,54.99,1649.3,0.9155,1
CC-14528,55,Gold,52,105284,24444,0.0484,-0.0784,595,7140,1.497,8,7,0,0.0,2,1,13,0,142.8,95,107.1,107.57,23.130000000000024,0.059,0
CC-14529,50,Standard,81,49136,7438,0.0548,0.2047,205,2460,1.2995,8,2,0,0.0,3,0,10,0,43.05,0,24.6,98.53,-80.08,0.0367,0
CC-14530,32,Standard,34,45009,7186,0.0512,0.0844,185,2220,0.8537,8,9,0,0.0,1,0,8,0,38.85,0,22.2,96.6,-79.94999999999999,0.0777,0
CC-14531,55,Standard,100,54587,9003,0.12,-0.0011,543,6516,1.0043,8,12,0,0.0,0,0,11,0,114.03,0,65.16,42.89,5.980000000000004,0.0557,0
CC-14532,31,Standard,45,59047,7956,0.0668,0.1452,267,3204,0.9956,8,6,0,0.0,0,0,12,1,56.07,0,32.04,61.64,-37.61000000000001,0.115,0
CC-14533,64,Standard,97,46918,6535,0.1328,0.3682,436,5232,1.5033,27,8,0,0.0,1,0,17,0,91.56,0,52.32,69.15,-29.909999999999997,0.0439,0
CC-14534,24,Gold,80,112452,25958,0.1285,-0.1953,1676,20112,1.199,8,28,1,671.4,3,1,15,0,402.24,95,301.68,85.9,781.0599999999998,0.124,0
CC-14535,45,Gold,56,146268,34559,0.0744,-0.1406,1292,15504,0.7078,27,13,0,0.0,2,1,16,0,310.08,95,232.56,108.52,64.0,0.2882,0
CC-14536,68,Standard,49,45797,8242,0.0833,0.3828,345,4140,1.0555,8,7,0,0.0,2,0,10,0,72.45,0,41.4,117.68,-86.63000000000001,0.0547,0
CC-14537,52,Gold,16,87103,24196,0.0916,0.044,1114,13368,1.1913,8,15,0,0.0,0,0,17,0,267.36,95,200.52,87.49,74.35000000000002,0.0399,0
CC-14538,40,Standard,50,43963,7847,0.0662,0.0086,261,3132,0.5974,27,4,0,0.0,3,0,9,1,54.81,0,31.32,95.97,-72.47999999999999,0.3357,0
CC-14539,70,Standard,57,46504,7514,0.0543,-0.0373,205,2460,1.0982,27,8,0,0.0,1,0,10,0,43.05,0,24.6,108.03,-89.58,0.0945,0
CC-14540,51,Standard,31,58759,8483,0.0856,0.1613,365,4380,1.3536,119,11,0,0.0,2,0,18,0,76.65,0,43.8,113.04,-80.19,0.6019,0
CC-14541,24,Gold,49,86849,20754,0.1059,0.3717,1104,13248,0.6928,8,12,1,442.39,0,0,13,0,264.96,95,198.72,49.34,554.29,0.1709,0
CC-14542,58,Standard,65,47128,7036,0.1137,-0.1198,402,4824,0.7342,8,12,1,161.03,0,0,12,0,84.42,0,48.24,87.61,109.6,0.1204,0
CC-14543,67,Standard,21,42191,6118,0.0667,-0.0345,205,2460,1.2981,8,6,0,0.0,3,2,7,1,43.05,0,24.6,91.47,-73.02,0.3308,0
CC-14544,21,Standard,93,50501,8569,0.0527,-0.0726,227,2724,0.8437,8,5,1,90.9,2,1,12,0,47.67,0,27.24,73.89,37.44,0.2079,0
CC-14545,23,Platinum,11,122388,42236,0.1228,0.0899,2607,31284,0.6554,8,36,0,0.0,0,0,9,1,703.89,295,688.25,87.8,222.84000000000003,0.2577,0
CC-14546,57,Standard,103,31205,4298,0.0523,0.1634,113,1356,1.2147,8,8,0,0.0,2,0,13,1,23.73,0,13.56,120.47,-110.3,0.0788,0
CC-14547,42,Gold,39,94513,26226,0.0885,0.2231,1166,13992,1.1231,27,21,0,0.0,3,1,14,1,279.84,95,209.88,107.15,57.81,0.3177,0
CC-14548,37,Gold,109,127061,36268,0.0381,0.095,694,8328,0.9783,8,7,0,0.0,0,0,15,0,166.56,95,124.92,74.2,62.44,0.0533,0
CC-14549,34,Platinum,94,129851,44001,0.1178,0.3579,2605,31260,1.2874,8,43,0,0.0,2,0,12,1,703.35,295,687.72,84.22,226.40999999999997,0.0725,0
CC-14550,61,Black,54,207115,99457,0.1213,-0.1062,6064,72768,1.3087,8,83,0,0.0,3,0,13,0,1819.2,495,2183.04,125.9,5.2599999999997635,0.0349,0
CC-14551,55,Standard,59,66550,8220,0.0855,-0.1452,353,4236,0.9252,8,3,4,141.46,1,0,10,0,74.13,0,42.36,100.23,73.0,0.2593,0
CC-14552,33,Standard,90,45512,6907,0.0501,0.2004,174,2088,1.5423,119,5,0,0.0,0,1,3,0,36.54,0,20.88,47.05,-31.389999999999993,0.7707,1
CC-14553,55,Platinum,30,173059,49546,0.1022,-0.0016,2545,30540,1.425,8,40,1,1019.22,3,0,13,0,687.15,295,671.88,121.58,1207.9099999999999,0.0437,0
CC-14554,63,Gold,38,69509,14104,0.0783,-0.2264,555,6660,0.3547,119,10,2,222.29,1,0,11,1,133.2,95,99.9,103.21,247.38,0.9828,1
CC-14555,22,Gold,118,85207,22263,0.0698,-0.0674,781,9372,0.641,119,10,0,0.0,2,1,17,1,187.44,95,140.58,111.06,30.799999999999983,0.9693,1
CC-14556,67,Gold,66,114761,26433,0.1006,0.0183,1336,16032,0.2734,119,19,0,0.0,0,0,12,0,320.64,95,240.48,82.58,92.57999999999998,0.9297,1
CC-14557,33,Gold,20,87778,24073,0.0515,-0.1169,623,7476,0.8526,27,7,0,0.0,0,1,6,1,149.52,95,112.14,48.81,83.57000000000002,0.4611,0
CC-14558,71,Black,91,290024,100000,0.103,-0.1722,5177,62124,0.5866,8,70,1,2073.22,0,0,12,0,1553.1,495,1863.72,84.56,2173.04,0.194,1
CC-14559,36,Black,37,175798,67698,0.1381,-0.0511,4697,56364,0.7057,8,73,0,0.0,0,0,14,0,1409.1,495,1690.92,65.48,147.69999999999982,0.0863,0
CC-14560,38,Gold,70,101724,27714,0.0835,-0.1797,1163,13956,1.2772,8,19,0,0.0,1,0,13,0,279.12,95,209.34,50.72,114.06,0.0362,0
CC-14561,27,Standard,80,36158,5455,0.0726,0.0753,199,2388,0.4236,8,4,0,0.0,1,1,10,0,41.79,0,23.88,90.07,-72.16,0.2661,1
CC-14562,65,Platinum,41,179189,52985,0.1175,-0.3116,3129,37548,0.9889,27,58,1,1253.14,2,0,11,0,844.83,295,826.06,111.55,1455.3600000000004,0.1556,1
CC-14563,56,Standard,92,47276,7521,0.1053,-0.0064,398,4776,0.9871,27,7,0,0.0,1,2,6,0,83.58,0,47.76,96.91,-61.08999999999999,0.418,0
CC-14564,61,Standard,10,48276,7558,0.0924,0.0579,351,4212,0.9253,8,13,0,0.0,2,1,21,0,73.71,0,42.12,120.98,-89.39,0.1214,0
CC-14565,50,Platinum,90,167038,58829,0.0626,-0.0336,1852,22224,0.9892,8,23,0,0.0,2,0,12,0,500.04,295,488.93,70.15,235.95999999999992,0.0564,0
CC-14566,62,Standard,82,49221,8642,0.0378,0.144,164,1968,0.2803,8,3,0,0.0,2,0,13,0,34.44,0,19.68,76.27,-61.50999999999999,0.1549,0
CC-14567,61,Standard,86,64332,9731,0.1141,-0.2256,558,6696,0.7071,8,13,1,223.49,2,1,15,0,117.18,0,66.96,120.57,153.14000000000004,0.2363,1
CC-14568,27,Standard,17,62550,11223,0.0977,-0.1252,551,6612,1.4129,8,12,0,0.0,3,1,15,0,115.71,0,66.12,125.04,-75.45000000000003,0.0663,0
CC-14569,35,Platinum,9,97396,34214,0.1017,-0.0695,1749,20988,0.5909,8,34,0,0.0,0,0,14,1,472.23,295,461.74,60.03,245.46000000000004,0.2587,0
CC-14570,60,Gold,19,81372,17217,0.0542,0.0869,469,5628,1.45,8,9,0,0.0,1,0,13,1,112.56,95,84.42,58.31,64.82999999999998,0.0592,0
CC-14571,39,Gold,88,102776,25390,0.0874,0.0128,1115,13380,0.528,8,18,4,446.67,1,0,12,0,267.6,95,200.7,100.24,508.33,0.468,1
CC-14572,63,Standard,88,34395,4503,0.1335,0.3015,302,3624,0.4919,8,8,0,0.0,1,0,13,1,63.42,0,36.24,68.65,-41.47000000000001,0.2158,0
CC-14573,57,Platinum,66,85117,30948,0.073,-0.1409,1135,13620,0.6645,8,23,1,454.74,0,0,12,0,306.45,295,299.64,85.04,671.51,0.1783,0
CC-14574,22,Platinum,14,113392,42753,0.0552,-0.2292,1187,14244,1.2887,8,18,0,0.0,1,0,5,0,320.49,295,313.37,83.43,218.69,0.0434,0
CC-14575,62,Standard,84,43704,6472,0.0972,0.2484,316,3792,0.7862,119,11,0,0.0,3,1,7,0,66.36,0,37.92,112.22,-83.77999999999999,0.9127,1
CC-14576,68,Standard,58,25000,3146,0.1398,-0.2346,221,2652,1.0536,8,7,0,0.0,1,0,12,0,46.41,0,26.52,86.16,-66.27,0.0524,0
CC-14577,33,Standard,48,32468,4809,0.0488,0.0825,118,1416,0.9721,8,3,0,0.0,0,0,15,1,24.78,0,14.16,60.18,-49.56,0.1125,0
CC-14578,60,Black,49,155502,58260,0.1214,-0.1668,3553,42636,0.9337,27,48,0,0.0,3,0,19,0,1065.9,495,1279.08,86.6,195.22000000000025,0.1025,1
CC-14579,61,Gold,81,109366,29333,0.0848,-0.3304,1250,15000,1.3322,8,12,0,0.0,1,0,12,1,300.0,95,225.0,85.15,84.85000000000002,0.0686,0
CC-14580,63,Black,103,345203,100000,0.1577,-0.0762,7927,95124,1.1815,8,107,2,3174.24,0,0,14,1,2378.1,495,2853.72,60.3,3133.32,0.1643,0
CC-14581,63,Standard,18,48133,8555,0.0858,0.1149,369,4428,0.6071,8,9,2,147.75,2,3,12,0,77.49,0,44.28,92.55,88.41000000000003,0.7692,1
CC-14582,51,Platinum,71,143500,43169,0.1122,-0.2033,2435,29220,0.8673,8,32,0,0.0,0,0,8,0,657.45,295,642.84,71.02,238.59000000000003,0.074,1
CC-14583,36,Platinum,4,159068,56395,0.0531,0.0664,1504,18048,1.473,8,22,0,0.0,1,0,6,0,406.08,295,397.06,58.52,245.49999999999994,0.0323,0
CC-14584,62,Gold,118,63785,16377,0.0569,0.0944,468,5616,1.0459,8,8,1,187.57,0,1,17,0,112.32,95,84.24,49.37,261.28,0.1441,0
CC-14585,64,Black,94,367702,100000,0.1706,-0.2108,8572,102864,0.4976,8,119,0,0.0,0,0,14,0,2571.6,495,3085.92,52.24,-71.55999999999995,0.1513,0
CC-14586,26,Standard,107,46046,7258,0.0433,-0.0542,158,1896,0.5189,8,2,0,0.0,2,0,13,1,33.18,0,18.96,87.63,-73.41,0.206,0
CC-14587,48,Standard,56,55322,7121,0.1168,0.2166,418,5016,1.217,8,7,0,0.0,0,1,6,0,87.78,0,50.16,40.84,-3.219999999999999,0.1012,0
CC-14588,52,Gold,29,103623,25246,0.0951,0.0776,1207,14484,1.1607,8,13,0,0.0,3,0,13,0,289.68,95,217.26,89.38,78.04000000000002,0.0447,0
CC-14589,64,Gold,33,96349,25578,0.0554,-0.0592,712,8544,0.6736,8,15,0,0.0,1,1,12,0,170.88,95,128.16,65.3,72.42000000000002,0.2563,1
CC-14590,30,Gold,43,91649,24747,0.0809,0.0423,1006,12072,1.1743,8,14,0,0.0,0,0,4,0,241.44,95,181.08,76.68,78.68,0.0514,0
CC-14591,70,Standard,38,47682,8191,0.0797,-0.1228,328,3936,1.4298,8,8,0,0.0,1,0,12,0,68.88,0,39.36,90.24,-60.72,0.0299,0
CC-14592,38,Gold,49,83661,18242,0.0694,0.1471,636,7632,1.3874,8,13,0,0.0,1,0,8,0,152.64,95,114.48,50.55,82.60999999999999,0.0342,0
CC-14593,24,Standard,45,50433,8931,0.072,0.147,323,3876,1.4313,8,5,0,0.0,1,0,11,1,67.83,0,38.76,54.24,-25.17,0.0619,0
CC-14594,29,Standard,67,47319,5846,0.1511,-0.0019,444,5328,1.1166,8,10,0,0.0,0,1,9,0,93.24,0,53.28,64.94,-24.980000000000004,0.1098,0
CC-14595,27,Gold,52,74650,22273,0.0617,0.0146,691,8292,0.8967,8,9,0,0.0,3,2,13,1,165.84,95,124.38,105.5,30.960000000000036,0.4482,0
CC-14596,70,Gold,95,97956,27993,0.0786,-0.1698,1106,13272,0.8293,8,19,0,0.0,1,0,8,0,265.44,95,199.08,67.66,93.69999999999999,0.0768,1
CC-14597,28,Standard,3,48155,7686,0.0443,-0.2228,171,2052,0.9448,27,6,0,0.0,2,1,5,0,35.91,0,20.52,95.04,-79.65,0.2652,1
CC-14598,63,Standard,74,58610,9617,0.0466,-0.0765,225,2700,0.6872,8,4,0,0.0,0,1,11,0,47.25,0,27.0,47.0,-26.75,0.1898,1
CC-14599,27,Standard,59,25000,3109,0.064,-0.0331,100,1200,0.8422,8,5,0,0.0,0,0,13,0,21.0,0,12.0,43.11,-34.11,0.0707,0
CC-14600,61,Standard,18,45407,5561,0.1381,0.1394,386,4632,1.3325,8,10,2,154.58,3,0,7,0,81.06,0,46.32,84.18,105.14000000000001,0.0826,0
CC-14601,60,Platinum,30,114628,33728,0.0862,0.1184,1461,17532,0.4673,8,22,0,0.0,1,1,13,1,394.47,295,385.7,54.3,249.47000000000003,0.4993,1
CC-14602,23,Platinum,88,121883,35617,0.0743,0.0077,1330,15960,0.4878,8,14,1,532.67,2,0,12,1,359.1,295,351.12,76.86,758.79,0.3743,0
CC-14603,37,Standard,84,51297,7840,0.1081,0.1586,426,5112,1.1992,27,5,3,170.59,0,0,13,1,89.46,0,51.12,82.46,126.47000000000003,0.365,1
CC-14604,22,Platinum,24,89737,27833,0.0644,-0.1615,901,10812,0.8449,8,16,1,360.79,0,0,14,0,243.27,295,237.86,83.15,578.05,0.1023,0
CC-14605,35,Platinum,43,144659,57925,0.0556,0.1416,1619,19428,0.3723,119,26,3,648.26,2,0,12,0,437.13,295,427.42,119.75,833.2199999999998,0.9745,1
CC-14606,66,Platinum,78,141065,48301,0.0811,-0.1386,1969,23628,0.9316,8,34,1,788.47,4,0,18,0,531.63,295,519.82,134.67,960.6099999999999,0.0805,0
CC-14607,49,Standard,21,33188,5367,0.0679,0.166,183,2196,0.8888,8,6,1,73.35,3,0,16,1,38.43,0,21.96,102.55,-12.72999999999999,0.1781,0
CC-14608,70,Black,91,291065,100000,0.131,-0.022,6581,78972,0.8207,27,87,0,0.0,2,1,14,0,1974.3,495,2369.16,72.71,27.43000000000029,0.2547,0
CC-14609,68,Standard,52,36432,5071,0.0797,-0.3197,203,2436,1.1557,8,9,0,0.0,0,0,13,0,42.63,0,24.36,48.15,-29.87999999999999,0.0443,0
CC-14610,42,Standard,61,69721,9383,0.088,0.0895,415,4980,0.55,8,8,4,166.2,1,0,15,1,87.15,0,49.8,76.38,127.17,0.5496,0
CC-14611,24,Standard,71,58522,8225,0.1285,0.1014,531,6372,0.9539,8,11,0,0.0,1,0,9,0,111.51,0,63.72,64.95,-17.16000000000001,0.0638,0
CC-14612,26,Gold,36,86429,24171,0.0985,-0.0885,1196,14352,0.8867,119,9,2,479.22,0,0,13,0,287.04,95,215.28,53.9,592.0799999999999,0.8866,1
CC-14613,58,Standard,41,40142,6229,0.1134,-0.0757,355,4260,0.9613,8,5,0,0.0,3,0,12,0,74.55,0,42.6,136.65,-104.7,0.0611,0
CC-14614,46,Standard,76,50670,6851,0.1339,-0.0439,461,5532,0.4303,8,6,0,0.0,0,0,19,0,96.81,0,55.32,58.16,-16.669999999999987,0.1139,0
CC-14615,31,Standard,113,53634,9067,0.0838,-0.3088,382,4584,0.7932,8,8,1,152.94,2,0,9,0,80.22,0,45.84,74.18,113.13999999999999,0.1127,0
CC-14616,46,Platinum,9,148908,42835,0.1189,-0.3747,2560,30720,0.9559,8,26,0,0.0,1,0,10,1,691.2,295,675.84,70.76,239.60000000000002,0.1293,0
CC-14617,37,Platinum,103,104469,39477,0.0835,0.1752,1656,19872,1.1123,8,19,1,663.5,2,1,7,0,447.12,295,437.18,67.29,901.1499999999999,0.1577,0
CC-14618,44,Standard,113,42642,6240,0.1164,-0.1436,365,4380,1.5039,8,9,0,0.0,2,0,13,0,76.65,0,43.8,102.0,-69.15,0.0246,0
CC-14619,48,Platinum,54,142730,54577,0.082,0.2583,2250,27000,1.1918,8,29,3,900.81,1,0,11,0,607.5,295,594.0,93.24,1116.07,0.131,0
CC-14620,55,Platinum,62,150159,61541,0.0445,0.1856,1376,16512,1.0883,27,11,0,0.0,2,1,12,0,371.52,295,363.26,89.21,214.05,0.1919,0
CC-14621,51,Platinum,54,150967,58123,0.1015,0.2151,2965,35580,1.3314,8,33,0,0.0,1,1,14,0,800.55,295,782.76,83.07,229.72000000000003,0.0741,0
CC-14622,33,Standard,81,53221,7797,0.1141,-0.1175,447,5364,0.8589,119,6,0,0.0,1,0,9,1,93.87,0,53.64,102.43,-62.19999999999999,0.8902,0
CC-14623,55,Gold,108,113511,24415,0.1221,-0.2613,1498,17976,1.4162,8,27,0,0.0,4,1,15,1,359.52,95,269.64,107.34,77.53999999999996,0.1218,0
CC-14624,36,Black,26,350879,100000,0.1004,-0.183,5047,60564,1.2858,8,62,3,2020.89,2,1,14,0,1514.1,495,1816.92,74.88,2138.1899999999996,0.2264,0
CC-14625,35,Gold,28,97544,24002,0.0623,-0.087,752,9024,0.8162,27,11,0,0.0,1,0,22,1,180.48,95,135.36,65.52,74.60000000000002,0.2185,0
CC-14626,63,Standard,92,30850,3841,0.0844,-0.376,163,1956,1.5272,8,4,0,0.0,1,0,11,0,34.23,0,19.56,63.16,-48.49,0.0251,0
CC-14627,38,Gold,112,110209,29966,0.0737,-0.0913,1110,13320,1.0841,8,16,2,444.53,2,0,13,1,266.4,95,199.8,117.52,488.60999999999996,0.1888,0
CC-14628,67,Gold,92,102399,23468,0.055,-0.0503,649,7788,1.6079,8,9,3,259.8,1,0,11,1,155.76,95,116.82,52.75,340.99,0.1371,0
CC-14629,57,Gold,12,79564,16301,0.0859,-0.2142,704,8448,1.041,8,13,1,281.85,2,0,11,0,168.96,95,126.72,70.06,349.0300000000001,0.082,0
CC-14630,68,Standard,19,45334,7895,0.0519,-0.1761,206,2472,0.7814,119,4,0,0.0,2,1,15,0,43.26,0,24.72,121.44,-102.9,0.9046,1
CC-14631,68,Standard,119,45737,6814,0.068,-0.0531,233,2796,0.7197,8,5,0,0.0,1,0,7,0,48.93,0,27.96,73.54,-52.57,0.0902,1
CC-14632,69,Platinum,80,124676,39813,0.1128,0.0334,2256,27072,0.8433,27,29,0,0.0,0,0,10,1,609.12,295,595.58,64.73,243.80999999999995,0.2458,0
CC-14633,61,Platinum,4,78818,29974,0.1063,-0.1536,1601,19212,0.7786,27,25,2,641.34,2,0,9,1,432.27,295,422.66,99.81,846.1400000000001,0.4665,0
CC-14634,47,Standard,114,32438,5616,0.04,0.0238,113,1356,1.3314,8,7,0,0.0,1,0,13,0,23.73,0,13.56,96.94,-86.77,0.0321,0
CC-14635,55,Black,79,216544,77967,0.1227,0.0005,4808,57696,0.9413,27,65,0,0.0,2,0,8,0,1442.4,495,1730.88,107.72,98.79999999999995,0.1206,0
CC-14636,65,Standard,29,25000,4031,0.0494,-0.013,100,1200,0.4658,8,4,0,0.0,0,0,15,0,21.0,0,12.0,57.35,-48.349999999999994,0.1203,0
CC-14637,55,Gold,75,61343,16973,0.0421,-0.1178,359,4308,1.0139,8,9,0,0.0,0,1,16,1,86.16,95,64.62,83.1,33.44,0.21,0
CC-14638,48,Platinum,73,179941,55671,0.1162,-0.22,3252,39024,0.9877,27,40,1,1302.1,3,1,13,0,878.04,295,858.53,124.79,1491.82,0.2878,1
CC-14639,59,Platinum,50,157007,54724,0.1058,0.2345,2909,34908,0.8094,8,43,0,0.0,3,0,8,0,785.43,295,767.98,132.74,179.7099999999998,0.0819,0
CC-14640,58,Black,76,212031,79738,0.1448,0.0745,5804,69648,1.0303,8,81,0,0.0,0,2,17,0,1741.2,495,2089.44,50.11,96.64999999999964,0.2189,1
CC-14641,29,Standard,11,37257,6140,0.0781,0.1309,241,2892,0.9368,8,7,0,0.0,1,1,12,0,50.61,0,28.92,55.7,-34.010000000000005,0.1397,0
CC-14642,32,Platinum,88,183021,72960,0.1018,-0.0325,3733,44796,1.1401,8,46,1,1495.0,3,1,15,0,1007.91,295,985.51,86.35,1726.05,0.1338,0
CC-14643,35,Standard,25,58550,7406,0.0699,-0.0446,260,3120,1.1225,8,11,0,0.0,2,0,14,1,54.6,0,31.2,97.68,-74.28,0.0939,0
CC-14644,41,Gold,73,86485,24358,0.0529,0.0536,648,7776,1.0595,8,11,0,0.0,2,0,14,1,155.52,95,116.64,80.72,53.16,0.0992,1
CC-14645,55,Gold,114,109964,30477,0.0455,-0.2952,697,8364,0.5603,8,13,0,0.0,1,0,11,1,167.28,95,125.46,52.69,84.13,0.2628,0
CC-14646,62,Gold,75,68724,16128,0.1099,-0.1872,891,10692,1.5857,119,11,0,0.0,1,1,9,0,213.84,95,160.38,100.21,48.25000000000006,0.738,1
CC-14647,53,Standard,29,47557,7676,0.0599,-0.1397,231,2772,0.4832,8,9,0,0.0,2,0,9,0,48.51,0,27.72,116.75,-95.96000000000001,0.1304,1
CC-14648,71,Platinum,90,88397,24751,0.0699,-0.0882,869,10428,0.9114,8,16,0,0.0,1,0,15,0,234.63,295,229.42,72.01,228.2,0.0599,0
CC-14649,39,Standard,95,40901,7194,0.0846,-0.152,306,3672,0.6217,8,3,0,0.0,2,0,9,0,64.26,0,36.72,72.88,-45.33999999999999,0.1021,0
CC-14650,43,Standard,83,45315,6934,0.0499,0.0299,174,2088,1.0689,27,3,0,0.0,0,0,14,0,36.54,0,20.88,49.92,-34.26,0.0899,0
CC-14651,33,Gold,86,49192,12889,0.0414,-0.0078,268,3216,0.9915,8,3,1,107.41,2,0,8,0,64.32,95,48.24,105.66,112.83000000000001,0.088,0
CC-14652,64,Gold,73,97603,26007,0.0453,0.1889,592,7104,0.8994,119,11,0,0.0,1,0,9,0,142.08,95,106.56,91.27,39.25000000000003,0.7833,0
CC-14653,21,Platinum,45,166607,59743,0.0416,0.3511,1250,15000,1.4053,8,23,0,0.0,1,2,16,1,337.5,295,330.0,92.11,210.39,0.2543,0
CC-14654,71,Standard,106,56375,9663,0.0925,-0.2094,449,5388,1.2825,8,13,0,0.0,1,1,10,1,94.29,0,53.88,101.31,-60.89999999999999,0.1597,1
CC-14655,49,Standard,9,71260,11158,0.0899,0.0021,504,6048,0.8519,8,6,4,201.91,0,1,12,0,105.84,0,60.48,88.04,159.23,0.4799,1
CC-14656,44,Platinum,94,154585,62929,0.052,0.0018,1646,19752,1.1912,8,24,1,658.66,0,1,18,0,444.42,295,434.54,94.36,869.18,0.1177,0
CC-14657,36,Gold,85,83638,21598,0.0565,-0.0221,613,7356,1.4194,8,10,0,0.0,2,0,12,1,147.12,95,110.34,86.19,45.59,0.06,0
CC-14658,45,Standard,65,26976,3514,0.1331,-0.1827,235,2820,1.2804,8,4,0,0.0,1,0,16,0,49.35,0,28.2,104.76,-83.61000000000001,0.0341,0
CC-14659,43,Gold,86,93328,27191,0.0684,-0.1576,934,11208,0.9091,8,16,0,0.0,1,0,16,0,224.16,95,168.12,88.52,62.51999999999998,0.0592,0
CC-14660,48,Gold,46,96887,25981,0.0889,0.0161,1161,13932,0.4729,27,19,0,0.0,3,0,11,1,278.64,95,208.98,87.34,77.32,0.4576,1
CC-14661,67,Gold,41,56184,15165,0.0702,-0.1618,535,6420,1.0474,27,10,0,0.0,3,0,12,1,128.4,95,96.3,115.59,11.51000000000002,0.1892,1
CC-14662,36,Gold,42,79898,23853,0.0491,0.0039,589,7068,1.1506,8,6,0,0.0,1,1,10,0,141.36,95,106.02,72.74,57.60000000000002,0.1047,0
CC-14663,63,Platinum,9,140389,40786,0.1511,-0.0569,3096,37152,0.7191,27,42,0,0.0,2,0,17,0,835.92,295,817.34,69.43,244.1500000000001,0.1477,0
CC-14664,58,Platinum,72,158533,53901,0.0936,0.0012,2534,30408,0.9568,8,35,0,0.0,2,0,11,1,684.18,295,668.98,79.83,230.3699999999999,0.1212,0
CC-14665,31,Gold,27,103195,23106,0.0561,-0.163,651,7812,0.9251,8,11,0,0.0,0,0,11,1,156.24,95,117.18,77.78,56.28,0.1309,1
CC-14666,23,Standard,107,38963,6149,0.0761,0.0036,235,2820,1.3663,8,3,3,94.19,2,0,10,1,49.35,0,28.2,85.88,29.459999999999994,0.1907,0
CC-14667,35,Platinum,61,147047,57782,0.063,-0.1521,1829,21948,1.5061,8,25,1,732.73,0,1,14,0,493.83,295,482.86,73.73,964.9699999999999,0.0824,0
CC-14668,21,Gold,15,97191,28829,0.0479,0.0041,694,8328,1.3026,119,11,2,277.95,3,1,12,1,166.56,95,124.92,134.53,280.06,0.9538,1
CC-14669,27,Gold,105,81137,19915,0.1162,0.1809,1163,13956,0.9243,8,20,0,0.0,3,1,15,0,279.12,95,209.34,115.42,49.360000000000014,0.126,0
CC-14670,21,Standard,106,40258,6730,0.1094,0.0191,370,4440,1.2943,8,10,0,0.0,2,0,8,0,77.7,0,44.4,122.19,-88.89,0.0377,0
CC-14671,69,Platinum,88,164940,67359,0.0511,0.0283,1729,20748,1.1446,8,20,0,0.0,3,0,15,0,466.83,295,456.46,100.6,204.76999999999998,0.0421,0
CC-14672,52,Gold,115,81223,21794,0.0632,0.1026,692,8304,0.9275,8,12,0,0.0,1,0,8,0,166.08,95,124.56,102.58,33.940000000000055,0.0654,0
CC-14673,29,Standard,83,31532,4243,0.1243,-0.2305,265,3180,1.5777,8,6,1,106.16,0,0,11,0,55.65,0,31.8,92.81,37.2,0.0344,1
CC-14674,49,Standard,114,60446,9458,0.06,0.2378,285,3420,0.7286,8,8,0,0.0,2,1,10,1,59.85,0,34.2,96.08,-70.43,0.3142,0
CC-14675,46,Platinum,88,101979,42402,0.0783,-0.1783,1669,20028,1.1312,8,23,3,668.28,1,0,12,1,450.63,295,440.62,71.82,901.4699999999998,0.251,0
CC-14676,43,Standard,100,43936,7875,0.0887,0.1119,351,4212,1.2019,119,3,0,0.0,1,1,12,0,73.71,0,42.12,71.06,-39.47000000000001,0.8276,1
CC-14677,65,Black,64,302523,100000,0.1447,0.092,7272,87264,0.8638,8,93,0,0.0,2,0,7,1,2181.6,495,2617.92,90.45,-31.769999999999982,0.1486,0
CC-14678,63,Gold,10,94673,27331,0.0831,-0.1553,1142,13704,1.1177,8,22,2,457.16,1,0,13,0,274.08,95,205.56,89.65,531.03,0.1019,0
CC-14679,49,Gold,115,88604,19495,0.1091,0.1313,1069,12828,1.2336,8,17,0,0.0,0,1,14,0,256.56,95,192.42,61.32,97.82000000000002,0.0817,0
CC-14680,58,Standard,47,25000,3369,0.1441,0.0547,244,2928,1.0234,8,5,0,0.0,0,0,11,0,51.24,0,29.28,80.78,-58.82,0.0564,0
CC-14681,53,Standard,20,37096,6572,0.0633,0.2635,209,2508,1.0917,8,7,0,0.0,1,0,16,0,43.89,0,25.08,91.42,-72.61,0.0473,0
CC-14682,27,Black,90,300740,100000,0.1719,0.009,8637,103644,0.9816,119,102,3,3460.06,3,0,12,0,2591.1,495,3109.32,99.51,3337.3299999999995,0.9072,1
CC-14683,32,Standard,62,43772,5754,0.0526,-0.0363,152,1824,1.1893,27,7,0,0.0,0,0,13,0,31.92,0,18.24,83.35,-69.66999999999999,0.078,0
CC-14684,51,Platinum,62,157908,53511,0.0694,-0.0972,1866,22392,0.8813,27,33,3,747.5,2,0,13,0,503.82,295,492.62,110.47,943.2299999999999,0.315,1
CC-14685,52,Standard,108,56491,8777,0.0467,-0.2815,206,2472,0.8565,8,10,0,0.0,2,0,12,0,43.26,0,24.72,102.08,-83.53999999999999,0.0678,0
CC-14686,40,Standard,4,50700,7920,0.0977,-0.0677,389,4668,0.9562,8,5,1,155.75,0,0,12,1,81.69,0,46.68,46.21,144.55,0.1761,0
CC-14687,71,Standard,68,36798,5060,0.0578,-0.0614,147,1764,1.3051,27,3,0,0.0,0,0,15,0,30.87,0,17.64,65.37,-52.14,0.063,0
CC-14688,37,Gold,93,73556,21482,0.0916,0.0193,989,11868,0.4258,27,21,2,396.08,0,0,13,0,237.36,95,178.02,62.16,488.26000000000005,0.4691,1
CC-14689,56,Black,16,394200,100000,0.1874,-0.2335,9416,112992,0.6772,8,127,0,0.0,2,0,11,0,2824.8,495,3389.76,66.19,-136.1500000000001,0.1316,0
CC-14690,23,Standard,50,42985,6169,0.0487,-0.0559,151,1812,1.6327,27,5,1,60.47,2,0,7,1,31.71,0,18.12,124.49,-50.42999999999998,0.1302,0
CC-14691,21,Standard,105,43926,6415,0.1101,0.0664,355,4260,1.0326,119,7,0,0.0,0,1,8,0,74.55,0,42.6,77.49,-45.540000000000006,0.8716,1
CC-14692,70,Standard,119,50736,8226,0.1113,0.0813,460,5520,0.8279,8,12,0,0.0,2,1,7,0,96.6,0,55.2,87.19,-45.78999999999999,0.1633,0
CC-14693,47,Gold,119,111290,29636,0.0868,-0.299,1292,15504,1.1885,8,15,1,517.78,2,0,17,0,310.08,95,232.56,99.62,590.6799999999998,0.0541,0
CC-14694,67,Standard,58,34860,4982,0.0491,0.086,123,1476,0.7145,8,4,0,0.0,0,0,14,0,25.83,0,14.76,88.44,-77.37,0.0838,0
CC-14695,60,Platinum,14,122635,41449,0.1199,-0.057,2497,29964,0.3192,119,42,0,0.0,3,0,14,0,674.19,295,659.21,82.28,227.70000000000005,0.925,1
CC-14696,53,Gold,98,50915,11955,0.1044,-0.0478,627,7524,1.0564,8,23,0,0.0,0,0,16,1,150.48,95,112.86,50.53,82.09,0.0943,0
CC-14697,40,Gold,94,78702,17592,0.0782,-0.3747,691,8292,0.7308,8,9,0,0.0,1,0,9,0,165.84,95,124.38,106.87,29.590000000000032,0.0873,0
CC-14698,34,Standard,57,51385,7578,0.0743,0.204,283,3396,0.9804,8,9,0,0.0,3,0,14,1,59.43,0,33.96,80.94,-55.470000000000006,0.1124,0
CC-14699,56,Black,30,254503,100000,0.1034,0.0065,5195,62340,1.0488,8,69,0,0.0,2,0,8,1,1558.5,495,1870.2,99.87,83.42999999999984,0.1158,0
CC-14700,25,Standard,112,64797,10660,0.1101,-0.2497,590,7080,0.9926,8,14,0,0.0,1,1,12,0,123.9,0,70.8,82.19,-29.090000000000003,0.1201,0
CC-14701,43,Standard,91,46307,7720,0.0598,0.0363,232,2784,0.4373,8,7,0,0.0,2,0,15,0,48.72,0,27.84,123.8,-102.91999999999999,0.1197,0
CC-14702,65,Gold,6,82826,19668,0.0503,0.0317,497,5964,0.9579,27,10,0,0.0,3,0,11,1,119.28,95,89.46,105.8,19.02000000000001,0.2205,0
CC-14703,35,Gold,92,77517,21430,0.0982,0.1634,1057,12684,1.0834,27,21,0,0.0,0,1,15,0,253.68,95,190.26,93.55,64.87,0.1802,1
CC-14704,26,Standard,38,29701,3575,0.0579,-0.0665,104,1248,0.53,27,4,0,0.0,1,0,17,1,21.84,0,12.48,50.7,-41.34,0.3264,1
CC-14705,53,Standard,52,43983,6536,0.1257,-0.0182,413,4956,0.4942,8,12,0,0.0,2,1,15,1,86.73,0,49.56,85.37,-48.2,0.3884,0
CC-14706,39,Platinum,5,152543,59666,0.0615,-0.1164,1843,22116,0.6293,8,27,0,0.0,1,1,11,0,497.61,295,486.55,66.14,239.91999999999996,0.2787,0
CC-14707,33,Standard,3,43671,6891,0.0846,0.0697,293,3516,1.174,27,10,0,0.0,0,0,12,1,61.53,0,35.16,43.77,-17.400000000000006,0.1644,0
CC-14708,49,Platinum,19,148088,51293,0.0545,-0.1375,1404,16848,0.3505,8,21,0,0.0,1,0,12,0,379.08,295,370.66,109.75,193.6699999999999,0.1999,1
CC-14709,26,Gold,73,70748,18710,0.1055,-0.1539,992,11904,1.1989,8,9,0,0.0,0,0,12,1,238.08,95,178.56,93.33,61.190000000000055,0.084,0
CC-14710,35,Standard,64,30996,5406,0.095,-0.0302,258,3096,1.0676,8,10,1,103.37,3,1,16,1,54.18,0,30.96,88.64,37.95000000000002,0.2686,1
CC-14711,36,Gold,50,82743,21235,0.1104,-0.2039,1178,14136,0.8727,8,15,0,0.0,2,1,12,0,282.72,95,212.04,96.39,69.29000000000002,0.1483,0
CC-14712,44,Standard,64,47481,7976,0.0933,0.2203,374,4488,0.5058,8,5,0,0.0,0,0,12,0,78.54,0,44.88,40.73,-7.069999999999993,0.1168,0
CC-14713,43,Platinum,71,134095,55958,0.049,0.2691,1377,16524,0.7111,8,14,0,0.0,1,1,14,0,371.79,295,363.53,57.43,245.82999999999998,0.1755,0
CC-14714,68,Gold,21,89324,24167,0.0594,-0.088,721,8652,1.1846,27,14,0,0.0,2,0,9,0,173.04,95,129.78,107.55,30.70999999999998,0.0872,0
CC-14715,30,Standard,105,53737,8296,0.0847,-0.228,353,4236,1.327,8,9,0,0.0,2,0,7,0,74.13,0,42.36,117.02,-85.25,0.0366,0
CC-14716,61,Gold,112,101422,20664,0.1081,0.0305,1123,13476,0.6406,119,18,0,0.0,0,1,17,0,269.52,95,202.14,71.28,91.10000000000002,0.9374,1
CC-14717,61,Black,36,340015,100000,0.2011,-0.0923,10104,121248,1.2926,8,123,0,0.0,1,1,12,0,3031.2,495,3637.44,56.75,-167.99000000000024,0.0826,0
CC-14718,69,Standard,101,56309,8667,0.076,0.1562,331,3972,1.1558,8,7,0,0.0,2,0,16,0,69.51,0,39.72,114.55,-84.75999999999998,0.0402,0
CC-14719,37,Platinum,51,157397,61638,0.0917,-0.1381,2840,34080,0.9479,8,38,0,0.0,1,1,12,0,766.8,295,749.76,101.79,210.25,0.1336,1
CC-14720,69,Standard,82,49008,7169,0.1324,0.0617,477,5724,0.7286,27,6,0,0.0,4,1,8,0,100.17,0,57.24,128.61,-85.68000000000002,0.3102,0
CC-14721,64,Standard,106,66858,11874,0.0486,-0.0029,290,3480,0.7756,119,6,0,0.0,1,0,16,0,60.9,0,34.8,75.01,-48.910000000000004,0.7885,0
CC-14722,65,Standard,116,53815,7335,0.1324,-0.1214,488,5856,1.4969,8,10,0,0.0,0,0,15,0,102.48,0,58.56,59.47,-15.549999999999997,0.0239,0
CC-14723,50,Standard,49,35491,5844,0.0739,0.016,217,2604,1.0035,8,10,0,0.0,0,0,5,0,45.57,0,26.04,74.66,-55.12999999999999,0.065,0
CC-14724,64,Standard,105,25000,3628,0.1124,0.1118,205,2460,1.349,8,6,2,82.08,0,0,19,1,43.05,0,24.6,89.91,10.620000000000005,0.1196,0
CC-14725,66,Standard,93,42287,6307,0.0704,-0.007,223,2676,1.0225,27,14,0,0.0,1,0,12,1,46.83,0,26.76,104.46,-84.39,0.1887,1
CC-14726,30,Platinum,107,161865,63507,0.0634,-0.0054,2024,24288,0.8142,8,32,0,0.0,2,1,14,0,546.48,295,534.34,112.1,195.03999999999996,0.1491,0
CC-14727,39,Platinum,104,173563,55795,0.0489,-0.1509,1372,16464,1.1252,27,25,0,0.0,1,1,17,1,370.44,295,362.21,71.24,231.99000000000007,0.2928,0
CC-14728,49,Gold,116,58427,12251,0.1395,0.1516,859,10308,1.5974,8,10,0,0.0,1,0,10,0,206.16,95,154.62,74.18,72.35999999999996,0.0225,0
CC-14729,22,Standard,52,53205,8045,0.115,0.1367,465,5580,0.7568,8,9,2,186.22,2,0,17,0,97.65,0,55.8,108.62,119.44999999999999,0.1526,0
CC-14730,56,Standard,91,57765,8764,0.0518,-0.0816,228,2736,1.2242,8,3,0,0.0,1,0,9,1,47.88,0,27.36,91.56,-71.03999999999999,0.0844,0
CC-14731,39,Standard,28,51848,8701,0.1185,-0.0386,518,6216,1.0072,27,9,1,207.54,1,0,13,1,108.78,0,62.16,105.1,149.06,0.269,0
CC-14732,27,Gold,58,93834,27852,0.074,0.1921,1036,12432,0.5151,8,13,3,414.86,1,0,13,1,248.64,95,186.48,97.53,474.49,0.5616,1
CC-14733,46,Platinum,80,135351,38946,0.1404,-0.19,2748,32976,0.5084,8,39,0,0.0,1,0,22,1,741.96,295,725.47,108.72,202.76999999999998,0.2423,0
CC-14734,35,Standard,16,39824,6192,0.0482,0.0706,150,1800,0.8144,119,10,0,0.0,1,0,12,0,31.5,0,18.0,63.29,-49.78999999999999,0.8035,1
CC-14735,67,Standard,80,53837,8661,0.0733,-0.1038,319,3828,1.0542,8,8,0,0.0,2,1,6,1,66.99,0,38.28,120.36,-91.64999999999999,0.2327,1
CC-14736,58,Gold,27,97396,29080,0.0779,0.2467,1139,13668,1.2135,8,21,1,455.97,1,1,10,0,273.36,95,205.02,108.44,510.87,0.1378,0
CC-14737,23,Standard,102,41319,7295,0.0456,-0.0105,167,2004,0.4787,8,4,2,66.96,5,2,7,0,35.07,0,20.04,164.31,-82.32,0.6432,1
CC-14738,58,Standard,6,73598,11977,0.0806,0.1691,485,5820,1.1458,8,12,0,0.0,2,0,10,0,101.85,0,58.2,73.47,-29.82000000000002,0.0493,0
CC-14739,36,Gold,113,52916,13344,0.0743,-0.1342,498,5976,0.9145,8,8,0,0.0,0,0,6,1,119.52,95,89.64,91.49,33.389999999999986,0.1362,1
CC-14740,22,Gold,81,80067,17306,0.0659,-0.2073,573,6876,0.951,27,9,0,0.0,3,1,19,0,137.52,95,103.14,125.47,3.9099999999999966,0.202,1
CC-14741,51,Standard,34,36321,5195,0.0739,-0.0551,193,2316,1.1266,8,8,1,77.27,0,0,19,1,40.53,0,23.16,56.7,37.94,0.1212,0
CC-14742,48,Standard,84,49321,7650,0.1254,0.0194,482,5784,1.4738,8,8,1,193.09,4,0,13,0,101.22,0,57.84,122.32,114.15,0.0389,0
CC-14743,27,Black,80,143572,70427,0.0666,-0.0966,2358,28296,1.0411,27,28,0,0.0,2,0,14,1,707.4,495,848.88,68.9,284.6200000000001,0.1798,0
CC-14744,50,Standard,67,59279,9373,0.0597,0.0937,281,3372,0.543,119,8,0,0.0,1,0,10,0,59.01,0,33.72,74.74,-49.449999999999996,0.863,1
CC-14745,63,Standard,108,56311,9170,0.0842,-0.0515,388,4656,0.8939,27,3,3,155.41,3,1,6,0,81.48,0,46.56,94.84,95.48999999999998,0.5386,1
CC-14746,27,Standard,63,48007,6996,0.1064,-0.3322,374,4488,1.2056,27,3,1,149.83,1,0,12,0,78.54,0,44.88,93.16,90.33000000000001,0.1114,0
CC-14747,56,Standard,22,41508,6793,0.0993,0.0629,339,4068,1.2155,119,7,0,0.0,0,0,13,0,71.19,0,40.68,68.9,-38.390000000000015,0.6774,1
CC-14748,49,Standard,76,53058,6824,0.1292,-0.1524,443,5316,1.1497,27,14,0,0.0,1,1,8,1,93.03,0,53.16,106.04,-66.16999999999999,0.3279,0
CC-14749,44,Platinum,12,151504,45869,0.0529,-0.0742,1219,14628,0.797,119,14,0,0.0,4,3,12,0,329.13,295,321.82,132.14,170.17000000000002,0.9818,1
CC-14750,59,Standard,90,55710,7229,0.0911,0.213,331,3972,0.5397,27,5,0,0.0,2,1,12,0,69.51,0,39.72,111.67,-81.87999999999998,0.3581,0
CC-14751,24,Standard,36,43622,7566,0.0973,0.2459,370,4440,1.1269,8,7,0,0.0,4,0,6,1,77.7,0,44.4,143.76,-110.46,0.1069,0
CC-14752,49,Gold,63,81143,16845,0.1346,-0.1063,1139,13668,0.5857,8,19,0,0.0,0,0,9,0,273.36,95,205.02,39.04,124.30000000000001,0.1494,0
CC-14753,64,Gold,94,107901,30228,0.0783,0.0667,1189,14268,1.1579,119,17,0,0.0,1,0,15,1,285.36,95,214.02,99.25,67.09000000000003,0.8152,1
CC-14754,25,Platinum,29,162178,50713,0.0527,-0.1028,1343,16116,1.158,8,22,1,537.95,1,0,8,0,362.61,295,354.55,59.83,781.18,0.072,0
CC-14755,49,Platinum,42,133909,46276,0.0774,-0.063,1801,21612,0.8097,27,21,0,0.0,1,0,13,0,486.27,295,475.46,63.21,242.60000000000002,0.1364,0
CC-14756,50,Standard,67,49138,8597,0.0435,-0.1109,188,2256,0.9163,8,8,0,0.0,2,0,12,0,39.48,0,22.56,95.1,-78.18,0.064,1
CC-14757,49,Platinum,35,146468,53025,0.1029,-0.2787,2743,32916,1.0096,119,41,1,1098.26,1,1,10,0,740.61,295,724.15,77.96,1331.7599999999998,0.9145,1
CC-14758,46,Gold,70,94928,20980,0.0506,-0.0057,534,6408,0.7656,8,13,0,0.0,1,0,11,1,128.16,95,96.12,107.23,19.809999999999974,0.158,0
CC-14759,39,Black,73,368861,100000,0.1049,0.0232,5269,63228,0.5355,8,66,1,2111.46,0,0,10,0,1580.7,495,1896.84,61.78,2228.54,0.2163,0
CC-14760,46,Gold,11,77565,22652,0.0625,-0.1207,711,8532,0.9382,27,11,0,0.0,1,2,14,0,170.64,95,127.98,75.24,62.41999999999999,0.4145,1
CC-14761,57,Black,18,234881,100000,0.0937,0.1432,4710,56520,0.9695,8,58,0,0.0,0,0,13,1,1413.0,495,1695.6,84.23,128.17000000000007,0.1196,0
CC-14762,47,Platinum,7,149582,54175,0.0747,-0.0854,2033,24396,1.3583,8,26,3,814.57,1,1,13,0,548.91,295,536.71,67.63,1054.1399999999999,0.2126,0
CC-14763,50,Standard,100,38963,5750,0.0865,-0.1156,250,3000,0.7154,8,8,1,100.11,3,0,10,0,52.5,0,30.0,127.94,-5.329999999999984,0.1248,0
CC-14764,71,Gold,25,65642,15612,0.1015,0.059,796,9552,1.2705,8,12,0,0.0,0,0,12,1,191.04,95,143.28,49.73,93.02999999999997,0.0784,0
CC-14765,50,Black,45,349548,100000,0.126,-0.2514,6330,75960,0.6059,8,72,2,2536.17,6,0,10,0,1899.0,495,2278.8,149.31,2502.06,0.2735,0
CC-14766,23,Platinum,116,129947,48868,0.0832,0.116,2042,24504,0.5466,8,30,4,818.38,0,1,11,0,551.34,295,539.09,89.8,1035.83,0.6657,1
CC-14767,63,Standard,91,25000,4077,0.0649,-0.0803,133,1596,0.8597,27,11,0,0.0,1,0,11,0,27.93,0,15.96,78.37,-66.4,0.1272,1
CC-14768,27,Gold,59,103007,23432,0.0746,0.1284,879,10548,0.6677,8,16,1,351.85,2,1,5,0,210.96,95,158.22,120.86,378.7300000000001,0.3688,0
CC-14769,69,Standard,53,40070,6705,0.0881,0.1732,297,3564,0.5424,8,5,0,0.0,1,0,12,0,62.37,0,35.64,72.68,-45.95000000000001,0.1118,0
CC-14770,29,Standard,15,51500,8820,0.0767,0.076,340,4080,1.5333,27,2,0,0.0,0,1,17,0,71.4,0,40.8,40.25,-9.649999999999991,0.0988,1
CC-14771,61,Standard,26,57188,10021,0.0925,-0.1418,466,5592,0.8145,8,7,0,0.0,2,1,13,0,97.86,0,55.92,110.78,-68.83999999999999,0.1605,0
CC-14772,62,Standard,13,47133,6111,0.1084,-0.2076,333,3996,1.6434,8,11,0,0.0,3,0,6,0,69.93,0,39.96,94.89,-64.91999999999999,0.0246,1
CC-14773,33,Platinum,54,68758,22177,0.1206,-0.2351,1344,16128,0.6516,8,25,0,0.0,2,0,12,1,362.88,295,354.82,109.91,193.14999999999998,0.2409,0
CC-14774,35,Standard,117,25000,4290,0.0728,0.1454,157,1884,0.4374,8,6,0,0.0,1,1,13,0,32.97,0,18.84,84.57,-70.44,0.2447,1
CC-14775,25,Platinum,19,116465,35847,0.0961,-0.0402,1731,20772,1.3374,8,24,2,693.4,2,0,13,0,467.37,295,456.98,123.48,875.31,0.0734,0
CC-14776,49,Standard,39,44360,5332,0.1288,-0.1099,345,4140,0.732,119,13,0,0.0,1,0,16,0,72.45,0,41.4,75.55,-44.499999999999986,0.8087,1
CC-14777,55,Standard,15,58501,10076,0.0555,-0.0398,281,3372,0.9917,8,6,0,0.0,1,0,13,0,59.01,0,33.72,103.69,-78.4,0.0585,0
CC-14778,47,Standard,64,48277,6738,0.0842,0.1421,285,3420,0.5433,8,5,0,0.0,2,0,9,0,59.85,0,34.2,108.43,-82.78,0.1168,0
CC-14779,47,Standard,93,74444,10784,0.103,0.0968,558,6696,0.9386,8,9,0,0.0,2,0,18,1,117.18,0,66.96,73.71,-23.48999999999998,0.1082,0
CC-14780,28,Standard,86,28221,4142,0.048,0.0458,100,1200,0.5385,8,3,0,0.0,1,0,12,0,21.0,0,12.0,92.73,-83.73,0.1098,0
CC-14781,52,Standard,99,46364,7923,0.0726,0.0757,289,3468,0.9278,8,7,0,0.0,1,1,13,0,60.69,0,34.68,88.25,-62.24000000000001,0.1305,1
CC-14782,40,Gold,108,75533,17658,0.0934,0.007,829,9948,0.8078,8,11,0,0.0,5,1,9,1,198.96,95,149.22,168.67,-23.92999999999995,0.2927,0
CC-14783,30,Standard,98,47639,8267,0.1122,0.0253,466,5592,1.0191,8,11,2,186.7,3,0,15,1,97.86,0,55.92,107.43,121.20999999999998,0.2007,0
CC-14784,33,Standard,10,64706,10159,0.1164,0.0132,594,7128,1.1377,8,16,1,238.02,0,0,14,1,124.74,0,71.28,68.33,223.14999999999998,0.1325,0
CC-14785,49,Standard,58,65417,9919,0.0682,-0.02,340,4080,1.0223,27,9,0,0.0,2,0,13,1,71.4,0,40.8,107.57,-76.97,0.1902,0
CC-14786,55,Platinum,95,141906,46202,0.0923,0.093,2143,25716,1.0853,8,22,0,0.0,1,1,13,1,578.61,295,565.75,86.48,221.38,0.1985,0
CC-14787,28,Platinum,106,170152,53448,0.0529,0.0342,1420,17040,0.9173,27,18,2,569.11,1,0,9,1,383.4,295,374.88,86.93,785.7,0.3915,0
CC-14788,49,Gold,85,89580,23506,0.0561,-0.1521,663,7956,0.8194,8,12,0,0.0,4,0,14,0,159.12,95,119.34,122.11,12.670000000000016,0.0703,0
CC-14789,51,Standard,72,32902,4830,0.1149,0.0593,279,3348,1.091,8,7,1,111.71,2,1,10,0,58.59,0,33.48,111.26,25.560000000000002,0.1577,0
CC-14790,61,Standard,46,45161,7886,0.0472,0.0171,187,2244,0.9166,8,4,0,0.0,4,0,14,1,39.27,0,22.44,95.57,-78.73999999999998,0.124,0
CC-14791,50,Black,62,244642,100000,0.0768,0.0717,3861,46332,0.928,27,49,1,1545.86,3,1,11,0,1158.3,495,1389.96,89.44,1719.7599999999998,0.3183,0
CC-14792,42,Standard,105,44293,6675,0.127,-0.0356,426,5112,1.0693,8,9,0,0.0,1,0,13,0,89.46,0,51.12,101.11,-62.769999999999996,0.0484,0
CC-14793,41,Standard,114,35414,5135,0.1209,0.1018,312,3744,0.64,8,6,0,0.0,1,2,9,0,65.52,0,37.44,105.86,-77.78000000000002,0.3731,1
CC-14794,32,Standard,43,46745,7823,0.1015,-0.0292,399,4788,1.3789,27,5,0,0.0,0,0,16,0,83.79,0,47.88,79.32,-43.40999999999998,0.0564,0
CC-14795,31,Standard,23,48438,7047,0.1242,0.0886,440,5280,0.8752,27,12,0,0.0,1,0,9,1,92.4,0,52.8,59.44,-19.83999999999999,0.2489,0
CC-14796,22,Standard,88,52922,7205,0.1215,-0.0885,440,5280,0.9873,8,7,0,0.0,1,0,10,1,92.4,0,52.8,84.78,-45.17999999999998,0.1168,0
CC-14797,70,Platinum,44,150845,60441,0.0462,-0.0781,1404,16848,0.9366,8,16,0,0.0,1,0,9,0,379.08,295,370.66,66.79,236.62999999999988,0.0669,0
CC-14798,61,Standard,76,63389,9876,0.0864,0.0703,429,5148,1.1458,8,8,0,0.0,3,0,7,0,90.09,0,51.48,113.71,-75.1,0.0494,0
CC-14799,22,Gold,76,131584,34100,0.0725,-0.0698,1242,14904,1.0518,8,24,0,0.0,1,0,6,0,298.08,95,223.56,62.29,107.22999999999996,0.0581,0
CC-14800,54,Standard,118,40449,6336,0.0685,0.3109,218,2616,0.935,8,5,0,0.0,1,0,19,0,45.78,0,26.16,58.23,-38.61,0.0524,1
CC-14801,23,Standard,31,55913,9121,0.1084,0.065,497,5964,1.3846,27,10,0,0.0,0,0,10,0,104.37,0,59.64,46.56,-1.8299999999999983,0.0632,0
CC-14802,36,Platinum,82,214011,69303,0.0889,-0.0163,3095,37140,0.05,8,37,1,1240.12,1,0,11,0,835.65,295,817.08,103.57,1450.12,0.3686,0
CC-14803,71,Standard,67,56206,6858,0.0606,0.103,209,2508,1.3228,8,8,0,0.0,1,0,13,1,43.89,0,25.08,53.48,-34.67,0.069,0
CC-14804,24,Platinum,19,165106,64966,0.0588,-0.0921,1919,23028,1.2261,8,17,1,768.9,0,0,13,0,518.13,295,506.62,37.09,1038.32,0.0597,0
CC-14805,43,Gold,32,46285,9853,0.0681,0.1185,337,4044,0.3993,8,8,0,0.0,0,1,13,0,80.88,95,60.66,46.44,68.78,0.344,0
CC-14806,70,Standard,28,38721,6323,0.1127,0.1143,358,4296,1.2288,8,2,2,143.44,0,0,12,0,75.18,0,42.96,69.03,106.63,0.0871,0
CC-14807,40,Black,55,251152,94135,0.1269,0.168,6003,72036,1.2675,8,72,0,0.0,1,0,11,0,1800.9,495,2161.08,55.35,79.47000000000025,0.0386,0
CC-14808,45,Standard,112,60605,8637,0.0986,-0.0861,428,5136,1.1185,8,11,0,0.0,1,1,11,1,89.88,0,51.36,81.16,-42.639999999999986,0.1942,0
CC-14809,50,Platinum,21,114428,33049,0.104,-0.2034,1727,20724,0.4823,27,23,1,691.83,2,2,15,0,466.29,295,455.93,108.2,888.9899999999999,0.7513,1
CC-14810,38,Standard,55,44039,6664,0.1006,-0.1115,337,4044,1.1548,8,6,0,0.0,0,0,12,0,70.77,0,40.44,67.4,-37.07000000000001,0.0451,0
CC-14811,62,Platinum,87,169409,62925,0.1008,-0.0622,3188,38256,1.2522,8,37,0,0.0,1,1,12,0,860.76,295,841.63,96.01,218.12,0.0842,0
CC-14812,31,Standard,19,36273,4725,0.107,0.2301,254,3048,0.7783,8,3,0,0.0,4,0,11,0,53.34,0,30.48,126.19,-103.32999999999998,0.0831,0
CC-14813,49,Gold,48,90930,21565,0.1206,0.3093,1307,15684,1.0823,27,17,1,523.49,1,0,9,0,313.68,95,235.26,55.45,641.46,0.141,0
CC-14814,37,Platinum,106,145207,59568,0.1074,0.0317,3216,38592,0.844,27,33,0,0.0,3,0,8,0,868.32,295,849.02,120.16,194.1400000000002,0.1354,0
CC-14815,46,Black,87,341397,100000,0.2116,-0.0186,10635,127620,1.2156,8,127,0,0.0,1,1,10,0,3190.5,495,3828.6,69.65,-212.75,0.0922,0
CC-14816,43,Platinum,55,163059,63977,0.089,-0.0725,2860,34320,0.8559,8,29,0,0.0,2,0,14,0,772.2,295,755.04,96.2,215.96000000000004,0.0682,0
CC-14817,68,Platinum,107,161955,66370,0.1043,0.1037,3480,41760,0.776,8,46,0,0.0,1,2,10,0,939.6,295,918.72,109.69,206.18999999999983,0.3207,0
CC-14818,40,Platinum,106,147027,61223,0.0648,0.3083,1994,23928,0.9382,8,30,0,0.0,1,1,16,0,538.38,295,526.42,66.48,240.48000000000002,0.1214,0
CC-14819,65,Standard,66,26145,4546,0.1033,0.2479,236,2832,0.5475,119,7,2,94.52,1,1,7,0,49.56,0,28.32,99.27,16.48999999999998,0.9719,1
CC-14820,22,Standard,47,46571,6475,0.1343,0.1507,437,5244,0.9084,8,7,0,0.0,1,0,10,0,91.77,0,52.44,83.86,-44.530000000000015,0.0683,0
CC-14821,44,Standard,51,45622,8109,0.1048,0.1485,427,5124,1.0586,8,8,0,0.0,2,0,10,0,89.67,0,51.24,119.94,-81.51,0.0544,0
CC-14822,51,Standard,21,53623,9048,0.1045,0.1048,475,5700,1.211,8,8,0,0.0,3,0,14,0,99.75,0,57.0,134.64,-91.88999999999999,0.0409,0
CC-14823,47,Standard,73,40242,6850,0.0706,-0.0271,243,2916,1.0247,8,3,0,0.0,2,0,8,0,51.03,0,29.16,107.86,-85.99000000000001,0.0584,0
CC-14824,22,Gold,83,85888,17307,0.065,-0.1305,565,6780,0.5202,119,7,0,0.0,1,0,10,0,135.6,95,101.7,68.27,60.629999999999995,0.9015,1
CC-14825,34,Standard,67,45825,8122,0.0622,-0.0231,254,3048,1.3557,8,6,0,0.0,1,2,11,1,53.34,0,30.48,107.07,-84.20999999999998,0.286,0
CC-14826,24,Gold,39,69858,19407,0.0907,0.0434,885,10620,1.3808,8,12,0,0.0,2,1,11,1,212.4,95,159.3,115.12,32.97999999999996,0.1441,0
CC-14827,69,Standard,72,32025,5318,0.0584,-0.238,156,1872,0.9838,8,3,0,0.0,1,0,14,1,32.76,0,18.72,108.0,-93.96000000000001,0.1107,0
CC-14828,33,Standard,28,49303,6157,0.1037,-0.0429,321,3852,0.7244,8,7,0,0.0,2,3,10,0,67.41,0,38.52,123.2,-94.31,0.5616,0
CC-14829,56,Gold,4,106414,23757,0.0949,-0.1439,1133,13596,0.7905,8,13,0,0.0,1,0,17,0,271.92,95,203.94,76.41,86.57,0.0739,0
CC-14830,55,Platinum,61,118128,48989,0.0794,0.1321,1955,23460,0.8889,8,36,1,782.94,2,0,10,0,527.85,295,516.12,70.87,1018.8,0.1004,0
CC-14831,64,Gold,98,80372,20098,0.1142,-0.1025,1153,13836,1.0336,8,19,1,461.98,1,1,10,1,276.72,95,207.54,80.35,545.8100000000001,0.2983,1
CC-14832,28,Gold,114,102627,24608,0.0964,0.0292,1192,14304,0.8587,27,17,0,0.0,2,0,21,0,286.08,95,214.56,72.29,94.22999999999996,0.1049,0
CC-14833,22,Standard,7,55425,9444,0.1001,-0.125,475,5700,0.6925,8,13,0,0.0,2,1,13,1,99.75,0,57.0,94.43,-51.68000000000001,0.3332,0
CC-14834,26,Gold,39,89917,18768,0.1031,0.2197,972,11664,1.2569,8,9,0,0.0,2,0,13,0,233.28,95,174.96,97.94,55.379999999999995,0.0383,0
CC-14835,51,Standard,33,49659,7201,0.1219,-0.2751,441,5292,1.0272,119,6,1,176.69,1,0,8,0,92.61,0,52.92,84.62,131.76,0.8226,1
CC-14836,30,Standard,78,50985,7267,0.0709,0.0514,259,3108,0.6343,27,8,0,0.0,2,0,5,1,54.39,0,31.08,65.54,-42.230000000000004,0.3352,0
CC-14837,64,Standard,101,52999,7472,0.0666,-0.2116,250,3000,1.0374,27,7,0,0.0,2,0,10,0,52.5,0,30.0,116.38,-93.88,0.0998,0
CC-14838,41,Standard,96,32946,4561,0.1366,-0.0964,313,3756,0.9986,8,9,1,125.41,0,1,14,1,65.73,0,37.56,62.5,91.07999999999998,0.2936,1
CC-14839,62,Standard,50,66568,8827,0.1193,0.0109,529,6348,0.7346,8,5,0,0.0,3,1,11,0,111.09,0,63.48,122.46,-74.85,0.1814,1
CC-14840,30,Black,8,299180,100000,0.1453,0.0183,7302,87624,1.3085,8,100,0,0.0,0,0,9,1,2190.6,495,2628.72,41.59,15.289999999999964,0.0794,0
CC-14841,43,Black,17,331088,100000,0.1328,0.0144,6672,80064,0.9905,8,82,1,2673.05,0,0,14,1,2001.6,495,2401.92,79.7,2688.0299999999997,0.1612,0
CC-14842,23,Standard,17,36429,6381,0.0661,0.0028,212,2544,0.885,27,5,3,84.9,0,0,7,0,44.52,0,25.44,61.48,42.500000000000014,0.3486,1
CC-14843,52,Standard,63,42908,6458,0.0927,-0.1163,301,3612,0.925,8,6,0,0.0,1,1,12,0,63.21,0,36.12,94.44,-67.35,0.1368,0
CC-14844,40,Standard,18,49241,6789,0.0595,-0.0446,203,2436,1.0832,119,2,0,0.0,2,0,13,0,42.63,0,24.36,120.54,-102.27000000000001,0.7225,1
CC-14845,30,Standard,22,25000,3238,0.0977,-0.0153,159,1908,0.9283,8,7,0,0.0,2,0,10,0,33.39,0,19.08,108.85,-94.53999999999999,0.0676,0
CC-14846,49,Black,79,216920,100000,0.0859,0.0093,4317,51804,0.9258,8,55,0,0.0,4,1,21,1,1295.1,495,1554.12,131.89,104.09000000000015,0.2163,1
CC-14847,61,Standard,46,36840,6568,0.0773,-0.0299,255,3060,1.2698,8,5,0,0.0,3,0,15,0,53.55,0,30.6,122.39,-99.44000000000001,0.0359,0
CC-14848,71,Platinum,44,95247,31325,0.103,0.0894,1621,19452,0.5245,8,26,0,0.0,2,0,15,0,437.67,295,427.94,109.41,195.32000000000005,0.1486,0
CC-14849,66,Standard,48,46193,6349,0.1404,-0.006,448,5376,0.5745,27,5,0,0.0,2,0,11,0,94.08,0,53.76,95.12,-54.8,0.1924,0
CC-14850,54,Black,97,274814,100000,0.1313,0.0102,6596,79152,1.1831,8,92,0,0.0,2,0,13,0,1978.8,495,2374.56,115.15,-15.909999999999854,0.0409,0
CC-14851,57,Standard,36,61016,10160,0.1101,-0.0774,562,6744,1.6748,8,14,0,0.0,0,0,18,0,118.02,0,67.44,68.27,-17.689999999999984,0.0182,0
CC-14852,40,Platinum,66,100776,34642,0.0917,-0.1779,1596,19152,1.2129,119,20,0,0.0,1,0,13,0,430.92,295,421.34,87.96,216.62000000000012,0.6703,1
CC-14853,28,Standard,31,47640,7517,0.0945,0.0031,357,4284,1.5093,119,6,0,0.0,0,2,15,1,74.97,0,42.84,60.41,-28.28,0.9355,1
CC-14854,27,Gold,5,66298,18010,0.0417,0.1611,377,4524,0.8197,119,7,0,0.0,1,0,13,0,90.48,95,67.86,107.18,10.439999999999998,0.8005,1
CC-14855,26,Standard,11,25682,4562,0.0471,0.0466,108,1296,0.7589,8,3,0,0.0,1,0,16,1,22.68,0,12.96,80.9,-71.18,0.1527,0
CC-14856,31,Standard,77,51612,6704,0.1101,-0.1426,371,4452,1.087,27,5,0,0.0,4,0,13,1,77.91,0,44.52,107.79,-74.4,0.1724,0
CC-14857,64,Black,77,326941,100000,0.1214,0.1022,6100,73200,1.2361,119,64,0,0.0,4,0,11,0,1830.0,495,2196.0,114.11,14.889999999999873,0.6689,1
CC-14858,38,Platinum,27,159324,53357,0.1157,-0.0703,3103,37236,0.5565,8,42,4,1242.61,1,1,11,0,837.81,295,819.19,58.87,1497.3600000000001,0.6785,1
CC-14859,71,Platinum,88,93922,35807,0.0816,0.0872,1469,17628,0.886,8,19,0,0.0,2,1,15,0,396.63,295,387.82,72.51,231.3,0.1346,0
CC-14860,62,Gold,44,86776,22322,0.1069,-0.0753,1199,14388,0.9419,27,17,0,0.0,0,0,18,0,287.76,95,215.82,90.87,76.07,0.1035,0
CC-14861,49,Platinum,48,160907,56017,0.1262,0.033,3553,42636,0.7463,27,54,0,0.0,2,1,12,1,959.31,295,937.99,104.9,211.41999999999985,0.4678,0
CC-14862,45,Standard,75,55711,9018,0.053,-0.0978,240,2880,0.7813,27,7,3,96.2,0,1,9,1,50.4,0,28.8,35.04,82.75999999999999,0.7412,1
CC-14863,41,Standard,86,52068,7484,0.0824,-0.094,310,3720,1.2029,8,7,0,0.0,1,0,15,1,65.1,0,37.2,98.75,-70.85,0.0783,0
CC-14864,66,Standard,61,55857,7125,0.1209,-0.2549,433,5196,1.0909,8,11,0,0.0,2,0,17,0,90.93,0,51.96,96.85,-57.879999999999995,0.0449,0
CC-14865,23,Gold,23,107681,26800,0.0644,0.0568,867,10404,1.1895,8,11,0,0.0,2,0,10,1,208.08,95,156.06,71.57,75.45000000000005,0.0918,0
CC-14866,38,Standard,76,46179,6987,0.0672,0.0355,236,2832,1.0511,8,4,0,0.0,1,0,13,0,49.56,0,28.32,77.2,-55.96000000000001,0.0509,0
CC-14867,44,Standard,24,50608,6686,0.1318,0.044,443,5316,0.688,8,6,0,0.0,6,0,17,1,93.03,0,53.16,146.95,-107.07999999999998,0.1637,0
CC-14868,67,Gold,31,106243,31188,0.1003,0.0213,1572,18864,1.0769,8,28,0,0.0,0,0,12,0,377.28,95,282.96,54.22,135.10000000000002,0.0517,0
CC-14869,58,Platinum,65,153654,47916,0.1219,-0.1343,2935,35220,0.6644,8,48,0,0.0,0,1,7,0,792.45,295,774.84,62.79,249.82000000000005,0.2734,0
CC-14870,30,Standard,75,58488,8454,0.0939,0.1249,399,4788,0.8565,8,6,1,159.79,4,0,14,1,83.79,0,47.88,133.43,62.26999999999998,0.185,1
CC-14871,47,Standard,63,54838,7090,0.0966,0.1289,344,4128,0.6391,8,11,1,137.86,5,1,12,0,72.24,0,41.28,142.21,26.610000000000014,0.2719,0
CC-14872,32,Standard,66,37884,5763,0.0905,-0.1382,262,3144,0.7667,8,5,0,0.0,1,1,15,0,55.02,0,31.44,66.91,-43.32999999999999,0.1609,0
CC-14873,27,Standard,71,30307,4196,0.092,0.0598,194,2328,0.9771,8,2,0,0.0,1,0,10,1,40.74,0,23.28,93.41,-75.94999999999999,0.12,0
CC-14874,37,Standard,42,45217,6753,0.089,0.1112,302,3624,0.8128,8,9,1,120.97,1,0,14,0,63.42,0,36.24,109.32,38.829999999999984,0.1057,0
CC-14875,21,Gold,77,59900,13325,0.0629,-0.0905,421,5052,0.6851,27,12,0,0.0,3,0,17,1,101.04,95,75.78,137.96,-17.69999999999999,0.3418,0
CC-14876,70,Gold,3,86766,17819,0.1359,-0.0644,1217,14604,1.2913,8,27,2,487.43,1,1,8,0,292.08,95,219.06,109.8,545.65,0.1826,0
CC-14877,46,Gold,119,84842,23579,0.0898,0.0601,1064,12768,0.9141,119,18,2,426.2,0,0,10,0,255.36,95,191.52,64.24,520.8,0.8811,1
CC-14878,35,Standard,108,59635,9450,0.0988,-0.2465,469,5628,0.7916,27,7,0,0.0,2,1,18,0,98.49,0,56.28,67.6,-25.39,0.2457,0
CC-14879,71,Platinum,67,157677,51671,0.1321,-0.1833,3429,41148,0.6253,8,51,0,0.0,1,0,11,0,925.83,295,905.26,93.71,221.8599999999999,0.1363,0
CC-14880,53,Standard,64,56001,6879,0.0845,-0.1685,292,3504,0.3884,119,13,0,0.0,1,0,15,0,61.32,0,35.04,89.82,-63.539999999999985,0.8798,1
CC-14881,57,Gold,56,74596,21376,0.0403,-0.2894,433,5196,0.8834,8,4,0,0.0,0,0,10,0,103.92,95,77.94,93.02,27.960000000000036,0.0704,0
CC-14882,67,Platinum,105,193538,58791,0.1303,0.1427,3849,46188,0.5365,8,59,1,1541.93,2,0,11,0,1039.23,295,1016.14,87.26,1772.7599999999998,0.2082,0
CC-14883,51,Standard,62,55053,9680,0.1129,-0.3182,549,6588,1.1636,8,9,0,0.0,3,0,11,0,115.29,0,65.88,139.65,-90.24,0.0451,0
CC-14884,55,Standard,48,49808,7407,0.0962,0.0315,358,4296,0.9588,8,6,0,0.0,2,0,9,0,75.18,0,42.96,68.94,-36.72,0.0645,0
CC-14885,21,Platinum,7,76770,25154,0.0509,0.1018,643,7716,1.4175,8,15,0,0.0,2,0,8,0,173.61,295,169.75,86.54,212.32,0.0338,0
CC-14886,28,Standard,115,58260,9584,0.1032,-0.064,497,5964,1.0169,8,7,0,0.0,1,0,11,0,104.37,0,59.64,94.41,-49.68000000000001,0.054,0
CC-14887,32,Gold,24,122683,35293,0.0396,-0.1203,703,8436,0.732,8,8,0,0.0,3,0,23,0,168.72,95,126.54,116.91,20.27000000000004,0.071,0
CC-14888,39,Standard,92,45126,6418,0.0967,0.0149,312,3744,0.386,8,5,0,0.0,0,0,7,0,65.52,0,37.44,47.35,-19.269999999999996,0.1475,0
CC-14889,45,Gold,55,85674,20624,0.0643,-0.0197,666,7992,1.192,8,15,0,0.0,0,1,8,0,159.84,95,119.88,56.43,78.53,0.1013,0
CC-14890,52,Standard,72,39187,5720,0.1284,0.1305,369,4428,0.5603,8,7,0,0.0,1,0,10,1,77.49,0,44.28,59.74,-26.530000000000015,0.2097,0
CC-14891,32,Standard,34,26642,4671,0.0716,-0.4143,168,2016,0.8276,27,3,0,0.0,1,0,12,0,35.28,0,20.16,109.67,-94.55000000000001,0.1362,0
CC-14892,33,Gold,114,73055,19670,0.1033,-0.1578,1021,12252,1.4522,8,12,0,0.0,0,1,21,1,245.04,95,183.78,65.86,90.39999999999998,0.1035,0
CC-14893,48,Standard,13,63668,8586,0.0786,0.0642,339,4068,1.1333,8,11,0,0.0,0,1,12,1,71.19,0,40.68,87.03,-56.52000000000001,0.2003,0
CC-14894,21,Standard,12,57138,7490,0.0898,-0.0124,338,4056,1.067,8,5,2,135.38,1,0,15,1,70.98,0,40.56,73.63,92.17000000000002,0.1999,0
CC-14895,71,Standard,113,36307,4858,0.1434,0.0928,350,4200,1.2333,8,7,0,0.0,0,0,15,0,73.5,0,42.0,49.65,-18.150000000000006,0.036,0
CC-14896,26,Standard,41,38493,5227,0.0681,0.0193,179,2148,1.2221,8,2,0,0.0,1,1,13,0,37.59,0,21.48,79.28,-63.17,0.0895,0
CC-14897,28,Standard,100,69019,9235,0.1069,-0.0402,496,5952,1.4243,119,9,0,0.0,2,0,5,1,104.16,0,59.52,111.17,-66.53,0.7778,1
CC-14898,24,Standard,33,33523,5347,0.0737,-0.0653,198,2376,0.7693,8,2,0,0.0,2,0,10,0,41.58,0,23.76,119.61,-101.79,0.0848,0
CC-14899,25,Platinum,14,114960,34054,0.1284,0.3288,2197,26364,0.837,27,32,1,880.12,0,0,9,0,593.19,295,580.01,46.57,1141.73,0.2001,1
CC-14900,45,Standard,117,40167,5753,0.0581,0.2102,168,2016,0.6733,27,8,0,0.0,0,1,17,0,35.28,0,20.16,42.67,-27.549999999999997,0.285,1
CC-14901,42,Gold,110,56142,14737,0.071,0.0543,526,6312,0.9402,8,9,0,0.0,1,0,8,0,126.24,95,94.68,59.67,66.88999999999999,0.0644,0
CC-14902,48,Standard,82,38953,5354,0.1156,-0.0082,311,3732,0.9103,119,7,3,124.58,3,0,13,0,65.31,0,37.32,98.21,54.359999999999985,0.9153,1
CC-14903,59,Standard,40,39124,4848,0.0969,0.0607,236,2832,0.4235,8,5,1,94.56,0,0,15,1,49.56,0,28.32,70.92,44.879999999999995,0.3141,0
CC-14904,43,Platinum,69,108421,31599,0.0572,0.104,908,10896,0.7538,119,18,0,0.0,1,0,13,0,245.16,295,239.71,94.26,206.18999999999994,0.8087,0
CC-14905,24,Standard,68,59939,7645,0.1252,0.0428,481,5772,1.3817,8,7,0,0.0,2,2,13,0,101.01,0,57.72,86.88,-43.58999999999999,0.1484,0
CC-14906,24,Black,54,198321,100000,0.0825,-0.1327,4144,49728,1.0233,8,50,1,1660.59,1,0,22,0,1243.2,495,1491.84,105.14,1801.81,0.0665,0
CC-14907,67,Standard,7,43403,6921,0.0423,0.2477,147,1764,1.1646,119,4,3,58.93,4,0,11,0,30.87,0,17.64,122.63,-50.469999999999985,0.8885,1
CC-14908,41,Gold,13,66363,13700,0.1072,0.0169,738,8856,0.9138,8,9,0,0.0,0,0,15,0,177.12,95,132.84,64.3,74.98000000000002,0.0634,0
CC-14909,57,Gold,27,80538,19257,0.1181,0.2821,1143,13716,0.3839,27,27,0,0.0,0,2,9,0,274.32,95,205.74,88.18,75.39999999999998,0.7268,1
CC-14910,61,Platinum,37,107678,34349,0.0571,0.0081,986,11832,0.9114,8,16,0,0.0,4,2,12,0,266.22,295,260.3,98.75,202.17000000000002,0.2791,0
CC-14911,22,Gold,37,86612,22328,0.0841,-0.0568,944,11328,1.2625,8,14,0,0.0,1,1,7,1,226.56,95,169.92,86.52,65.12,0.1808,0
CC-14912,27,Gold,24,91831,23167,0.0969,0.1876,1128,13536,0.5943,8,13,0,0.0,1,0,12,0,270.72,95,203.04,83.61,79.07000000000005,0.1442,0
CC-14913,69,Standard,39,60774,9047,0.0508,0.0252,231,2772,1.1741,119,13,0,0.0,1,1,12,0,48.51,0,27.72,74.06,-53.27,0.8408,1
CC-14914,36,Standard,88,38378,5329,0.0497,0.0,133,1596,0.4395,8,5,0,0.0,1,0,16,0,27.93,0,15.96,75.91,-63.940000000000005,0.1175,0
CC-14915,37,Platinum,57,196623,58847,0.0961,-0.2001,2843,34116,0.9561,8,40,0,0.0,1,1,12,0,767.61,295,750.55,91.34,220.72000000000014,0.1316,0
CC-14916,40,Standard,77,35921,5910,0.104,0.079,309,3708,1.1134,8,7,0,0.0,2,0,9,0,64.89,0,37.08,99.14,-71.33,0.0499,0
CC-14917,43,Standard,98,42322,7312,0.0506,-0.094,186,2232,0.8564,119,11,0,0.0,3,1,6,1,39.06,0,22.32,119.33,-102.59,0.9523,1
CC-14918,54,Platinum,101,201765,83163,0.0968,-0.0872,4045,48540,1.6917,8,68,0,0.0,0,0,4,0,1092.15,295,1067.88,61.41,257.8599999999999,0.0221,0
CC-14919,31,Standard,97,77658,9592,0.1241,-0.0936,598,7176,0.802,8,8,0,0.0,2,0,8,0,125.58,0,71.76,89.15,-35.33000000000003,0.0799,0
CC-14920,54,Black,111,398015,100000,0.1373,0.0459,6900,82800,0.7765,8,97,1,2763.62,1,1,7,0,2070.0,495,2484.0,81.15,2763.47,0.2414,0
CC-14921,53,Gold,119,80248,21879,0.0741,-0.2503,815,9780,1.0113,8,18,1,326.33,3,0,19,1,195.6,95,146.7,105.55,364.68000000000006,0.1339,0
CC-14922,46,Gold,74,95941,28274,0.099,-0.0516,1406,16872,0.7235,27,21,0,0.0,0,1,12,0,337.44,95,253.08,85.71,93.64999999999998,0.2964,1
CC-14923,22,Platinum,66,163892,51692,0.0678,0.127,1761,21132,0.5176,8,20,0,0.0,3,0,21,0,475.47,295,464.9,132.33,173.24,0.1332,1
CC-14924,43,Standard,22,48886,8043,0.0804,-0.2069,325,3900,0.6207,27,7,0,0.0,1,0,11,0,68.25,0,39.0,54.43,-25.180000000000007,0.1845,0
CC-14925,61,Standard,108,33661,4149,0.1209,0.0059,252,3024,1.1774,8,3,1,100.97,2,0,19,0,52.92,0,30.24,68.55,55.099999999999994,0.0535,0
CC-14926,42,Gold,100,89984,23677,0.0482,-0.1147,574,6888,0.8585,8,4,0,0.0,4,1,10,1,137.76,95,103.32,112.33,17.110000000000014,0.2735,0
CC-14927,54,Standard,6,39309,5544,0.051,-0.0806,142,1704,1.4606,8,8,0,0.0,3,0,8,0,29.82,0,17.04,85.17,-72.39000000000001,0.0316,0
CC-14928,35,Gold,20,64421,17837,0.0368,0.2283,330,3960,0.8176,27,4,0,0.0,2,0,19,1,79.2,95,59.4,97.39,17.409999999999997,0.2297,0
CC-14929,30,Platinum,53,129102,51752,0.0614,-0.2676,1597,19164,1.1632,8,23,0,0.0,2,1,11,0,431.19,295,421.61,66.28,238.30000000000007,0.1002,0
CC-14930,35,Standard,70,48547,6888,0.0534,0.0948,185,2220,1.1033,8,7,0,0.0,0,0,7,0,38.85,0,22.2,82.1,-65.44999999999999,0.053,0
CC-14931,62,Standard,22,56265,8526,0.1141,-0.0917,489,5868,0.8132,8,7,1,195.81,0,0,13,0,102.69,0,58.68,73.94,165.88,0.1091,0
CC-14932,49,Black,11,262225,99942,0.1629,-0.0991,8179,98148,0.6864,27,116,0,0.0,0,0,10,0,2453.7,495,2944.44,47.71,-43.45000000000027,0.2293,1
CC-14933,43,Standard,82,44115,6397,0.0513,-0.1867,165,1980,0.4305,8,3,0,0.0,1,0,13,0,34.65,0,19.8,69.77,-54.919999999999995,0.126,1
CC-14934,37,Gold,28,102083,24099,0.0786,0.0931,952,11424,1.1159,119,16,1,381.27,0,0,12,1,228.48,95,171.36,53.34,480.04999999999995,0.8876,0
CC-14935,29,Standard,104,45797,5998,0.0531,-0.0487,160,1920,1.3095,8,11,0,0.0,0,2,9,0,33.6,0,19.2,90.36,-75.96000000000001,0.1705,0
CC-14936,70,Platinum,27,153354,62143,0.0467,-0.0677,1458,17496,0.473,8,18,0,0.0,3,0,11,0,393.66,295,384.91,133.22,170.5300000000001,0.1723,1
CC-14937,56,Gold,70,86656,18614,0.0762,-0.0035,713,8556,0.8389,8,11,0,0.0,3,1,14,0,171.12,95,128.34,113.86,23.920000000000016,0.148,0
CC-14938,29,Platinum,43,147095,54278,0.0723,-0.0455,1971,23652,0.7499,8,33,2,789.9,2,0,7,1,532.17,295,520.34,86.84,1009.8899999999999,0.3218,1
CC-14939,36,Platinum,61,102234,41365,0.1062,-0.3201,2207,26484,1.1154,119,28,0,0.0,2,1,8,0,595.89,295,582.65,92.71,215.52999999999997,0.8605,1
CC-14940,56,Standard,47,46376,8102,0.0678,-0.0936,276,3312,0.8514,8,6,0,0.0,2,0,12,0,57.96,0,33.12,99.07,-74.22999999999999,0.0717,0
CC-14941,68,Standard,43,61063,10233,0.0788,0.1143,405,4860,1.3469,8,8,0,0.0,3,0,10,0,85.05,0,48.6,109.55,-73.10000000000001,0.0352,0
CC-14942,71,Platinum,40,145914,44454,0.073,-0.246,1631,19572,0.8347,8,22,0,0.0,2,0,12,0,440.37,295,430.58,68.75,236.04000000000002,0.0739,0
CC-14943,53,Standard,119,35620,6021,0.039,-0.1835,118,1416,0.5791,8,8,0,0.0,1,0,13,0,24.78,0,14.16,77.77,-67.14999999999999,0.0992,0
CC-14944,51,Platinum,21,191678,61091,0.131,-0.084,4023,48276,0.8094,27,51,0,0.0,2,0,19,1,1086.21,295,1062.07,120.21,198.93000000000006,0.2319,0
CC-14945,26,Black,16,330496,100000,0.0797,-0.1288,4005,48060,0.8424,119,58,1,1604.23,3,1,18,0,1201.5,495,1441.8,104.51,1754.42,0.9237,1
CC-14946,30,Gold,23,101312,27446,0.1075,-0.0242,1483,17796,1.1078,8,26,0,0.0,2,0,13,1,355.92,95,266.94,107.06,76.92000000000002,0.0978,0
CC-14947,36,Gold,17,100736,28057,0.045,-0.184,635,7620,0.8379,8,13,1,254.13,0,0,14,0,152.4,95,114.3,94.82,292.40999999999997,0.1039,0
CC-14948,24,Platinum,5,100577,29358,0.1129,-0.0782,1666,19992,1.082,8,14,0,0.0,4,1,11,0,449.82,295,439.82,128.15,176.8499999999999,0.1166,0
CC-14949,42,Platinum,39,162673,58820,0.1238,-0.0272,3658,43896,0.7129,119,59,0,0.0,0,1,9,0,987.66,295,965.71,64.01,252.93999999999983,0.9214,1
CC-14950,33,Standard,119,60577,10253,0.0499,0.0773,257,3084,0.8616,119,3,0,0.0,1,0,13,0,53.97,0,30.84,66.18,-43.05000000000001,0.7733,1
CC-14951,36,Standard,116,39597,6798,0.0711,0.1667,243,2916,0.7145,119,3,1,97.29,1,1,13,1,51.03,0,29.16,63.76,55.39999999999999,0.9697,1
CC-14952,49,Standard,48,25000,3042,0.1393,-0.0592,213,2556,0.696,8,5,0,0.0,2,0,10,0,44.73,0,25.56,98.34,-79.17000000000002,0.0933,0
CC-14953,26,Gold,18,92768,27265,0.036,0.2632,493,5916,1.3325,8,9,0,0.0,2,0,14,0,118.32,95,88.74,105.57,19.00999999999999,0.034,0
CC-14954,46,Gold,16,85695,17510,0.1158,-0.0476,1019,12228,0.7355,8,16,0,0.0,2,0,14,0,244.56,95,183.42,90.67,65.47000000000003,0.0839,0
CC-14955,31,Gold,11,52113,13625,0.0441,0.1043,302,3624,0.8457,8,3,0,0.0,1,0,15,0,72.48,95,54.36,50.11,63.01000000000002,0.0703,1
CC-14956,44,Standard,113,51810,8372,0.0604,0.2697,254,3048,1.2634,8,9,0,0.0,3,0,13,1,53.34,0,30.48,113.61,-90.75,0.0727,0
CC-14957,49,Gold,9,96268,20286,0.0623,0.0009,635,7620,1.175,8,14,0,0.0,2,0,9,0,152.4,95,114.3,99.3,33.80000000000001,0.048,0
CC-14958,23,Standard,16,28505,3502,0.1517,-0.226,267,3204,1.4424,8,6,0,0.0,0,0,13,0,56.07,0,32.04,39.39,-15.360000000000007,0.0293,0
CC-14959,30,Gold,8,125147,34852,0.0486,-0.0064,851,10212,1.0948,8,13,1,340.94,2,0,13,0,204.24,95,153.18,71.09,415.9100000000001,0.0732,0
CC-14960,21,Gold,87,100961,24075,0.045,-0.1117,545,6540,0.7699,8,8,2,218.07,4,0,15,1,130.8,95,98.1,113.27,232.5,0.274,0
CC-14961,63,Standard,17,25000,3160,0.114,-0.0612,181,2172,1.5671,8,8,0,0.0,2,0,10,0,38.01,0,21.72,100.88,-84.59,0.0255,0
CC-14962,46,Standard,54,54212,8986,0.0675,0.2777,305,3660,1.1246,27,8,1,122.09,0,0,12,0,64.05,0,36.6,45.6,103.93999999999998,0.1257,0
CC-14963,32,Gold,74,101783,28999,0.0632,-0.2034,921,11052,0.9036,8,9,0,0.0,0,0,13,0,221.04,95,165.78,55.66,94.59999999999997,0.0637,0
CC-14964,34,Gold,36,115068,29772,0.0476,0.0251,712,8544,0.9672,27,8,2,285.25,4,0,21,1,170.88,95,128.16,103.83,319.14,0.3313,0
CC-14965,45,Standard,106,37981,4925,0.1277,-0.1517,316,3792,1.0038,8,3,0,0.0,4,0,13,0,66.36,0,37.92,115.14,-86.7,0.0534,0
CC-14966,28,Black,3,338331,100000,0.1545,-0.0661,7764,93168,0.879,27,113,0,0.0,3,2,10,1,2329.2,495,2795.04,123.7,-94.53999999999996,0.6425,0
CC-14967,63,Gold,98,79971,21598,0.0637,0.0917,691,8292,0.5372,8,12,1,276.92,0,1,13,0,165.84,95,124.38,57.41,355.97,0.3726,0
CC-14968,24,Black,115,241046,100000,0.0671,0.0277,3372,40464,1.438,8,50,1,1350.61,1,0,15,0,1011.6,495,1213.92,99.05,1544.24,0.0385,0
CC-14969,48,Standard,117,35268,5609,0.0912,-0.0538,257,3084,0.9434,8,5,0,0.0,3,0,14,1,53.97,0,30.84,135.65,-112.52000000000001,0.1134,0
CC-14970,27,Gold,71,44558,12534,0.0903,-0.1175,569,6828,1.005,119,9,1,227.82,1,1,7,0,136.56,95,102.42,68.43,288.53,0.9174,1
CC-14971,30,Platinum,96,158914,54156,0.0711,0.0274,1936,23232,1.5734,8,35,0,0.0,2,0,14,1,522.72,295,511.1,102.3,204.32000000000005,0.0453,0
CC-14972,71,Gold,88,79197,16825,0.0492,0.2362,416,4992,0.745,8,11,1,166.62,1,0,19,1,99.84,95,74.88,65.75,220.83000000000004,0.1954,0
CC-14973,56,Gold,22,26984,7933,0.0482,-0.1552,192,2304,1.1466,119,2,0,0.0,0,0,12,1,46.08,95,34.56,69.13,37.389999999999986,0.8351,0
CC-14974,22,Standard,82,45847,7001,0.1026,0.2667,361,4332,0.7123,8,7,0,0.0,3,1,8,0,75.81,0,43.32,87.16,-54.66999999999999,0.1919,0
CC-14975,46,Standard,9,58025,9105,0.1259,0.1599,576,6912,1.0463,8,5,1,230.74,0,0,10,0,120.96,0,69.12,71.14,211.44,0.0831,0
CC-14976,70,Standard,9,30296,5332,0.0384,0.1854,103,1236,1.0105,119,4,0,0.0,0,1,15,0,21.63,0,12.36,45.36,-36.09,0.8688,1
CC-14977,34,Standard,52,36983,6505,0.0606,0.0263,198,2376,1.1872,27,5,0,0.0,2,2,12,0,41.58,0,23.76,88.62,-70.80000000000001,0.3235,0
CC-14978,36,Standard,116,49960,7710,0.0483,0.1557,187,2244,1.3125,8,5,0,0.0,1,0,8,1,39.27,0,22.44,64.2,-47.37,0.074,0
CC-14979,63,Standard,4,25000,3446,0.0785,-0.1713,136,1632,0.7761,119,9,1,54.45,3,0,9,0,28.56,0,16.32,127.73,-61.040000000000006,0.8743,1
CC-14980,62,Black,49,242642,100000,0.0911,-0.1202,4579,54948,1.375,8,58,0,0.0,1,0,13,0,1373.7,495,1648.44,60.9,159.3599999999999,0.0317,0
CC-14981,37,Standard,16,48899,7865,0.1171,0.0949,463,5556,1.3962,8,8,0,0.0,1,0,13,1,97.23,0,55.56,107.8,-66.13000000000001,0.0643,0
CC-14982,66,Gold,33,73076,17599,0.0479,0.0244,424,5088,0.875,27,12,1,169.68,1,0,12,0,101.76,95,76.32,57.14,232.98000000000002,0.1791,0
CC-14983,42,Platinum,52,94569,33891,0.1063,-0.0423,1811,21732,0.948,8,24,0,0.0,2,0,11,1,488.97,295,478.1,89.83,216.03999999999996,0.1245,0
CC-14984,24,Gold,63,58435,14116,0.0737,-0.3954,523,6276,0.8017,8,13,0,0.0,0,0,11,0,125.52,95,94.14,81.09,45.289999999999964,0.0776,0
CC-14985,39,Standard,43,26863,4655,0.1,-0.0853,234,2808,0.8584,119,8,2,93.7,1,0,9,1,49.14,0,28.08,57.03,57.730000000000004,0.9491,1
CC-14986,22,Gold,16,71547,17761,0.0812,-0.1961,725,8700,0.589,8,14,0,0.0,0,0,7,0,174.0,95,130.5,53.87,84.63,0.159,0
CC-14987,59,Gold,7,107454,30339,0.038,0.054,579,6948,1.1833,8,6,1,232.06,2,0,14,1,138.96,95,104.22,92.17,269.63,0.1247,0
CC-14988,29,Gold,77,135190,38396,0.1013,-0.0487,1955,23460,0.3349,8,21,0,0.0,1,0,13,0,469.2,95,351.9,95.74,116.56000000000006,0.1931,1
CC-14989,39,Platinum,106,141266,55857,0.044,-0.1142,1234,14808,0.7409,8,14,0,0.0,2,0,9,0,333.18,295,325.78,112.24,190.16000000000008,0.0852,0
CC-14990,36,Black,7,333777,100000,0.1519,0.3764,7632,91584,0.9362,8,102,0,0.0,1,2,19,1,2289.6,495,2747.52,101.33,-64.25,0.4125,0
CC-14991,45,Gold,66,65007,18558,0.096,0.1357,895,10740,1.3399,8,12,0,0.0,1,0,16,0,214.8,95,161.1,68.39,80.31,0.0311,0
CC-14992,68,Standard,31,25000,3580,0.0556,0.1384,100,1200,0.7864,27,5,0,0.0,1,1,6,1,21.0,0,12.0,50.92,-41.92,0.4852,0
CC-14993,38,Gold,77,124346,26294,0.0991,0.3103,1310,15720,1.0784,27,21,0,0.0,3,0,14,0,314.4,95,235.8,123.17,50.42999999999995,0.0891,0
CC-14994,43,Standard,7,38305,6532,0.103,0.1003,338,4056,0.9257,8,7,0,0.0,2,1,13,0,70.98,0,40.56,75.38,-44.959999999999994,0.1398,0
CC-14995,41,Platinum,115,165154,57761,0.1268,-0.1356,3682,44184,1.2335,8,49,0,0.0,2,0,11,0,994.14,295,972.05,88.4,228.68999999999983,0.0388,0
CC-14996,31,Standard,98,46782,5971,0.127,-0.1532,381,4572,1.0627,8,8,0,0.0,0,1,11,0,80.01,0,45.72,83.29,-48.999999999999986,0.1118,0
CC-14997,59,Standard,38,56189,7131,0.0812,0.1247,291,3492,1.1991,8,5,1,116.55,3,1,14,0,61.11,0,34.92,116.63,26.109999999999985,0.1301,0
CC-14998,61,Platinum,81,173393,52415,0.1184,-0.3289,3119,37428,0.7848,8,45,0,0.0,3,1,16,0,842.13,295,823.42,132.41,181.30000000000018,0.1528,1
CC-14999,24,Gold,21,90901,25006,0.0872,-0.0317,1096,13152,0.6458,8,14,0,0.0,1,0,13,0,263.04,95,197.28,89.18,71.57999999999998,0.1323,0
