customer_id,card_tier,avg_monthly_spend,predicted_churn_prob,rfm_segment,baseline_ltv,recommended_offer,offer_cost,expected_net_roi
CC-10000,Standard,413,0.9569898,Dormant / Lost,-95.42,No Offer (Low Risk),0.0,0.0
CC-10001,Black,4238,0.17962547,Champions / Whales,516.01,No Offer (Low Risk),0.0,0.0
CC-10002,Gold,928,0.057421282,Loyal High Spenders,284.78,No Offer (Low Risk),0.0,0.0
CC-10003,Gold,612,0.21408932,Dormant / Lost,913.94,Fee Waiver,95.0,632.04
CC-10004,Standard,303,0.047194373,New / Promising,-721.22,No Offer (Low Risk),0.0,0.0
CC-10005,Standard,297,0.04245381,New / Promising,-262.68,No Offer (Low Risk),0.0,0.0
CC-10006,Standard,384,0.26135978,New / Promising,-257.28,No Offer (Low Risk),0.0,0.0
CC-10007,Platinum,2607,0.08163018,Champions / Whales,1266.75,No Offer (Low Risk),0.0,0.0
CC-10008,Gold,612,0.73154336,Need Attention,383.13,Fee Waiver,95.0,356.87
CC-10009,Gold,1088,0.060692076,Loyal High Spenders,760.4,No Offer (Low Risk),0.0,0.0
CC-10010,Standard,211,0.06454459,New / Promising,-313.78,No Offer (Low Risk),0.0,0.0
CC-10011,Black,12484,0.038144626,At-Risk High Value,-2514.18,No Offer (Low Risk),0.0,0.0
CC-10012,Platinum,2697,0.08796104,Champions / Whales,1158.91,No Offer (Low Risk),0.0,0.0
CC-10013,Standard,262,0.03861294,New / Promising,-206.83,No Offer (Low Risk),0.0,0.0
CC-10014,Standard,298,0.08470909,New / Promising,-263.44,No Offer (Low Risk),0.0,0.0
CC-10015,Standard,103,0.33987162,New / Promising,-188.33,No Offer (Low Risk),0.0,0.0
CC-10016,Standard,233,0.09036968,Dormant / Lost,161.58,No Offer (Low Risk),0.0,0.0
CC-10017,Gold,1294,0.5194253,Champions / Whales,121.23,Fee Waiver,95.0,50.24
CC-10018,Standard,210,0.14149204,Need Attention,-301.75,No Offer (Low Risk),0.0,0.0
CC-10019,Standard,423,0.14463192,New / Promising,-349.75,No Offer (Low Risk),0.0,0.0
CC-10020,Gold,755,0.05993215,Loyal High Spenders,202.65,No Offer (Low Risk),0.0,0.0
CC-10021,Standard,282,0.069764405,New / Promising,-335.41,No Offer (Low Risk),0.0,0.0
CC-10022,Standard,229,0.12859772,Dormant / Lost,-451.75,No Offer (Low Risk),0.0,0.0
CC-10023,Standard,473,0.099243656,Loyal High Spenders,-450.1,No Offer (Low Risk),0.0,0.0
CC-10024,Gold,1158,0.43623632,Champions / Whales,959.3,Fee Waiver,95.0,981.5
CC-10025,Platinum,1510,0.13139269,Champions / Whales,1022.63,No Offer (Low Risk),0.0,0.0
CC-10026,Standard,413,0.05523032,New / Promising,-180.25,No Offer (Low Risk),0.0,0.0
CC-10027,Gold,783,0.2757782,Loyal High Spenders,78.42,No Offer (Low Risk),0.0,0.0
CC-10028,Gold,1193,0.22179584,Champions / Whales,207.77,Fee Waiver,95.0,73.63
CC-10029,Standard,202,0.1292724,Dormant / Lost,-522.83,No Offer (Low Risk),0.0,0.0
CC-10030,Gold,765,0.8402403,Need Attention,77.24,No Offer (Low Risk),0.0,0.0
CC-10031,Standard,143,0.13498652,New / Promising,-551.61,No Offer (Low Risk),0.0,0.0
CC-10032,Standard,435,0.08191432,Loyal High Spenders,697.97,No Offer (Low Risk),0.0,0.0
CC-10033,Black,3925,0.12087118,Champions / Whales,756.19,No Offer (Low Risk),0.0,0.0
CC-10034,Black,5262,0.102456,Champions / Whales,10960.9,No Offer (Low Risk),0.0,0.0
CC-10035,Platinum,2116,0.43355635,Champions / Whales,437.29,Fee Waiver,295.0,194.52
CC-10036,Standard,488,0.057337567,Loyal High Spenders,-155.84,No Offer (Low Risk),0.0,0.0
CC-10037,Standard,623,0.4835573,Need Attention,5.06,No Offer (Low Risk),0.0,0.0
CC-10038,Gold,1005,0.10827911,Champions / Whales,2290.15,No Offer (Low Risk),0.0,0.0
CC-10039,Standard,233,0.27781367,New / Promising,-113.05,No Offer (Low Risk),0.0,0.0
CC-10040,Standard,254,0.93187237,Dormant / Lost,33.81,No Offer (Low Risk),0.0,0.0
CC-10041,Gold,1116,0.8444972,At-Risk High Value,42.22,No Offer (Low Risk),0.0,0.0
CC-10042,Standard,296,0.17754678,Loyal High Spenders,97.82,No Offer (Low Risk),0.0,0.0
CC-10043,Platinum,2106,0.19915543,Champions / Whales,774.78,No Offer (Low Risk),0.0,0.0
CC-10044,Standard,433,0.11913062,Loyal High Spenders,424.04,No Offer (Low Risk),0.0,0.0
CC-10045,Gold,793,0.042789564,Loyal High Spenders,68.49,No Offer (Low Risk),0.0,0.0
CC-10046,Standard,429,0.875058,Need Attention,-36.77,No Offer (Low Risk),0.0,0.0
CC-10047,Gold,487,0.16870748,Need Attention,885.05,No Offer (Low Risk),0.0,0.0
CC-10048,Gold,257,0.27469844,Dormant / Lost,121.32,Fee Waiver,95.0,15.44
CC-10049,Standard,236,0.09378072,New / Promising,-284.75,No Offer (Low Risk),0.0,0.0
CC-10050,Black,6232,0.52296484,Champions / Whales,4112.93,Fee Waiver,495.0,4444.61
CC-10051,Platinum,1451,0.10209848,Champions / Whales,1036.62,No Offer (Low Risk),0.0,0.0
CC-10052,Black,10522,0.124435276,Champions / Whales,-1139.79,No Offer (Low Risk),0.0,0.0
CC-10053,Platinum,712,0.05517338,New / Promising,1477.44,No Offer (Low Risk),0.0,0.0
CC-10054,Gold,834,0.1175209,Champions / Whales,267.51,No Offer (Low Risk),0.0,0.0
CC-10055,Platinum,2532,0.11154454,Champions / Whales,1276.61,No Offer (Low Risk),0.0,0.0
CC-10056,Standard,384,0.06531358,New / Promising,-545.39,No Offer (Low Risk),0.0,0.0
CC-10057,Standard,508,0.07620057,Loyal High Spenders,-396.71,No Offer (Low Risk),0.0,0.0
CC-10058,Standard,184,0.098422214,New / Promising,137.43,No Offer (Low Risk),0.0,0.0
CC-10059,Standard,267,0.05827967,New / Promising,-287.66,No Offer (Low Risk),0.0,0.0
CC-10060,Standard,129,0.04528472,New / Promising,-252.54,No Offer (Low Risk),0.0,0.0
CC-10061,Standard,567,0.18088627,Loyal High Spenders,45.36,No Offer (Low Risk),0.0,0.0
CC-10062,Platinum,1252,0.8351776,At-Risk High Value,185.58,No Offer (Low Risk),0.0,0.0
CC-10063,Standard,221,0.053426694,New / Promising,-522.79,No Offer (Low Risk),0.0,0.0
CC-10064,Standard,345,0.16685534,Need Attention,-210.6,No Offer (Low Risk),0.0,0.0
CC-10065,Gold,1256,0.9066019,At-Risk High Value,111.88,No Offer (Low Risk),0.0,0.0
CC-10066,Standard,308,0.14720161,New / Promising,-272.21,No Offer (Low Risk),0.0,0.0
CC-10067,Platinum,2902,0.17549008,Champions / Whales,748.09,No Offer (Low Risk),0.0,0.0
CC-10068,Standard,269,0.0694186,New / Promising,-559.8,No Offer (Low Risk),0.0,0.0
CC-10069,Black,8145,0.023713348,Champions / Whales,-506.49,No Offer (Low Risk),0.0,0.0
CC-10070,Platinum,1405,0.10365358,Champions / Whales,916.41,No Offer (Low Risk),0.0,0.0
CC-10071,Standard,601,0.20500895,Need Attention,-169.14,No Offer (Low Risk),0.0,0.0
CC-10072,Standard,278,0.06725797,New / Promising,-491.28,No Offer (Low Risk),0.0,0.0
CC-10073,Platinum,1373,0.8980969,At-Risk High Value,170.0,No Offer (Low Risk),0.0,0.0
CC-10074,Gold,667,0.23995511,Dormant / Lost,171.14,Fee Waiver,95.0,50.08
CC-10075,Gold,1448,0.1085397,Champions / Whales,3396.24,No Offer (Low Risk),0.0,0.0
CC-10076,Platinum,3444,0.02798249,Champions / Whales,12715.8,No Offer (Low Risk),0.0,0.0
CC-10077,Standard,376,0.1078272,New / Promising,-275.81,No Offer (Low Risk),0.0,0.0
CC-10078,Standard,369,0.079030424,New / Promising,301.35,No Offer (Low Risk),0.0,0.0
CC-10079,Standard,158,0.1318152,New / Promising,-255.03,No Offer (Low Risk),0.0,0.0
CC-10080,Platinum,2290,0.20188484,At-Risk High Value,720.01,Fee Waiver,295.0,258.64
CC-10081,Gold,1431,0.10725085,Champions / Whales,528.3,No Offer (Low Risk),0.0,0.0
CC-10082,Standard,373,0.16668932,New / Promising,366.87,No Offer (Low Risk),0.0,0.0
CC-10083,Standard,198,0.13416308,Dormant / Lost,-361.54,No Offer (Low Risk),0.0,0.0
CC-10084,Standard,366,0.1623895,New / Promising,399.18,No Offer (Low Risk),0.0,0.0
CC-10085,Standard,244,0.14611934,New / Promising,-126.81,No Offer (Low Risk),0.0,0.0
CC-10086,Gold,1468,0.10576414,Champions / Whales,3111.43,No Offer (Low Risk),0.0,0.0
CC-10087,Gold,593,0.08526672,Loyal High Spenders,-23.91,No Offer (Low Risk),0.0,0.0
CC-10088,Platinum,1342,0.5966774,At-Risk High Value,360.05,Fee Waiver,295.0,157.16
CC-10089,Gold,1402,0.9620494,At-Risk High Value,613.3,Fee Waiver,95.0,364.97
CC-10090,Standard,321,0.30335397,New / Promising,194.3,Apr Cut,120.0,30.33
CC-10091,Gold,1418,0.13599731,Champions / Whales,416.15,No Offer (Low Risk),0.0,0.0
CC-10092,Platinum,1333,0.038057797,Champions / Whales,5483.07,No Offer (Low Risk),0.0,0.0
CC-10093,Gold,455,0.17339705,Dormant / Lost,122.97,No Offer (Low Risk),0.0,0.0
CC-10094,Platinum,1387,0.07405839,Champions / Whales,1125.02,No Offer (Low Risk),0.0,0.0
CC-10095,Gold,634,0.16658476,Loyal High Spenders,1173.1,No Offer (Low Risk),0.0,0.0
CC-10096,Gold,725,0.0308555,Loyal High Spenders,2826.25,No Offer (Low Risk),0.0,0.0
CC-10097,Standard,393,0.7918819,Dormant / Lost,-69.18,No Offer (Low Risk),0.0,0.0
CC-10098,Standard,345,0.068689264,New / Promising,688.25,No Offer (Low Risk),0.0,0.0
CC-10099,Standard,453,0.076522276,Loyal High Spenders,-205.53,No Offer (Low Risk),0.0,0.0
CC-10100,Standard,194,0.31104672,Dormant / Lost,-214.11,No Offer (Low Risk),0.0,0.0
CC-10101,Gold,1236,0.13660948,Champions / Whales,2515.07,No Offer (Low Risk),0.0,0.0
CC-10102,Standard,389,0.04177037,Loyal High Spenders,-297.59,No Offer (Low Risk),0.0,0.0
CC-10103,Gold,525,0.17707859,Loyal High Spenders,872.53,No Offer (Low Risk),0.0,0.0
CC-10104,Platinum,844,0.86642975,At-Risk High Value,590.69,Apr Cut,120.0,334.02
CC-10105,Standard,378,0.06993847,New / Promising,-394.79,No Offer (Low Risk),0.0,0.0
CC-10106,Standard,290,0.32304305,New / Promising,-94.41,No Offer (Low Risk),0.0,0.0
CC-10107,Platinum,2723,0.111474216,Champions / Whales,979.74,No Offer (Low Risk),0.0,0.0
CC-10108,Standard,238,0.070138395,Dormant / Lost,-638.13,No Offer (Low Risk),0.0,0.0
CC-10109,Standard,254,0.19653124,New / Promising,-277.54,No Offer (Low Risk),0.0,0.0
CC-10110,Standard,290,0.23069893,New / Promising,261.84,Apr Cut,120.0,57.94
CC-10111,Standard,167,0.19565324,New / Promising,-421.61,No Offer (Low Risk),0.0,0.0
CC-10112,Platinum,2235,0.057626907,Champions / Whales,1584.75,No Offer (Low Risk),0.0,0.0
CC-10113,Platinum,3030,0.79408056,At-Risk High Value,219.19,No Offer (Low Risk),0.0,0.0
CC-10114,Gold,538,0.22686253,Loyal High Spenders,167.41,Fee Waiver,95.0,42.6
CC-10115,Platinum,3485,0.10026701,At-Risk High Value,966.71,No Offer (Low Risk),0.0,0.0
CC-10116,Platinum,2376,0.089842506,At-Risk High Value,1207.32,No Offer (Low Risk),0.0,0.0
CC-10117,Standard,241,0.84371996,Dormant / Lost,-89.71,No Offer (Low Risk),0.0,0.0
CC-10118,Platinum,1438,0.026327813,Champions / Whales,1534.82,No Offer (Low Risk),0.0,0.0
CC-10119,Gold,1297,0.05518025,Champions / Whales,619.86,No Offer (Low Risk),0.0,0.0
CC-10120,Platinum,2733,0.061127815,Champions / Whales,8061.86,No Offer (Low Risk),0.0,0.0
CC-10121,Platinum,2039,0.9067613,At-Risk High Value,230.64,No Offer (Low Risk),0.0,0.0
CC-10122,Standard,321,0.093848705,Need Attention,-489.4,No Offer (Low Risk),0.0,0.0
CC-10123,Standard,178,0.063337386,New / Promising,-471.66,No Offer (Low Risk),0.0,0.0
CC-10124,Standard,414,0.7763244,Dormant / Lost,-48.57,No Offer (Low Risk),0.0,0.0
CC-10125,Standard,401,0.21340264,Dormant / Lost,-91.83,No Offer (Low Risk),0.0,0.0
CC-10126,Platinum,1264,0.88537747,At-Risk High Value,707.8,Apr Cut,120.0,405.8
CC-10127,Platinum,1136,0.05902578,Champions / Whales,1617.1,No Offer (Low Risk),0.0,0.0
CC-10128,Standard,100,0.185093,Dormant / Lost,-156.9,No Offer (Low Risk),0.0,0.0
CC-10129,Gold,673,0.08934256,Dormant / Lost,288.31,No Offer (Low Risk),0.0,0.0
CC-10130,Standard,238,0.25921962,New / Promising,82.4,No Offer (Low Risk),0.0,0.0
CC-10131,Standard,316,0.81152225,Need Attention,-54.07,No Offer (Low Risk),0.0,0.0
CC-10132,Standard,318,0.053484622,New / Promising,-341.4,No Offer (Low Risk),0.0,0.0
CC-10133,Standard,300,0.16955003,New / Promising,-222.82,No Offer (Low Risk),0.0,0.0
CC-10134,Black,7185,0.09898048,At-Risk High Value,14503.58,No Offer (Low Risk),0.0,0.0
CC-10135,Standard,181,0.12164359,New / Promising,-72.37,No Offer (Low Risk),0.0,0.0
CC-10136,Gold,688,0.21772482,Need Attention,267.05,Fee Waiver,95.0,119.49
CC-10137,Gold,537,0.19146985,Loyal High Spenders,832.26,No Offer (Low Risk),0.0,0.0
CC-10138,Standard,445,0.10666696,Loyal High Spenders,-195.68,No Offer (Low Risk),0.0,0.0
CC-10139,Black,6892,0.13885623,Champions / Whales,33.7,No Offer (Low Risk),0.0,0.0
CC-10140,Black,9580,0.44710577,Champions / Whales,-336.24,No Offer (Low Risk),0.0,0.0
CC-10141,Standard,327,0.060095757,Dormant / Lost,-440.8,No Offer (Low Risk),0.0,0.0
CC-10142,Gold,1310,0.047188435,Champions / Whales,614.38,No Offer (Low Risk),0.0,0.0
CC-10143,Standard,348,0.19204207,New / Promising,385.77,No Offer (Low Risk),0.0,0.0
CC-10144,Standard,223,0.25155848,New / Promising,-232.71,No Offer (Low Risk),0.0,0.0
CC-10145,Standard,293,0.073312856,Dormant / Lost,-172.46,No Offer (Low Risk),0.0,0.0
CC-10146,Gold,682,0.10024796,Loyal High Spenders,1591.18,No Offer (Low Risk),0.0,0.0
CC-10147,Gold,684,0.11504578,Need Attention,354.53,No Offer (Low Risk),0.0,0.0
CC-10148,Standard,241,0.20833941,New / Promising,-104.56,No Offer (Low Risk),0.0,0.0
CC-10149,Standard,158,0.19774142,New / Promising,-316.82,No Offer (Low Risk),0.0,0.0
CC-10150,Platinum,3196,0.1371423,At-Risk High Value,787.42,No Offer (Low Risk),0.0,0.0
CC-10151,Standard,256,0.3186952,New / Promising,-189.68,No Offer (Low Risk),0.0,0.0
CC-10152,Standard,465,0.08893598,Loyal High Spenders,-331.96,No Offer (Low Risk),0.0,0.0
CC-10153,Gold,803,0.62478536,At-Risk High Value,146.06,Fee Waiver,95.0,91.13
CC-10154,Black,5524,0.113,Champions / Whales,10618.4,No Offer (Low Risk),0.0,0.0
CC-10155,Standard,147,0.13506278,Dormant / Lost,-271.37,No Offer (Low Risk),0.0,0.0
CC-10156,Gold,654,0.46582732,Need Attention,86.33,Fee Waiver,95.0,4.38
CC-10157,Platinum,2830,0.15061052,Champions / Whales,1010.21,No Offer (Low Risk),0.0,0.0
CC-10158,Standard,307,0.06387194,Loyal High Spenders,415.51,No Offer (Low Risk),0.0,0.0
CC-10159,Gold,778,0.15340272,Loyal High Spenders,1362.02,No Offer (Low Risk),0.0,0.0
CC-10160,Standard,424,0.8368472,Need Attention,-28.33,No Offer (Low Risk),0.0,0.0
CC-10161,Gold,942,0.9174513,At-Risk High Value,62.18,No Offer (Low Risk),0.0,0.0
CC-10162,Gold,491,0.36371723,Loyal High Spenders,-26.42,No Offer (Low Risk),0.0,0.0
CC-10163,Gold,1106,0.20841016,Champions / Whales,177.62,Fee Waiver,95.0,44.13
CC-10164,Standard,332,0.53969353,New / Promising,162.78,Apr Cut,120.0,35.98
CC-10165,Platinum,2482,0.077454,Champions / Whales,1275.15,No Offer (Low Risk),0.0,0.0
CC-10166,Standard,184,0.115833126,New / Promising,-332.15,No Offer (Low Risk),0.0,0.0
CC-10167,Standard,270,0.08430652,Need Attention,-206.02,No Offer (Low Risk),0.0,0.0
CC-10168,Standard,214,0.85232013,Dormant / Lost,-88.65,No Offer (Low Risk),0.0,0.0
CC-10169,Gold,1292,0.8671669,At-Risk High Value,86.66,No Offer (Low Risk),0.0,0.0
CC-10170,Gold,1498,0.0656796,Champions / Whales,707.87,No Offer (Low Risk),0.0,0.0
CC-10171,Standard,238,0.6944955,Dormant / Lost,-34.34,No Offer (Low Risk),0.0,0.0
CC-10172,Gold,551,0.12845893,Dormant / Lost,246.21,No Offer (Low Risk),0.0,0.0
CC-10173,Standard,486,0.18216553,New / Promising,-216.43,No Offer (Low Risk),0.0,0.0
CC-10174,Gold,1185,0.04605076,Champions / Whales,419.58,No Offer (Low Risk),0.0,0.0
CC-10175,Standard,423,0.4046381,Dormant / Lost,235.79,Apr Cut,120.0,85.0
CC-10176,Gold,853,0.8826601,At-Risk High Value,400.44,Fee Waiver,95.0,243.3
CC-10177,Standard,219,0.05811092,New / Promising,160.84,No Offer (Low Risk),0.0,0.0
CC-10178,Black,6090,0.08970261,Champions / Whales,334.73,No Offer (Low Risk),0.0,0.0
CC-10179,Standard,160,0.5130925,New / Promising,-76.64,No Offer (Low Risk),0.0,0.0
CC-10180,Standard,317,0.821641,Dormant / Lost,-94.54,No Offer (Low Risk),0.0,0.0
CC-10181,Standard,421,0.89751375,Dormant / Lost,-71.83,No Offer (Low Risk),0.0,0.0
CC-10182,Platinum,1563,0.1582151,Champions / Whales,811.3,No Offer (Low Risk),0.0,0.0
CC-10183,Platinum,2769,0.12212048,Champions / Whales,6106.51,No Offer (Low Risk),0.0,0.0
CC-10184,Standard,358,0.8435316,Dormant / Lost,-91.01,No Offer (Low Risk),0.0,0.0
CC-10185,Gold,883,0.49795768,At-Risk High Value,158.59,Fee Waiver,95.0,92.15
CC-10186,Platinum,1173,0.8323566,At-Risk High Value,755.24,Apr Cut,120.0,499.1
CC-10187,Gold,936,0.27150357,At-Risk High Value,217.63,Fee Waiver,95.0,101.93
CC-10188,Gold,527,0.41761905,New / Promising,457.4,Fee Waiver,95.0,409.39
CC-10189,Standard,463,0.19627842,Need Attention,-37.7,No Offer (Low Risk),0.0,0.0
CC-10190,Standard,477,0.045419164,Loyal High Spenders,-209.88,No Offer (Low Risk),0.0,0.0
CC-10191,Platinum,3658,0.69175774,At-Risk High Value,315.66,Fee Waiver,295.0,119.88
CC-10192,Platinum,4319,0.533589,Champions / Whales,340.92,Fee Waiver,295.0,117.34
CC-10193,Gold,555,0.78132933,Need Attention,37.56,No Offer (Low Risk),0.0,0.0
CC-10194,Standard,333,0.86515707,Dormant / Lost,-24.04,No Offer (Low Risk),0.0,0.0
CC-10195,Standard,429,0.060889237,Loyal High Spenders,667.1,No Offer (Low Risk),0.0,0.0
CC-10196,Gold,1484,0.06911802,Champions / Whales,757.75,No Offer (Low Risk),0.0,0.0
CC-10197,Platinum,1749,0.048816793,Champions / Whales,1200.54,No Offer (Low Risk),0.0,0.0
CC-10198,Platinum,2204,0.08598318,At-Risk High Value,1009.07,No Offer (Low Risk),0.0,0.0
CC-10199,Platinum,1999,0.13055962,At-Risk High Value,1072.17,No Offer (Low Risk),0.0,0.0
CC-10200,Gold,1497,0.86524236,At-Risk High Value,88.22,No Offer (Low Risk),0.0,0.0
CC-10201,Standard,491,0.045253187,Loyal High Spenders,-335.76,No Offer (Low Risk),0.0,0.0
CC-10202,Standard,178,0.29874158,New / Promising,-149.04,No Offer (Low Risk),0.0,0.0
CC-10203,Platinum,888,0.14299831,Loyal High Spenders,2198.33,No Offer (Low Risk),0.0,0.0
CC-10204,Gold,571,0.05059219,Loyal High Spenders,1679.7,No Offer (Low Risk),0.0,0.0
CC-10205,Standard,253,0.22587405,New / Promising,-85.55,No Offer (Low Risk),0.0,0.0
CC-10206,Standard,312,0.49122292,Dormant / Lost,-94.85,No Offer (Low Risk),0.0,0.0
CC-10207,Gold,514,0.06922637,New / Promising,283.82,No Offer (Low Risk),0.0,0.0
CC-10208,Standard,391,0.09017288,Dormant / Lost,-288.95,No Offer (Low Risk),0.0,0.0
CC-10209,Standard,512,0.036464084,New / Promising,-324.63,No Offer (Low Risk),0.0,0.0
CC-10210,Gold,954,0.14697888,Loyal High Spenders,96.61,No Offer (Low Risk),0.0,0.0
CC-10211,Gold,452,0.12797208,Loyal High Spenders,1092.77,No Offer (Low Risk),0.0,0.0
CC-10212,Gold,735,0.27481744,Loyal High Spenders,145.96,Fee Waiver,95.0,37.9
CC-10213,Standard,329,0.78552365,Dormant / Lost,-12.04,No Offer (Low Risk),0.0,0.0
CC-10214,Gold,668,0.12948194,New / Promising,1352.92,No Offer (Low Risk),0.0,0.0
CC-10215,Standard,670,0.06618507,Loyal High Spenders,-40.2,No Offer (Low Risk),0.0,0.0
CC-10216,Standard,490,0.23376061,Dormant / Lost,395.91,Apr Cut,120.0,150.86
CC-10217,Gold,753,0.95215994,Need Attention,342.72,Fee Waiver,95.0,162.04
CC-10218,Gold,705,0.19814256,Loyal High Spenders,1160.85,No Offer (Low Risk),0.0,0.0
CC-10219,Platinum,2367,0.09438616,Champions / Whales,5984.63,No Offer (Low Risk),0.0,0.0
CC-10220,Gold,1418,0.09698429,Champions / Whales,570.6,No Offer (Low Risk),0.0,0.0
CC-10221,Gold,568,0.079658665,New / Promising,88.67,No Offer (Low Risk),0.0,0.0
CC-10222,Standard,415,0.039995816,Loyal High Spenders,-443.16,No Offer (Low Risk),0.0,0.0
CC-10223,Standard,276,0.9363923,Dormant / Lost,-78.28,No Offer (Low Risk),0.0,0.0
CC-10224,Standard,205,0.039868124,New / Promising,-519.2,No Offer (Low Risk),0.0,0.0
CC-10225,Standard,172,0.084069744,New / Promising,-130.77,No Offer (Low Risk),0.0,0.0
CC-10226,Black,3727,0.0670956,Champions / Whales,1106.85,No Offer (Low Risk),0.0,0.0
CC-10227,Standard,450,0.21686502,Need Attention,-59.46,No Offer (Low Risk),0.0,0.0
CC-10228,Platinum,1485,0.06851283,Champions / Whales,1258.72,No Offer (Low Risk),0.0,0.0
CC-10229,Gold,864,0.09623005,Champions / Whales,278.6,No Offer (Low Risk),0.0,0.0
CC-10230,Platinum,2075,0.0367974,Champions / Whales,1841.56,No Offer (Low Risk),0.0,0.0
CC-10231,Gold,1262,0.12728816,Champions / Whales,554.05,No Offer (Low Risk),0.0,0.0
CC-10232,Gold,879,0.12676615,Champions / Whales,117.79,No Offer (Low Risk),0.0,0.0
CC-10233,Gold,584,0.08969866,Champions / Whales,381.34,No Offer (Low Risk),0.0,0.0
CC-10234,Standard,320,0.4546772,New / Promising,-53.62,No Offer (Low Risk),0.0,0.0
CC-10235,Gold,775,0.03602776,Loyal High Spenders,276.27,No Offer (Low Risk),0.0,0.0
CC-10236,Standard,349,0.0980537,New / Promising,-432.46,No Offer (Low Risk),0.0,0.0
CC-10237,Standard,341,0.92631537,Need Attention,99.37,No Offer (Low Risk),0.0,0.0
CC-10238,Gold,1145,0.042807978,Champions / Whales,538.77,No Offer (Low Risk),0.0,0.0
CC-10239,Standard,259,0.27508324,Dormant / Lost,-164.39,No Offer (Low Risk),0.0,0.0
CC-10240,Black,10741,0.032120224,Champions / Whales,-1537.16,No Offer (Low Risk),0.0,0.0
CC-10241,Black,10660,0.089268245,At-Risk High Value,21580.32,No Offer (Low Risk),0.0,0.0
CC-10242,Platinum,1083,0.063935034,Champions / Whales,1191.45,No Offer (Low Risk),0.0,0.0
CC-10243,Standard,424,0.18526973,Loyal High Spenders,-168.82,No Offer (Low Risk),0.0,0.0
CC-10244,Standard,310,0.498513,Dormant / Lost,-146.1,No Offer (Low Risk),0.0,0.0
CC-10245,Platinum,2440,0.30764127,At-Risk High Value,559.41,Fee Waiver,295.0,243.65
CC-10246,Standard,281,0.9192904,Dormant / Lost,21.97,No Offer (Low Risk),0.0,0.0
CC-10247,Black,9554,0.103410415,At-Risk High Value,-882.7,No Offer (Low Risk),0.0,0.0
CC-10248,Black,10642,0.020018764,Champions / Whales,-1814.97,No Offer (Low Risk),0.0,0.0
CC-10249,Platinum,4248,0.04304277,Champions / Whales,13466.32,No Offer (Low Risk),0.0,0.0
CC-10250,Standard,255,0.094146565,New / Promising,134.95,No Offer (Low Risk),0.0,0.0
CC-10251,Standard,305,0.15201029,New / Promising,-224.79,No Offer (Low Risk),0.0,0.0
CC-10252,Platinum,1429,0.108117245,At-Risk High Value,898.72,No Offer (Low Risk),0.0,0.0
CC-10253,Standard,274,0.45415917,New / Promising,136.37,Apr Cut,120.0,3.55
CC-10254,Standard,330,0.82745934,Dormant / Lost,-24.57,No Offer (Low Risk),0.0,0.0
CC-10255,Gold,921,0.16338482,Champions / Whales,1612.55,No Offer (Low Risk),0.0,0.0
CC-10256,Black,5634,0.19820476,Champions / Whales,82.33,No Offer (Low Risk),0.0,0.0
CC-10257,Gold,543,0.07723834,New / Promising,146.86,No Offer (Low Risk),0.0,0.0
CC-10258,Gold,1457,0.15226243,Champions / Whales,52.45,No Offer (Low Risk),0.0,0.0
CC-10259,Standard,100,0.1824626,Dormant / Lost,-213.05,No Offer (Low Risk),0.0,0.0
CC-10260,Gold,1050,0.8815249,At-Risk High Value,517.0,Fee Waiver,95.0,342.7
CC-10261,Black,5788,0.1501475,Champions / Whales,317.45,No Offer (Low Risk),0.0,0.0
CC-10262,Standard,290,0.26598984,Dormant / Lost,-208.09,No Offer (Low Risk),0.0,0.0
CC-10263,Gold,1139,0.11451129,Champions / Whales,93.38,No Offer (Low Risk),0.0,0.0
CC-10264,Platinum,1643,0.75700426,At-Risk High Value,245.81,Vip Perks,150.0,19.69
CC-10265,Gold,1081,0.0795235,Champions / Whales,382.01,No Offer (Low Risk),0.0,0.0
CC-10266,Gold,1280,0.21472059,Loyal High Spenders,105.94,No Offer (Low Risk),0.0,0.0
CC-10267,Gold,1177,0.056718685,Champions / Whales,412.97,No Offer (Low Risk),0.0,0.0
CC-10268,Standard,336,0.11315,New / Promising,-164.91,No Offer (Low Risk),0.0,0.0
CC-10269,Standard,100,0.12146061,New / Promising,-352.25,No Offer (Low Risk),0.0,0.0
CC-10270,Platinum,891,0.16763046,Champions / Whales,765.27,No Offer (Low Risk),0.0,0.0
CC-10271,Platinum,1792,0.06716851,Champions / Whales,1020.89,No Offer (Low Risk),0.0,0.0
CC-10272,Platinum,1614,0.059895005,Champions / Whales,5486.35,No Offer (Low Risk),0.0,0.0
CC-10273,Platinum,1506,0.1776677,At-Risk High Value,3074.72,No Offer (Low Risk),0.0,0.0
CC-10274,Gold,1708,0.21499847,At-Risk High Value,444.03,Fee Waiver,95.0,259.09
CC-10275,Gold,769,0.10534555,Dormant / Lost,251.58,No Offer (Low Risk),0.0,0.0
CC-10276,Platinum,2340,0.049582716,Champions / Whales,1250.21,No Offer (Low Risk),0.0,0.0
CC-10277,Gold,793,0.16539873,Loyal High Spenders,239.71,No Offer (Low Risk),0.0,0.0
CC-10278,Gold,997,0.05480788,Loyal High Spenders,415.22,No Offer (Low Risk),0.0,0.0
CC-10279,Platinum,1471,0.103428766,Champions / Whales,960.68,No Offer (Low Risk),0.0,0.0
CC-10280,Platinum,3393,0.14333121,Champions / Whales,6524.81,No Offer (Low Risk),0.0,0.0
CC-10281,Standard,271,0.062577575,New / Promising,-176.1,No Offer (Low Risk),0.0,0.0
CC-10282,Standard,237,0.04915297,New / Promising,-680.58,No Offer (Low Risk),0.0,0.0
CC-10283,Standard,348,0.13130355,New / Promising,-332.81,No Offer (Low Risk),0.0,0.0
CC-10284,Gold,766,0.098223425,Loyal High Spenders,1696.67,No Offer (Low Risk),0.0,0.0
CC-10285,Standard,198,0.88929766,Dormant / Lost,-48.69,No Offer (Low Risk),0.0,0.0
CC-10286,Gold,1939,0.84931284,At-Risk High Value,100.0,No Offer (Low Risk),0.0,0.0
CC-10287,Gold,1153,0.0414286,Loyal High Spenders,3697.63,No Offer (Low Risk),0.0,0.0
CC-10288,Standard,341,0.048466805,Loyal High Spenders,-158.62,No Offer (Low Risk),0.0,0.0
CC-10289,Gold,888,0.861732,At-Risk High Value,86.68,No Offer (Low Risk),0.0,0.0
CC-10290,Standard,209,0.85832655,Dormant / Lost,-10.31,No Offer (Low Risk),0.0,0.0
CC-10291,Standard,177,0.1944338,Dormant / Lost,-119.42,No Offer (Low Risk),0.0,0.0
CC-10292,Platinum,3046,0.13002096,Champions / Whales,874.09,No Offer (Low Risk),0.0,0.0
CC-10293,Standard,305,0.1370331,Loyal High Spenders,-274.52,No Offer (Low Risk),0.0,0.0
CC-10294,Standard,303,0.24791844,New / Promising,282.11,Apr Cut,120.0,78.72
CC-10295,Gold,776,0.08773837,Need Attention,290.62,No Offer (Low Risk),0.0,0.0
CC-10296,Platinum,1456,0.3049761,At-Risk High Value,1951.55,Fee Waiver,295.0,1576.24
CC-10297,Standard,418,0.23032093,Loyal High Spenders,300.8,Apr Cut,120.0,84.25
CC-10298,Gold,310,0.18108161,New / Promising,612.24,No Offer (Low Risk),0.0,0.0
CC-10299,Standard,275,0.12459867,New / Promising,-476.23,No Offer (Low Risk),0.0,0.0
CC-10300,Standard,412,0.08343915,Dormant / Lost,-240.57,No Offer (Low Risk),0.0,0.0
CC-10301,Gold,1341,0.22126235,At-Risk High Value,313.76,Fee Waiver,95.0,159.31
CC-10302,Gold,1073,0.08227184,Champions / Whales,320.95,No Offer (Low Risk),0.0,0.0
CC-10303,Gold,987,0.21742596,Champions / Whales,120.53,Fee Waiver,95.0,1.73
CC-10304,Gold,1180,0.19495502,Champions / Whales,272.82,No Offer (Low Risk),0.0,0.0
CC-10305,Black,5305,0.14522511,At-Risk High Value,334.63,No Offer (Low Risk),0.0,0.0
CC-10306,Gold,1312,0.41794977,At-Risk High Value,185.33,Fee Waiver,95.0,109.43
CC-10307,Standard,303,0.06327947,New / Promising,-255.51,No Offer (Low Risk),0.0,0.0
CC-10308,Platinum,2364,0.26630196,Champions / Whales,677.8,Fee Waiver,295.0,312.25
CC-10309,Standard,304,0.17610781,New / Promising,-275.83,No Offer (Low Risk),0.0,0.0
CC-10310,Standard,548,0.11617025,Loyal High Spenders,-258.31,No Offer (Low Risk),0.0,0.0
CC-10311,Standard,200,0.1964329,New / Promising,-160.68,No Offer (Low Risk),0.0,0.0
CC-10312,Standard,299,0.059951242,New / Promising,-321.97,No Offer (Low Risk),0.0,0.0
CC-10313,Black,5187,0.25754732,At-Risk High Value,322.84,Vip Perks,150.0,20.61
CC-10314,Platinum,2740,0.7649721,At-Risk High Value,1492.96,Fee Waiver,295.0,1323.98
CC-10315,Gold,1273,0.033612095,Champions / Whales,800.08,No Offer (Low Risk),0.0,0.0
CC-10316,Standard,124,0.065553546,New / Promising,-435.45,No Offer (Low Risk),0.0,0.0
CC-10317,Standard,266,0.2331347,Loyal High Spenders,210.37,Apr Cut,120.0,23.72
CC-10318,Standard,227,0.15433533,Dormant / Lost,-312.7,No Offer (Low Risk),0.0,0.0
CC-10319,Standard,324,0.5686848,Need Attention,-130.41,No Offer (Low Risk),0.0,0.0
CC-10320,Gold,406,0.15396105,New / Promising,803.51,No Offer (Low Risk),0.0,0.0
CC-10321,Gold,749,0.09001606,Loyal High Spenders,1758.43,No Offer (Low Risk),0.0,0.0
CC-10322,Gold,847,0.13384105,Loyal High Spenders,205.7,No Offer (Low Risk),0.0,0.0
CC-10323,Standard,282,0.36025605,New / Promising,110.59,No Offer (Low Risk),0.0,0.0
CC-10324,Black,6736,0.06874039,Champions / Whales,-16.36,No Offer (Low Risk),0.0,0.0
CC-10325,Gold,766,0.023982156,Loyal High Spenders,2603.44,No Offer (Low Risk),0.0,0.0
CC-10326,Gold,412,0.05358595,New / Promising,5.21,No Offer (Low Risk),0.0,0.0
CC-10327,Gold,247,0.37632647,New / Promising,115.03,Fee Waiver,95.0,26.43
CC-10328,Standard,353,0.2854485,Dormant / Lost,-47.66,No Offer (Low Risk),0.0,0.0
CC-10329,Standard,483,0.07699366,Loyal High Spenders,-417.47,No Offer (Low Risk),0.0,0.0
CC-10330,Standard,282,0.9341874,Dormant / Lost,48.32,No Offer (Low Risk),0.0,0.0
CC-10331,Platinum,1320,0.17768647,Champions / Whales,928.1,No Offer (Low Risk),0.0,0.0
CC-10332,Standard,167,0.18521354,New / Promising,-77.77,No Offer (Low Risk),0.0,0.0
CC-10333,Standard,379,0.2517228,New / Promising,-125.75,No Offer (Low Risk),0.0,0.0
CC-10334,Standard,432,0.043072123,Loyal High Spenders,-398.68,No Offer (Low Risk),0.0,0.0
CC-10335,Standard,351,0.10587552,New / Promising,-293.28,No Offer (Low Risk),0.0,0.0
CC-10336,Platinum,2765,0.26600784,Champions / Whales,591.27,Fee Waiver,295.0,234.43
CC-10337,Gold,469,0.08053548,Loyal High Spenders,1326.94,No Offer (Low Risk),0.0,0.0
CC-10338,Gold,806,0.10641061,At-Risk High Value,166.08,No Offer (Low Risk),0.0,0.0
CC-10339,Standard,244,0.36901614,Need Attention,-199.01,No Offer (Low Risk),0.0,0.0
CC-10340,Gold,597,0.26889616,New / Promising,132.07,Fee Waiver,95.0,23.92
CC-10341,Gold,562,0.8728949,Dormant / Lost,94.14,No Offer (Low Risk),0.0,0.0
CC-10342,Standard,103,0.47805354,Dormant / Lost,-41.92,No Offer (Low Risk),0.0,0.0
CC-10343,Standard,343,0.33653492,New / Promising,-161.52,No Offer (Low Risk),0.0,0.0
CC-10344,Standard,354,0.029567016,Loyal High Spenders,-791.1,No Offer (Low Risk),0.0,0.0
CC-10345,Gold,808,0.17738207,Loyal High Spenders,49.75,No Offer (Low Risk),0.0,0.0
CC-10346,Gold,213,0.16860051,New / Promising,33.95,No Offer (Low Risk),0.0,0.0
CC-10347,Standard,305,0.04736269,New / Promising,-328.98,No Offer (Low Risk),0.0,0.0
CC-10348,Standard,161,0.039629094,New / Promising,-712.03,No Offer (Low Risk),0.0,0.0
CC-10349,Gold,1431,0.14408256,At-Risk High Value,524.54,No Offer (Low Risk),0.0,0.0
CC-10350,Gold,389,0.056512263,New / Promising,-18.27,No Offer (Low Risk),0.0,0.0
CC-10351,Platinum,2707,0.031906128,Champions / Whales,1816.97,No Offer (Low Risk),0.0,0.0
CC-10352,Gold,680,0.045414846,Loyal High Spenders,678.47,No Offer (Low Risk),0.0,0.0
CC-10353,Standard,100,0.034732595,New / Promising,-342.46,No Offer (Low Risk),0.0,0.0
CC-10354,Standard,236,0.11736521,New / Promising,-275.44,No Offer (Low Risk),0.0,0.0
CC-10355,Gold,975,0.112257384,Champions / Whales,549.1,No Offer (Low Risk),0.0,0.0
CC-10356,Standard,225,0.30386811,Need Attention,-230.84,No Offer (Low Risk),0.0,0.0
CC-10357,Gold,1214,0.6925653,At-Risk High Value,109.71,Fee Waiver,95.0,49.11
CC-10358,Black,3618,0.29106423,Champions / Whales,464.4,Vip Perks,150.0,108.13
CC-10359,Gold,564,0.038800664,Loyal High Spenders,37.39,No Offer (Low Risk),0.0,0.0
CC-10360,Standard,143,0.93466,Dormant / Lost,-47.7,No Offer (Low Risk),0.0,0.0
CC-10361,Gold,320,0.9357251,Dormant / Lost,116.26,No Offer (Low Risk),0.0,0.0
CC-10362,Gold,732,0.14424157,Loyal High Spenders,43.69,No Offer (Low Risk),0.0,0.0
CC-10363,Gold,906,0.5404788,At-Risk High Value,60.31,No Offer (Low Risk),0.0,0.0
CC-10364,Black,5424,0.11022072,Champions / Whales,158.69,No Offer (Low Risk),0.0,0.0
CC-10365,Standard,456,0.036690757,Loyal High Spenders,-416.78,No Offer (Low Risk),0.0,0.0
CC-10366,Black,6429,0.20583688,Champions / Whales,126.01,No Offer (Low Risk),0.0,0.0
CC-10367,Platinum,2621,0.04952381,Champions / Whales,1622.02,No Offer (Low Risk),0.0,0.0
CC-10368,Standard,198,0.07582253,New / Promising,-333.97,No Offer (Low Risk),0.0,0.0
CC-10369,Standard,471,0.059192736,Loyal High Spenders,-169.79,No Offer (Low Risk),0.0,0.0
CC-10370,Standard,548,0.49243537,Dormant / Lost,-58.5,No Offer (Low Risk),0.0,0.0
CC-10371,Standard,222,0.057675727,New / Promising,-506.99,No Offer (Low Risk),0.0,0.0
CC-10372,Standard,262,0.122234665,New / Promising,89.32,No Offer (Low Risk),0.0,0.0
CC-10373,Gold,1321,0.57205456,Champions / Whales,178.69,Fee Waiver,95.0,126.32
CC-10374,Standard,521,0.85256875,Need Attention,174.61,Points Boost,93.78,22.11
CC-10375,Standard,262,0.50243074,Dormant / Lost,-88.69,No Offer (Low Risk),0.0,0.0
CC-10376,Platinum,3084,0.05794433,Champions / Whales,9488.28,No Offer (Low Risk),0.0,0.0
CC-10377,Standard,242,0.074573755,Dormant / Lost,-395.76,No Offer (Low Risk),0.0,0.0
CC-10378,Platinum,1384,0.11095457,At-Risk High Value,1026.19,No Offer (Low Risk),0.0,0.0
CC-10379,Standard,213,0.81980854,Dormant / Lost,-109.46,No Offer (Low Risk),0.0,0.0
CC-10380,Standard,200,0.37457603,New / Promising,-111.55,No Offer (Low Risk),0.0,0.0
CC-10381,Gold,1399,0.14896487,Champions / Whales,378.81,No Offer (Low Risk),0.0,0.0
CC-10382,Gold,1286,0.13393672,Champions / Whales,2687.31,No Offer (Low Risk),0.0,0.0
CC-10383,Platinum,2425,0.9504656,At-Risk High Value,211.4,No Offer (Low Risk),0.0,0.0
CC-10384,Gold,669,0.9187893,Need Attention,350.66,Fee Waiver,95.0,182.43
CC-10385,Platinum,2687,0.2757253,At-Risk High Value,504.36,Fee Waiver,295.0,165.0
CC-10386,Standard,318,0.028454127,New / Promising,-563.24,No Offer (Low Risk),0.0,0.0
CC-10387,Standard,254,0.07284718,New / Promising,-238.07,No Offer (Low Risk),0.0,0.0
CC-10388,Platinum,1810,0.06612602,Champions / Whales,1602.88,No Offer (Low Risk),0.0,0.0
CC-10389,Platinum,1910,0.031437013,Champions / Whales,1718.92,No Offer (Low Risk),0.0,0.0
CC-10390,Black,3727,0.21521197,Champions / Whales,5414.8,Fee Waiver,495.0,3825.36
CC-10391,Standard,131,0.07994334,New / Promising,-41.35,No Offer (Low Risk),0.0,0.0
CC-10392,Standard,334,0.7669447,Dormant / Lost,-10.66,No Offer (Low Risk),0.0,0.0
CC-10393,Platinum,3596,0.15694852,Champions / Whales,6426.81,No Offer (Low Risk),0.0,0.0
CC-10394,Standard,323,0.84830487,Dormant / Lost,-46.36,No Offer (Low Risk),0.0,0.0
CC-10395,Black,9336,0.07253184,At-Risk High Value,-780.32,No Offer (Low Risk),0.0,0.0
CC-10396,Platinum,2453,0.053110242,Champions / Whales,1622.3,No Offer (Low Risk),0.0,0.0
CC-10397,Standard,372,0.040517706,New / Promising,-216.49,No Offer (Low Risk),0.0,0.0
CC-10398,Platinum,2835,0.8278548,At-Risk High Value,1448.51,Apr Cut,120.0,1077.93
CC-10399,Platinum,1202,0.53634614,At-Risk High Value,358.88,Fee Waiver,295.0,139.84
CC-10400,Standard,479,0.18314259,Loyal High Spenders,-162.85,No Offer (Low Risk),0.0,0.0
CC-10401,Platinum,1400,0.40341473,Champions / Whales,410.99,Fee Waiver,295.0,151.82
CC-10402,Gold,1599,0.041607935,Champions / Whales,784.7,No Offer (Low Risk),0.0,0.0
CC-10403,Platinum,1361,0.084098406,Champions / Whales,1039.12,No Offer (Low Risk),0.0,0.0
CC-10404,Standard,440,0.076056994,Loyal High Spenders,-216.07,No Offer (Low Risk),0.0,0.0
CC-10405,Platinum,2088,0.3913954,At-Risk High Value,438.2,Fee Waiver,295.0,175.41
CC-10406,Standard,323,0.10011791,Loyal High Spenders,140.87,No Offer (Low Risk),0.0,0.0
CC-10407,Standard,493,0.027537268,New / Promising,-338.65,No Offer (Low Risk),0.0,0.0
CC-10408,Platinum,1316,0.81423944,At-Risk High Value,275.37,Vip Perks,150.0,20.81
CC-10409,Standard,329,0.26867184,Loyal High Spenders,125.69,No Offer (Low Risk),0.0,0.0
CC-10410,Standard,326,0.22674124,Dormant / Lost,-130.65,No Offer (Low Risk),0.0,0.0
CC-10411,Black,3931,0.11838813,Champions / Whales,956.83,No Offer (Low Risk),0.0,0.0
CC-10412,Black,5643,0.024178382,Champions / Whales,428.09,No Offer (Low Risk),0.0,0.0
CC-10413,Gold,572,0.091627814,Loyal High Spenders,1205.67,No Offer (Low Risk),0.0,0.0
CC-10414,Gold,606,0.06807083,New / Promising,475.51,No Offer (Low Risk),0.0,0.0
CC-10415,Standard,461,0.6617539,Dormant / Lost,-32.98,No Offer (Low Risk),0.0,0.0
CC-10416,Standard,444,0.86900216,Dormant / Lost,-69.49,No Offer (Low Risk),0.0,0.0
CC-10417,Standard,278,0.22787313,Dormant / Lost,187.79,Apr Cut,120.0,6.82
CC-10418,Gold,376,0.05618474,New / Promising,1088.71,No Offer (Low Risk),0.0,0.0
CC-10419,Platinum,1466,0.5456191,At-Risk High Value,1281.42,Fee Waiver,295.0,1266.89
CC-10420,Platinum,1295,0.23817837,Champions / Whales,752.71,Fee Waiver,295.0,340.52
CC-10421,Platinum,1204,0.025557833,Loyal High Spenders,1852.37,No Offer (Low Risk),0.0,0.0
CC-10422,Standard,254,0.22146414,New / Promising,144.96,No Offer (Low Risk),0.0,0.0
CC-10423,Gold,722,0.37935695,Loyal High Spenders,684.81,Fee Waiver,95.0,630.43
CC-10424,Standard,361,0.34354702,New / Promising,287.73,Apr Cut,120.0,114.69
CC-10425,Gold,839,0.10465223,Champions / Whales,184.07,No Offer (Low Risk),0.0,0.0
CC-10426,Standard,336,0.060307574,New / Promising,-431.3,No Offer (Low Risk),0.0,0.0
CC-10427,Platinum,2122,0.04075761,Champions / Whales,1633.94,No Offer (Low Risk),0.0,0.0
CC-10428,Standard,583,0.20156826,Loyal High Spenders,-154.89,No Offer (Low Risk),0.0,0.0
CC-10429,Standard,271,0.17601398,Dormant / Lost,-206.37,No Offer (Low Risk),0.0,0.0
CC-10430,Standard,231,0.067513905,New / Promising,-434.35,No Offer (Low Risk),0.0,0.0
CC-10431,Platinum,1720,0.029268052,Champions / Whales,1967.23,No Offer (Low Risk),0.0,0.0
CC-10432,Gold,436,0.1595978,Need Attention,852.67,No Offer (Low Risk),0.0,0.0
CC-10433,Standard,271,0.17947297,New / Promising,-161.02,No Offer (Low Risk),0.0,0.0
CC-10434,Standard,128,0.055926375,New / Promising,-451.82,No Offer (Low Risk),0.0,0.0
CC-10435,Gold,795,0.23977354,Need Attention,1130.66,Fee Waiver,95.0,863.12
CC-10436,Standard,225,0.06339382,New / Promising,-350.81,No Offer (Low Risk),0.0,0.0
CC-10437,Platinum,2631,0.16196819,At-Risk High Value,611.49,No Offer (Low Risk),0.0,0.0
CC-10438,Gold,597,0.038740546,Loyal High Spenders,570.63,No Offer (Low Risk),0.0,0.0
CC-10439,Standard,304,0.10989614,New / Promising,-368.09,No Offer (Low Risk),0.0,0.0
CC-10440,Standard,111,0.055094115,New / Promising,-615.56,No Offer (Low Risk),0.0,0.0
CC-10441,Black,5218,0.0629952,Champions / Whales,13384.87,No Offer (Low Risk),0.0,0.0
CC-10442,Standard,339,0.0824751,New / Promising,-350.79,No Offer (Low Risk),0.0,0.0
CC-10443,Standard,436,0.06717973,Loyal High Spenders,-92.3,No Offer (Low Risk),0.0,0.0
CC-10444,Platinum,784,0.06039205,Loyal High Spenders,1349.88,No Offer (Low Risk),0.0,0.0
CC-10445,Black,7206,0.1576088,At-Risk High Value,-147.36,No Offer (Low Risk),0.0,0.0
CC-10446,Black,5196,0.19453053,At-Risk High Value,419.45,No Offer (Low Risk),0.0,0.0
CC-10447,Platinum,601,0.22180761,Need Attention,675.43,Points Boost,108.18,269.14
CC-10448,Standard,256,0.43813917,New / Promising,-90.09,No Offer (Low Risk),0.0,0.0
CC-10449,Standard,410,0.062363654,Loyal High Spenders,-81.67,No Offer (Low Risk),0.0,0.0
CC-10450,Platinum,1479,0.16955194,Champions / Whales,868.96,No Offer (Low Risk),0.0,0.0
CC-10451,Gold,809,0.4118603,Loyal High Spenders,760.19,Fee Waiver,95.0,738.54
CC-10452,Standard,231,0.22444564,Dormant / Lost,-119.1,No Offer (Low Risk),0.0,0.0
CC-10453,Platinum,2715,0.08869613,Champions / Whales,1152.28,No Offer (Low Risk),0.0,0.0
CC-10454,Standard,443,0.94657785,Dormant / Lost,-27.56,No Offer (Low Risk),0.0,0.0
CC-10455,Gold,1137,0.6497007,At-Risk High Value,719.09,Fee Waiver,95.0,832.55
CC-10456,Standard,372,0.42687336,Need Attention,-64.25,No Offer (Low Risk),0.0,0.0
CC-10457,Gold,981,0.030294968,Champions / Whales,248.97,No Offer (Low Risk),0.0,0.0
CC-10458,Standard,412,0.28419378,Dormant / Lost,357.06,Apr Cut,120.0,148.3
CC-10459,Standard,348,0.7712617,Dormant / Lost,-37.34,No Offer (Low Risk),0.0,0.0
CC-10460,Standard,404,0.36630505,Dormant / Lost,-82.09,No Offer (Low Risk),0.0,0.0
CC-10461,Gold,486,0.07932036,Loyal High Spenders,1237.62,No Offer (Low Risk),0.0,0.0
CC-10462,Gold,1015,0.11919426,Champions / Whales,493.22,No Offer (Low Risk),0.0,0.0
CC-10463,Gold,869,0.06915364,Loyal High Spenders,446.28,No Offer (Low Risk),0.0,0.0
CC-10464,Black,10856,0.26901922,At-Risk High Value,-816.14,No Offer (Low Risk),0.0,0.0
CC-10465,Standard,291,0.97322255,Dormant / Lost,31.44,No Offer (Low Risk),0.0,0.0
CC-10466,Standard,298,0.40614185,New / Promising,139.68,Apr Cut,120.0,1.61
CC-10467,Platinum,3543,0.17874421,At-Risk High Value,5923.42,No Offer (Low Risk),0.0,0.0
CC-10468,Standard,447,0.8817894,Dormant / Lost,-42.63,No Offer (Low Risk),0.0,0.0
CC-10469,Black,2530,0.06137111,Champions / Whales,7894.78,No Offer (Low Risk),0.0,0.0
CC-10470,Standard,169,0.094567716,New / Promising,-427.67,No Offer (Low Risk),0.0,0.0
CC-10471,Black,4277,0.078533664,Champions / Whales,971.25,No Offer (Low Risk),0.0,0.0
CC-10472,Standard,215,0.31979853,Dormant / Lost,-229.94,No Offer (Low Risk),0.0,0.0
CC-10473,Platinum,2563,0.18809535,Champions / Whales,626.08,No Offer (Low Risk),0.0,0.0
CC-10474,Gold,835,0.109855086,At-Risk High Value,284.24,No Offer (Low Risk),0.0,0.0
CC-10475,Black,10675,0.04988933,Champions / Whales,27175.78,No Offer (Low Risk),0.0,0.0
CC-10476,Standard,327,0.11047593,New / Promising,-287.11,No Offer (Low Risk),0.0,0.0
CC-10477,Gold,550,0.1691417,Loyal High Spenders,108.57,No Offer (Low Risk),0.0,0.0
CC-10478,Black,5736,0.083307415,Champions / Whales,604.99,No Offer (Low Risk),0.0,0.0
CC-10479,Gold,907,0.03023263,Loyal High Spenders,285.72,No Offer (Low Risk),0.0,0.0
CC-10480,Gold,463,0.155699,New / Promising,253.34,No Offer (Low Risk),0.0,0.0
CC-10481,Gold,789,0.07115673,Loyal High Spenders,2099.36,No Offer (Low Risk),0.0,0.0
CC-10482,Gold,1393,0.24927534,Champions / Whales,213.3,Fee Waiver,95.0,89.57
CC-10483,Gold,608,0.16837987,Loyal High Spenders,188.8,No Offer (Low Risk),0.0,0.0
CC-10484,Gold,603,0.092503086,Loyal High Spenders,1519.77,No Offer (Low Risk),0.0,0.0
CC-10485,Platinum,1594,0.036151372,Champions / Whales,6359.83,No Offer (Low Risk),0.0,0.0
CC-10486,Standard,157,0.28068665,New / Promising,-168.88,No Offer (Low Risk),0.0,0.0
CC-10487,Standard,139,0.21345845,Dormant / Lost,-28.58,No Offer (Low Risk),0.0,0.0
CC-10488,Black,4703,0.08846989,Champions / Whales,827.4,No Offer (Low Risk),0.0,0.0
CC-10489,Platinum,3258,0.21994382,Champions / Whales,732.35,Fee Waiver,295.0,296.59
CC-10490,Gold,1034,0.8423206,At-Risk High Value,32.97,No Offer (Low Risk),0.0,0.0
CC-10491,Gold,1025,0.45722678,At-Risk High Value,127.33,Fee Waiver,95.0,50.53
CC-10492,Standard,265,0.17880411,New / Promising,-235.58,No Offer (Low Risk),0.0,0.0
CC-10493,Standard,320,0.20930177,New / Promising,238.86,Apr Cut,120.0,34.31
CC-10494,Gold,1132,0.32016808,At-Risk High Value,254.71,Fee Waiver,95.0,154.96
CC-10495,Standard,325,0.21068428,Dormant / Lost,-237.09,No Offer (Low Risk),0.0,0.0
CC-10496,Gold,798,0.09331536,Champions / Whales,1970.56,No Offer (Low Risk),0.0,0.0
CC-10497,Standard,224,0.09611905,Need Attention,-209.36,No Offer (Low Risk),0.0,0.0
CC-10498,Black,7261,0.13147974,Champions / Whales,-272.72,No Offer (Low Risk),0.0,0.0
CC-10499,Black,4209,0.041631237,Champions / Whales,1060.85,No Offer (Low Risk),0.0,0.0
CC-10500,Gold,399,0.59797525,Dormant / Lost,8.28,No Offer (Low Risk),0.0,0.0
CC-10501,Gold,1068,0.06991672,Champions / Whales,2566.49,No Offer (Low Risk),0.0,0.0
CC-10502,Standard,298,0.06531234,New / Promising,-182.14,No Offer (Low Risk),0.0,0.0
CC-10503,Platinum,1149,0.80249095,At-Risk High Value,234.3,No Offer (Low Risk),0.0,0.0
CC-10504,Gold,1502,0.1291365,Champions / Whales,405.92,No Offer (Low Risk),0.0,0.0
CC-10505,Standard,251,0.098574504,New / Promising,-284.78,No Offer (Low Risk),0.0,0.0
CC-10506,Platinum,1607,0.092248976,Champions / Whales,1077.98,No Offer (Low Risk),0.0,0.0
CC-10507,Platinum,4051,0.1334485,Champions / Whales,1193.8,No Offer (Low Risk),0.0,0.0
CC-10508,Black,6731,0.13804185,At-Risk High Value,-183.79,No Offer (Low Risk),0.0,0.0
CC-10509,Gold,694,0.070870616,Loyal High Spenders,189.56,No Offer (Low Risk),0.0,0.0
CC-10510,Gold,745,0.032209896,New / Promising,75.86,No Offer (Low Risk),0.0,0.0
CC-10511,Standard,291,0.10450198,New / Promising,-596.96,No Offer (Low Risk),0.0,0.0
CC-10512,Black,7788,0.25277928,At-Risk High Value,8741.75,Fee Waiver,495.0,7125.88
CC-10513,Platinum,1629,0.115559,Champions / Whales,914.55,No Offer (Low Risk),0.0,0.0
CC-10514,Standard,177,0.073382005,New / Promising,8.36,No Offer (Low Risk),0.0,0.0
CC-10515,Standard,191,0.42245153,Need Attention,-168.99,No Offer (Low Risk),0.0,0.0
CC-10516,Standard,306,0.9025014,Dormant / Lost,-63.23,No Offer (Low Risk),0.0,0.0
CC-10517,Platinum,2640,0.1316529,At-Risk High Value,871.61,No Offer (Low Risk),0.0,0.0
CC-10518,Black,6264,0.124338806,Champions / Whales,-89.15,No Offer (Low Risk),0.0,0.0
CC-10519,Standard,221,0.07035922,New / Promising,-346.91,No Offer (Low Risk),0.0,0.0
CC-10520,Gold,899,0.04050205,Loyal High Spenders,215.87,No Offer (Low Risk),0.0,0.0
CC-10521,Standard,315,0.10253548,Dormant / Lost,-280.2,No Offer (Low Risk),0.0,0.0
CC-10522,Black,9917,0.09752863,At-Risk High Value,18779.76,No Offer (Low Risk),0.0,0.0
CC-10523,Platinum,1565,0.9228041,At-Risk High Value,206.39,No Offer (Low Risk),0.0,0.0
CC-10524,Platinum,2615,0.37725365,At-Risk High Value,2589.42,Fee Waiver,295.0,2441.46
CC-10525,Gold,876,0.03573421,Loyal High Spenders,153.76,No Offer (Low Risk),0.0,0.0
CC-10526,Standard,208,0.13314012,Dormant / Lost,-245.6,No Offer (Low Risk),0.0,0.0
CC-10527,Standard,143,0.09421077,Dormant / Lost,-567.32,No Offer (Low Risk),0.0,0.0
CC-10528,Standard,468,0.32852507,Need Attention,343.01,Apr Cut,120.0,154.64
CC-10529,Platinum,753,0.79166466,Dormant / Lost,207.26,Points Boost,135.54,18.39
CC-10530,Platinum,2879,0.035676006,Champions / Whales,1579.13,No Offer (Low Risk),0.0,0.0
CC-10531,Black,5075,0.08745462,Champions / Whales,516.93,No Offer (Low Risk),0.0,0.0
CC-10532,Black,8736,0.13718195,Champions / Whales,14235.36,No Offer (Low Risk),0.0,0.0
CC-10533,Gold,1251,0.18346882,Champions / Whales,287.62,No Offer (Low Risk),0.0,0.0
CC-10534,Platinum,2336,0.06365526,Champions / Whales,1124.86,No Offer (Low Risk),0.0,0.0
CC-10535,Black,7226,0.6615293,At-Risk High Value,3798.13,Fee Waiver,495.0,4431.1
CC-10536,Platinum,3097,0.86019295,At-Risk High Value,182.43,No Offer (Low Risk),0.0,0.0
CC-10537,Standard,186,0.040849146,Dormant / Lost,-969.33,No Offer (Low Risk),0.0,0.0
CC-10538,Gold,1014,0.07407992,Champions / Whales,459.21,No Offer (Low Risk),0.0,0.0
CC-10539,Standard,167,0.17478193,New / Promising,159.44,No Offer (Low Risk),0.0,0.0
CC-10540,Black,3750,0.06842642,Champions / Whales,1102.91,No Offer (Low Risk),0.0,0.0
CC-10541,Gold,1265,0.04058072,Champions / Whales,4288.99,No Offer (Low Risk),0.0,0.0
CC-10542,Standard,205,0.15386318,Need Attention,-222.36,No Offer (Low Risk),0.0,0.0
CC-10543,Gold,1131,0.7451059,At-Risk High Value,68.07,No Offer (Low Risk),0.0,0.0
CC-10544,Gold,1548,0.46780926,Champions / Whales,198.24,Fee Waiver,95.0,133.56
CC-10545,Standard,313,0.05529623,Loyal High Spenders,-153.13,No Offer (Low Risk),0.0,0.0
CC-10546,Standard,302,0.68490255,New / Promising,-110.23,No Offer (Low Risk),0.0,0.0
CC-10547,Gold,1176,0.83475995,At-Risk High Value,75.85,No Offer (Low Risk),0.0,0.0
CC-10548,Gold,512,0.6617848,Need Attention,334.35,Fee Waiver,95.0,338.69
CC-10549,Platinum,3497,0.9500287,At-Risk High Value,251.09,No Offer (Low Risk),0.0,0.0
CC-10550,Gold,465,0.10829076,Need Attention,403.71,No Offer (Low Risk),0.0,0.0
CC-10551,Platinum,1862,0.17691076,Champions / Whales,937.78,No Offer (Low Risk),0.0,0.0
CC-10552,Gold,1110,0.89204115,At-Risk High Value,69.05,No Offer (Low Risk),0.0,0.0
CC-10553,Gold,848,0.16811411,Loyal High Spenders,124.87,No Offer (Low Risk),0.0,0.0
CC-10554,Platinum,1227,0.4634836,Champions / Whales,358.01,Fee Waiver,295.0,116.31
CC-10555,Standard,179,0.15024865,Need Attention,-225.46,No Offer (Low Risk),0.0,0.0
CC-10556,Standard,352,0.12403661,Dormant / Lost,364.0,No Offer (Low Risk),0.0,0.0
CC-10557,Standard,293,0.76079583,Dormant / Lost,-64.89,No Offer (Low Risk),0.0,0.0
CC-10558,Platinum,2649,0.121806115,Champions / Whales,5847.18,No Offer (Low Risk),0.0,0.0
CC-10559,Gold,987,0.07734685,Champions / Whales,426.28,No Offer (Low Risk),0.0,0.0
CC-10560,Gold,693,0.65248877,Need Attention,132.08,Fee Waiver,95.0,75.59
CC-10561,Standard,180,0.31360242,Need Attention,-248.67,No Offer (Low Risk),0.0,0.0
CC-10562,Standard,414,0.40446246,Dormant / Lost,-136.26,No Offer (Low Risk),0.0,0.0
CC-10563,Standard,382,0.14999716,New / Promising,-82.36,No Offer (Low Risk),0.0,0.0
CC-10564,Standard,154,0.08585645,New / Promising,9.47,No Offer (Low Risk),0.0,0.0
CC-10565,Gold,1012,0.1178453,Loyal High Spenders,359.89,No Offer (Low Risk),0.0,0.0
CC-10566,Standard,222,0.5755711,New / Promising,-82.72,No Offer (Low Risk),0.0,0.0
CC-10567,Standard,273,0.1108266,Dormant / Lost,-317.13,No Offer (Low Risk),0.0,0.0
CC-10568,Platinum,2039,0.96442086,At-Risk High Value,979.0,Apr Cut,120.0,532.67
CC-10569,Standard,446,0.086200364,Loyal High Spenders,-254.3,No Offer (Low Risk),0.0,0.0
CC-10570,Gold,1074,0.16766153,At-Risk High Value,393.48,No Offer (Low Risk),0.0,0.0
CC-10571,Platinum,2515,0.1295518,At-Risk High Value,5097.72,No Offer (Low Risk),0.0,0.0
CC-10572,Standard,191,0.24808995,New / Promising,79.81,No Offer (Low Risk),0.0,0.0
CC-10573,Gold,1081,0.06941641,Champions / Whales,650.17,No Offer (Low Risk),0.0,0.0
CC-10574,Platinum,2142,0.7931917,Champions / Whales,1167.1,Apr Cut,120.0,915.9
CC-10575,Black,6143,0.08793992,Champions / Whales,394.33,No Offer (Low Risk),0.0,0.0
CC-10576,Standard,255,0.054312162,New / Promising,-150.86,No Offer (Low Risk),0.0,0.0
CC-10577,Platinum,3592,0.9018616,At-Risk High Value,220.35,No Offer (Low Risk),0.0,0.0
CC-10578,Gold,861,0.13596939,Loyal High Spenders,1601.78,No Offer (Low Risk),0.0,0.0
CC-10579,Standard,231,0.06657521,New / Promising,-432.18,No Offer (Low Risk),0.0,0.0
CC-10580,Gold,863,0.08164874,Loyal High Spenders,381.12,No Offer (Low Risk),0.0,0.0
CC-10581,Black,9231,0.01869844,Champions / Whales,-1242.64,No Offer (Low Risk),0.0,0.0
CC-10582,Gold,1525,0.09599445,Champions / Whales,608.54,No Offer (Low Risk),0.0,0.0
CC-10583,Standard,337,0.17899588,New / Promising,233.98,No Offer (Low Risk),0.0,0.0
CC-10584,Gold,823,0.09482673,Champions / Whales,373.61,No Offer (Low Risk),0.0,0.0
CC-10585,Standard,254,0.11543246,New / Promising,-129.09,No Offer (Low Risk),0.0,0.0
CC-10586,Standard,342,0.09644773,New / Promising,181.88,No Offer (Low Risk),0.0,0.0
CC-10587,Standard,568,0.12364226,Loyal High Spenders,43.24,No Offer (Low Risk),0.0,0.0
CC-10588,Standard,399,0.085555546,Loyal High Spenders,-512.14,No Offer (Low Risk),0.0,0.0
CC-10589,Standard,240,0.09307928,New / Promising,263.98,No Offer (Low Risk),0.0,0.0
CC-10590,Standard,162,0.13492541,New / Promising,-425.07,No Offer (Low Risk),0.0,0.0
CC-10591,Gold,1008,0.07160185,Loyal High Spenders,268.06,No Offer (Low Risk),0.0,0.0
CC-10592,Standard,201,0.03280041,New / Promising,-136.97,No Offer (Low Risk),0.0,0.0
CC-10593,Standard,363,0.1619522,New / Promising,-110.13,No Offer (Low Risk),0.0,0.0
CC-10594,Platinum,1548,0.02482752,Champions / Whales,6525.0,No Offer (Low Risk),0.0,0.0
CC-10595,Gold,946,0.13688838,At-Risk High Value,471.91,No Offer (Low Risk),0.0,0.0
CC-10596,Gold,719,0.16334182,Loyal High Spenders,289.93,No Offer (Low Risk),0.0,0.0
CC-10597,Standard,423,0.1056992,New / Promising,-174.82,No Offer (Low Risk),0.0,0.0
CC-10598,Standard,203,0.14769404,New / Promising,-241.91,No Offer (Low Risk),0.0,0.0
CC-10599,Standard,420,0.90243644,Dormant / Lost,-42.85,No Offer (Low Risk),0.0,0.0
CC-10600,Standard,325,0.88433266,Dormant / Lost,-45.49,No Offer (Low Risk),0.0,0.0
CC-10601,Standard,100,0.033886004,New / Promising,-429.47,No Offer (Low Risk),0.0,0.0
CC-10602,Standard,310,0.111576766,Loyal High Spenders,284.29,No Offer (Low Risk),0.0,0.0
CC-10603,Standard,291,0.16344652,Loyal High Spenders,-229.61,No Offer (Low Risk),0.0,0.0
CC-10604,Standard,362,0.06667095,New / Promising,-156.72,No Offer (Low Risk),0.0,0.0
CC-10605,Gold,1201,0.10817031,Champions / Whales,253.69,No Offer (Low Risk),0.0,0.0
CC-10606,Standard,412,0.18597862,New / Promising,-259.25,No Offer (Low Risk),0.0,0.0
CC-10607,Standard,291,0.12430266,New / Promising,-122.25,No Offer (Low Risk),0.0,0.0
CC-10608,Gold,851,0.12118951,Champions / Whales,354.22,No Offer (Low Risk),0.0,0.0
CC-10609,Gold,893,0.28769577,Loyal High Spenders,1061.92,Fee Waiver,95.0,894.47
CC-10610,Standard,391,0.94543207,Dormant / Lost,92.29,No Offer (Low Risk),0.0,0.0
CC-10611,Platinum,2196,0.042711187,Champions / Whales,1585.79,No Offer (Low Risk),0.0,0.0
CC-10612,Gold,459,0.13057564,Need Attention,-138.57,No Offer (Low Risk),0.0,0.0
CC-10613,Standard,268,0.22056367,New / Promising,-338.84,No Offer (Low Risk),0.0,0.0
CC-10614,Platinum,1539,0.048056487,Champions / Whales,1299.1,No Offer (Low Risk),0.0,0.0
CC-10615,Platinum,3449,0.18158871,At-Risk High Value,882.1,No Offer (Low Risk),0.0,0.0
CC-10616,Standard,222,0.7589019,New / Promising,12.73,No Offer (Low Risk),0.0,0.0
CC-10617,Standard,367,0.20743479,New / Promising,-151.8,No Offer (Low Risk),0.0,0.0
CC-10618,Platinum,2626,0.3145087,Champions / Whales,463.1,Fee Waiver,295.0,155.65
CC-10619,Gold,1294,0.07298819,Champions / Whales,545.07,No Offer (Low Risk),0.0,0.0
CC-10620,Standard,514,0.11766839,New / Promising,-287.18,No Offer (Low Risk),0.0,0.0
CC-10621,Standard,248,0.08057948,New / Promising,321.3,No Offer (Low Risk),0.0,0.0
CC-10622,Standard,424,0.6662213,New / Promising,150.17,Apr Cut,120.0,32.77
CC-10623,Gold,1314,0.45751175,Champions / Whales,218.15,Fee Waiver,95.0,154.39
CC-10624,Gold,1476,0.07878058,Champions / Whales,628.59,No Offer (Low Risk),0.0,0.0
CC-10625,Standard,100,0.1811606,New / Promising,-240.22,No Offer (Low Risk),0.0,0.0
CC-10626,Gold,768,0.15119605,Dormant / Lost,287.98,No Offer (Low Risk),0.0,0.0
CC-10627,Gold,854,0.07542838,Loyal High Spenders,2225.47,No Offer (Low Risk),0.0,0.0
CC-10628,Standard,251,0.15878671,New / Promising,-208.43,No Offer (Low Risk),0.0,0.0
CC-10629,Standard,173,0.7883909,Dormant / Lost,-5.56,No Offer (Low Risk),0.0,0.0
CC-10630,Gold,698,0.053436335,Loyal High Spenders,197.93,No Offer (Low Risk),0.0,0.0
CC-10631,Platinum,1812,0.21496356,Champions / Whales,831.68,Fee Waiver,295.0,368.15
CC-10632,Gold,988,0.14483193,Loyal High Spenders,1858.13,No Offer (Low Risk),0.0,0.0
CC-10633,Gold,1556,0.04415979,Champions / Whales,4873.13,No Offer (Low Risk),0.0,0.0
CC-10634,Standard,146,0.05379422,New / Promising,-480.45,No Offer (Low Risk),0.0,0.0
CC-10635,Standard,364,0.23624246,New / Promising,-53.0,No Offer (Low Risk),0.0,0.0
CC-10636,Gold,1227,0.15571561,Champions / Whales,2176.52,No Offer (Low Risk),0.0,0.0
CC-10637,Standard,201,0.16390751,New / Promising,-298.74,No Offer (Low Risk),0.0,0.0
CC-10638,Standard,342,0.50114965,Dormant / Lost,-61.91,No Offer (Low Risk),0.0,0.0
CC-10639,Standard,186,0.3637464,New / Promising,73.92,No Offer (Low Risk),0.0,0.0
CC-10640,Standard,302,0.0671196,Dormant / Lost,-288.89,No Offer (Low Risk),0.0,0.0
CC-10641,Standard,241,0.10087549,Dormant / Lost,-246.07,No Offer (Low Risk),0.0,0.0
CC-10642,Standard,184,0.113765135,New / Promising,57.63,No Offer (Low Risk),0.0,0.0
CC-10643,Standard,302,0.082529984,New / Promising,-282.15,No Offer (Low Risk),0.0,0.0
CC-10644,Standard,445,0.2955765,New / Promising,-184.82,No Offer (Low Risk),0.0,0.0
CC-10645,Platinum,1843,0.08960872,Champions / Whales,988.72,No Offer (Low Risk),0.0,0.0
CC-10646,Gold,933,0.29789814,At-Risk High Value,1054.16,Fee Waiver,95.0,904.3
CC-10647,Gold,782,0.12432611,Loyal High Spenders,359.48,No Offer (Low Risk),0.0,0.0
CC-10648,Platinum,2542,0.14645904,Champions / Whales,811.29,No Offer (Low Risk),0.0,0.0
CC-10649,Gold,473,0.040732846,Loyal High Spenders,172.1,No Offer (Low Risk),0.0,0.0
CC-10650,Standard,162,0.10151009,New / Promising,-357.35,No Offer (Low Risk),0.0,0.0
CC-10651,Gold,708,0.061586503,Loyal High Spenders,523.25,No Offer (Low Risk),0.0,0.0
CC-10652,Gold,875,0.08564288,Loyal High Spenders,169.63,No Offer (Low Risk),0.0,0.0
CC-10653,Gold,675,0.18336007,Loyal High Spenders,109.33,No Offer (Low Risk),0.0,0.0
CC-10654,Standard,347,0.28066543,New / Promising,288.44,Apr Cut,120.0,95.51
CC-10655,Standard,357,0.3933544,New / Promising,-140.22,No Offer (Low Risk),0.0,0.0
CC-10656,Standard,321,0.50970995,New / Promising,-67.75,No Offer (Low Risk),0.0,0.0
CC-10657,Standard,255,0.14346854,New / Promising,-124.57,No Offer (Low Risk),0.0,0.0
CC-10658,Gold,902,0.12560776,Champions / Whales,335.54,No Offer (Low Risk),0.0,0.0
CC-10659,Gold,499,0.16823466,Loyal High Spenders,790.32,No Offer (Low Risk),0.0,0.0
CC-10660,Standard,156,0.31108764,New / Promising,-5.38,No Offer (Low Risk),0.0,0.0
CC-10661,Black,2940,0.038371544,Champions / Whales,10202.6,No Offer (Low Risk),0.0,0.0
CC-10662,Gold,559,0.1156165,Loyal High Spenders,-20.45,No Offer (Low Risk),0.0,0.0
CC-10663,Standard,235,0.10941317,New / Promising,16.86,No Offer (Low Risk),0.0,0.0
CC-10664,Standard,321,0.1986051,New / Promising,151.14,No Offer (Low Risk),0.0,0.0
CC-10665,Standard,395,0.12562975,New / Promising,-296.95,No Offer (Low Risk),0.0,0.0
CC-10666,Standard,315,0.09647605,New / Promising,-227.46,No Offer (Low Risk),0.0,0.0
CC-10667,Standard,148,0.33596814,New / Promising,-29.29,No Offer (Low Risk),0.0,0.0
CC-10668,Standard,181,0.06895713,New / Promising,-587.84,No Offer (Low Risk),0.0,0.0
CC-10669,Standard,505,0.3222374,Dormant / Lost,-61.32,No Offer (Low Risk),0.0,0.0
CC-10670,Standard,485,0.040782675,New / Promising,-528.33,No Offer (Low Risk),0.0,0.0
CC-10671,Platinum,2113,0.058023304,Champions / Whales,1659.0,No Offer (Low Risk),0.0,0.0
CC-10672,Standard,184,0.14429037,Need Attention,-209.34,No Offer (Low Risk),0.0,0.0
CC-10673,Gold,800,0.14487685,Loyal High Spenders,261.32,No Offer (Low Risk),0.0,0.0
CC-10674,Standard,346,0.058343954,New / Promising,-277.24,No Offer (Low Risk),0.0,0.0
CC-10675,Black,3571,0.21709728,Champions / Whales,584.39,Vip Perks,150.0,136.05
CC-10676,Standard,354,0.090806365,New / Promising,422.05,No Offer (Low Risk),0.0,0.0
CC-10677,Standard,311,0.25370777,Need Attention,-150.49,No Offer (Low Risk),0.0,0.0
CC-10678,Black,7194,0.46711332,Champions / Whales,5086.16,Fee Waiver,495.0,5365.87
CC-10679,Platinum,2060,0.86182165,At-Risk High Value,240.95,No Offer (Low Risk),0.0,0.0
CC-10680,Platinum,548,0.19191076,Need Attention,598.44,No Offer (Low Risk),0.0,0.0
CC-10681,Standard,245,0.42103827,Dormant / Lost,-147.65,No Offer (Low Risk),0.0,0.0
CC-10682,Standard,461,0.06415527,Dormant / Lost,-209.37,No Offer (Low Risk),0.0,0.0
CC-10683,Gold,1428,0.08335847,Champions / Whales,562.4,No Offer (Low Risk),0.0,0.0
CC-10684,Platinum,3706,0.08388104,Champions / Whales,1223.51,No Offer (Low Risk),0.0,0.0
CC-10685,Gold,1464,0.11592613,Champions / Whales,596.36,No Offer (Low Risk),0.0,0.0
CC-10686,Gold,379,0.06796037,Loyal High Spenders,12.86,No Offer (Low Risk),0.0,0.0
CC-10687,Standard,127,0.06920058,New / Promising,-154.67,No Offer (Low Risk),0.0,0.0
CC-10688,Platinum,1489,0.58074594,At-Risk High Value,1242.31,Fee Waiver,295.0,1251.37
CC-10689,Standard,192,0.09201754,New / Promising,-259.25,No Offer (Low Risk),0.0,0.0
CC-10690,Standard,171,0.27124006,New / Promising,94.76,No Offer (Low Risk),0.0,0.0
CC-10691,Standard,202,0.33044615,New / Promising,-184.81,No Offer (Low Risk),0.0,0.0
CC-10692,Gold,1242,0.18032928,Champions / Whales,243.78,No Offer (Low Risk),0.0,0.0
CC-10693,Standard,218,0.21243806,New / Promising,-305.63,No Offer (Low Risk),0.0,0.0
CC-10694,Standard,309,0.26355317,New / Promising,-132.11,No Offer (Low Risk),0.0,0.0
CC-10695,Gold,284,0.08473577,Dormant / Lost,782.74,No Offer (Low Risk),0.0,0.0
CC-10696,Standard,246,0.21019937,New / Promising,-199.39,No Offer (Low Risk),0.0,0.0
CC-10697,Gold,729,0.21806364,Loyal High Spenders,1098.11,Fee Waiver,95.0,787.75
CC-10698,Standard,260,0.119228825,New / Promising,-351.69,No Offer (Low Risk),0.0,0.0
CC-10699,Gold,1170,0.8096585,At-Risk High Value,84.28,No Offer (Low Risk),0.0,0.0
CC-10700,Gold,1206,0.11199617,Champions / Whales,353.54,No Offer (Low Risk),0.0,0.0
CC-10701,Standard,285,0.37048575,Dormant / Lost,156.65,Apr Cut,120.0,11.69
CC-10702,Standard,199,0.6898135,Dormant / Lost,-58.8,No Offer (Low Risk),0.0,0.0
CC-10703,Standard,187,0.1940318,New / Promising,-42.55,No Offer (Low Risk),0.0,0.0
CC-10704,Standard,136,0.08342467,New / Promising,-491.05,No Offer (Low Risk),0.0,0.0
CC-10705,Black,5401,0.028265059,Champions / Whales,748.92,No Offer (Low Risk),0.0,0.0
CC-10706,Standard,283,0.060196757,New / Promising,231.78,No Offer (Low Risk),0.0,0.0
CC-10707,Platinum,2319,0.10029841,At-Risk High Value,1196.51,No Offer (Low Risk),0.0,0.0
CC-10708,Standard,145,0.04235922,New / Promising,-578.96,No Offer (Low Risk),0.0,0.0
CC-10709,Gold,611,0.87753516,Dormant / Lost,11.71,No Offer (Low Risk),0.0,0.0
CC-10710,Platinum,3844,0.1565891,Champions / Whales,936.36,No Offer (Low Risk),0.0,0.0
CC-10711,Gold,818,0.16912904,Champions / Whales,183.18,No Offer (Low Risk),0.0,0.0
CC-10712,Gold,862,0.061040085,Champions / Whales,598.3,No Offer (Low Risk),0.0,0.0
CC-10713,Standard,562,0.042124085,Loyal High Spenders,-602.36,No Offer (Low Risk),0.0,0.0
CC-10714,Standard,440,0.06676284,Loyal High Spenders,-140.08,No Offer (Low Risk),0.0,0.0
CC-10715,Platinum,1859,0.081394866,Champions / Whales,1488.13,No Offer (Low Risk),0.0,0.0
CC-10716,Platinum,3314,0.054453205,Champions / Whales,1547.26,No Offer (Low Risk),0.0,0.0
CC-10717,Black,5019,0.44242802,At-Risk High Value,260.46,Vip Perks,150.0,17.58
CC-10718,Standard,132,0.13681658,Need Attention,114.52,No Offer (Low Risk),0.0,0.0
CC-10719,Gold,1601,0.23278964,Champions / Whales,389.41,Fee Waiver,95.0,229.68
CC-10720,Black,6942,0.59865785,Champions / Whales,3978.99,Fee Waiver,495.0,4507.2
CC-10721,Standard,236,0.47050932,Dormant / Lost,-175.86,No Offer (Low Risk),0.0,0.0
CC-10722,Standard,334,0.20131347,New / Promising,-168.26,No Offer (Low Risk),0.0,0.0
CC-10723,Gold,697,0.1224385,Loyal High Spenders,207.43,No Offer (Low Risk),0.0,0.0
CC-10724,Gold,487,0.71585554,Need Attention,87.33,Fee Waiver,95.0,12.42
CC-10725,Platinum,1814,0.10812424,At-Risk High Value,4348.99,No Offer (Low Risk),0.0,0.0
CC-10726,Standard,156,0.53198636,New / Promising,-146.93,No Offer (Low Risk),0.0,0.0
CC-10727,Platinum,1815,0.87190324,At-Risk High Value,202.64,No Offer (Low Risk),0.0,0.0
CC-10728,Standard,266,0.18226345,New / Promising,114.72,No Offer (Low Risk),0.0,0.0
CC-10729,Standard,329,0.16662222,Need Attention,-158.95,No Offer (Low Risk),0.0,0.0
CC-10730,Standard,230,0.044151664,New / Promising,-496.98,No Offer (Low Risk),0.0,0.0
CC-10731,Platinum,675,0.08348224,Loyal High Spenders,1099.23,No Offer (Low Risk),0.0,0.0
CC-10732,Gold,592,0.9472088,Need Attention,41.74,No Offer (Low Risk),0.0,0.0
CC-10733,Gold,525,0.17004508,New / Promising,960.06,No Offer (Low Risk),0.0,0.0
CC-10734,Standard,203,0.13487248,New / Promising,-13.75,No Offer (Low Risk),0.0,0.0
CC-10735,Platinum,1142,0.078741826,Champions / Whales,1124.47,No Offer (Low Risk),0.0,0.0
CC-10736,Standard,459,0.14850962,Loyal High Spenders,-332.42,No Offer (Low Risk),0.0,0.0
CC-10737,Platinum,1391,0.2876518,Champions / Whales,573.56,Fee Waiver,295.0,239.39
CC-10738,Standard,442,0.24412513,Loyal High Spenders,412.84,Apr Cut,120.0,168.62
CC-10739,Standard,311,0.7491458,Dormant / Lost,-37.15,No Offer (Low Risk),0.0,0.0
CC-10740,Gold,1028,0.10375299,Champions / Whales,376.19,No Offer (Low Risk),0.0,0.0
CC-10741,Standard,166,0.22521642,Dormant / Lost,-161.4,No Offer (Low Risk),0.0,0.0
CC-10742,Gold,950,0.03885126,Champions / Whales,728.12,No Offer (Low Risk),0.0,0.0
CC-10743,Gold,1846,0.38805887,Champions / Whales,309.96,Fee Waiver,95.0,236.54
CC-10744,Standard,240,0.13552803,New / Promising,115.95,No Offer (Low Risk),0.0,0.0
CC-10745,Platinum,2860,0.46333092,At-Risk High Value,367.58,Fee Waiver,295.0,127.26
CC-10746,Standard,304,0.067108914,New / Promising,-137.75,No Offer (Low Risk),0.0,0.0
CC-10747,Gold,603,0.1725423,New / Promising,702.53,No Offer (Low Risk),0.0,0.0
CC-10748,Platinum,1704,0.19213468,Champions / Whales,642.37,No Offer (Low Risk),0.0,0.0
CC-10749,Gold,712,0.8934629,Need Attention,61.78,No Offer (Low Risk),0.0,0.0
CC-10750,Standard,350,0.093293175,New / Promising,-326.86,No Offer (Low Risk),0.0,0.0
CC-10751,Black,6145,0.4332504,Champions / Whales,157.9,No Offer (Low Risk),0.0,0.0
CC-10752,Gold,1235,0.23352395,At-Risk High Value,326.93,Fee Waiver,95.0,178.07
CC-10753,Standard,450,0.16619578,Loyal High Spenders,597.04,No Offer (Low Risk),0.0,0.0
CC-10754,Standard,233,0.8943887,Dormant / Lost,31.03,No Offer (Low Risk),0.0,0.0
CC-10755,Platinum,1782,0.95422924,At-Risk High Value,210.9,No Offer (Low Risk),0.0,0.0
CC-10756,Gold,960,0.078680724,Champions / Whales,2582.43,No Offer (Low Risk),0.0,0.0
CC-10757,Gold,562,0.10717716,Loyal High Spenders,-132.21,No Offer (Low Risk),0.0,0.0
CC-10758,Platinum,2221,0.19887538,Champions / Whales,727.13,No Offer (Low Risk),0.0,0.0
CC-10759,Platinum,3117,0.86634624,At-Risk High Value,275.13,Vip Perks,150.0,6.24
CC-10760,Standard,274,0.24466006,New / Promising,-156.12,No Offer (Low Risk),0.0,0.0
CC-10761,Standard,267,0.4319029,Dormant / Lost,52.57,No Offer (Low Risk),0.0,0.0
CC-10762,Standard,204,0.09344299,New / Promising,-149.19,No Offer (Low Risk),0.0,0.0
CC-10763,Gold,1199,0.07870741,Champions / Whales,299.71,No Offer (Low Risk),0.0,0.0
CC-10764,Standard,321,0.09867751,New / Promising,-463.77,No Offer (Low Risk),0.0,0.0
CC-10765,Gold,525,0.04694355,Loyal High Spenders,291.2,No Offer (Low Risk),0.0,0.0
CC-10766,Platinum,3072,0.41743174,Champions / Whales,433.85,Fee Waiver,295.0,183.33
CC-10767,Platinum,1022,0.24650764,Loyal High Spenders,616.06,Fee Waiver,295.0,234.92
CC-10768,Standard,207,0.13244152,New / Promising,-198.59,No Offer (Low Risk),0.0,0.0
CC-10769,Platinum,2299,0.031810123,Champions / Whales,1878.46,No Offer (Low Risk),0.0,0.0
CC-10770,Standard,170,0.4069288,New / Promising,-118.58,No Offer (Low Risk),0.0,0.0
CC-10771,Platinum,2776,0.032939155,Champions / Whales,1704.39,No Offer (Low Risk),0.0,0.0
CC-10772,Standard,113,0.15890601,New / Promising,-315.4,No Offer (Low Risk),0.0,0.0
CC-10773,Standard,263,0.035933178,New / Promising,-61.57,No Offer (Low Risk),0.0,0.0
CC-10774,Platinum,2396,0.40859064,At-Risk High Value,306.73,Vip Perks,150.0,42.52
CC-10775,Standard,298,0.04841281,New / Promising,-639.9,No Offer (Low Risk),0.0,0.0
CC-10776,Standard,560,0.7264677,Need Attention,-35.54,No Offer (Low Risk),0.0,0.0
CC-10777,Gold,629,0.04205479,Loyal High Spenders,444.19,No Offer (Low Risk),0.0,0.0
CC-10778,Gold,1033,0.09857755,At-Risk High Value,525.08,No Offer (Low Risk),0.0,0.0
CC-10779,Gold,1102,0.14972301,Champions / Whales,238.74,No Offer (Low Risk),0.0,0.0
CC-10780,Gold,797,0.0880156,Loyal High Spenders,194.35,No Offer (Low Risk),0.0,0.0
CC-10781,Gold,941,0.45131257,Champions / Whales,51.82,No Offer (Low Risk),0.0,0.0
CC-10782,Standard,307,0.13100836,New / Promising,500.33,No Offer (Low Risk),0.0,0.0
CC-10783,Standard,297,0.5866011,New / Promising,-74.6,No Offer (Low Risk),0.0,0.0
CC-10784,Standard,438,0.0548512,Loyal High Spenders,-75.43,No Offer (Low Risk),0.0,0.0
CC-10785,Platinum,1688,0.28795472,Champions / Whales,2332.26,Fee Waiver,295.0,1879.12
CC-10786,Gold,1051,0.19399323,Champions / Whales,275.41,No Offer (Low Risk),0.0,0.0
CC-10787,Standard,245,0.09674225,Dormant / Lost,193.45,No Offer (Low Risk),0.0,0.0
CC-10788,Gold,234,0.07186798,New / Promising,-215.75,No Offer (Low Risk),0.0,0.0
CC-10789,Black,4996,0.13860592,Champions / Whales,8971.66,No Offer (Low Risk),0.0,0.0
CC-10790,Standard,247,0.06686076,New / Promising,-419.15,No Offer (Low Risk),0.0,0.0
CC-10791,Gold,1084,0.07465406,Champions / Whales,519.77,No Offer (Low Risk),0.0,0.0
CC-10792,Gold,928,0.047871057,Loyal High Spenders,62.22,No Offer (Low Risk),0.0,0.0
CC-10793,Gold,1215,0.497388,Champions / Whales,133.21,Fee Waiver,95.0,62.13
CC-10794,Standard,221,0.20375857,New / Promising,-331.68,No Offer (Low Risk),0.0,0.0
CC-10795,Platinum,1675,0.38682157,Champions / Whales,1836.79,Fee Waiver,295.0,1667.01
CC-10796,Black,9756,0.03450707,Champions / Whales,-1117.41,No Offer (Low Risk),0.0,0.0
CC-10797,Gold,724,0.89392257,Dormant / Lost,70.28,No Offer (Low Risk),0.0,0.0
CC-10798,Gold,153,0.64784276,Dormant / Lost,63.73,No Offer (Low Risk),0.0,0.0
CC-10799,Platinum,1551,0.05338982,Champions / Whales,980.7,No Offer (Low Risk),0.0,0.0
CC-10800,Gold,694,0.18988365,Loyal High Spenders,1164.64,No Offer (Low Risk),0.0,0.0
CC-10801,Standard,318,0.060569443,New / Promising,381.14,No Offer (Low Risk),0.0,0.0
CC-10802,Gold,884,0.15343398,Loyal High Spenders,414.86,No Offer (Low Risk),0.0,0.0
CC-10803,Gold,1083,0.0748025,Loyal High Spenders,367.44,No Offer (Low Risk),0.0,0.0
CC-10804,Standard,209,0.039446197,New / Promising,-552.61,No Offer (Low Risk),0.0,0.0
CC-10805,Gold,1009,0.42693424,Champions / Whales,47.86,No Offer (Low Risk),0.0,0.0
CC-10806,Black,3782,0.123246886,At-Risk High Value,837.37,No Offer (Low Risk),0.0,0.0
CC-10807,Platinum,1692,0.12651023,At-Risk High Value,4051.21,No Offer (Low Risk),0.0,0.0
CC-10808,Gold,1173,0.7716567,At-Risk High Value,85.49,No Offer (Low Risk),0.0,0.0
CC-10809,Standard,291,0.09392257,New / Promising,-293.06,No Offer (Low Risk),0.0,0.0
CC-10810,Black,6061,0.23521347,At-Risk High Value,136.69,No Offer (Low Risk),0.0,0.0
CC-10811,Platinum,2643,0.23193881,Champions / Whales,636.41,Fee Waiver,295.0,234.56
CC-10812,Standard,234,0.1710749,New / Promising,-323.56,No Offer (Low Risk),0.0,0.0
CC-10813,Platinum,944,0.21749215,At-Risk High Value,1874.82,Fee Waiver,295.0,1209.88
CC-10814,Platinum,1705,0.85848385,At-Risk High Value,208.26,No Offer (Low Risk),0.0,0.0
CC-10815,Gold,994,0.8887251,At-Risk High Value,496.15,Fee Waiver,95.0,319.44
CC-10816,Gold,910,0.09533271,Loyal High Spenders,281.47,No Offer (Low Risk),0.0,0.0
CC-10817,Standard,416,0.3285456,Loyal High Spenders,356.37,Apr Cut,120.0,165.34
CC-10818,Standard,134,0.2705135,New / Promising,-260.91,No Offer (Low Risk),0.0,0.0
CC-10819,Standard,308,0.26045996,Dormant / Lost,237.81,Apr Cut,120.0,51.57
CC-10820,Platinum,2195,0.14015867,Champions / Whales,998.76,No Offer (Low Risk),0.0,0.0
CC-10821,Standard,316,0.0836384,New / Promising,-287.36,No Offer (Low Risk),0.0,0.0
CC-10822,Standard,299,0.06555696,New / Promising,-500.73,No Offer (Low Risk),0.0,0.0
CC-10823,Standard,475,0.59459406,Loyal High Spenders,262.47,Apr Cut,120.0,138.82
CC-10824,Gold,797,0.7523945,At-Risk High Value,27.39,No Offer (Low Risk),0.0,0.0
CC-10825,Platinum,817,0.054852497,Loyal High Spenders,1397.39,No Offer (Low Risk),0.0,0.0
CC-10826,Standard,258,0.05653164,Need Attention,-180.67,No Offer (Low Risk),0.0,0.0
CC-10827,Standard,173,0.44002658,Dormant / Lost,-145.59,No Offer (Low Risk),0.0,0.0
CC-10828,Gold,805,0.10370248,Loyal High Spenders,184.68,No Offer (Low Risk),0.0,0.0
CC-10829,Gold,614,0.12485468,Dormant / Lost,254.7,No Offer (Low Risk),0.0,0.0
CC-10830,Standard,247,0.37715182,Dormant / Lost,-76.31,No Offer (Low Risk),0.0,0.0
CC-10831,Gold,1107,0.14766233,Champions / Whales,1783.03,No Offer (Low Risk),0.0,0.0
CC-10832,Standard,369,0.15793891,New / Promising,-322.87,No Offer (Low Risk),0.0,0.0
CC-10833,Standard,487,0.24189545,Loyal High Spenders,-135.86,No Offer (Low Risk),0.0,0.0
CC-10834,Gold,674,0.046008144,Loyal High Spenders,398.27,No Offer (Low Risk),0.0,0.0
CC-10835,Standard,124,0.08912047,New / Promising,-700.45,No Offer (Low Risk),0.0,0.0
CC-10836,Platinum,1832,0.021545686,Champions / Whales,7371.47,No Offer (Low Risk),0.0,0.0
CC-10837,Standard,427,0.08198681,Loyal High Spenders,-466.96,No Offer (Low Risk),0.0,0.0
CC-10838,Gold,832,0.07569119,Loyal High Spenders,2079.67,No Offer (Low Risk),0.0,0.0
CC-10839,Gold,515,0.059031423,Loyal High Spenders,173.61,No Offer (Low Risk),0.0,0.0
CC-10840,Standard,365,0.58831,New / Promising,95.57,No Offer (Low Risk),0.0,0.0
CC-10841,Gold,804,0.10026553,Champions / Whales,449.95,No Offer (Low Risk),0.0,0.0
CC-10842,Standard,316,0.14973179,New / Promising,-205.74,No Offer (Low Risk),0.0,0.0
CC-10843,Black,2697,0.044123583,Champions / Whales,1529.31,No Offer (Low Risk),0.0,0.0
CC-10844,Standard,196,0.6527879,Need Attention,-106.28,No Offer (Low Risk),0.0,0.0
CC-10845,Standard,330,0.04624134,Loyal High Spenders,-482.9,No Offer (Low Risk),0.0,0.0
CC-10846,Standard,400,0.91716933,Dormant / Lost,-32.66,No Offer (Low Risk),0.0,0.0
CC-10847,Black,10206,0.07994646,Champions / Whales,-1174.07,No Offer (Low Risk),0.0,0.0
CC-10848,Gold,898,0.13367887,Champions / Whales,210.8,No Offer (Low Risk),0.0,0.0
CC-10849,Gold,742,0.4637477,Need Attention,76.04,No Offer (Low Risk),0.0,0.0
CC-10850,Standard,224,0.27082762,New / Promising,30.88,No Offer (Low Risk),0.0,0.0
CC-10851,Gold,1117,0.070301,Champions / Whales,620.61,No Offer (Low Risk),0.0,0.0
CC-10852,Standard,333,0.13963577,New / Promising,-362.17,No Offer (Low Risk),0.0,0.0
CC-10853,Platinum,2591,0.15466775,Champions / Whales,629.21,No Offer (Low Risk),0.0,0.0
CC-10854,Standard,267,0.11284395,New / Promising,-318.12,No Offer (Low Risk),0.0,0.0
CC-10855,Standard,242,0.32612115,New / Promising,-102.62,No Offer (Low Risk),0.0,0.0
CC-10856,Standard,168,0.2707905,New / Promising,-60.11,No Offer (Low Risk),0.0,0.0
CC-10857,Gold,1183,0.24123271,At-Risk High Value,216.39,Fee Waiver,95.0,88.97
CC-10858,Gold,1297,0.095051944,At-Risk High Value,365.65,No Offer (Low Risk),0.0,0.0
CC-10859,Standard,255,0.47444248,New / Promising,-71.97,No Offer (Low Risk),0.0,0.0
CC-10860,Platinum,2254,0.13231374,At-Risk High Value,820.4,No Offer (Low Risk),0.0,0.0
CC-10861,Gold,684,0.6601289,Loyal High Spenders,58.96,No Offer (Low Risk),0.0,0.0
CC-10862,Gold,734,0.045921385,Loyal High Spenders,319.35,No Offer (Low Risk),0.0,0.0
CC-10863,Standard,290,0.5556184,Dormant / Lost,-121.84,No Offer (Low Risk),0.0,0.0
CC-10864,Standard,237,0.08937957,New / Promising,-333.03,No Offer (Low Risk),0.0,0.0
CC-10865,Gold,1048,0.2245555,Champions / Whales,123.21,Fee Waiver,95.0,5.7
CC-10866,Standard,379,0.027325304,Loyal High Spenders,-578.91,No Offer (Low Risk),0.0,0.0
CC-10867,Standard,536,0.05202501,Loyal High Spenders,-390.73,No Offer (Low Risk),0.0,0.0
CC-10868,Platinum,2923,0.08937864,Champions / Whales,1013.42,No Offer (Low Risk),0.0,0.0
CC-10869,Black,7770,0.14746559,At-Risk High Value,-169.48,No Offer (Low Risk),0.0,0.0
CC-10870,Standard,403,0.05857772,New / Promising,-241.96,No Offer (Low Risk),0.0,0.0
CC-10871,Standard,253,0.080134004,New / Promising,329.42,No Offer (Low Risk),0.0,0.0
CC-10872,Gold,1137,0.23863456,Champions / Whales,142.19,Fee Waiver,95.0,25.18
CC-10873,Standard,349,0.15197283,Dormant / Lost,-114.93,No Offer (Low Risk),0.0,0.0
CC-10874,Standard,208,0.15424548,New / Promising,-358.71,No Offer (Low Risk),0.0,0.0
CC-10875,Standard,417,0.07974161,Loyal High Spenders,-239.73,No Offer (Low Risk),0.0,0.0
CC-10876,Gold,908,0.07072431,At-Risk High Value,458.22,No Offer (Low Risk),0.0,0.0
CC-10877,Gold,1185,0.41078326,Champions / Whales,133.4,Fee Waiver,95.0,51.12
CC-10878,Standard,222,0.048106965,New / Promising,-568.04,No Offer (Low Risk),0.0,0.0
CC-10879,Standard,387,0.049168937,New / Promising,1035.94,No Offer (Low Risk),0.0,0.0
CC-10880,Standard,231,0.13254201,New / Promising,128.49,No Offer (Low Risk),0.0,0.0
CC-10881,Gold,870,0.09767686,Loyal High Spenders,395.39,No Offer (Low Risk),0.0,0.0
CC-10882,Standard,368,0.29571956,New / Promising,284.27,Apr Cut,120.0,97.47
CC-10883,Standard,348,0.1429334,Loyal High Spenders,-248.67,No Offer (Low Risk),0.0,0.0
CC-10884,Platinum,1897,0.84186125,At-Risk High Value,229.8,No Offer (Low Risk),0.0,0.0
CC-10885,Standard,219,0.5273101,New / Promising,-66.65,No Offer (Low Risk),0.0,0.0
CC-10886,Gold,335,0.049703278,New / Promising,390.77,No Offer (Low Risk),0.0,0.0
CC-10887,Standard,263,0.20526288,Dormant / Lost,-234.26,No Offer (Low Risk),0.0,0.0
CC-10888,Standard,337,0.12905656,New / Promising,293.94,No Offer (Low Risk),0.0,0.0
CC-10889,Standard,224,0.0681011,New / Promising,-229.56,No Offer (Low Risk),0.0,0.0
CC-10890,Gold,575,0.099486105,Loyal High Spenders,146.93,No Offer (Low Risk),0.0,0.0
CC-10891,Platinum,965,0.026380962,Champions / Whales,1862.54,No Offer (Low Risk),0.0,0.0
CC-10892,Platinum,2535,0.14599265,Champions / Whales,1078.98,No Offer (Low Risk),0.0,0.0
CC-10893,Standard,382,0.13129875,New / Promising,443.28,No Offer (Low Risk),0.0,0.0
CC-10894,Gold,339,0.24645418,Need Attention,35.01,No Offer (Low Risk),0.0,0.0
CC-10895,Standard,246,0.18532144,New / Promising,-299.45,No Offer (Low Risk),0.0,0.0
CC-10896,Standard,229,0.20394324,Need Attention,-308.81,No Offer (Low Risk),0.0,0.0
CC-10897,Platinum,2431,0.1521605,Champions / Whales,4624.04,No Offer (Low Risk),0.0,0.0
CC-10898,Standard,245,0.092403695,Dormant / Lost,-368.7,No Offer (Low Risk),0.0,0.0
CC-10899,Standard,176,0.02945895,New / Promising,-709.49,No Offer (Low Risk),0.0,0.0
CC-10900,Standard,460,0.18072152,Dormant / Lost,-72.63,No Offer (Low Risk),0.0,0.0
CC-10901,Standard,298,0.11452059,New / Promising,-516.55,No Offer (Low Risk),0.0,0.0
CC-10902,Standard,249,0.25407428,New / Promising,-281.21,No Offer (Low Risk),0.0,0.0
CC-10903,Gold,881,0.10747246,Champions / Whales,2000.94,No Offer (Low Risk),0.0,0.0
CC-10904,Standard,277,0.098499574,New / Promising,-302.12,No Offer (Low Risk),0.0,0.0
CC-10905,Platinum,2393,0.12287849,Champions / Whales,968.69,No Offer (Low Risk),0.0,0.0
CC-10906,Platinum,1450,0.032580327,Champions / Whales,1862.57,No Offer (Low Risk),0.0,0.0
CC-10907,Standard,297,0.09992524,Need Attention,149.16,No Offer (Low Risk),0.0,0.0
CC-10908,Standard,477,0.44464475,Dormant / Lost,-108.16,No Offer (Low Risk),0.0,0.0
CC-10909,Standard,144,0.091350295,New / Promising,-504.94,No Offer (Low Risk),0.0,0.0
CC-10910,Gold,1432,0.10161103,At-Risk High Value,386.04,No Offer (Low Risk),0.0,0.0
CC-10911,Standard,358,0.15869491,New / Promising,-283.93,No Offer (Low Risk),0.0,0.0
CC-10912,Gold,1347,0.04326438,Champions / Whales,696.47,No Offer (Low Risk),0.0,0.0
CC-10913,Standard,195,0.37891704,New / Promising,-91.58,No Offer (Low Risk),0.0,0.0
CC-10914,Gold,478,0.10571209,Loyal High Spenders,354.23,No Offer (Low Risk),0.0,0.0
CC-10915,Standard,311,0.107848905,New / Promising,408.52,No Offer (Low Risk),0.0,0.0
CC-10916,Standard,282,0.07365123,New / Promising,-392.8,No Offer (Low Risk),0.0,0.0
CC-10917,Black,5955,0.8450471,At-Risk High Value,38.0,No Offer (Low Risk),0.0,0.0
CC-10918,Platinum,2003,0.15425342,Champions / Whales,856.66,No Offer (Low Risk),0.0,0.0
CC-10919,Standard,458,0.160321,Dormant / Lost,-218.73,No Offer (Low Risk),0.0,0.0
CC-10920,Platinum,2374,0.03059232,Champions / Whales,1305.21,No Offer (Low Risk),0.0,0.0
CC-10921,Gold,450,0.05077716,Loyal High Spenders,-5.04,No Offer (Low Risk),0.0,0.0
CC-10922,Platinum,1301,0.12389677,At-Risk High Value,664.82,No Offer (Low Risk),0.0,0.0
CC-10923,Platinum,1556,0.06082226,Champions / Whales,1562.78,No Offer (Low Risk),0.0,0.0
CC-10924,Standard,226,0.10441332,Dormant / Lost,53.76,No Offer (Low Risk),0.0,0.0
CC-10925,Standard,100,0.11745182,New / Promising,-467.28,No Offer (Low Risk),0.0,0.0
CC-10926,Standard,156,0.53481305,Dormant / Lost,-79.94,No Offer (Low Risk),0.0,0.0
CC-10927,Gold,573,0.51916444,New / Promising,29.31,No Offer (Low Risk),0.0,0.0
CC-10928,Gold,1187,0.24137968,Loyal High Spenders,234.61,Fee Waiver,95.0,104.53
CC-10929,Standard,315,0.09959652,New / Promising,-248.0,No Offer (Low Risk),0.0,0.0
CC-10930,Standard,154,0.44271883,Dormant / Lost,-141.55,No Offer (Low Risk),0.0,0.0
CC-10931,Platinum,1424,0.042139135,Champions / Whales,5655.37,No Offer (Low Risk),0.0,0.0
CC-10932,Black,3024,0.44230855,At-Risk High Value,438.96,Vip Perks,150.0,132.41
CC-10933,Gold,935,0.027772792,Champions / Whales,358.68,No Offer (Low Risk),0.0,0.0
CC-10934,Standard,229,0.06109318,New / Promising,-614.3,No Offer (Low Risk),0.0,0.0
CC-10935,Standard,409,0.28161547,Loyal High Spenders,-85.37,No Offer (Low Risk),0.0,0.0
CC-10936,Standard,227,0.072342895,New / Promising,-419.92,No Offer (Low Risk),0.0,0.0
CC-10937,Platinum,2836,0.078076266,Champions / Whales,1312.53,No Offer (Low Risk),0.0,0.0
CC-10938,Standard,299,0.2070055,New / Promising,231.46,Apr Cut,120.0,28.66
CC-10939,Gold,521,0.11996504,Need Attention,1232.97,No Offer (Low Risk),0.0,0.0
CC-10940,Standard,549,0.07217646,Loyal High Spenders,875.15,No Offer (Low Risk),0.0,0.0
CC-10941,Gold,1027,0.43620783,Champions / Whales,177.86,Fee Waiver,95.0,104.58
CC-10942,Gold,628,0.12732048,Loyal High Spenders,295.75,No Offer (Low Risk),0.0,0.0
CC-10943,Platinum,2666,0.8149983,At-Risk High Value,274.18,Vip Perks,150.0,19.84
CC-10944,Standard,234,0.094284214,Need Attention,-480.48,No Offer (Low Risk),0.0,0.0
CC-10945,Standard,271,0.18464044,New / Promising,81.3,No Offer (Low Risk),0.0,0.0
CC-10946,Standard,478,0.04320439,New / Promising,32.54,No Offer (Low Risk),0.0,0.0
CC-10947,Platinum,3079,0.23402783,At-Risk High Value,4387.3,Fee Waiver,295.0,3373.78
CC-10948,Platinum,2606,0.9083262,At-Risk High Value,1283.82,Apr Cut,120.0,796.51
CC-10949,Gold,511,0.9026842,Need Attention,34.77,No Offer (Low Risk),0.0,0.0
CC-10950,Gold,913,0.8072724,At-Risk High Value,62.41,No Offer (Low Risk),0.0,0.0
CC-10951,Gold,1368,0.055603754,Champions / Whales,3960.83,No Offer (Low Risk),0.0,0.0
CC-10952,Standard,184,0.71012086,New / Promising,-114.25,No Offer (Low Risk),0.0,0.0
CC-10953,Platinum,4410,0.107752204,Champions / Whales,1129.52,No Offer (Low Risk),0.0,0.0
CC-10954,Standard,150,0.15667292,Need Attention,-14.18,No Offer (Low Risk),0.0,0.0
CC-10955,Standard,522,0.043176774,Loyal High Spenders,968.17,No Offer (Low Risk),0.0,0.0
CC-10956,Gold,894,0.030890761,Champions / Whales,636.41,No Offer (Low Risk),0.0,0.0
CC-10957,Standard,198,0.12395219,New / Promising,-270.82,No Offer (Low Risk),0.0,0.0
CC-10958,Standard,349,0.19803582,New / Promising,-258.12,No Offer (Low Risk),0.0,0.0
CC-10959,Gold,363,0.082181476,Loyal High Spenders,200.95,No Offer (Low Risk),0.0,0.0
CC-10960,Standard,155,0.0925758,New / Promising,-290.74,No Offer (Low Risk),0.0,0.0
CC-10961,Gold,538,0.28461742,Dormant / Lost,91.26,No Offer (Low Risk),0.0,0.0
CC-10962,Standard,264,0.033313144,New / Promising,-751.09,No Offer (Low Risk),0.0,0.0
CC-10963,Standard,545,0.87064564,Need Attention,-53.5,No Offer (Low Risk),0.0,0.0
CC-10964,Standard,181,0.06407887,New / Promising,-371.47,No Offer (Low Risk),0.0,0.0
CC-10965,Standard,230,0.42189804,Need Attention,64.0,No Offer (Low Risk),0.0,0.0
CC-10966,Gold,663,0.1242889,Loyal High Spenders,131.17,No Offer (Low Risk),0.0,0.0
CC-10967,Standard,430,0.111383915,New / Promising,601.75,No Offer (Low Risk),0.0,0.0
CC-10968,Gold,431,0.17366412,Dormant / Lost,840.59,No Offer (Low Risk),0.0,0.0
CC-10969,Gold,822,0.0914766,Loyal High Spenders,188.38,No Offer (Low Risk),0.0,0.0
CC-10970,Gold,923,0.055703256,At-Risk High Value,426.39,No Offer (Low Risk),0.0,0.0
CC-10971,Black,4466,0.5259637,Champions / Whales,3081.06,Fee Waiver,495.0,3212.81
CC-10972,Gold,1113,0.11589282,Champions / Whales,2574.7,No Offer (Low Risk),0.0,0.0
CC-10973,Standard,328,0.574943,New / Promising,80.02,No Offer (Low Risk),0.0,0.0
CC-10974,Standard,262,0.112815976,New / Promising,-427.04,No Offer (Low Risk),0.0,0.0
CC-10975,Standard,260,0.17828327,New / Promising,-243.21,No Offer (Low Risk),0.0,0.0
CC-10976,Gold,843,0.14267741,Champions / Whales,1438.12,No Offer (Low Risk),0.0,0.0
CC-10977,Standard,144,0.12225731,Dormant / Lost,-44.5,No Offer (Low Risk),0.0,0.0
CC-10978,Gold,635,0.05005924,New / Promising,220.38,No Offer (Low Risk),0.0,0.0
CC-10979,Gold,481,0.08526655,Loyal High Spenders,210.99,No Offer (Low Risk),0.0,0.0
CC-10980,Standard,294,0.7026204,Dormant / Lost,-84.29,No Offer (Low Risk),0.0,0.0
CC-10981,Platinum,2424,0.028431673,Champions / Whales,1682.22,No Offer (Low Risk),0.0,0.0
CC-10982,Standard,336,0.14909062,New / Promising,-229.07,No Offer (Low Risk),0.0,0.0
CC-10983,Standard,285,0.11071139,New / Promising,-459.59,No Offer (Low Risk),0.0,0.0
CC-10984,Gold,723,0.12959275,Need Attention,207.76,No Offer (Low Risk),0.0,0.0
CC-10985,Gold,1323,0.2798869,Champions / Whales,307.43,Fee Waiver,95.0,187.53
CC-10986,Gold,612,0.07966798,Loyal High Spenders,1347.65,No Offer (Low Risk),0.0,0.0
CC-10987,Standard,283,0.90592784,Dormant / Lost,-56.24,No Offer (Low Risk),0.0,0.0
CC-10988,Standard,307,0.27825916,Dormant / Lost,176.73,Apr Cut,120.0,11.52
CC-10989,Platinum,1329,0.5248045,Champions / Whales,371.03,Fee Waiver,295.0,151.16
CC-10990,Platinum,1805,0.24165414,At-Risk High Value,2681.69,Fee Waiver,295.0,1987.1
CC-10991,Gold,749,0.28974524,Need Attention,838.39,Fee Waiver,95.0,688.96
CC-10992,Standard,197,0.2640127,New / Promising,85.52,No Offer (Low Risk),0.0,0.0
CC-10993,Gold,1147,0.20179957,Champions / Whales,1815.21,Fee Waiver,95.0,1300.42
CC-10994,Standard,279,0.22977668,Dormant / Lost,-187.19,No Offer (Low Risk),0.0,0.0
CC-10995,Standard,456,0.42134765,Loyal High Spenders,233.55,Apr Cut,120.0,86.07
CC-10996,Platinum,2692,0.13960245,Champions / Whales,1021.02,No Offer (Low Risk),0.0,0.0
CC-10997,Standard,349,0.25548324,Dormant / Lost,195.79,Apr Cut,120.0,19.95
CC-10998,Black,5215,0.16629349,At-Risk High Value,453.86,No Offer (Low Risk),0.0,0.0
CC-10999,Standard,252,0.04833823,Need Attention,-509.11,No Offer (Low Risk),0.0,0.0
CC-11000,Standard,180,0.10281162,New / Promising,-15.38,No Offer (Low Risk),0.0,0.0
CC-11001,Gold,982,0.041047256,Champions / Whales,3283.3,No Offer (Low Risk),0.0,0.0
CC-11002,Platinum,1352,0.20564716,Champions / Whales,808.45,Fee Waiver,295.0,333.38
CC-11003,Gold,354,0.5295312,Dormant / Lost,263.23,Fee Waiver,95.0,222.53
CC-11004,Platinum,2049,0.08594268,Champions / Whales,1177.73,No Offer (Low Risk),0.0,0.0
CC-11005,Gold,753,0.10297066,Loyal High Spenders,263.34,No Offer (Low Risk),0.0,0.0
CC-11006,Gold,1352,0.95586693,At-Risk High Value,587.06,Fee Waiver,95.0,345.29
CC-11007,Platinum,3428,0.06375548,Champions / Whales,1323.44,No Offer (Low Risk),0.0,0.0
CC-11008,Standard,182,0.061988886,New / Promising,-505.71,No Offer (Low Risk),0.0,0.0
CC-11009,Gold,823,0.06740026,Champions / Whales,2361.17,No Offer (Low Risk),0.0,0.0
CC-11010,Standard,188,0.16831104,New / Promising,-168.76,No Offer (Low Risk),0.0,0.0
CC-11011,Black,5783,0.10931473,Champions / Whales,139.5,No Offer (Low Risk),0.0,0.0
CC-11012,Black,6097,0.08028065,Champions / Whales,151.32,No Offer (Low Risk),0.0,0.0
CC-11013,Standard,269,0.07048144,New / Promising,-393.24,No Offer (Low Risk),0.0,0.0
CC-11014,Gold,954,0.19787367,At-Risk High Value,1571.98,No Offer (Low Risk),0.0,0.0
CC-11015,Platinum,1086,0.1979817,Champions / Whales,624.3,No Offer (Low Risk),0.0,0.0
CC-11016,Standard,198,0.09197709,New / Promising,-185.7,No Offer (Low Risk),0.0,0.0
CC-11017,Gold,696,0.057279836,Loyal High Spenders,392.93,No Offer (Low Risk),0.0,0.0
CC-11018,Platinum,2456,0.0851359,Champions / Whales,1360.68,No Offer (Low Risk),0.0,0.0
CC-11019,Standard,341,0.32114112,Loyal High Spenders,-126.77,No Offer (Low Risk),0.0,0.0
CC-11020,Gold,1227,0.82439274,At-Risk High Value,32.92,No Offer (Low Risk),0.0,0.0
CC-11021,Standard,400,0.0468145,New / Promising,-133.84,No Offer (Low Risk),0.0,0.0
CC-11022,Platinum,1755,0.4707226,Champions / Whales,1606.37,Fee Waiver,295.0,1561.45
CC-11023,Black,10491,0.045228638,Champions / Whales,-1705.79,No Offer (Low Risk),0.0,0.0
CC-11024,Black,7938,0.02504261,Champions / Whales,-630.43,No Offer (Low Risk),0.0,0.0
CC-11025,Gold,355,0.20923325,Dormant / Lost,21.83,No Offer (Low Risk),0.0,0.0
CC-11026,Platinum,1441,0.849498,At-Risk High Value,795.19,Apr Cut,120.0,510.75
CC-11027,Platinum,1585,0.23031655,Champions / Whales,663.88,Fee Waiver,295.0,255.28
CC-11028,Standard,277,0.1587536,Dormant / Lost,197.02,No Offer (Low Risk),0.0,0.0
CC-11029,Platinum,2611,0.47420168,Champions / Whales,2173.37,Fee Waiver,295.0,2223.69
CC-11030,Standard,304,0.18206796,New / Promising,-155.64,No Offer (Low Risk),0.0,0.0
CC-11031,Gold,764,0.15355764,Need Attention,269.09,No Offer (Low Risk),0.0,0.0
CC-11032,Standard,195,0.21366632,New / Promising,-153.51,No Offer (Low Risk),0.0,0.0
CC-11033,Standard,345,0.35340828,New / Promising,-167.8,No Offer (Low Risk),0.0,0.0
CC-11034,Standard,323,0.08257867,New / Promising,-56.3,No Offer (Low Risk),0.0,0.0
CC-11035,Gold,1133,0.30557615,Champions / Whales,1282.89,Fee Waiver,95.0,1136.27
CC-11036,Standard,168,0.44717512,New / Promising,-139.17,No Offer (Low Risk),0.0,0.0
CC-11037,Gold,1561,0.10943922,At-Risk High Value,3549.81,No Offer (Low Risk),0.0,0.0
CC-11038,Standard,500,0.04838503,Loyal High Spenders,868.82,No Offer (Low Risk),0.0,0.0
CC-11039,Standard,181,0.117590286,New / Promising,-557.93,No Offer (Low Risk),0.0,0.0
CC-11040,Gold,1195,0.16793992,Champions / Whales,424.05,No Offer (Low Risk),0.0,0.0
CC-11041,Platinum,2193,0.13986868,Champions / Whales,921.09,No Offer (Low Risk),0.0,0.0
CC-11042,Standard,269,0.15980712,Need Attention,-301.72,No Offer (Low Risk),0.0,0.0
CC-11043,Gold,138,0.82155895,Need Attention,39.86,No Offer (Low Risk),0.0,0.0
CC-11044,Platinum,1883,0.8772614,At-Risk High Value,259.02,No Offer (Low Risk),0.0,0.0
CC-11045,Gold,1280,0.09955052,Loyal High Spenders,312.45,No Offer (Low Risk),0.0,0.0
CC-11046,Standard,331,0.8059881,Dormant / Lost,-43.15,No Offer (Low Risk),0.0,0.0
CC-11047,Standard,364,0.4253286,New / Promising,-30.76,No Offer (Low Risk),0.0,0.0
CC-11048,Platinum,1904,0.16863555,Champions / Whales,678.99,No Offer (Low Risk),0.0,0.0
CC-11049,Standard,252,0.1413461,Dormant / Lost,-74.13,No Offer (Low Risk),0.0,0.0
CC-11050,Platinum,732,0.08715436,Loyal High Spenders,1232.24,No Offer (Low Risk),0.0,0.0
CC-11051,Gold,661,0.038697515,Loyal High Spenders,30.43,No Offer (Low Risk),0.0,0.0
CC-11052,Black,6453,0.9443815,At-Risk High Value,2489.64,Apr Cut,120.0,1554.69
CC-11053,Platinum,1441,0.13281824,At-Risk High Value,1023.2,No Offer (Low Risk),0.0,0.0
CC-11054,Black,7323,0.02467439,Champions / Whales,-153.28,No Offer (Low Risk),0.0,0.0
CC-11055,Standard,178,0.07927902,Dormant / Lost,-385.43,No Offer (Low Risk),0.0,0.0
CC-11056,Platinum,1595,0.10693633,At-Risk High Value,1156.93,No Offer (Low Risk),0.0,0.0
CC-11057,Standard,112,0.72532046,Dormant / Lost,-130.2,No Offer (Low Risk),0.0,0.0
CC-11058,Gold,1095,0.065422356,Champions / Whales,442.38,No Offer (Low Risk),0.0,0.0
CC-11059,Gold,511,0.107575804,Dormant / Lost,1061.25,No Offer (Low Risk),0.0,0.0
CC-11060,Platinum,1010,0.11152417,At-Risk High Value,1116.37,No Offer (Low Risk),0.0,0.0
CC-11061,Black,7313,0.11605832,Champions / Whales,13641.59,No Offer (Low Risk),0.0,0.0
CC-11062,Platinum,3165,0.25989208,Champions / Whales,489.73,Fee Waiver,295.0,138.23
CC-11063,Standard,375,0.04964204,New / Promising,-561.94,No Offer (Low Risk),0.0,0.0
CC-11064,Standard,181,0.10568439,New / Promising,-390.36,No Offer (Low Risk),0.0,0.0
CC-11065,Gold,725,0.7270965,Dormant / Lost,63.52,No Offer (Low Risk),0.0,0.0
CC-11066,Standard,598,0.19122489,Loyal High Spenders,-234.15,No Offer (Low Risk),0.0,0.0
CC-11067,Standard,409,0.062981375,New / Promising,-375.69,No Offer (Low Risk),0.0,0.0
CC-11068,Standard,187,0.21921016,Dormant / Lost,-258.14,No Offer (Low Risk),0.0,0.0
CC-11069,Standard,268,0.03206175,New / Promising,-612.44,No Offer (Low Risk),0.0,0.0
CC-11070,Standard,206,0.051536113,New / Promising,-573.06,No Offer (Low Risk),0.0,0.0
CC-11071,Standard,252,0.061420016,New / Promising,-398.28,No Offer (Low Risk),0.0,0.0
CC-11072,Standard,454,0.16877958,Loyal High Spenders,-53.09,No Offer (Low Risk),0.0,0.0
CC-11073,Standard,137,0.47677922,Dormant / Lost,-145.9,No Offer (Low Risk),0.0,0.0
CC-11074,Black,9120,0.30994925,At-Risk High Value,-330.24,No Offer (Low Risk),0.0,0.0
CC-11075,Standard,191,0.13093393,New / Promising,-370.67,No Offer (Low Risk),0.0,0.0
CC-11076,Standard,326,0.91477174,Dormant / Lost,-29.87,No Offer (Low Risk),0.0,0.0
CC-11077,Gold,541,0.08313385,Loyal High Spenders,190.08,No Offer (Low Risk),0.0,0.0
CC-11078,Standard,412,0.042826787,Loyal High Spenders,-435.91,No Offer (Low Risk),0.0,0.0
CC-11079,Black,2041,0.048006665,Champions / Whales,2111.73,No Offer (Low Risk),0.0,0.0
CC-11080,Platinum,1993,0.9598477,At-Risk High Value,981.36,Apr Cut,120.0,534.24
CC-11081,Standard,424,0.07702132,New / Promising,-31.18,No Offer (Low Risk),0.0,0.0
CC-11082,Standard,239,0.23814522,New / Promising,-117.29,No Offer (Low Risk),0.0,0.0
CC-11083,Platinum,2365,0.048591983,Champions / Whales,7929.97,No Offer (Low Risk),0.0,0.0
CC-11084,Black,8628,0.086064085,Champions / Whales,17961.18,No Offer (Low Risk),0.0,0.0
CC-11085,Gold,1503,0.75659484,At-Risk High Value,91.5,Fee Waiver,95.0,6.27
CC-11086,Gold,1123,0.4802271,Champions / Whales,154.34,Fee Waiver,95.0,84.71
CC-11087,Standard,236,0.24447237,Dormant / Lost,-114.99,No Offer (Low Risk),0.0,0.0
CC-11088,Black,1964,0.07095764,Champions / Whales,1817.58,No Offer (Low Risk),0.0,0.0
CC-11089,Standard,155,0.15689467,Dormant / Lost,-191.17,No Offer (Low Risk),0.0,0.0
CC-11090,Black,10327,0.051453106,At-Risk High Value,-1329.78,No Offer (Low Risk),0.0,0.0
CC-11091,Gold,999,0.14918509,Champions / Whales,1809.78,No Offer (Low Risk),0.0,0.0
CC-11092,Gold,554,0.08441647,Loyal High Spenders,259.03,No Offer (Low Risk),0.0,0.0
CC-11093,Gold,1016,0.95334107,At-Risk High Value,483.71,Fee Waiver,95.0,267.79
CC-11094,Standard,227,0.12321033,Need Attention,-269.7,No Offer (Low Risk),0.0,0.0
CC-11095,Standard,348,0.087845586,Loyal High Spenders,-151.03,No Offer (Low Risk),0.0,0.0
CC-11096,Standard,417,0.04911001,Loyal High Spenders,-594.46,No Offer (Low Risk),0.0,0.0
CC-11097,Standard,382,0.13764337,Dormant / Lost,309.29,No Offer (Low Risk),0.0,0.0
CC-11098,Platinum,945,0.033594474,Loyal High Spenders,4402.65,No Offer (Low Risk),0.0,0.0
CC-11099,Standard,256,0.06738614,New / Promising,-542.4,No Offer (Low Risk),0.0,0.0
CC-11100,Standard,272,0.88913846,Dormant / Lost,-103.66,No Offer (Low Risk),0.0,0.0
CC-11101,Black,7213,0.5665943,At-Risk High Value,21.83,No Offer (Low Risk),0.0,0.0
CC-11102,Platinum,1110,0.13852203,At-Risk High Value,1085.6,No Offer (Low Risk),0.0,0.0
CC-11103,Platinum,2102,0.15895608,Champions / Whales,734.37,No Offer (Low Risk),0.0,0.0
CC-11104,Black,6725,0.84268403,At-Risk High Value,3.27,No Offer (Low Risk),0.0,0.0
CC-11105,Standard,298,0.054336116,New / Promising,700.22,No Offer (Low Risk),0.0,0.0
CC-11106,Standard,222,0.09894256,New / Promising,-331.05,No Offer (Low Risk),0.0,0.0
CC-11107,Platinum,2675,0.085054725,Champions / Whales,1129.02,No Offer (Low Risk),0.0,0.0
CC-11108,Gold,737,0.2095085,Need Attention,82.36,No Offer (Low Risk),0.0,0.0
CC-11109,Standard,368,0.09185684,New / Promising,557.97,No Offer (Low Risk),0.0,0.0
CC-11110,Platinum,2751,0.8899592,At-Risk High Value,263.95,No Offer (Low Risk),0.0,0.0
CC-11111,Standard,136,0.95374167,Need Attention,29.07,No Offer (Low Risk),0.0,0.0
CC-11112,Standard,410,0.093941584,Loyal High Spenders,-351.19,No Offer (Low Risk),0.0,0.0
CC-11113,Gold,754,0.6767469,Dormant / Lost,91.14,Fee Waiver,95.0,24.01
CC-11114,Gold,516,0.74448496,Need Attention,1.18,No Offer (Low Risk),0.0,0.0
CC-11115,Gold,1600,0.12630361,Champions / Whales,458.9,No Offer (Low Risk),0.0,0.0
CC-11116,Standard,543,0.08877844,Loyal High Spenders,1189.33,No Offer (Low Risk),0.0,0.0
CC-11117,Platinum,1612,0.06546645,Champions / Whales,995.43,No Offer (Low Risk),0.0,0.0
CC-11118,Standard,325,0.09222815,Loyal High Spenders,-282.11,No Offer (Low Risk),0.0,0.0
CC-11119,Standard,264,0.054627355,Dormant / Lost,-595.82,No Offer (Low Risk),0.0,0.0
CC-11120,Platinum,3013,0.14079167,Champions / Whales,5963.08,No Offer (Low Risk),0.0,0.0
CC-11121,Black,6421,0.91230065,At-Risk High Value,18.78,No Offer (Low Risk),0.0,0.0
CC-11122,Platinum,1493,0.9366108,At-Risk High Value,215.66,No Offer (Low Risk),0.0,0.0
CC-11123,Platinum,2108,0.089321956,Champions / Whales,1035.64,No Offer (Low Risk),0.0,0.0
CC-11124,Gold,563,0.07272473,Loyal High Spenders,1674.75,No Offer (Low Risk),0.0,0.0
CC-11125,Gold,912,0.4255558,Champions / Whales,157.85,Fee Waiver,95.0,80.39
CC-11126,Standard,431,0.07060514,New / Promising,-188.86,No Offer (Low Risk),0.0,0.0
CC-11127,Standard,271,0.07555528,Loyal High Spenders,-252.57,No Offer (Low Risk),0.0,0.0
CC-11128,Standard,405,0.082615234,New / Promising,679.41,No Offer (Low Risk),0.0,0.0
CC-11129,Standard,180,0.080709785,New / Promising,92.91,No Offer (Low Risk),0.0,0.0
CC-11130,Gold,1191,0.04127583,Champions / Whales,408.14,No Offer (Low Risk),0.0,0.0
CC-11131,Gold,516,0.84673303,Need Attention,72.95,No Offer (Low Risk),0.0,0.0
CC-11132,Standard,232,0.097810164,New / Promising,301.15,No Offer (Low Risk),0.0,0.0
CC-11133,Standard,322,0.14113376,New / Promising,-357.02,No Offer (Low Risk),0.0,0.0
CC-11134,Gold,602,0.34465587,Loyal High Spenders,64.84,No Offer (Low Risk),0.0,0.0
CC-11135,Standard,256,0.6715502,New / Promising,-114.61,No Offer (Low Risk),0.0,0.0
CC-11136,Platinum,1060,0.050519224,Champions / Whales,1329.86,No Offer (Low Risk),0.0,0.0
CC-11137,Gold,1181,0.082883075,Loyal High Spenders,330.27,No Offer (Low Risk),0.0,0.0
CC-11138,Gold,897,0.08662926,Champions / Whales,258.32,No Offer (Low Risk),0.0,0.0
CC-11139,Gold,587,0.0333049,Loyal High Spenders,461.95,No Offer (Low Risk),0.0,0.0
CC-11140,Platinum,1975,0.07072464,Champions / Whales,996.58,No Offer (Low Risk),0.0,0.0
CC-11141,Standard,123,0.16392,New / Promising,-405.5,No Offer (Low Risk),0.0,0.0
CC-11142,Gold,872,0.21864177,Champions / Whales,262.71,Fee Waiver,95.0,116.5
CC-11143,Gold,1445,0.0788952,At-Risk High Value,732.61,No Offer (Low Risk),0.0,0.0
CC-11144,Standard,440,0.19145007,Loyal High Spenders,593.82,No Offer (Low Risk),0.0,0.0
CC-11145,Platinum,1552,0.17801772,Champions / Whales,3032.97,No Offer (Low Risk),0.0,0.0
CC-11146,Platinum,3245,0.24771574,At-Risk High Value,4415.42,Fee Waiver,295.0,3512.97
CC-11147,Gold,993,0.84481,At-Risk High Value,56.35,No Offer (Low Risk),0.0,0.0
CC-11148,Platinum,1965,0.09888058,At-Risk High Value,1067.78,No Offer (Low Risk),0.0,0.0
CC-11149,Platinum,2354,0.27076003,Champions / Whales,3097.07,Fee Waiver,295.0,2503.57
CC-11150,Gold,1063,0.03569876,Loyal High Spenders,334.79,No Offer (Low Risk),0.0,0.0
CC-11151,Platinum,2629,0.10687481,Champions / Whales,6232.37,No Offer (Low Risk),0.0,0.0
CC-11152,Gold,750,0.43693903,Dormant / Lost,121.99,Fee Waiver,95.0,41.98
CC-11153,Gold,302,0.2893276,Dormant / Lost,75.77,No Offer (Low Risk),0.0,0.0
CC-11154,Gold,1270,0.5684284,Loyal High Spenders,148.2,Fee Waiver,95.0,88.16
CC-11155,Platinum,914,0.31145677,Loyal High Spenders,1403.82,Fee Waiver,295.0,1064.74
CC-11156,Standard,474,0.06150457,New / Promising,-187.73,No Offer (Low Risk),0.0,0.0
CC-11157,Platinum,2389,0.19413394,Champions / Whales,656.91,No Offer (Low Risk),0.0,0.0
CC-11158,Platinum,1156,0.84758365,At-Risk High Value,171.74,No Offer (Low Risk),0.0,0.0
CC-11159,Standard,279,0.26901856,New / Promising,-196.9,No Offer (Low Risk),0.0,0.0
CC-11160,Platinum,1630,0.1714754,Champions / Whales,848.36,No Offer (Low Risk),0.0,0.0
CC-11161,Standard,150,0.22350544,Dormant / Lost,-233.91,No Offer (Low Risk),0.0,0.0
CC-11162,Standard,427,0.11456875,Loyal High Spenders,767.49,No Offer (Low Risk),0.0,0.0
CC-11163,Gold,1039,0.048845503,Champions / Whales,572.88,No Offer (Low Risk),0.0,0.0
CC-11164,Standard,237,0.1796082,Need Attention,-422.41,No Offer (Low Risk),0.0,0.0
CC-11165,Platinum,1654,0.36088148,Champions / Whales,512.8,Fee Waiver,295.0,236.53
CC-11166,Platinum,1369,0.67550266,Champions / Whales,976.82,Fee Waiver,295.0,979.87
CC-11167,Gold,689,0.1143288,Loyal High Spenders,218.82,No Offer (Low Risk),0.0,0.0
CC-11168,Standard,170,0.09386101,New / Promising,-548.95,No Offer (Low Risk),0.0,0.0
CC-11169,Standard,621,0.06104216,Loyal High Spenders,1377.59,No Offer (Low Risk),0.0,0.0
CC-11170,Gold,219,0.15370573,New / Promising,-39.89,No Offer (Low Risk),0.0,0.0
CC-11171,Black,6626,0.24051139,At-Risk High Value,123.7,No Offer (Low Risk),0.0,0.0
CC-11172,Gold,743,0.0866948,Loyal High Spenders,300.54,No Offer (Low Risk),0.0,0.0
CC-11173,Standard,232,0.17619494,New / Promising,-364.38,No Offer (Low Risk),0.0,0.0
CC-11174,Gold,1105,0.05394189,Champions / Whales,664.15,No Offer (Low Risk),0.0,0.0
CC-11175,Gold,1153,0.044773377,Champions / Whales,437.1,No Offer (Low Risk),0.0,0.0
CC-11176,Platinum,2616,0.047230806,Champions / Whales,1412.41,No Offer (Low Risk),0.0,0.0
CC-11177,Standard,187,0.19630978,Dormant / Lost,-46.91,No Offer (Low Risk),0.0,0.0
CC-11178,Platinum,2994,0.08467755,Champions / Whales,1254.84,No Offer (Low Risk),0.0,0.0
CC-11179,Gold,768,0.16730595,Loyal High Spenders,72.69,No Offer (Low Risk),0.0,0.0
CC-11180,Black,3491,0.11174838,Champions / Whales,1031.55,No Offer (Low Risk),0.0,0.0
CC-11181,Standard,294,0.20936078,Dormant / Lost,-49.07,No Offer (Low Risk),0.0,0.0
CC-11182,Gold,1420,0.77446926,At-Risk High Value,76.71,No Offer (Low Risk),0.0,0.0
CC-11183,Black,1795,0.082611315,Champions / Whales,1770.7,No Offer (Low Risk),0.0,0.0
CC-11184,Standard,335,0.41584623,New / Promising,201.22,Apr Cut,120.0,56.71
CC-11185,Black,4454,0.12114394,Champions / Whales,8884.67,No Offer (Low Risk),0.0,0.0
CC-11186,Gold,1444,0.19119422,At-Risk High Value,2451.18,No Offer (Low Risk),0.0,0.0
CC-11187,Standard,186,0.20313579,New / Promising,-403.68,No Offer (Low Risk),0.0,0.0
CC-11188,Standard,129,0.113382734,New / Promising,-440.57,No Offer (Low Risk),0.0,0.0
CC-11189,Gold,955,0.41437814,Champions / Whales,198.53,Fee Waiver,95.0,123.23
CC-11190,Standard,239,0.06867241,New / Promising,110.51,No Offer (Low Risk),0.0,0.0
CC-11191,Gold,1144,0.048880488,Champions / Whales,330.2,No Offer (Low Risk),0.0,0.0
CC-11192,Standard,464,0.046803977,Loyal High Spenders,-401.56,No Offer (Low Risk),0.0,0.0
CC-11193,Gold,1169,0.3946936,At-Risk High Value,205.66,Fee Waiver,95.0,126.56
CC-11194,Standard,412,0.08714539,New / Promising,-384.57,No Offer (Low Risk),0.0,0.0
CC-11195,Platinum,2952,0.22240414,Champions / Whales,4490.45,Fee Waiver,295.0,3355.17
CC-11196,Black,3872,0.105912425,Champions / Whales,870.27,No Offer (Low Risk),0.0,0.0
CC-11197,Black,8194,0.092624746,Champions / Whales,-629.1,No Offer (Low Risk),0.0,0.0
CC-11198,Gold,908,0.057045102,Loyal High Spenders,583.72,No Offer (Low Risk),0.0,0.0
CC-11199,Standard,330,0.27222812,Dormant / Lost,-166.97,No Offer (Low Risk),0.0,0.0
CC-11200,Platinum,2086,0.4976925,Champions / Whales,1795.14,Fee Waiver,295.0,1822.95
CC-11201,Standard,519,0.27510864,Need Attention,-175.02,No Offer (Low Risk),0.0,0.0
CC-11202,Standard,180,0.09048234,New / Promising,-477.42,No Offer (Low Risk),0.0,0.0
CC-11203,Standard,444,0.15319763,Loyal High Spenders,-356.99,No Offer (Low Risk),0.0,0.0
CC-11204,Gold,732,0.060883645,Loyal High Spenders,485.38,No Offer (Low Risk),0.0,0.0
CC-11205,Platinum,2846,0.77896893,At-Risk High Value,261.56,Vip Perks,150.0,23.06
CC-11206,Gold,1078,0.07870537,Champions / Whales,566.52,No Offer (Low Risk),0.0,0.0
CC-11207,Standard,196,0.09495533,New / Promising,-164.45,No Offer (Low Risk),0.0,0.0
CC-11208,Standard,157,0.0747259,New / Promising,-562.19,No Offer (Low Risk),0.0,0.0
CC-11209,Black,7449,0.07220755,Champions / Whales,-283.44,No Offer (Low Risk),0.0,0.0
CC-11210,Standard,417,0.13138482,Loyal High Spenders,-24.89,No Offer (Low Risk),0.0,0.0
CC-11211,Gold,787,0.24736132,Loyal High Spenders,76.69,No Offer (Low Risk),0.0,0.0
CC-11212,Standard,309,0.2882646,Need Attention,-291.84,No Offer (Low Risk),0.0,0.0
CC-11213,Platinum,1202,0.06318695,Champions / Whales,1310.64,No Offer (Low Risk),0.0,0.0
CC-11214,Gold,656,0.07351301,Loyal High Spenders,345.85,No Offer (Low Risk),0.0,0.0
CC-11215,Standard,276,0.8928873,Need Attention,-65.46,No Offer (Low Risk),0.0,0.0
CC-11216,Standard,213,0.06032268,New / Promising,-746.43,No Offer (Low Risk),0.0,0.0
CC-11217,Gold,540,0.054410048,Loyal High Spenders,281.65,No Offer (Low Risk),0.0,0.0
CC-11218,Gold,1013,0.13614891,At-Risk High Value,228.08,No Offer (Low Risk),0.0,0.0
CC-11219,Standard,295,0.055804692,Loyal High Spenders,-443.05,No Offer (Low Risk),0.0,0.0
CC-11220,Black,3697,0.09437935,Champions / Whales,8719.08,No Offer (Low Risk),0.0,0.0
CC-11221,Standard,400,0.09282421,New / Promising,-231.45,No Offer (Low Risk),0.0,0.0
CC-11222,Standard,375,0.24222983,Loyal High Spenders,-144.99,No Offer (Low Risk),0.0,0.0
CC-11223,Black,4909,0.36293715,Champions / Whales,268.87,Vip Perks,150.0,12.23
CC-11224,Standard,226,0.19422013,New / Promising,-255.39,No Offer (Low Risk),0.0,0.0
CC-11225,Gold,897,0.07073144,Loyal High Spenders,279.27,No Offer (Low Risk),0.0,0.0
CC-11226,Standard,140,0.056712173,New / Promising,-621.39,No Offer (Low Risk),0.0,0.0
CC-11227,Standard,154,0.5447111,Dormant / Lost,-106.61,No Offer (Low Risk),0.0,0.0
CC-11228,Black,4665,0.16636698,Champions / Whales,551.87,No Offer (Low Risk),0.0,0.0
CC-11229,Standard,406,0.19430934,Dormant / Lost,-68.13,No Offer (Low Risk),0.0,0.0
CC-11230,Platinum,1567,0.08453442,Champions / Whales,908.77,No Offer (Low Risk),0.0,0.0
CC-11231,Standard,204,0.35822633,New / Promising,-158.98,No Offer (Low Risk),0.0,0.0
CC-11232,Standard,355,0.2050452,New / Promising,-253.7,No Offer (Low Risk),0.0,0.0
CC-11233,Standard,109,0.069353,New / Promising,-848.35,No Offer (Low Risk),0.0,0.0
CC-11234,Gold,1735,0.10758071,Champions / Whales,627.8,No Offer (Low Risk),0.0,0.0
CC-11235,Standard,263,0.055019394,Need Attention,-457.94,No Offer (Low Risk),0.0,0.0
CC-11236,Platinum,2106,0.052941844,Champions / Whales,1396.54,No Offer (Low Risk),0.0,0.0
CC-11237,Gold,648,0.05290573,Loyal High Spenders,424.12,No Offer (Low Risk),0.0,0.0
CC-11238,Black,5620,0.15114978,Champions / Whales,361.74,No Offer (Low Risk),0.0,0.0
CC-11239,Standard,157,0.08434329,New / Promising,-290.49,No Offer (Low Risk),0.0,0.0
CC-11240,Platinum,2226,0.08185062,Champions / Whales,1080.06,No Offer (Low Risk),0.0,0.0
CC-11241,Platinum,897,0.21283863,At-Risk High Value,834.58,Fee Waiver,295.0,366.69
CC-11242,Platinum,1546,0.2272525,Champions / Whales,2499.6,Fee Waiver,295.0,1761.53
CC-11243,Platinum,2315,0.17654899,Champions / Whales,915.9,No Offer (Low Risk),0.0,0.0
CC-11244,Platinum,2215,0.122154705,Champions / Whales,926.34,No Offer (Low Risk),0.0,0.0
CC-11245,Gold,825,0.75091755,At-Risk High Value,124.61,Fee Waiver,95.0,44.86
CC-11246,Standard,446,0.06619186,New / Promising,-326.01,No Offer (Low Risk),0.0,0.0
CC-11247,Standard,402,0.07525191,New / Promising,-357.83,No Offer (Low Risk),0.0,0.0
CC-11248,Platinum,1724,0.033278074,Champions / Whales,1662.24,No Offer (Low Risk),0.0,0.0
CC-11249,Gold,613,0.53808457,Loyal High Spenders,94.36,Fee Waiver,95.0,19.46
CC-11250,Platinum,3537,0.13643266,At-Risk High Value,899.07,No Offer (Low Risk),0.0,0.0
CC-11251,Gold,1439,0.075569235,Champions / Whales,553.51,No Offer (Low Risk),0.0,0.0
CC-11252,Standard,241,0.5262687,Dormant / Lost,96.22,No Offer (Low Risk),0.0,0.0
CC-11253,Standard,292,0.14633527,Loyal High Spenders,5.28,No Offer (Low Risk),0.0,0.0
CC-11254,Gold,946,0.09648,Champions / Whales,237.23,No Offer (Low Risk),0.0,0.0
CC-11255,Standard,277,0.061344285,New / Promising,-265.15,No Offer (Low Risk),0.0,0.0
CC-11256,Standard,219,0.079216376,Dormant / Lost,-448.73,No Offer (Low Risk),0.0,0.0
CC-11257,Gold,669,0.047695097,Loyal High Spenders,472.93,No Offer (Low Risk),0.0,0.0
CC-11258,Standard,242,0.29970458,New / Promising,-287.84,No Offer (Low Risk),0.0,0.0
CC-11259,Gold,1181,0.089588925,At-Risk High Value,374.86,No Offer (Low Risk),0.0,0.0
CC-11260,Standard,197,0.10337421,New / Promising,-133.06,No Offer (Low Risk),0.0,0.0
CC-11261,Platinum,2285,0.07427077,Champions / Whales,6626.87,No Offer (Low Risk),0.0,0.0
CC-11262,Standard,357,0.897638,Need Attention,-43.38,No Offer (Low Risk),0.0,0.0
CC-11263,Gold,1289,0.07137464,Champions / Whales,3616.7,No Offer (Low Risk),0.0,0.0
CC-11264,Standard,286,0.9078335,Need Attention,47.3,No Offer (Low Risk),0.0,0.0
CC-11265,Standard,147,0.053567156,New / Promising,-65.83,No Offer (Low Risk),0.0,0.0
CC-11266,Standard,420,0.06980606,Loyal High Spenders,-3.24,No Offer (Low Risk),0.0,0.0
CC-11267,Gold,761,0.033367917,New / Promising,2401.7,No Offer (Low Risk),0.0,0.0
CC-11268,Gold,848,0.05271145,Champions / Whales,197.23,No Offer (Low Risk),0.0,0.0
CC-11269,Standard,454,0.05277867,Loyal High Spenders,-210.44,No Offer (Low Risk),0.0,0.0
CC-11270,Gold,838,0.06742354,Champions / Whales,538.28,No Offer (Low Risk),0.0,0.0
CC-11271,Platinum,3093,0.9410443,At-Risk High Value,1404.18,Apr Cut,120.0,829.62
CC-11272,Platinum,1575,0.14421265,At-Risk High Value,3494.25,No Offer (Low Risk),0.0,0.0
CC-11273,Standard,227,0.39742595,New / Promising,-109.54,No Offer (Low Risk),0.0,0.0
CC-11274,Gold,872,0.21476625,Champions / Whales,332.28,Fee Waiver,95.0,169.8
CC-11275,Standard,447,0.19967712,Loyal High Spenders,-200.72,No Offer (Low Risk),0.0,0.0
CC-11276,Standard,249,0.20041747,Need Attention,-192.96,No Offer (Low Risk),0.0,0.0
CC-11277,Black,7300,0.34523025,At-Risk High Value,6500.77,Fee Waiver,495.0,6110.84
CC-11278,Standard,376,0.26905325,Loyal High Spenders,-191.14,No Offer (Low Risk),0.0,0.0
CC-11279,Gold,665,0.09876051,Loyal High Spenders,311.38,No Offer (Low Risk),0.0,0.0
CC-11280,Gold,604,0.11642927,New / Promising,259.62,No Offer (Low Risk),0.0,0.0
CC-11281,Gold,862,0.14459525,Champions / Whales,1507.88,No Offer (Low Risk),0.0,0.0
CC-11282,Gold,1256,0.066228904,Champions / Whales,3406.63,No Offer (Low Risk),0.0,0.0
CC-11283,Standard,218,0.10132254,New / Promising,-348.0,No Offer (Low Risk),0.0,0.0
CC-11284,Standard,340,0.03638148,New / Promising,-715.93,No Offer (Low Risk),0.0,0.0
CC-11285,Gold,1294,0.11065555,Champions / Whales,2797.7,No Offer (Low Risk),0.0,0.0
CC-11286,Standard,325,0.098315045,New / Promising,-169.73,No Offer (Low Risk),0.0,0.0
CC-11287,Standard,326,0.09979015,Dormant / Lost,-478.5,No Offer (Low Risk),0.0,0.0
CC-11288,Standard,145,0.051343404,New / Promising,-436.49,No Offer (Low Risk),0.0,0.0
CC-11289,Standard,237,0.052835245,New / Promising,-457.42,No Offer (Low Risk),0.0,0.0
CC-11290,Standard,453,0.074744366,Loyal High Spenders,-122.01,No Offer (Low Risk),0.0,0.0
CC-11291,Standard,330,0.13095845,Loyal High Spenders,-254.29,No Offer (Low Risk),0.0,0.0
CC-11292,Gold,907,0.4343227,At-Risk High Value,854.65,Fee Waiver,95.0,862.4
CC-11293,Gold,1179,0.16552693,At-Risk High Value,306.56,No Offer (Low Risk),0.0,0.0
CC-11294,Platinum,2487,0.78647,At-Risk High Value,251.0,Vip Perks,150.0,13.75
CC-11295,Standard,323,0.6092156,Dormant / Lost,-82.29,No Offer (Low Risk),0.0,0.0
CC-11296,Standard,152,0.5437404,Dormant / Lost,-62.9,No Offer (Low Risk),0.0,0.0
CC-11297,Standard,247,0.38265458,New / Promising,-187.36,No Offer (Low Risk),0.0,0.0
CC-11298,Gold,1193,0.041378476,Champions / Whales,557.23,No Offer (Low Risk),0.0,0.0
CC-11299,Gold,599,0.041561138,New / Promising,-88.3,No Offer (Low Risk),0.0,0.0
CC-11300,Standard,266,0.8153584,Dormant / Lost,-30.06,No Offer (Low Risk),0.0,0.0
CC-11301,Black,4468,0.38193214,Champions / Whales,310.38,Vip Perks,150.0,40.55
CC-11302,Standard,309,0.05084634,New / Promising,-195.3,No Offer (Low Risk),0.0,0.0
CC-11303,Gold,953,0.9201781,At-Risk High Value,42.65,No Offer (Low Risk),0.0,0.0
CC-11304,Gold,911,0.059434567,Champions / Whales,452.41,No Offer (Low Risk),0.0,0.0
CC-11305,Platinum,1806,0.044553783,Champions / Whales,1388.0,No Offer (Low Risk),0.0,0.0
CC-11306,Gold,1398,0.14241955,At-Risk High Value,463.87,No Offer (Low Risk),0.0,0.0
CC-11307,Platinum,970,0.23667453,At-Risk High Value,763.53,Fee Waiver,295.0,347.43
CC-11308,Standard,281,0.23723692,Dormant / Lost,-192.77,No Offer (Low Risk),0.0,0.0
CC-11309,Platinum,3671,0.23851772,At-Risk High Value,661.41,Fee Waiver,295.0,263.88
CC-11310,Standard,398,0.0509878,Loyal High Spenders,-568.26,No Offer (Low Risk),0.0,0.0
CC-11311,Platinum,3130,0.1265135,Champions / Whales,884.49,No Offer (Low Risk),0.0,0.0
CC-11312,Gold,815,0.16422981,Loyal High Spenders,303.33,No Offer (Low Risk),0.0,0.0
CC-11313,Platinum,913,0.107447214,At-Risk High Value,1077.09,No Offer (Low Risk),0.0,0.0
CC-11314,Gold,959,0.0477108,Loyal High Spenders,466.66,No Offer (Low Risk),0.0,0.0
CC-11315,Gold,973,0.08833534,Champions / Whales,540.42,No Offer (Low Risk),0.0,0.0
CC-11316,Gold,550,0.06952043,Loyal High Spenders,153.61,No Offer (Low Risk),0.0,0.0
CC-11317,Gold,619,0.11728796,Loyal High Spenders,231.81,No Offer (Low Risk),0.0,0.0
CC-11318,Standard,396,0.30392423,Loyal High Spenders,-54.64,No Offer (Low Risk),0.0,0.0
CC-11319,Standard,206,0.054590955,Dormant / Lost,-521.76,No Offer (Low Risk),0.0,0.0
CC-11320,Standard,160,0.11045546,New / Promising,-388.21,No Offer (Low Risk),0.0,0.0
CC-11321,Standard,348,0.114406615,Loyal High Spenders,517.75,No Offer (Low Risk),0.0,0.0
CC-11322,Platinum,2865,0.13071379,Champions / Whales,878.49,No Offer (Low Risk),0.0,0.0
CC-11323,Standard,423,0.11108425,Loyal High Spenders,-157.33,No Offer (Low Risk),0.0,0.0
CC-11324,Black,6399,0.11227623,Champions / Whales,-97.28,No Offer (Low Risk),0.0,0.0
CC-11325,Standard,297,0.08436483,New / Promising,-222.66,No Offer (Low Risk),0.0,0.0
CC-11326,Standard,135,0.8015766,Dormant / Lost,-19.22,No Offer (Low Risk),0.0,0.0
CC-11327,Platinum,1482,0.05215609,At-Risk High Value,1437.73,No Offer (Low Risk),0.0,0.0
CC-11328,Gold,1160,0.32783714,At-Risk High Value,1256.2,Fee Waiver,95.0,1151.56
CC-11329,Gold,1113,0.37943718,Champions / Whales,128.94,Fee Waiver,95.0,41.6
CC-11330,Gold,847,0.6764944,At-Risk High Value,98.24,Fee Waiver,95.0,33.27
CC-11331,Gold,1130,0.060169835,At-Risk High Value,588.5,No Offer (Low Risk),0.0,0.0
CC-11332,Standard,275,0.8210177,Need Attention,-33.23,No Offer (Low Risk),0.0,0.0
CC-11333,Black,5860,0.18476097,Champions / Whales,8499.62,No Offer (Low Risk),0.0,0.0
CC-11334,Black,5452,0.03221937,Champions / Whales,871.73,No Offer (Low Risk),0.0,0.0
CC-11335,Gold,396,0.23687741,New / Promising,611.71,Fee Waiver,95.0,419.93
CC-11336,Standard,179,0.73986065,Dormant / Lost,-99.0,No Offer (Low Risk),0.0,0.0
CC-11337,Gold,1369,0.047433455,Champions / Whales,629.5,No Offer (Low Risk),0.0,0.0
CC-11338,Standard,144,0.07182303,New / Promising,-390.81,No Offer (Low Risk),0.0,0.0
CC-11339,Standard,246,0.042125646,New / Promising,-716.76,No Offer (Low Risk),0.0,0.0
CC-11340,Standard,404,0.26897115,Dormant / Lost,-102.69,No Offer (Low Risk),0.0,0.0
CC-11341,Gold,566,0.84171057,Dormant / Lost,-18.07,No Offer (Low Risk),0.0,0.0
CC-11342,Platinum,2249,0.1857,At-Risk High Value,804.62,No Offer (Low Risk),0.0,0.0
CC-11343,Gold,404,0.13343735,Dormant / Lost,203.69,No Offer (Low Risk),0.0,0.0
CC-11344,Gold,745,0.03068928,Loyal High Spenders,201.01,No Offer (Low Risk),0.0,0.0
CC-11345,Standard,177,0.0673799,New / Promising,-469.35,No Offer (Low Risk),0.0,0.0
CC-11346,Standard,316,0.28609368,Need Attention,-154.29,No Offer (Low Risk),0.0,0.0
CC-11347,Standard,418,0.11024406,Need Attention,-134.56,No Offer (Low Risk),0.0,0.0
CC-11348,Black,5719,0.121326126,Champions / Whales,209.37,No Offer (Low Risk),0.0,0.0
CC-11349,Standard,399,0.18045026,New / Promising,-352.72,No Offer (Low Risk),0.0,0.0
CC-11350,Platinum,1747,0.04556878,Champions / Whales,1237.01,No Offer (Low Risk),0.0,0.0
CC-11351,Gold,984,0.068234995,Loyal High Spenders,351.83,No Offer (Low Risk),0.0,0.0
CC-11352,Standard,198,0.38879323,New / Promising,-105.79,No Offer (Low Risk),0.0,0.0
CC-11353,Gold,891,0.12853402,Loyal High Spenders,276.28,No Offer (Low Risk),0.0,0.0
CC-11354,Gold,478,0.9227527,Dormant / Lost,68.27,No Offer (Low Risk),0.0,0.0
CC-11355,Platinum,1372,0.047446933,Champions / Whales,1209.66,No Offer (Low Risk),0.0,0.0
CC-11356,Platinum,2369,0.041313156,Champions / Whales,8193.01,No Offer (Low Risk),0.0,0.0
CC-11357,Standard,366,0.0658179,New / Promising,-443.8,No Offer (Low Risk),0.0,0.0
CC-11358,Standard,391,0.19025598,Need Attention,-156.86,No Offer (Low Risk),0.0,0.0
CC-11359,Gold,889,0.21571957,Champions / Whales,1206.67,Fee Waiver,95.0,869.07
CC-11360,Platinum,2660,0.05407239,Champions / Whales,1598.92,No Offer (Low Risk),0.0,0.0
CC-11361,Standard,417,0.0644886,Loyal High Spenders,-196.67,No Offer (Low Risk),0.0,0.0
CC-11362,Gold,1027,0.24068525,Champions / Whales,228.16,Fee Waiver,95.0,98.74
CC-11363,Gold,594,0.15233138,Loyal High Spenders,1038.16,No Offer (Low Risk),0.0,0.0
CC-11364,Gold,409,0.07471487,Loyal High Spenders,166.84,No Offer (Low Risk),0.0,0.0
CC-11365,Standard,495,0.1750319,Loyal High Spenders,-182.34,No Offer (Low Risk),0.0,0.0
CC-11366,Gold,1070,0.33619818,Champions / Whales,199.4,Fee Waiver,95.0,105.19
CC-11367,Platinum,3227,0.10494601,Champions / Whales,937.32,No Offer (Low Risk),0.0,0.0
CC-11368,Standard,520,0.8220071,Need Attention,-10.94,No Offer (Low Risk),0.0,0.0
CC-11369,Standard,362,0.11597275,Dormant / Lost,-80.98,No Offer (Low Risk),0.0,0.0
CC-11370,Black,3016,0.11888115,Champions / Whales,1165.34,No Offer (Low Risk),0.0,0.0
CC-11371,Standard,142,0.12317064,New / Promising,-245.82,No Offer (Low Risk),0.0,0.0
CC-11372,Platinum,2812,0.23958936,Champions / Whales,744.28,Fee Waiver,295.0,335.43
CC-11373,Gold,636,0.043001574,Loyal High Spenders,491.39,No Offer (Low Risk),0.0,0.0
CC-11374,Standard,366,0.9547998,Dormant / Lost,-46.07,No Offer (Low Risk),0.0,0.0
CC-11375,Platinum,2980,0.09142577,Champions / Whales,1287.24,No Offer (Low Risk),0.0,0.0
CC-11376,Standard,382,0.8569703,Need Attention,-33.99,No Offer (Low Risk),0.0,0.0
CC-11377,Gold,677,0.9210903,Need Attention,311.28,Fee Waiver,95.0,150.27
CC-11378,Standard,154,0.6503761,New / Promising,-55.04,No Offer (Low Risk),0.0,0.0
CC-11379,Gold,604,0.075230576,Loyal High Spenders,264.57,No Offer (Low Risk),0.0,0.0
CC-11380,Standard,349,0.1170656,New / Promising,-69.89,No Offer (Low Risk),0.0,0.0
CC-11381,Standard,321,0.23504391,New / Promising,351.03,Apr Cut,120.0,120.81
CC-11382,Black,3178,0.09496774,At-Risk High Value,941.49,No Offer (Low Risk),0.0,0.0
CC-11383,Standard,418,0.120953135,Loyal High Spenders,466.16,No Offer (Low Risk),0.0,0.0
CC-11384,Gold,1057,0.08019974,Champions / Whales,342.12,No Offer (Low Risk),0.0,0.0
CC-11385,Standard,398,0.94584525,Dormant / Lost,79.45,No Offer (Low Risk),0.0,0.0
CC-11386,Platinum,2463,0.8118781,At-Risk High Value,250.52,Vip Perks,150.0,6.05
CC-11387,Standard,271,0.1065539,New / Promising,-273.92,No Offer (Low Risk),0.0,0.0
CC-11388,Black,3741,0.120311245,At-Risk High Value,868.68,No Offer (Low Risk),0.0,0.0
CC-11389,Gold,700,0.04288589,Loyal High Spenders,2322.97,No Offer (Low Risk),0.0,0.0
CC-11390,Standard,365,0.21082273,Need Attention,-110.61,No Offer (Low Risk),0.0,0.0
CC-11391,Standard,148,0.09606411,Need Attention,-221.87,No Offer (Low Risk),0.0,0.0
CC-11392,Standard,294,0.8856831,Need Attention,-77.49,No Offer (Low Risk),0.0,0.0
CC-11393,Gold,948,0.07662324,Loyal High Spenders,2351.56,No Offer (Low Risk),0.0,0.0
CC-11394,Standard,218,0.13061868,New / Promising,-311.42,No Offer (Low Risk),0.0,0.0
CC-11395,Platinum,1727,0.38330483,Champions / Whales,395.01,Fee Waiver,295.0,125.3
CC-11396,Standard,425,0.08113071,Loyal High Spenders,-225.2,No Offer (Low Risk),0.0,0.0
CC-11397,Standard,322,0.10635138,New / Promising,-459.31,No Offer (Low Risk),0.0,0.0
CC-11398,Gold,669,0.1708236,Need Attention,200.94,No Offer (Low Risk),0.0,0.0
CC-11399,Gold,1360,0.14342417,At-Risk High Value,2732.72,No Offer (Low Risk),0.0,0.0
CC-11400,Standard,443,0.13126013,Need Attention,-85.44,No Offer (Low Risk),0.0,0.0
CC-11401,Standard,505,0.41993397,Need Attention,-10.96,No Offer (Low Risk),0.0,0.0
CC-11402,Standard,254,0.89821756,Dormant / Lost,-64.17,No Offer (Low Risk),0.0,0.0
CC-11403,Gold,890,0.0896101,At-Risk High Value,1980.85,No Offer (Low Risk),0.0,0.0
CC-11404,Gold,578,0.24524239,Loyal High Spenders,119.86,Fee Waiver,95.0,7.81
CC-11405,Gold,1671,0.13598149,At-Risk High Value,574.16,No Offer (Low Risk),0.0,0.0
CC-11406,Platinum,1684,0.08100949,Champions / Whales,1239.99,No Offer (Low Risk),0.0,0.0
CC-11407,Platinum,1894,0.83999586,At-Risk High Value,1059.26,Apr Cut,120.0,735.56
CC-11408,Gold,1311,0.120855846,Champions / Whales,186.0,No Offer (Low Risk),0.0,0.0
CC-11409,Platinum,1577,0.20915726,Champions / Whales,2733.04,Fee Waiver,295.0,1850.22
CC-11410,Standard,500,0.044809893,Loyal High Spenders,-364.96,No Offer (Low Risk),0.0,0.0
CC-11411,Standard,134,0.10020242,New / Promising,-245.3,No Offer (Low Risk),0.0,0.0
CC-11412,Standard,317,0.13547155,Loyal High Spenders,-32.45,No Offer (Low Risk),0.0,0.0
CC-11413,Standard,176,0.77195925,Dormant / Lost,-77.61,No Offer (Low Risk),0.0,0.0
CC-11414,Gold,1304,0.17865027,Champions / Whales,212.81,No Offer (Low Risk),0.0,0.0
CC-11415,Black,8270,0.056887228,Champions / Whales,20683.52,No Offer (Low Risk),0.0,0.0
CC-11416,Standard,361,0.049762197,Loyal High Spenders,-445.97,No Offer (Low Risk),0.0,0.0
CC-11417,Standard,433,0.47745743,Loyal High Spenders,-85.76,No Offer (Low Risk),0.0,0.0
CC-11418,Gold,919,0.052900556,Loyal High Spenders,2815.42,No Offer (Low Risk),0.0,0.0
CC-11419,Black,8135,0.28316355,Champions / Whales,-240.84,No Offer (Low Risk),0.0,0.0
CC-11420,Standard,215,0.32118925,Need Attention,-214.99,No Offer (Low Risk),0.0,0.0
CC-11421,Gold,489,0.34771678,Loyal High Spenders,2.95,No Offer (Low Risk),0.0,0.0
CC-11422,Standard,218,0.09553756,New / Promising,-82.03,No Offer (Low Risk),0.0,0.0
CC-11423,Standard,272,0.35993606,Dormant / Lost,-123.26,No Offer (Low Risk),0.0,0.0
CC-11424,Black,3275,0.062545314,Champions / Whales,1479.71,No Offer (Low Risk),0.0,0.0
CC-11425,Black,4895,0.3014595,Champions / Whales,288.12,Vip Perks,150.0,12.38
CC-11426,Standard,401,0.22859311,New / Promising,-26.02,No Offer (Low Risk),0.0,0.0
CC-11427,Black,5026,0.22316723,Champions / Whales,6595.32,Fee Waiver,495.0,4876.49
CC-11428,Gold,860,0.04157879,Champions / Whales,488.99,No Offer (Low Risk),0.0,0.0
CC-11429,Platinum,2550,0.03659302,Champions / Whales,1475.19,No Offer (Low Risk),0.0,0.0
CC-11430,Gold,375,0.8848263,Need Attention,18.64,No Offer (Low Risk),0.0,0.0
CC-11431,Gold,648,0.14434263,Loyal High Spenders,1422.96,No Offer (Low Risk),0.0,0.0
CC-11432,Gold,864,0.108638875,Loyal High Spenders,307.66,No Offer (Low Risk),0.0,0.0
CC-11433,Gold,893,0.1937887,Champions / Whales,1409.04,No Offer (Low Risk),0.0,0.0
CC-11434,Standard,183,0.09755809,New / Promising,-491.8,No Offer (Low Risk),0.0,0.0
CC-11435,Standard,272,0.5003393,New / Promising,65.08,No Offer (Low Risk),0.0,0.0
CC-11436,Standard,468,0.048555415,New / Promising,1089.16,No Offer (Low Risk),0.0,0.0
CC-11437,Gold,1337,0.9611364,At-Risk High Value,622.72,Fee Waiver,95.0,372.04
CC-11438,Standard,398,0.10569521,New / Promising,615.91,No Offer (Low Risk),0.0,0.0
CC-11439,Gold,1028,0.13055834,Loyal High Spenders,2166.35,No Offer (Low Risk),0.0,0.0
CC-11440,Black,8078,0.43168828,At-Risk High Value,5895.2,Fee Waiver,495.0,6092.97
CC-11441,Standard,310,0.087510005,New / Promising,409.95,No Offer (Low Risk),0.0,0.0
CC-11442,Gold,1196,0.031709988,Loyal High Spenders,455.7,No Offer (Low Risk),0.0,0.0
CC-11443,Standard,395,0.08285115,Need Attention,495.38,No Offer (Low Risk),0.0,0.0
CC-11444,Platinum,1219,0.28960693,Loyal High Spenders,548.91,Fee Waiver,295.0,218.15
CC-11445,Standard,198,0.2924516,Dormant / Lost,-85.28,No Offer (Low Risk),0.0,0.0
CC-11446,Gold,783,0.24992058,Loyal High Spenders,106.28,No Offer (Low Risk),0.0,0.0
CC-11447,Platinum,855,0.036898967,Loyal High Spenders,4083.81,No Offer (Low Risk),0.0,0.0
CC-11448,Black,3454,0.6655693,At-Risk High Value,321.55,Vip Perks,150.0,80.28
CC-11449,Gold,391,0.1832437,Need Attention,32.13,No Offer (Low Risk),0.0,0.0
CC-11450,Gold,718,0.08746455,New / Promising,-8.48,No Offer (Low Risk),0.0,0.0
CC-11451,Gold,1159,0.16982988,Loyal High Spenders,251.01,No Offer (Low Risk),0.0,0.0
CC-11452,Platinum,2708,0.21904811,At-Risk High Value,650.78,Fee Waiver,295.0,229.48
CC-11453,Gold,1183,0.25648135,At-Risk High Value,1611.81,Fee Waiver,95.0,1320.99
CC-11454,Standard,246,0.056419056,New / Promising,318.76,No Offer (Low Risk),0.0,0.0
CC-11455,Black,10612,0.05110684,At-Risk High Value,26586.88,No Offer (Low Risk),0.0,0.0
CC-11456,Gold,772,0.11612412,Need Attention,73.71,No Offer (Low Risk),0.0,0.0
CC-11457,Gold,801,0.76257855,At-Risk High Value,75.76,No Offer (Low Risk),0.0,0.0
CC-11458,Standard,175,0.054228593,New / Promising,-374.7,No Offer (Low Risk),0.0,0.0
CC-11459,Gold,651,0.2932862,Need Attention,110.91,Fee Waiver,95.0,9.34
CC-11460,Standard,134,0.07135139,New / Promising,-730.14,No Offer (Low Risk),0.0,0.0
CC-11461,Gold,781,0.12363701,Need Attention,253.76,No Offer (Low Risk),0.0,0.0
CC-11462,Standard,155,0.5262764,New / Promising,15.81,No Offer (Low Risk),0.0,0.0
CC-11463,Gold,613,0.05449872,New / Promising,238.9,No Offer (Low Risk),0.0,0.0
CC-11464,Black,4237,0.28969976,At-Risk High Value,362.25,Vip Perks,150.0,50.98
CC-11465,Standard,422,0.56106347,Dormant / Lost,-129.34,No Offer (Low Risk),0.0,0.0
CC-11466,Black,4460,0.094791956,Champions / Whales,509.72,No Offer (Low Risk),0.0,0.0
CC-11467,Standard,196,0.11091095,New / Promising,-114.12,No Offer (Low Risk),0.0,0.0
CC-11468,Platinum,2240,0.36951914,Champions / Whales,2382.12,Fee Waiver,295.0,2199.88
CC-11469,Platinum,3620,0.07557545,Champions / Whales,1263.9,No Offer (Low Risk),0.0,0.0
CC-11470,Gold,698,0.07684262,New / Promising,240.61,No Offer (Low Risk),0.0,0.0
CC-11471,Gold,1281,0.12721355,Loyal High Spenders,303.99,No Offer (Low Risk),0.0,0.0
CC-11472,Platinum,1371,0.047275748,Loyal High Spenders,5455.55,No Offer (Low Risk),0.0,0.0
CC-11473,Standard,185,0.2734843,New / Promising,-117.43,No Offer (Low Risk),0.0,0.0
CC-11474,Standard,172,0.066959165,New / Promising,-148.84,No Offer (Low Risk),0.0,0.0
CC-11475,Gold,1380,0.9128826,At-Risk High Value,636.57,Fee Waiver,95.0,413.91
CC-11476,Platinum,2447,0.11062025,Champions / Whales,5801.01,No Offer (Low Risk),0.0,0.0
CC-11477,Platinum,2829,0.24012274,Champions / Whales,696.45,Fee Waiver,295.0,295.64
CC-11478,Platinum,2379,0.6899826,At-Risk High Value,1510.82,Fee Waiver,295.0,1689.18
CC-11479,Standard,429,0.04453301,New / Promising,-548.66,No Offer (Low Risk),0.0,0.0
CC-11480,Platinum,1703,0.060690973,Loyal High Spenders,1365.54,No Offer (Low Risk),0.0,0.0
CC-11481,Standard,313,0.07313566,New / Promising,617.67,No Offer (Low Risk),0.0,0.0
CC-11482,Gold,1204,0.13547125,Loyal High Spenders,433.47,No Offer (Low Risk),0.0,0.0
CC-11483,Standard,277,0.043169495,New / Promising,-232.17,No Offer (Low Risk),0.0,0.0
CC-11484,Standard,156,0.1751604,New / Promising,-142.75,No Offer (Low Risk),0.0,0.0
CC-11485,Standard,441,0.7961017,Need Attention,-46.53,No Offer (Low Risk),0.0,0.0
CC-11486,Standard,312,0.25039965,New / Promising,-28.94,No Offer (Low Risk),0.0,0.0
CC-11487,Gold,271,0.49866876,Dormant / Lost,262.45,Fee Waiver,95.0,214.87
CC-11488,Standard,304,0.088580735,New / Promising,456.89,No Offer (Low Risk),0.0,0.0
CC-11489,Standard,322,0.09410706,New / Promising,-369.23,No Offer (Low Risk),0.0,0.0
CC-11490,Standard,289,0.081473924,New / Promising,-300.21,No Offer (Low Risk),0.0,0.0
CC-11491,Standard,201,0.075566985,New / Promising,-332.58,No Offer (Low Risk),0.0,0.0
CC-11492,Standard,465,0.12878464,Need Attention,-60.97,No Offer (Low Risk),0.0,0.0
CC-11493,Standard,189,0.12504286,New / Promising,-370.24,No Offer (Low Risk),0.0,0.0
CC-11494,Gold,845,0.4663931,Loyal High Spenders,121.31,Fee Waiver,95.0,44.71
CC-11495,Gold,458,0.07868316,New / Promising,186.36,No Offer (Low Risk),0.0,0.0
CC-11496,Gold,1028,0.2698124,Loyal High Spenders,264.05,Fee Waiver,95.0,143.17
CC-11497,Gold,637,0.14513242,Dormant / Lost,202.75,No Offer (Low Risk),0.0,0.0
CC-11498,Standard,260,0.11253503,Need Attention,-423.18,No Offer (Low Risk),0.0,0.0
CC-11499,Platinum,1329,0.06306201,At-Risk High Value,1208.13,No Offer (Low Risk),0.0,0.0
CC-11500,Gold,900,0.03665,Loyal High Spenders,442.81,No Offer (Low Risk),0.0,0.0
CC-11501,Gold,933,0.28494456,Loyal High Spenders,1093.07,Fee Waiver,95.0,918.62
CC-11502,Standard,328,0.22209804,Need Attention,-196.71,No Offer (Low Risk),0.0,0.0
CC-11503,Standard,275,0.081354626,New / Promising,-245.54,No Offer (Low Risk),0.0,0.0
CC-11504,Standard,401,0.09125195,New / Promising,-327.68,No Offer (Low Risk),0.0,0.0
CC-11505,Standard,228,0.81832415,Dormant / Lost,-41.89,No Offer (Low Risk),0.0,0.0
CC-11506,Gold,1342,0.7474196,At-Risk High Value,69.32,No Offer (Low Risk),0.0,0.0
CC-11507,Gold,361,0.7416112,Dormant / Lost,18.29,No Offer (Low Risk),0.0,0.0
CC-11508,Gold,1080,0.12248763,Loyal High Spenders,272.6,No Offer (Low Risk),0.0,0.0
CC-11509,Platinum,2078,0.55901533,Champions / Whales,410.6,Fee Waiver,295.0,209.62
CC-11510,Platinum,1175,0.10997993,At-Risk High Value,988.52,No Offer (Low Risk),0.0,0.0
CC-11511,Gold,802,0.6006263,At-Risk High Value,131.73,Fee Waiver,95.0,70.77
CC-11512,Black,3982,0.1732762,At-Risk High Value,487.82,No Offer (Low Risk),0.0,0.0
CC-11513,Standard,148,0.05207864,New / Promising,-257.17,No Offer (Low Risk),0.0,0.0
CC-11514,Standard,183,0.5310876,Dormant / Lost,-128.71,No Offer (Low Risk),0.0,0.0
CC-11515,Standard,356,0.12329787,Need Attention,-268.43,No Offer (Low Risk),0.0,0.0
CC-11516,Gold,629,0.06912189,New / Promising,95.14,No Offer (Low Risk),0.0,0.0
CC-11517,Platinum,1718,0.23014194,At-Risk High Value,2832.66,Fee Waiver,295.0,2051.97
CC-11518,Standard,447,0.0804096,Loyal High Spenders,-255.31,No Offer (Low Risk),0.0,0.0
CC-11519,Platinum,1694,0.08011608,Champions / Whales,1304.71,No Offer (Low Risk),0.0,0.0
CC-11520,Standard,235,0.18740886,New / Promising,62.66,No Offer (Low Risk),0.0,0.0
CC-11521,Black,7803,0.09132828,Champions / Whales,-233.84,No Offer (Low Risk),0.0,0.0
CC-11522,Standard,276,0.09304559,New / Promising,218.6,No Offer (Low Risk),0.0,0.0
CC-11523,Standard,266,0.08220115,New / Promising,-226.78,No Offer (Low Risk),0.0,0.0
CC-11524,Gold,757,0.12090255,Loyal High Spenders,113.08,No Offer (Low Risk),0.0,0.0
CC-11525,Standard,432,0.12387866,New / Promising,-91.97,No Offer (Low Risk),0.0,0.0
CC-11526,Standard,441,0.39276242,Need Attention,-85.54,No Offer (Low Risk),0.0,0.0
CC-11527,Standard,166,0.10297502,New / Promising,-376.25,No Offer (Low Risk),0.0,0.0
CC-11528,Platinum,3211,0.15558949,At-Risk High Value,945.62,No Offer (Low Risk),0.0,0.0
CC-11529,Gold,893,0.13801531,Loyal High Spenders,1759.13,No Offer (Low Risk),0.0,0.0
CC-11530,Standard,345,0.050657738,New / Promising,-888.37,No Offer (Low Risk),0.0,0.0
CC-11531,Gold,1007,0.05909697,Loyal High Spenders,427.22,No Offer (Low Risk),0.0,0.0
CC-11532,Gold,1162,0.10950839,Loyal High Spenders,337.17,No Offer (Low Risk),0.0,0.0
CC-11533,Standard,223,0.24377297,Dormant / Lost,-266.63,No Offer (Low Risk),0.0,0.0
CC-11534,Standard,151,0.08473868,Need Attention,-319.15,No Offer (Low Risk),0.0,0.0
CC-11535,Standard,208,0.92049754,Dormant / Lost,-11.47,No Offer (Low Risk),0.0,0.0
CC-11536,Standard,100,0.13418196,New / Promising,-147.71,No Offer (Low Risk),0.0,0.0
CC-11537,Gold,556,0.8399622,Need Attention,72.58,No Offer (Low Risk),0.0,0.0
CC-11538,Standard,377,0.049936574,New / Promising,-464.26,No Offer (Low Risk),0.0,0.0
CC-11539,Gold,728,0.06747736,Loyal High Spenders,294.13,No Offer (Low Risk),0.0,0.0
CC-11540,Gold,691,0.2645241,Loyal High Spenders,48.25,No Offer (Low Risk),0.0,0.0
CC-11541,Standard,356,0.3801213,New / Promising,-140.61,No Offer (Low Risk),0.0,0.0
CC-11542,Gold,917,0.048849236,Loyal High Spenders,651.26,No Offer (Low Risk),0.0,0.0
CC-11543,Standard,372,0.09942533,Need Attention,-318.97,No Offer (Low Risk),0.0,0.0
CC-11544,Black,2183,0.12693347,Champions / Whales,1244.81,No Offer (Low Risk),0.0,0.0
CC-11545,Gold,1782,0.33007628,At-Risk High Value,269.65,Fee Waiver,95.0,173.43
CC-11546,Platinum,2673,0.11668871,At-Risk High Value,5984.44,No Offer (Low Risk),0.0,0.0
CC-11547,Gold,495,0.2439073,New / Promising,19.86,No Offer (Low Risk),0.0,0.0
CC-11548,Standard,249,0.106023915,New / Promising,-258.51,No Offer (Low Risk),0.0,0.0
CC-11549,Gold,669,0.06616534,Loyal High Spenders,1802.06,No Offer (Low Risk),0.0,0.0
CC-11550,Black,4701,0.39690268,At-Risk High Value,4064.96,Fee Waiver,495.0,3894.44
CC-11551,Gold,1158,0.10434115,Champions / Whales,2791.95,No Offer (Low Risk),0.0,0.0
CC-11552,Platinum,2170,0.058750067,Champions / Whales,1266.58,No Offer (Low Risk),0.0,0.0
CC-11553,Platinum,2160,0.05537119,Champions / Whales,1582.6,No Offer (Low Risk),0.0,0.0
CC-11554,Standard,106,0.095753185,New / Promising,-416.65,No Offer (Low Risk),0.0,0.0
CC-11555,Standard,315,0.2554692,New / Promising,45.91,No Offer (Low Risk),0.0,0.0
CC-11556,Gold,1465,0.28392878,Loyal High Spenders,240.23,Fee Waiver,95.0,127.37
CC-11557,Standard,168,0.7011239,New / Promising,-17.15,No Offer (Low Risk),0.0,0.0
CC-11558,Platinum,2599,0.041089736,Champions / Whales,1470.2,No Offer (Low Risk),0.0,0.0
CC-11559,Platinum,4350,0.6385861,Champions / Whales,311.37,Fee Waiver,295.0,104.5
CC-11560,Standard,368,0.05964421,New / Promising,-601.71,No Offer (Low Risk),0.0,0.0
CC-11561,Standard,146,0.055285115,New / Promising,-333.32,No Offer (Low Risk),0.0,0.0
CC-11562,Platinum,1507,0.15668212,Loyal High Spenders,3235.01,No Offer (Low Risk),0.0,0.0
CC-11563,Standard,177,0.08376838,New / Promising,-197.53,No Offer (Low Risk),0.0,0.0
CC-11564,Platinum,2914,0.060855865,Champions / Whales,1617.6,No Offer (Low Risk),0.0,0.0
CC-11565,Standard,190,0.066678666,New / Promising,-193.91,No Offer (Low Risk),0.0,0.0
CC-11566,Gold,481,0.059467625,Loyal High Spenders,460.78,No Offer (Low Risk),0.0,0.0
CC-11567,Standard,498,0.21750829,Need Attention,-240.18,No Offer (Low Risk),0.0,0.0
CC-11568,Gold,734,0.15278389,New / Promising,211.56,No Offer (Low Risk),0.0,0.0
CC-11569,Gold,372,0.05303247,New / Promising,355.22,No Offer (Low Risk),0.0,0.0
CC-11570,Gold,1027,0.1627048,Loyal High Spenders,459.98,No Offer (Low Risk),0.0,0.0
CC-11571,Standard,220,0.22635496,New / Promising,11.95,No Offer (Low Risk),0.0,0.0
CC-11572,Gold,600,0.8180818,Need Attention,21.51,No Offer (Low Risk),0.0,0.0
CC-11573,Platinum,2232,0.13873793,At-Risk High Value,924.65,No Offer (Low Risk),0.0,0.0
CC-11574,Standard,608,0.19373143,New / Promising,-167.26,No Offer (Low Risk),0.0,0.0
CC-11575,Standard,285,0.4558174,New / Promising,99.66,No Offer (Low Risk),0.0,0.0
CC-11576,Standard,322,0.22004808,Dormant / Lost,-74.65,No Offer (Low Risk),0.0,0.0
CC-11577,Gold,1557,0.090422,At-Risk High Value,668.41,No Offer (Low Risk),0.0,0.0
CC-11578,Gold,1056,0.08431063,Loyal High Spenders,451.3,No Offer (Low Risk),0.0,0.0
CC-11579,Gold,579,0.07217623,New / Promising,80.03,No Offer (Low Risk),0.0,0.0
CC-11580,Standard,389,0.5339049,Need Attention,-85.82,No Offer (Low Risk),0.0,0.0
CC-11581,Standard,476,0.2163264,Need Attention,-25.64,No Offer (Low Risk),0.0,0.0
CC-11582,Gold,709,0.050934367,Loyal High Spenders,201.81,No Offer (Low Risk),0.0,0.0
CC-11583,Gold,943,0.24185742,Loyal High Spenders,107.35,No Offer (Low Risk),0.0,0.0
CC-11584,Black,6480,0.16793649,Champions / Whales,9824.42,No Offer (Low Risk),0.0,0.0
CC-11585,Standard,223,0.08309068,New / Promising,-399.91,No Offer (Low Risk),0.0,0.0
CC-11586,Gold,1233,0.30110526,Champions / Whales,140.31,Fee Waiver,95.0,38.71
CC-11587,Standard,193,0.13119556,New / Promising,34.3,No Offer (Low Risk),0.0,0.0
CC-11588,Standard,481,0.08880411,Dormant / Lost,-496.76,No Offer (Low Risk),0.0,0.0
CC-11589,Gold,920,0.6578481,Loyal High Spenders,512.94,Fee Waiver,95.0,569.15
CC-11590,Gold,362,0.04319366,New / Promising,460.43,No Offer (Low Risk),0.0,0.0
CC-11591,Black,6525,0.82231283,At-Risk High Value,2865.15,Apr Cut,120.0,2275.64
CC-11592,Standard,259,0.1627958,New / Promising,-308.91,No Offer (Low Risk),0.0,0.0
CC-11593,Standard,414,0.07487844,Dormant / Lost,-701.57,No Offer (Low Risk),0.0,0.0
CC-11594,Gold,788,0.20373212,Need Attention,144.4,Fee Waiver,95.0,16.63
CC-11595,Gold,749,0.08791767,Loyal High Spenders,248.3,No Offer (Low Risk),0.0,0.0
CC-11596,Standard,330,0.07312116,Need Attention,-229.67,No Offer (Low Risk),0.0,0.0
CC-11597,Standard,312,0.23496532,Need Attention,-166.23,No Offer (Low Risk),0.0,0.0
CC-11598,Standard,302,0.06663977,New / Promising,-293.57,No Offer (Low Risk),0.0,0.0
CC-11599,Platinum,2671,0.1796774,Champions / Whales,4563.36,No Offer (Low Risk),0.0,0.0
CC-11600,Standard,358,0.5956362,Dormant / Lost,156.1,Apr Cut,120.0,34.01
CC-11601,Standard,401,0.06446486,New / Promising,-425.2,No Offer (Low Risk),0.0,0.0
CC-11602,Standard,248,0.5633176,New / Promising,-123.62,No Offer (Low Risk),0.0,0.0
CC-11603,Standard,356,0.16330984,Loyal High Spenders,-236.19,No Offer (Low Risk),0.0,0.0
CC-11604,Standard,367,0.050395023,New / Promising,-141.76,No Offer (Low Risk),0.0,0.0
CC-11605,Gold,544,0.09657188,Loyal High Spenders,264.59,No Offer (Low Risk),0.0,0.0
CC-11606,Standard,214,0.04288617,New / Promising,99.38,No Offer (Low Risk),0.0,0.0
CC-11607,Platinum,1711,0.04730678,Champions / Whales,6157.15,No Offer (Low Risk),0.0,0.0
CC-11608,Standard,173,0.14125156,New / Promising,-417.61,No Offer (Low Risk),0.0,0.0
CC-11609,Gold,566,0.17672707,Need Attention,200.85,No Offer (Low Risk),0.0,0.0
CC-11610,Platinum,2081,0.28598905,Champions / Whales,2828.99,Fee Waiver,295.0,2333.18
CC-11611,Gold,1067,0.06593616,Loyal High Spenders,3268.67,No Offer (Low Risk),0.0,0.0
CC-11612,Gold,835,0.06608469,Loyal High Spenders,508.6,No Offer (Low Risk),0.0,0.0
CC-11613,Standard,245,0.19333409,Dormant / Lost,-304.4,No Offer (Low Risk),0.0,0.0
CC-11614,Standard,648,0.12378678,Loyal High Spenders,22.7,No Offer (Low Risk),0.0,0.0
CC-11615,Gold,569,0.09525067,Loyal High Spenders,458.9,No Offer (Low Risk),0.0,0.0
CC-11616,Black,4620,0.829938,At-Risk High Value,54.53,No Offer (Low Risk),0.0,0.0
CC-11617,Gold,865,0.4772222,At-Risk High Value,95.02,Fee Waiver,95.0,15.39
CC-11618,Gold,595,0.067603275,Loyal High Spenders,1567.21,No Offer (Low Risk),0.0,0.0
CC-11619,Gold,1183,0.36528277,At-Risk High Value,68.8,No Offer (Low Risk),0.0,0.0
CC-11620,Gold,1174,0.9333684,At-Risk High Value,67.81,No Offer (Low Risk),0.0,0.0
CC-11621,Standard,148,0.5386806,Dormant / Lost,-54.42,No Offer (Low Risk),0.0,0.0
CC-11622,Gold,1148,0.5893282,Champions / Whales,740.9,Fee Waiver,95.0,831.68
CC-11623,Black,10294,0.054664392,Champions / Whales,-1076.46,No Offer (Low Risk),0.0,0.0
CC-11624,Standard,117,0.05494519,New / Promising,-418.79,No Offer (Low Risk),0.0,0.0
CC-11625,Gold,573,0.08988309,Loyal High Spenders,118.23,No Offer (Low Risk),0.0,0.0
CC-11626,Standard,331,0.3866581,New / Promising,207.0,Apr Cut,120.0,56.92
CC-11627,Gold,1060,0.15759651,Loyal High Spenders,467.05,No Offer (Low Risk),0.0,0.0
CC-11628,Standard,272,0.14157131,New / Promising,-214.35,No Offer (Low Risk),0.0,0.0
CC-11629,Gold,330,0.07256996,New / Promising,99.61,No Offer (Low Risk),0.0,0.0
CC-11630,Platinum,1694,0.07227924,Champions / Whales,1277.52,No Offer (Low Risk),0.0,0.0
CC-11631,Standard,168,0.2315594,New / Promising,-243.09,No Offer (Low Risk),0.0,0.0
CC-11632,Gold,1088,0.08810048,Loyal High Spenders,2818.23,No Offer (Low Risk),0.0,0.0
CC-11633,Platinum,974,0.051879827,Loyal High Spenders,4298.66,No Offer (Low Risk),0.0,0.0
CC-11634,Platinum,1808,0.9163115,At-Risk High Value,210.78,No Offer (Low Risk),0.0,0.0
CC-11635,Standard,206,0.42727455,Dormant / Lost,-124.17,No Offer (Low Risk),0.0,0.0
CC-11636,Standard,322,0.15492387,New / Promising,-137.26,No Offer (Low Risk),0.0,0.0
CC-11637,Standard,100,0.09223901,New / Promising,-151.17,No Offer (Low Risk),0.0,0.0
CC-11638,Black,4357,0.08612639,Champions / Whales,699.58,No Offer (Low Risk),0.0,0.0
CC-11639,Platinum,2680,0.37471232,Champions / Whales,2781.9,Fee Waiver,295.0,2636.29
CC-11640,Gold,691,0.110321365,Loyal High Spenders,260.84,No Offer (Low Risk),0.0,0.0
CC-11641,Platinum,1027,0.0650757,Loyal High Spenders,1186.24,No Offer (Low Risk),0.0,0.0
CC-11642,Gold,784,0.041279376,Loyal High Spenders,33.2,No Offer (Low Risk),0.0,0.0
CC-11643,Gold,1493,0.22298549,Champions / Whales,2202.64,Fee Waiver,95.0,1698.1
CC-11644,Standard,444,0.08687924,Loyal High Spenders,624.04,No Offer (Low Risk),0.0,0.0
CC-11645,Platinum,1065,0.13286068,At-Risk High Value,910.42,No Offer (Low Risk),0.0,0.0
CC-11646,Standard,148,0.6758403,Dormant / Lost,-76.18,No Offer (Low Risk),0.0,0.0
CC-11647,Platinum,1169,0.058612056,Loyal High Spenders,1159.94,No Offer (Low Risk),0.0,0.0
CC-11648,Platinum,2109,0.3305237,At-Risk High Value,549.28,Fee Waiver,295.0,252.14
CC-11649,Gold,1024,0.75234383,At-Risk High Value,34.26,No Offer (Low Risk),0.0,0.0
CC-11650,Standard,297,0.044791654,Dormant / Lost,-389.66,No Offer (Low Risk),0.0,0.0
CC-11651,Standard,361,0.12082396,Dormant / Lost,-129.06,No Offer (Low Risk),0.0,0.0
CC-11652,Standard,398,0.88297105,Dormant / Lost,-20.86,No Offer (Low Risk),0.0,0.0
CC-11653,Standard,479,0.36994904,New / Promising,-25.56,No Offer (Low Risk),0.0,0.0
CC-11654,Standard,385,0.113898695,Need Attention,432.63,No Offer (Low Risk),0.0,0.0
CC-11655,Black,5409,0.8934571,At-Risk High Value,123.84,No Offer (Low Risk),0.0,0.0
CC-11656,Gold,549,0.35059682,Loyal High Spenders,103.22,Fee Waiver,95.0,10.62
CC-11657,Standard,304,0.07690906,Dormant / Lost,-485.16,No Offer (Low Risk),0.0,0.0
CC-11658,Standard,281,0.42379728,Dormant / Lost,-56.34,No Offer (Low Risk),0.0,0.0
CC-11659,Standard,260,0.23050357,New / Promising,28.99,No Offer (Low Risk),0.0,0.0
CC-11660,Gold,606,0.077106535,Loyal High Spenders,254.87,No Offer (Low Risk),0.0,0.0
CC-11661,Gold,1071,0.3209934,Loyal High Spenders,154.94,Fee Waiver,95.0,57.24
CC-11662,Platinum,1838,0.052743867,Champions / Whales,1297.99,No Offer (Low Risk),0.0,0.0
CC-11663,Gold,1173,0.056959834,Loyal High Spenders,179.47,No Offer (Low Risk),0.0,0.0
CC-11664,Black,4599,0.07813715,Champions / Whales,809.71,No Offer (Low Risk),0.0,0.0
CC-11665,Platinum,1332,0.4414138,Champions / Whales,444.91,Fee Waiver,295.0,206.59
CC-11666,Standard,284,0.056313775,New / Promising,383.2,No Offer (Low Risk),0.0,0.0
CC-11667,Black,9560,0.09224836,Champions / Whales,-795.43,No Offer (Low Risk),0.0,0.0
CC-11668,Standard,370,0.090028875,Dormant / Lost,247.07,No Offer (Low Risk),0.0,0.0
CC-11669,Platinum,1674,0.13056561,At-Risk High Value,3956.57,No Offer (Low Risk),0.0,0.0
CC-11670,Standard,100,0.03550784,New / Promising,-150.4,No Offer (Low Risk),0.0,0.0
CC-11671,Platinum,3143,0.255425,Champions / Whales,759.12,Fee Waiver,295.0,370.44
CC-11672,Platinum,1523,0.92696494,At-Risk High Value,203.78,No Offer (Low Risk),0.0,0.0
CC-11673,Platinum,3404,0.06348514,Champions / Whales,9888.05,No Offer (Low Risk),0.0,0.0
CC-11674,Platinum,2464,0.035983007,Champions / Whales,1596.6,No Offer (Low Risk),0.0,0.0
CC-11675,Standard,351,0.24554802,New / Promising,-127.22,No Offer (Low Risk),0.0,0.0
CC-11676,Standard,299,0.10238882,Need Attention,-207.27,No Offer (Low Risk),0.0,0.0
CC-11677,Standard,202,0.15516794,New / Promising,-328.84,No Offer (Low Risk),0.0,0.0
CC-11678,Standard,311,0.36618468,New / Promising,-201.4,No Offer (Low Risk),0.0,0.0
CC-11679,Gold,503,0.22261819,New / Promising,683.87,Fee Waiver,95.0,461.2
CC-11680,Standard,329,0.079766065,New / Promising,-155.42,No Offer (Low Risk),0.0,0.0
CC-11681,Black,3462,0.048335355,Champions / Whales,10588.78,No Offer (Low Risk),0.0,0.0
CC-11682,Gold,1264,0.03385263,Champions / Whales,457.22,No Offer (Low Risk),0.0,0.0
CC-11683,Platinum,1800,0.45411566,Champions / Whales,339.3,Fee Waiver,295.0,91.78
CC-11684,Standard,385,0.10074232,Need Attention,751.81,No Offer (Low Risk),0.0,0.0
CC-11685,Platinum,2044,0.19943075,At-Risk High Value,843.7,No Offer (Low Risk),0.0,0.0
CC-11686,Platinum,2260,0.07444592,Champions / Whales,1272.49,No Offer (Low Risk),0.0,0.0
CC-11687,Gold,772,0.12446787,Loyal High Spenders,157.17,No Offer (Low Risk),0.0,0.0
CC-11688,Gold,806,0.44820842,Loyal High Spenders,720.86,Fee Waiver,95.0,722.57
CC-11689,Platinum,1657,0.30399522,At-Risk High Value,603.05,Fee Waiver,295.0,282.34
CC-11690,Standard,312,0.39106074,Dormant / Lost,-100.5,No Offer (Low Risk),0.0,0.0
CC-11691,Gold,929,0.070205726,Loyal High Spenders,371.49,No Offer (Low Risk),0.0,0.0
CC-11692,Standard,177,0.08057805,New / Promising,-77.09,No Offer (Low Risk),0.0,0.0
CC-11693,Standard,237,0.28597933,Need Attention,-257.86,No Offer (Low Risk),0.0,0.0
CC-11694,Standard,296,0.07159937,New / Promising,-56.29,No Offer (Low Risk),0.0,0.0
CC-11695,Standard,210,0.050439972,Dormant / Lost,-996.88,No Offer (Low Risk),0.0,0.0
CC-11696,Standard,525,0.4109318,Loyal High Spenders,401.31,Apr Cut,120.0,230.88
CC-11697,Standard,198,0.09238697,New / Promising,-472.95,No Offer (Low Risk),0.0,0.0
CC-11698,Black,7142,0.20799929,Champions / Whales,-47.57,No Offer (Low Risk),0.0,0.0
CC-11699,Gold,807,0.16545358,Loyal High Spenders,150.23,No Offer (Low Risk),0.0,0.0
CC-11700,Black,3082,0.17616758,Champions / Whales,750.52,No Offer (Low Risk),0.0,0.0
CC-11701,Standard,253,0.3347322,New / Promising,-129.44,No Offer (Low Risk),0.0,0.0
CC-11702,Standard,414,0.04513143,New / Promising,-398.33,No Offer (Low Risk),0.0,0.0
CC-11703,Gold,842,0.090854466,Loyal High Spenders,2058.22,No Offer (Low Risk),0.0,0.0
CC-11704,Standard,225,0.090033494,New / Promising,-494.97,No Offer (Low Risk),0.0,0.0
CC-11705,Standard,140,0.07448068,New / Promising,-577.49,No Offer (Low Risk),0.0,0.0
CC-11706,Gold,1186,0.041573565,Loyal High Spenders,571.93,No Offer (Low Risk),0.0,0.0
CC-11707,Standard,468,0.104187176,New / Promising,-161.27,No Offer (Low Risk),0.0,0.0
CC-11708,Gold,1111,0.24959965,At-Risk High Value,1525.75,Fee Waiver,95.0,1226.18
CC-11709,Gold,1299,0.1039889,Loyal High Spenders,3142.67,No Offer (Low Risk),0.0,0.0
CC-11710,Standard,344,0.28105214,New / Promising,-202.28,No Offer (Low Risk),0.0,0.0
CC-11711,Standard,254,0.16494013,Dormant / Lost,-143.05,No Offer (Low Risk),0.0,0.0
CC-11712,Platinum,931,0.093175925,At-Risk High Value,920.3,No Offer (Low Risk),0.0,0.0
CC-11713,Gold,1153,0.27052742,At-Risk High Value,1544.77,Fee Waiver,95.0,1300.27
CC-11714,Standard,371,0.1672105,Need Attention,-223.72,No Offer (Low Risk),0.0,0.0
CC-11715,Black,3228,0.2930852,Champions / Whales,604.73,Vip Perks,150.0,187.05
CC-11716,Standard,375,0.047984455,New / Promising,-632.36,No Offer (Low Risk),0.0,0.0
CC-11717,Gold,1191,0.054835126,Loyal High Spenders,500.6,No Offer (Low Risk),0.0,0.0
CC-11718,Black,5390,0.05417897,Champions / Whales,316.13,No Offer (Low Risk),0.0,0.0
CC-11719,Standard,228,0.22448266,Dormant / Lost,-124.91,No Offer (Low Risk),0.0,0.0
CC-11720,Standard,476,0.069172025,Loyal High Spenders,-310.28,No Offer (Low Risk),0.0,0.0
CC-11721,Standard,251,0.07974899,New / Promising,-374.24,No Offer (Low Risk),0.0,0.0
CC-11722,Standard,205,0.25219202,New / Promising,-219.6,No Offer (Low Risk),0.0,0.0
CC-11723,Standard,268,0.052538965,New / Promising,-275.6,No Offer (Low Risk),0.0,0.0
CC-11724,Gold,746,0.0910061,Need Attention,414.91,No Offer (Low Risk),0.0,0.0
CC-11725,Standard,279,0.44322896,Need Attention,92.8,No Offer (Low Risk),0.0,0.0
CC-11726,Gold,712,0.21792342,New / Promising,116.0,No Offer (Low Risk),0.0,0.0
CC-11727,Black,6263,0.17505202,Champions / Whales,117.4,No Offer (Low Risk),0.0,0.0
CC-11728,Platinum,1488,0.06307572,At-Risk High Value,1295.35,No Offer (Low Risk),0.0,0.0
CC-11729,Gold,1110,0.25002557,At-Risk High Value,279.49,Fee Waiver,95.0,147.24
CC-11730,Standard,135,0.15297952,New / Promising,-267.29,No Offer (Low Risk),0.0,0.0
CC-11731,Gold,532,0.24379314,New / Promising,134.41,Fee Waiver,95.0,19.93
CC-11732,Gold,1194,0.49309158,Loyal High Spenders,211.94,Fee Waiver,95.0,154.21
CC-11733,Standard,392,0.8820584,Need Attention,-62.19,No Offer (Low Risk),0.0,0.0
CC-11734,Standard,130,0.05067988,New / Promising,-506.97,No Offer (Low Risk),0.0,0.0
CC-11735,Platinum,1291,0.06849208,Loyal High Spenders,984.08,No Offer (Low Risk),0.0,0.0
CC-11736,Standard,210,0.056530036,New / Promising,-686.71,No Offer (Low Risk),0.0,0.0
CC-11737,Standard,138,0.05047052,Dormant / Lost,-498.77,No Offer (Low Risk),0.0,0.0
CC-11738,Standard,410,0.49395114,Need Attention,180.64,Apr Cut,120.0,48.32
CC-11739,Standard,214,0.037432168,New / Promising,-985.43,No Offer (Low Risk),0.0,0.0
CC-11740,Platinum,787,0.039126243,Loyal High Spenders,1475.49,No Offer (Low Risk),0.0,0.0
CC-11741,Gold,1165,0.0647145,Loyal High Spenders,550.65,No Offer (Low Risk),0.0,0.0
CC-11742,Platinum,2670,0.13780405,Champions / Whales,954.61,No Offer (Low Risk),0.0,0.0
CC-11743,Standard,236,0.094749354,New / Promising,-454.84,No Offer (Low Risk),0.0,0.0
CC-11744,Standard,199,0.12895691,Dormant / Lost,-344.3,No Offer (Low Risk),0.0,0.0
CC-11745,Gold,1291,0.7061253,At-Risk High Value,791.27,Fee Waiver,95.0,904.84
CC-11746,Standard,462,0.8128938,Dormant / Lost,-24.62,No Offer (Low Risk),0.0,0.0
CC-11747,Standard,161,0.16116527,New / Promising,-258.99,No Offer (Low Risk),0.0,0.0
CC-11748,Platinum,903,0.10994555,Loyal High Spenders,2819.3,No Offer (Low Risk),0.0,0.0
CC-11749,Standard,222,0.100040406,Need Attention,-78.58,No Offer (Low Risk),0.0,0.0
CC-11750,Gold,982,0.06808921,Loyal High Spenders,438.76,No Offer (Low Risk),0.0,0.0
CC-11751,Standard,285,0.12159574,New / Promising,-226.63,No Offer (Low Risk),0.0,0.0
CC-11752,Standard,265,0.06113544,New / Promising,-248.86,No Offer (Low Risk),0.0,0.0
CC-11753,Standard,142,0.83723325,Dormant / Lost,-102.5,No Offer (Low Risk),0.0,0.0
CC-11754,Black,3614,0.13945626,At-Risk High Value,915.66,No Offer (Low Risk),0.0,0.0
CC-11755,Platinum,2183,0.08178619,Champions / Whales,1485.87,No Offer (Low Risk),0.0,0.0
CC-11756,Black,4688,0.61122024,Champions / Whales,2758.91,Fee Waiver,495.0,2996.56
CC-11757,Gold,633,0.073760174,Need Attention,470.42,No Offer (Low Risk),0.0,0.0
CC-11758,Standard,500,0.4277033,Need Attention,284.14,Apr Cut,120.0,132.06
CC-11759,Gold,648,0.1535848,Loyal High Spenders,15.26,No Offer (Low Risk),0.0,0.0
CC-11760,Gold,529,0.024176147,Loyal High Spenders,373.1,No Offer (Low Risk),0.0,0.0
CC-11761,Platinum,1765,0.09100075,Champions / Whales,1057.64,No Offer (Low Risk),0.0,0.0
CC-11762,Standard,243,0.14875047,New / Promising,57.85,No Offer (Low Risk),0.0,0.0
CC-11763,Gold,786,0.8863853,Dormant / Lost,55.94,No Offer (Low Risk),0.0,0.0
CC-11764,Standard,300,0.10129706,New / Promising,-265.28,No Offer (Low Risk),0.0,0.0
CC-11765,Standard,218,0.19258589,New / Promising,-55.2,No Offer (Low Risk),0.0,0.0
CC-11766,Gold,1069,0.095701285,Loyal High Spenders,428.36,No Offer (Low Risk),0.0,0.0
CC-11767,Gold,505,0.05175848,Loyal High Spenders,1299.3,No Offer (Low Risk),0.0,0.0
CC-11768,Standard,507,0.6008926,New / Promising,-61.89,No Offer (Low Risk),0.0,0.0
CC-11769,Standard,228,0.12058567,Dormant / Lost,-245.3,No Offer (Low Risk),0.0,0.0
CC-11770,Gold,572,0.13005261,Loyal High Spenders,271.46,No Offer (Low Risk),0.0,0.0
CC-11771,Platinum,3691,0.3841273,Champions / Whales,3553.59,Fee Waiver,295.0,3489.56
CC-11772,Platinum,1451,0.11661931,Loyal High Spenders,1232.07,No Offer (Low Risk),0.0,0.0
CC-11773,Black,7022,0.20745362,At-Risk High Value,9129.34,Fee Waiver,495.0,6637.0
CC-11774,Platinum,1273,0.119238235,At-Risk High Value,1056.2,No Offer (Low Risk),0.0,0.0
CC-11775,Standard,210,0.044156335,New / Promising,-515.07,No Offer (Low Risk),0.0,0.0
CC-11776,Gold,605,0.07287706,New / Promising,112.28,No Offer (Low Risk),0.0,0.0
CC-11777,Standard,532,0.07243913,New / Promising,-5.68,No Offer (Low Risk),0.0,0.0
CC-11778,Standard,160,0.24951309,New / Promising,-33.73,No Offer (Low Risk),0.0,0.0
CC-11779,Platinum,1187,0.14263584,Loyal High Spenders,899.83,No Offer (Low Risk),0.0,0.0
CC-11780,Standard,220,0.6043534,Dormant / Lost,-130.83,No Offer (Low Risk),0.0,0.0
CC-11781,Platinum,2256,0.06115458,Champions / Whales,1435.83,No Offer (Low Risk),0.0,0.0
CC-11782,Gold,601,0.7322953,Need Attention,389.19,Fee Waiver,95.0,363.11
CC-11783,Gold,766,0.13757125,Loyal High Spenders,248.22,No Offer (Low Risk),0.0,0.0
CC-11784,Gold,579,0.11951044,Loyal High Spenders,75.53,No Offer (Low Risk),0.0,0.0
CC-11785,Platinum,1661,0.105734564,Champions / Whales,1022.97,No Offer (Low Risk),0.0,0.0
CC-11786,Gold,379,0.07024867,Need Attention,436.36,No Offer (Low Risk),0.0,0.0
CC-11787,Gold,890,0.07256731,Loyal High Spenders,475.41,No Offer (Low Risk),0.0,0.0
CC-11788,Standard,162,0.761385,Dormant / Lost,-2.68,No Offer (Low Risk),0.0,0.0
CC-11789,Gold,580,0.07319782,Loyal High Spenders,224.02,No Offer (Low Risk),0.0,0.0
CC-11790,Standard,458,0.12208881,Loyal High Spenders,-256.65,No Offer (Low Risk),0.0,0.0
CC-11791,Gold,830,0.24872442,At-Risk High Value,138.28,Fee Waiver,95.0,24.51
CC-11792,Gold,597,0.84328806,Need Attention,67.69,No Offer (Low Risk),0.0,0.0
CC-11793,Gold,494,0.19908018,Loyal High Spenders,143.04,No Offer (Low Risk),0.0,0.0
CC-11794,Standard,223,0.07835925,Dormant / Lost,-376.77,No Offer (Low Risk),0.0,0.0
CC-11795,Standard,225,0.272057,Need Attention,-296.27,No Offer (Low Risk),0.0,0.0
CC-11796,Gold,812,0.23983574,Loyal High Spenders,151.48,Fee Waiver,95.0,33.39
CC-11797,Standard,250,0.08181443,New / Promising,-351.24,No Offer (Low Risk),0.0,0.0
CC-11798,Standard,336,0.86971265,Need Attention,102.34,No Offer (Low Risk),0.0,0.0
CC-11799,Standard,348,0.18573117,New / Promising,-287.65,No Offer (Low Risk),0.0,0.0
CC-11800,Black,7023,0.15063122,Champions / Whales,87.3,No Offer (Low Risk),0.0,0.0
CC-11801,Gold,616,0.046563607,New / Promising,-1.43,No Offer (Low Risk),0.0,0.0
CC-11802,Standard,316,0.07601604,Need Attention,-617.33,No Offer (Low Risk),0.0,0.0
CC-11803,Standard,500,0.15727389,Loyal High Spenders,-284.44,No Offer (Low Risk),0.0,0.0
CC-11804,Standard,186,0.09109015,New / Promising,-220.89,No Offer (Low Risk),0.0,0.0
CC-11805,Platinum,1180,0.1319602,Loyal High Spenders,749.57,No Offer (Low Risk),0.0,0.0
CC-11806,Gold,1628,0.20076324,Champions / Whales,2503.13,Fee Waiver,95.0,1823.45
CC-11807,Standard,293,0.09981838,New / Promising,-229.51,No Offer (Low Risk),0.0,0.0
CC-11808,Standard,375,0.12545437,New / Promising,-35.35,No Offer (Low Risk),0.0,0.0
CC-11809,Standard,521,0.24472252,New / Promising,-57.03,No Offer (Low Risk),0.0,0.0
CC-11810,Gold,943,0.31690684,Loyal High Spenders,93.07,No Offer (Low Risk),0.0,0.0
CC-11811,Platinum,1240,0.5258513,At-Risk High Value,1205.56,Fee Waiver,295.0,1155.68
CC-11812,Standard,322,0.13769497,New / Promising,-247.08,No Offer (Low Risk),0.0,0.0
CC-11813,Standard,393,0.04903169,New / Promising,-203.04,No Offer (Low Risk),0.0,0.0
CC-11814,Standard,248,0.32296437,Dormant / Lost,4.21,No Offer (Low Risk),0.0,0.0
CC-11815,Black,6844,0.059205562,Champions / Whales,202.19,No Offer (Low Risk),0.0,0.0
CC-11816,Standard,392,0.04528414,New / Promising,-158.52,No Offer (Low Risk),0.0,0.0
CC-11817,Platinum,1483,0.9015427,At-Risk High Value,179.04,No Offer (Low Risk),0.0,0.0
CC-11818,Gold,318,0.16455868,Need Attention,287.35,No Offer (Low Risk),0.0,0.0
CC-11819,Standard,192,0.22493082,Need Attention,-198.32,No Offer (Low Risk),0.0,0.0
CC-11820,Standard,393,0.9066212,Need Attention,101.03,No Offer (Low Risk),0.0,0.0
CC-11821,Standard,485,0.07511917,New / Promising,-115.46,No Offer (Low Risk),0.0,0.0
CC-11822,Gold,707,0.033612818,Loyal High Spenders,176.7,No Offer (Low Risk),0.0,0.0
CC-11823,Platinum,884,0.057885524,Loyal High Spenders,1236.4,No Offer (Low Risk),0.0,0.0
CC-11824,Gold,933,0.15888663,Loyal High Spenders,257.18,No Offer (Low Risk),0.0,0.0
CC-11825,Gold,1176,0.32279542,Loyal High Spenders,1311.82,Fee Waiver,95.0,1197.34
CC-11826,Standard,289,0.08130428,New / Promising,-165.3,No Offer (Low Risk),0.0,0.0
CC-11827,Black,2457,0.122799575,At-Risk High Value,1102.47,No Offer (Low Risk),0.0,0.0
CC-11828,Platinum,2031,0.85370696,At-Risk High Value,256.14,No Offer (Low Risk),0.0,0.0
CC-11829,Standard,301,0.18648402,Need Attention,236.42,No Offer (Low Risk),0.0,0.0
CC-11830,Black,3964,0.31450745,At-Risk High Value,387.4,Vip Perks,150.0,71.91
CC-11831,Gold,827,0.080892205,Loyal High Spenders,354.8,No Offer (Low Risk),0.0,0.0
CC-11832,Gold,1599,0.18847269,Champions / Whales,270.67,No Offer (Low Risk),0.0,0.0
CC-11833,Gold,892,0.81675637,At-Risk High Value,37.32,No Offer (Low Risk),0.0,0.0
CC-11834,Platinum,2172,0.06724935,Champions / Whales,1426.85,No Offer (Low Risk),0.0,0.0
CC-11835,Gold,665,0.038212143,Loyal High Spenders,599.08,No Offer (Low Risk),0.0,0.0
CC-11836,Standard,397,0.14509664,New / Promising,588.38,No Offer (Low Risk),0.0,0.0
CC-11837,Standard,128,0.14617997,New / Promising,-346.94,No Offer (Low Risk),0.0,0.0
CC-11838,Platinum,2339,0.40848902,Champions / Whales,2277.37,Fee Waiver,295.0,2193.71
CC-11839,Standard,311,0.19920067,New / Promising,-225.2,No Offer (Low Risk),0.0,0.0
CC-11840,Standard,182,0.16753101,Dormant / Lost,-178.18,No Offer (Low Risk),0.0,0.0
CC-11841,Standard,315,0.11337484,New / Promising,227.86,No Offer (Low Risk),0.0,0.0
CC-11842,Standard,254,0.6161298,New / Promising,-86.0,No Offer (Low Risk),0.0,0.0
CC-11843,Gold,771,0.30179247,Loyal High Spenders,893.45,Fee Waiver,95.0,757.33
CC-11844,Black,7321,0.5770903,Champions / Whales,-67.89,No Offer (Low Risk),0.0,0.0
CC-11845,Standard,267,0.83197004,Dormant / Lost,-46.56,No Offer (Low Risk),0.0,0.0
CC-11846,Standard,201,0.80296,Need Attention,-90.68,No Offer (Low Risk),0.0,0.0
CC-11847,Standard,193,0.3661986,Dormant / Lost,-14.29,No Offer (Low Risk),0.0,0.0
CC-11848,Platinum,2167,0.061001137,Champions / Whales,1488.62,No Offer (Low Risk),0.0,0.0
CC-11849,Gold,838,0.6346587,At-Risk High Value,38.78,No Offer (Low Risk),0.0,0.0
CC-11850,Standard,210,0.032685615,New / Promising,-734.9,No Offer (Low Risk),0.0,0.0
CC-11851,Platinum,916,0.041357327,Loyal High Spenders,4449.01,No Offer (Low Risk),0.0,0.0
CC-11852,Platinum,1468,0.44963995,Champions / Whales,386.38,Fee Waiver,295.0,143.76
CC-11853,Platinum,3215,0.1523124,At-Risk High Value,706.11,No Offer (Low Risk),0.0,0.0
CC-11854,Platinum,1490,0.062461294,Champions / Whales,1133.75,No Offer (Low Risk),0.0,0.0
CC-11855,Standard,209,0.17268415,New / Promising,-174.41,No Offer (Low Risk),0.0,0.0
CC-11856,Platinum,1739,0.055086937,Champions / Whales,1667.19,No Offer (Low Risk),0.0,0.0
CC-11857,Gold,934,0.1637256,Loyal High Spenders,1618.88,No Offer (Low Risk),0.0,0.0
CC-11858,Platinum,2432,0.5429349,At-Risk High Value,1828.93,Fee Waiver,295.0,1930.45
CC-11859,Gold,1087,0.078321055,Loyal High Spenders,572.96,No Offer (Low Risk),0.0,0.0
CC-11860,Platinum,1387,0.05508061,Champions / Whales,1444.15,No Offer (Low Risk),0.0,0.0
CC-11861,Gold,628,0.17051765,Loyal High Spenders,251.19,No Offer (Low Risk),0.0,0.0
CC-11862,Standard,206,0.1255387,Dormant / Lost,-196.77,No Offer (Low Risk),0.0,0.0
CC-11863,Gold,1826,0.082752086,Champions / Whales,271.35,No Offer (Low Risk),0.0,0.0
CC-11864,Black,9510,0.21162136,Champions / Whales,11642.75,Fee Waiver,495.0,8705.49
CC-11865,Black,8458,0.11278832,Champions / Whales,-488.33,No Offer (Low Risk),0.0,0.0
CC-11866,Standard,162,0.23358347,New / Promising,94.01,No Offer (Low Risk),0.0,0.0
CC-11867,Standard,265,0.81723034,Dormant / Lost,18.77,No Offer (Low Risk),0.0,0.0
CC-11868,Standard,190,0.8647428,Dormant / Lost,-78.58,No Offer (Low Risk),0.0,0.0
CC-11869,Gold,732,0.08714658,Loyal High Spenders,1753.71,No Offer (Low Risk),0.0,0.0
CC-11870,Platinum,1621,0.069854684,Champions / Whales,1526.48,No Offer (Low Risk),0.0,0.0
CC-11871,Standard,360,0.1301918,Need Attention,-175.33,No Offer (Low Risk),0.0,0.0
CC-11872,Gold,987,0.13510843,Loyal High Spenders,300.16,No Offer (Low Risk),0.0,0.0
CC-11873,Platinum,1304,0.063535325,Loyal High Spenders,1572.38,No Offer (Low Risk),0.0,0.0
CC-11874,Gold,893,0.03224231,Loyal High Spenders,2875.25,No Offer (Low Risk),0.0,0.0
CC-11875,Gold,566,0.16939013,Need Attention,126.25,No Offer (Low Risk),0.0,0.0
CC-11876,Gold,646,0.14794166,Need Attention,109.9,No Offer (Low Risk),0.0,0.0
CC-11877,Gold,1278,0.11494912,At-Risk High Value,489.33,No Offer (Low Risk),0.0,0.0
CC-11878,Standard,433,0.57902384,Loyal High Spenders,-72.29,No Offer (Low Risk),0.0,0.0
CC-11879,Gold,721,0.10726984,Need Attention,1600.09,No Offer (Low Risk),0.0,0.0
CC-11880,Gold,1207,0.4995208,Loyal High Spenders,933.26,Fee Waiver,95.0,1007.56
CC-11881,Platinum,1810,0.031785853,Champions / Whales,1607.38,No Offer (Low Risk),0.0,0.0
CC-11882,Gold,948,0.094498366,At-Risk High Value,158.97,No Offer (Low Risk),0.0,0.0
CC-11883,Platinum,2272,0.9455201,At-Risk High Value,1131.61,Apr Cut,120.0,639.81
CC-11884,Standard,398,0.51395965,Dormant / Lost,140.95,Apr Cut,120.0,13.03
CC-11885,Gold,1237,0.09145161,At-Risk High Value,458.65,No Offer (Low Risk),0.0,0.0
CC-11886,Standard,100,0.10429878,Dormant / Lost,-430.25,No Offer (Low Risk),0.0,0.0
CC-11887,Standard,271,0.2593411,New / Promising,-149.13,No Offer (Low Risk),0.0,0.0
CC-11888,Gold,843,0.20082417,At-Risk High Value,293.69,Fee Waiver,95.0,130.13
CC-11889,Black,3061,0.13249314,Champions / Whales,876.84,No Offer (Low Risk),0.0,0.0
CC-11890,Standard,359,0.4360499,Need Attention,-138.42,No Offer (Low Risk),0.0,0.0
CC-11891,Standard,631,0.32232293,Dormant / Lost,457.85,Apr Cut,120.0,243.65
CC-11892,Platinum,2376,0.871408,At-Risk High Value,193.43,No Offer (Low Risk),0.0,0.0
CC-11893,Standard,314,0.051865067,New / Promising,-553.52,No Offer (Low Risk),0.0,0.0
CC-11894,Gold,1284,0.4425719,At-Risk High Value,1132.99,Fee Waiver,95.0,1183.66
CC-11895,Gold,779,0.12947659,Loyal High Spenders,100.14,No Offer (Low Risk),0.0,0.0
CC-11896,Gold,732,0.8417039,Need Attention,383.18,Fee Waiver,95.0,255.68
CC-11897,Standard,512,0.3748345,New / Promising,304.23,Apr Cut,120.0,136.93
CC-11898,Standard,337,0.059126984,New / Promising,-223.91,No Offer (Low Risk),0.0,0.0
CC-11899,Platinum,1304,0.2157364,At-Risk High Value,707.87,Fee Waiver,295.0,270.58
CC-11900,Gold,1311,0.29588422,At-Risk High Value,177.93,Fee Waiver,95.0,73.11
CC-11901,Standard,139,0.27286035,Dormant / Lost,-299.04,No Offer (Low Risk),0.0,0.0
CC-11902,Platinum,3043,0.90376055,At-Risk High Value,236.54,No Offer (Low Risk),0.0,0.0
CC-11903,Standard,324,0.15180533,Need Attention,-413.77,No Offer (Low Risk),0.0,0.0
CC-11904,Gold,410,0.04576338,New / Promising,241.9,No Offer (Low Risk),0.0,0.0
CC-11905,Standard,310,0.7352178,Dormant / Lost,94.83,No Offer (Low Risk),0.0,0.0
CC-11906,Black,7401,0.9073219,At-Risk High Value,2931.67,Apr Cut,120.0,1976.47
CC-11907,Standard,162,0.15390596,New / Promising,-511.21,No Offer (Low Risk),0.0,0.0
CC-11908,Standard,313,0.04027961,Need Attention,-342.1,No Offer (Low Risk),0.0,0.0
CC-11909,Standard,230,0.059493527,New / Promising,199.0,No Offer (Low Risk),0.0,0.0
CC-11910,Standard,368,0.20762156,New / Promising,-234.93,No Offer (Low Risk),0.0,0.0
CC-11911,Platinum,1334,0.18941513,At-Risk High Value,2562.2,No Offer (Low Risk),0.0,0.0
CC-11912,Black,4730,0.2089644,Champions / Whales,298.87,No Offer (Low Risk),0.0,0.0
CC-11913,Standard,190,0.12320172,New / Promising,-309.54,No Offer (Low Risk),0.0,0.0
CC-11914,Standard,519,0.110450886,Need Attention,-181.66,No Offer (Low Risk),0.0,0.0
CC-11915,Gold,924,0.073845476,Loyal High Spenders,339.73,No Offer (Low Risk),0.0,0.0
CC-11916,Platinum,1541,0.3271437,At-Risk High Value,1747.66,Fee Waiver,295.0,1437.53
CC-11917,Gold,1121,0.087592855,Loyal High Spenders,614.63,No Offer (Low Risk),0.0,0.0
CC-11918,Standard,376,0.053466182,New / Promising,-66.79,No Offer (Low Risk),0.0,0.0
CC-11919,Standard,484,0.07137954,New / Promising,970.42,No Offer (Low Risk),0.0,0.0
CC-11920,Gold,776,0.2422758,Loyal High Spenders,206.24,Fee Waiver,95.0,80.75
CC-11921,Standard,226,0.11660746,New / Promising,-410.24,No Offer (Low Risk),0.0,0.0
CC-11922,Gold,1122,0.3516847,At-Risk High Value,1178.7,Fee Waiver,95.0,1112.79
CC-11923,Standard,253,0.2710979,New / Promising,96.12,No Offer (Low Risk),0.0,0.0
CC-11924,Platinum,3735,0.5272805,Champions / Whales,2757.9,Fee Waiver,295.0,3026.84
CC-11925,Standard,240,0.10388491,Dormant / Lost,-432.45,No Offer (Low Risk),0.0,0.0
CC-11926,Gold,1332,0.05040293,Loyal High Spenders,476.65,No Offer (Low Risk),0.0,0.0
CC-11927,Gold,757,0.74720067,Need Attention,85.43,Fee Waiver,95.0,1.79
CC-11928,Gold,417,0.31013542,New / Promising,129.25,Fee Waiver,95.0,29.94
CC-11929,Standard,274,0.07128953,New / Promising,-403.94,No Offer (Low Risk),0.0,0.0
CC-11930,Gold,620,0.034540813,Loyal High Spenders,690.87,No Offer (Low Risk),0.0,0.0
CC-11931,Gold,457,0.1890684,Loyal High Spenders,93.16,No Offer (Low Risk),0.0,0.0
CC-11932,Gold,283,0.06478726,Need Attention,713.22,No Offer (Low Risk),0.0,0.0
CC-11933,Gold,440,0.0669772,New / Promising,-106.9,No Offer (Low Risk),0.0,0.0
CC-11934,Gold,555,0.19047031,Loyal High Spenders,213.79,No Offer (Low Risk),0.0,0.0
CC-11935,Platinum,1539,0.113747984,At-Risk High Value,1191.4,No Offer (Low Risk),0.0,0.0
CC-11936,Standard,226,0.2950412,Dormant / Lost,-87.59,No Offer (Low Risk),0.0,0.0
CC-11937,Platinum,2055,0.069626614,Champions / Whales,5952.72,No Offer (Low Risk),0.0,0.0
CC-11938,Gold,1607,0.22051153,Champions / Whales,2260.17,Fee Waiver,95.0,1733.41
CC-11939,Standard,371,0.13333164,New / Promising,-445.5,No Offer (Low Risk),0.0,0.0
CC-11940,Standard,197,0.21788864,New / Promising,-178.02,No Offer (Low Risk),0.0,0.0
CC-11941,Standard,676,0.90594774,Need Attention,260.3,Apr Cut,120.0,66.58
CC-11942,Platinum,2950,0.1707188,Champions / Whales,5194.17,No Offer (Low Risk),0.0,0.0
CC-11943,Gold,843,0.048824795,Loyal High Spenders,2902.41,No Offer (Low Risk),0.0,0.0
CC-11944,Platinum,2075,0.17702861,Champions / Whales,729.67,No Offer (Low Risk),0.0,0.0
CC-11945,Gold,830,0.05254579,Loyal High Spenders,547.18,No Offer (Low Risk),0.0,0.0
CC-11946,Standard,208,0.36430198,Dormant / Lost,-31.9,No Offer (Low Risk),0.0,0.0
CC-11947,Standard,274,0.15100203,New / Promising,-184.86,No Offer (Low Risk),0.0,0.0
CC-11948,Standard,346,0.20169415,Dormant / Lost,-153.76,No Offer (Low Risk),0.0,0.0
CC-11949,Standard,252,0.16514155,New / Promising,-283.66,No Offer (Low Risk),0.0,0.0
CC-11950,Standard,223,0.091419585,New / Promising,-404.92,No Offer (Low Risk),0.0,0.0
CC-11951,Standard,143,0.14295009,New / Promising,-539.41,No Offer (Low Risk),0.0,0.0
CC-11952,Gold,1263,0.6608516,At-Risk High Value,777.75,Fee Waiver,95.0,913.41
CC-11953,Gold,553,0.13379528,New / Promising,51.03,No Offer (Low Risk),0.0,0.0
CC-11954,Black,9519,0.20986961,Champions / Whales,11882.51,Fee Waiver,495.0,8850.14
CC-11955,Black,3673,0.082248725,Champions / Whales,9270.19,No Offer (Low Risk),0.0,0.0
CC-11956,Gold,852,0.05541529,Loyal High Spenders,502.85,No Offer (Low Risk),0.0,0.0
CC-11957,Standard,325,0.15444814,Need Attention,-124.15,No Offer (Low Risk),0.0,0.0
CC-11958,Gold,1013,0.096740894,Loyal High Spenders,529.58,No Offer (Low Risk),0.0,0.0
CC-11959,Platinum,1643,0.11103682,Champions / Whales,4325.17,No Offer (Low Risk),0.0,0.0
CC-11960,Standard,148,0.093895204,New / Promising,-345.55,No Offer (Low Risk),0.0,0.0
CC-11961,Standard,432,0.29516965,New / Promising,-309.34,No Offer (Low Risk),0.0,0.0
CC-11962,Platinum,888,0.9170769,At-Risk High Value,205.18,No Offer (Low Risk),0.0,0.0
CC-11963,Standard,432,0.20453203,New / Promising,-137.56,No Offer (Low Risk),0.0,0.0
CC-11964,Gold,401,0.048998326,Need Attention,418.13,No Offer (Low Risk),0.0,0.0
CC-11965,Gold,747,0.20476742,Need Attention,105.19,No Offer (Low Risk),0.0,0.0
CC-11966,Standard,439,0.13666612,Loyal High Spenders,-258.97,No Offer (Low Risk),0.0,0.0
CC-11967,Standard,282,0.09572316,Need Attention,-570.09,No Offer (Low Risk),0.0,0.0
CC-11968,Standard,279,0.121516295,Dormant / Lost,-510.8,No Offer (Low Risk),0.0,0.0
CC-11969,Standard,461,0.2491541,Loyal High Spenders,434.05,Apr Cut,120.0,186.5
CC-11970,Standard,261,0.044344258,New / Promising,-453.85,No Offer (Low Risk),0.0,0.0
CC-11971,Platinum,1360,0.076713584,Champions / Whales,1217.68,No Offer (Low Risk),0.0,0.0
CC-11972,Standard,236,0.13060626,New / Promising,-153.86,No Offer (Low Risk),0.0,0.0
CC-11973,Gold,912,0.049589843,Loyal High Spenders,726.39,No Offer (Low Risk),0.0,0.0
CC-11974,Standard,196,0.14136022,Dormant / Lost,34.72,No Offer (Low Risk),0.0,0.0
CC-11975,Black,6280,0.123171575,At-Risk High Value,260.07,No Offer (Low Risk),0.0,0.0
CC-11976,Standard,166,0.044165894,New / Promising,-724.72,No Offer (Low Risk),0.0,0.0
CC-11977,Standard,358,0.06478299,Need Attention,-639.81,No Offer (Low Risk),0.0,0.0
CC-11978,Platinum,2138,0.06584334,Champions / Whales,1382.21,No Offer (Low Risk),0.0,0.0
CC-11979,Platinum,2444,0.42044467,Champions / Whales,516.17,Fee Waiver,295.0,275.75
CC-11980,Standard,163,0.062162634,New / Promising,-334.73,No Offer (Low Risk),0.0,0.0
CC-11981,Platinum,1454,0.21756187,Loyal High Spenders,580.99,Fee Waiver,295.0,171.43
CC-11982,Gold,707,0.35391498,Need Attention,186.8,Fee Waiver,95.0,96.95
CC-11983,Gold,525,0.25285417,Loyal High Spenders,743.54,Fee Waiver,95.0,553.3
CC-11984,Standard,180,0.23259702,New / Promising,-246.69,No Offer (Low Risk),0.0,0.0
CC-11985,Standard,370,0.048238207,New / Promising,-35.89,No Offer (Low Risk),0.0,0.0
CC-11986,Gold,465,0.34962413,Loyal High Spenders,177.93,Fee Waiver,95.0,86.84
CC-11987,Gold,821,0.14419793,At-Risk High Value,254.02,No Offer (Low Risk),0.0,0.0
CC-11988,Standard,308,0.2720829,Dormant / Lost,-116.64,No Offer (Low Risk),0.0,0.0
CC-11989,Gold,778,0.058301225,Loyal High Spenders,344.22,No Offer (Low Risk),0.0,0.0
CC-11990,Platinum,1106,0.18500802,Loyal High Spenders,636.54,No Offer (Low Risk),0.0,0.0
CC-11991,Standard,186,0.58024925,New / Promising,-26.15,No Offer (Low Risk),0.0,0.0
CC-11992,Gold,843,0.058755603,Loyal High Spenders,463.42,No Offer (Low Risk),0.0,0.0
CC-11993,Standard,408,0.27391267,Need Attention,179.91,Apr Cut,120.0,12.91
CC-11994,Platinum,1115,0.4356437,Loyal High Spenders,315.92,Fee Waiver,295.0,59.32
CC-11995,Gold,1126,0.8424358,At-Risk High Value,62.55,No Offer (Low Risk),0.0,0.0
CC-11996,Black,5489,0.11190782,Champions / Whales,10656.76,No Offer (Low Risk),0.0,0.0
CC-11997,Standard,294,0.043922324,New / Promising,647.22,No Offer (Low Risk),0.0,0.0
CC-11998,Standard,479,0.16686764,New / Promising,-215.54,No Offer (Low Risk),0.0,0.0
CC-11999,Standard,337,0.14522974,New / Promising,-172.21,No Offer (Low Risk),0.0,0.0
CC-12000,Standard,333,0.2992447,Need Attention,198.45,Apr Cut,120.0,32.62
CC-12001,Standard,297,0.16586637,New / Promising,-172.83,No Offer (Low Risk),0.0,0.0
CC-12002,Platinum,3344,0.0509133,Champions / Whales,10475.62,No Offer (Low Risk),0.0,0.0
CC-12003,Standard,465,0.060481865,Loyal High Spenders,-145.31,No Offer (Low Risk),0.0,0.0
CC-12004,Standard,313,0.17695667,Need Attention,229.78,No Offer (Low Risk),0.0,0.0
CC-12005,Platinum,2006,0.14645767,Champions / Whales,877.27,No Offer (Low Risk),0.0,0.0
CC-12006,Standard,132,0.07599026,Dormant / Lost,-340.7,No Offer (Low Risk),0.0,0.0
CC-12007,Platinum,1563,0.16449912,At-Risk High Value,754.44,No Offer (Low Risk),0.0,0.0
CC-12008,Standard,255,0.10721036,Dormant / Lost,-258.34,No Offer (Low Risk),0.0,0.0
CC-12009,Gold,659,0.14605787,New / Promising,220.11,No Offer (Low Risk),0.0,0.0
CC-12010,Standard,380,0.098682314,New / Promising,-253.37,No Offer (Low Risk),0.0,0.0
CC-12011,Standard,606,0.06494199,New / Promising,-200.49,No Offer (Low Risk),0.0,0.0
CC-12012,Platinum,1695,0.065641925,Champions / Whales,5391.03,No Offer (Low Risk),0.0,0.0
CC-12013,Standard,403,0.07266427,Dormant / Lost,-456.9,No Offer (Low Risk),0.0,0.0
CC-12014,Gold,592,0.09124309,New / Promising,52.97,No Offer (Low Risk),0.0,0.0
CC-12015,Standard,267,0.20862526,Dormant / Lost,-181.32,No Offer (Low Risk),0.0,0.0
CC-12016,Standard,149,0.12718786,Need Attention,25.27,No Offer (Low Risk),0.0,0.0
CC-12017,Platinum,2116,0.17233463,At-Risk High Value,872.09,No Offer (Low Risk),0.0,0.0
CC-12018,Standard,232,0.06125297,Dormant / Lost,-478.44,No Offer (Low Risk),0.0,0.0
CC-12019,Gold,473,0.64348626,Loyal High Spenders,366.76,Fee Waiver,95.0,376.69
CC-12020,Black,2978,0.052362803,Champions / Whales,9553.97,No Offer (Low Risk),0.0,0.0
CC-12021,Gold,729,0.048999604,Loyal High Spenders,565.37,No Offer (Low Risk),0.0,0.0
CC-12022,Black,7461,0.12912442,Champions / Whales,-173.62,No Offer (Low Risk),0.0,0.0
CC-12023,Standard,374,0.47579697,Need Attention,-106.01,No Offer (Low Risk),0.0,0.0
CC-12024,Standard,287,0.07462578,New / Promising,-533.77,No Offer (Low Risk),0.0,0.0
CC-12025,Standard,186,0.9393002,Dormant / Lost,14.43,No Offer (Low Risk),0.0,0.0
CC-12026,Gold,777,0.15430266,Loyal High Spenders,1401.13,No Offer (Low Risk),0.0,0.0
CC-12027,Black,7985,0.22111368,At-Risk High Value,-107.91,No Offer (Low Risk),0.0,0.0
CC-12028,Standard,302,0.0825996,New / Promising,-110.95,No Offer (Low Risk),0.0,0.0
CC-12029,Gold,1217,0.8696983,At-Risk High Value,56.62,No Offer (Low Risk),0.0,0.0
CC-12030,Standard,215,0.1077657,New / Promising,-336.68,No Offer (Low Risk),0.0,0.0
CC-12031,Gold,945,0.04994316,Loyal High Spenders,2583.51,No Offer (Low Risk),0.0,0.0
CC-12032,Gold,547,0.055101886,Loyal High Spenders,78.79,No Offer (Low Risk),0.0,0.0
CC-12033,Black,3873,0.25738397,At-Risk High Value,562.73,Vip Perks,150.0,147.31
CC-12034,Gold,851,0.21749829,Loyal High Spenders,107.87,No Offer (Low Risk),0.0,0.0
CC-12035,Standard,339,0.27409932,Dormant / Lost,136.14,No Offer (Low Risk),0.0,0.0
CC-12036,Standard,400,0.360318,Need Attention,-102.49,No Offer (Low Risk),0.0,0.0
CC-12037,Standard,317,0.06217722,New / Promising,-449.01,No Offer (Low Risk),0.0,0.0
CC-12038,Standard,329,0.15703651,Need Attention,-292.49,No Offer (Low Risk),0.0,0.0
CC-12039,Standard,178,0.2806117,Dormant / Lost,-267.65,No Offer (Low Risk),0.0,0.0
CC-12040,Platinum,1502,0.36420295,Champions / Whales,1800.57,Fee Waiver,295.0,1578.88
CC-12041,Gold,1141,0.13516061,At-Risk High Value,296.9,No Offer (Low Risk),0.0,0.0
CC-12042,Gold,726,0.0912139,Loyal High Spenders,346.0,No Offer (Low Risk),0.0,0.0
CC-12043,Standard,432,0.2027478,Loyal High Spenders,-170.93,No Offer (Low Risk),0.0,0.0
CC-12044,Platinum,1690,0.24009313,Champions / Whales,748.0,Fee Waiver,295.0,339.31
CC-12045,Gold,1282,0.11372524,Champions / Whales,401.17,No Offer (Low Risk),0.0,0.0
CC-12046,Standard,239,0.17422114,New / Promising,100.32,No Offer (Low Risk),0.0,0.0
CC-12047,Gold,1263,0.12500003,At-Risk High Value,255.51,No Offer (Low Risk),0.0,0.0
CC-12048,Gold,783,0.43475887,Need Attention,636.81,Fee Waiver,95.0,618.65
CC-12049,Standard,716,0.14120585,Loyal High Spenders,1071.37,No Offer (Low Risk),0.0,0.0
CC-12050,Gold,344,0.11585871,Need Attention,967.86,No Offer (Low Risk),0.0,0.0
CC-12051,Gold,1605,0.0847193,Champions / Whales,779.72,No Offer (Low Risk),0.0,0.0
CC-12052,Standard,312,0.919916,Need Attention,-64.08,No Offer (Low Risk),0.0,0.0
CC-12053,Black,4142,0.34711322,At-Risk High Value,329.0,Vip Perks,150.0,45.42
CC-12054,Platinum,1009,0.3039944,Loyal High Spenders,529.86,Fee Waiver,295.0,212.26
CC-12055,Gold,671,0.11302299,Loyal High Spenders,15.4,No Offer (Low Risk),0.0,0.0
CC-12056,Gold,485,0.78943825,Need Attention,55.12,No Offer (Low Risk),0.0,0.0
CC-12057,Standard,187,0.07240232,New / Promising,-595.18,No Offer (Low Risk),0.0,0.0
CC-12058,Gold,1314,0.8674822,At-Risk High Value,120.54,Fee Waiver,95.0,9.82
CC-12059,Gold,1324,0.28855178,Champions / Whales,173.05,Fee Waiver,95.0,66.49
CC-12060,Standard,235,0.30862287,New / Promising,-195.14,No Offer (Low Risk),0.0,0.0
CC-12061,Gold,975,0.3220079,Loyal High Spenders,130.0,Fee Waiver,95.0,32.92
CC-12062,Platinum,2380,0.42749807,Champions / Whales,423.45,Fee Waiver,295.0,176.37
CC-12063,Gold,641,0.21339056,Need Attention,1045.76,Fee Waiver,95.0,735.35
CC-12064,Standard,215,0.026141811,New / Promising,-755.97,No Offer (Low Risk),0.0,0.0
CC-12065,Platinum,1749,0.22172222,Champions / Whales,578.76,Fee Waiver,295.0,174.65
CC-12066,Standard,193,0.8253973,Dormant / Lost,-19.36,No Offer (Low Risk),0.0,0.0
CC-12067,Standard,190,0.6471876,New / Promising,-77.85,No Offer (Low Risk),0.0,0.0
CC-12068,Standard,134,0.12145099,New / Promising,-264.35,No Offer (Low Risk),0.0,0.0
CC-12069,Standard,112,0.043828957,New / Promising,-677.61,No Offer (Low Risk),0.0,0.0
CC-12070,Platinum,2859,0.060889788,Champions / Whales,1444.4,No Offer (Low Risk),0.0,0.0
CC-12071,Gold,494,0.027769862,Loyal High Spenders,-39.13,No Offer (Low Risk),0.0,0.0
CC-12072,Standard,299,0.06108484,New / Promising,358.07,No Offer (Low Risk),0.0,0.0
CC-12073,Platinum,1477,0.20789802,Champions / Whales,733.49,Fee Waiver,295.0,278.72
CC-12074,Platinum,1738,0.12522262,Champions / Whales,967.89,No Offer (Low Risk),0.0,0.0
CC-12075,Platinum,1238,0.06310773,Loyal High Spenders,4537.8,No Offer (Low Risk),0.0,0.0
CC-12076,Standard,437,0.05744846,New / Promising,-101.68,No Offer (Low Risk),0.0,0.0
CC-12077,Gold,1747,0.47647947,Champions / Whales,224.34,Fee Waiver,95.0,165.46
CC-12078,Black,9085,0.04038865,Champions / Whales,-942.03,No Offer (Low Risk),0.0,0.0
CC-12079,Platinum,2358,0.23019935,Champions / Whales,3656.94,Fee Waiver,295.0,2735.33
CC-12080,Standard,203,0.34911996,Need Attention,-201.39,No Offer (Low Risk),0.0,0.0
CC-12081,Standard,125,0.045426797,New / Promising,-457.34,No Offer (Low Risk),0.0,0.0
CC-12082,Gold,1359,0.9095697,At-Risk High Value,614.13,Fee Waiver,95.0,398.88
CC-12083,Platinum,1599,0.3191002,Champions / Whales,519.37,Fee Waiver,295.0,213.9
CC-12084,Gold,1336,0.050114837,Loyal High Spenders,4313.3,No Offer (Low Risk),0.0,0.0
CC-12085,Gold,700,0.19766949,Need Attention,1048.08,No Offer (Low Risk),0.0,0.0
CC-12086,Standard,213,0.16949713,Dormant / Lost,115.33,No Offer (Low Risk),0.0,0.0
CC-12087,Gold,959,0.9172886,At-Risk High Value,448.83,Fee Waiver,95.0,261.03
CC-12088,Platinum,2483,0.116322845,Champions / Whales,1197.65,No Offer (Low Risk),0.0,0.0
CC-12089,Standard,359,0.12053818,New / Promising,-286.07,No Offer (Low Risk),0.0,0.0
CC-12090,Platinum,2463,0.6968947,Champions / Whales,1570.55,Fee Waiver,295.0,1742.35
CC-12091,Black,8700,0.096039064,Champions / Whales,-552.95,No Offer (Low Risk),0.0,0.0
CC-12092,Standard,561,0.055357732,New / Promising,-174.44,No Offer (Low Risk),0.0,0.0
CC-12093,Gold,654,0.13675047,Need Attention,-12.76,No Offer (Low Risk),0.0,0.0
CC-12094,Standard,200,0.35365584,New / Promising,-197.48,No Offer (Low Risk),0.0,0.0
CC-12095,Platinum,3203,0.20009194,Champions / Whales,4884.5,Fee Waiver,295.0,3441.22
CC-12096,Gold,325,0.04545363,New / Promising,11.07,No Offer (Low Risk),0.0,0.0
CC-12097,Gold,593,0.9474024,Need Attention,243.34,Fee Waiver,95.0,88.3
CC-12098,Platinum,1223,0.08987197,Loyal High Spenders,1020.95,No Offer (Low Risk),0.0,0.0
CC-12099,Standard,188,0.8751066,Dormant / Lost,-25.75,No Offer (Low Risk),0.0,0.0
CC-12100,Platinum,1936,0.068032086,At-Risk High Value,1319.81,No Offer (Low Risk),0.0,0.0
CC-12101,Gold,559,0.90756,Need Attention,296.16,Fee Waiver,95.0,144.03
CC-12102,Standard,685,0.72989506,Dormant / Lost,236.87,Apr Cut,120.0,122.71
CC-12103,Gold,1603,0.26675543,Champions / Whales,2031.9,Fee Waiver,95.0,1727.02
CC-12104,Platinum,992,0.11710329,At-Risk High Value,2754.4,No Offer (Low Risk),0.0,0.0
CC-12105,Standard,283,0.080230966,New / Promising,397.99,No Offer (Low Risk),0.0,0.0
CC-12106,Platinum,3120,0.050727565,Champions / Whales,9489.9,No Offer (Low Risk),0.0,0.0
CC-12107,Platinum,2723,0.08369015,Champions / Whales,1477.76,No Offer (Low Risk),0.0,0.0
CC-12108,Standard,335,0.5111731,New / Promising,-206.65,No Offer (Low Risk),0.0,0.0
CC-12109,Black,9721,0.41674358,Champions / Whales,7178.14,Fee Waiver,495.0,7413.72
CC-12110,Standard,408,0.058528263,New / Promising,-550.25,No Offer (Low Risk),0.0,0.0
CC-12111,Standard,247,0.13653356,New / Promising,184.5,No Offer (Low Risk),0.0,0.0
CC-12112,Standard,181,0.9564874,Dormant / Lost,-36.88,No Offer (Low Risk),0.0,0.0
CC-12113,Platinum,3303,0.080932826,Champions / Whales,1184.14,No Offer (Low Risk),0.0,0.0
CC-12114,Gold,548,0.37587318,Loyal High Spenders,592.11,Fee Waiver,95.0,529.75
CC-12115,Standard,317,0.08129735,Need Attention,405.74,No Offer (Low Risk),0.0,0.0
CC-12116,Standard,370,0.060880605,New / Promising,-286.49,No Offer (Low Risk),0.0,0.0
CC-12117,Gold,1060,0.45055956,Loyal High Spenders,144.96,Fee Waiver,95.0,69.74
CC-12118,Standard,225,0.11941748,Need Attention,-388.16,No Offer (Low Risk),0.0,0.0
CC-12119,Platinum,2663,0.05076566,Champions / Whales,1571.64,No Offer (Low Risk),0.0,0.0
CC-12120,Platinum,2968,0.11110172,Champions / Whales,6618.14,No Offer (Low Risk),0.0,0.0
CC-12121,Gold,574,0.6231481,Need Attention,400.71,Fee Waiver,95.0,415.23
CC-12122,Black,4327,0.596775,Champions / Whales,216.07,Vip Perks,150.0,0.84
CC-12123,Standard,279,0.04181163,New / Promising,-652.63,No Offer (Low Risk),0.0,0.0
CC-12124,Black,6875,0.29715675,At-Risk High Value,-166.41,No Offer (Low Risk),0.0,0.0
CC-12125,Gold,1044,0.11672992,Champions / Whales,2175.24,No Offer (Low Risk),0.0,0.0
CC-12126,Gold,996,0.06472954,Loyal High Spenders,2881.21,No Offer (Low Risk),0.0,0.0
CC-12127,Standard,246,0.09893655,New / Promising,-87.26,No Offer (Low Risk),0.0,0.0
CC-12128,Platinum,1142,0.10009748,Loyal High Spenders,926.45,No Offer (Low Risk),0.0,0.0
CC-12129,Standard,244,0.22914274,New / Promising,181.71,No Offer (Low Risk),0.0,0.0
CC-12130,Standard,567,0.12584843,Dormant / Lost,-146.07,No Offer (Low Risk),0.0,0.0
CC-12131,Standard,204,0.19128159,New / Promising,-275.85,No Offer (Low Risk),0.0,0.0
CC-12132,Gold,556,0.058330715,Loyal High Spenders,103.26,No Offer (Low Risk),0.0,0.0
CC-12133,Gold,1121,0.21997815,Loyal High Spenders,1672.65,Fee Waiver,95.0,1256.27
CC-12134,Gold,798,0.7529936,At-Risk High Value,24.92,No Offer (Low Risk),0.0,0.0
CC-12135,Platinum,998,0.11484251,At-Risk High Value,1031.78,No Offer (Low Risk),0.0,0.0
CC-12136,Standard,272,0.19538948,Dormant / Lost,93.71,No Offer (Low Risk),0.0,0.0
CC-12137,Gold,714,0.13953915,Loyal High Spenders,128.33,No Offer (Low Risk),0.0,0.0
CC-12138,Standard,165,0.11863499,Dormant / Lost,-350.72,No Offer (Low Risk),0.0,0.0
CC-12139,Platinum,2006,0.59840244,At-Risk High Value,314.52,Fee Waiver,295.0,100.34
CC-12140,Platinum,2278,0.064137086,Champions / Whales,1641.19,No Offer (Low Risk),0.0,0.0
CC-12141,Gold,403,0.44658083,Dormant / Lost,59.22,No Offer (Low Risk),0.0,0.0
CC-12142,Gold,923,0.24103239,At-Risk High Value,220.13,Fee Waiver,95.0,92.06
CC-12143,Standard,200,0.84147745,Dormant / Lost,-106.97,No Offer (Low Risk),0.0,0.0
CC-12144,Gold,337,0.17598672,Dormant / Lost,610.25,No Offer (Low Risk),0.0,0.0
CC-12145,Platinum,2046,0.7373565,At-Risk High Value,226.71,Vip Perks,150.0,12.82
CC-12146,Gold,532,0.9214829,Need Attention,204.16,Fee Waiver,95.0,65.76
CC-12147,Standard,113,0.15595114,New / Promising,-231.53,No Offer (Low Risk),0.0,0.0
CC-12148,Gold,1455,0.75621057,At-Risk High Value,749.31,Fee Waiver,95.0,735.09
CC-12149,Platinum,2590,0.30855617,Champions / Whales,3156.9,Fee Waiver,295.0,2749.08
CC-12150,Standard,216,0.26776677,Dormant / Lost,-260.14,No Offer (Low Risk),0.0,0.0
CC-12151,Standard,208,0.42688978,Need Attention,-187.12,No Offer (Low Risk),0.0,0.0
CC-12152,Gold,1044,0.18097243,At-Risk High Value,1820.18,No Offer (Low Risk),0.0,0.0
CC-12153,Platinum,2069,0.38016704,At-Risk High Value,446.93,Fee Waiver,295.0,178.87
CC-12154,Standard,267,0.19933306,New / Promising,-203.62,No Offer (Low Risk),0.0,0.0
CC-12155,Standard,295,0.10724339,Need Attention,-354.51,No Offer (Low Risk),0.0,0.0
CC-12156,Standard,419,0.15570302,New / Promising,553.57,No Offer (Low Risk),0.0,0.0
CC-12157,Standard,287,0.63140535,New / Promising,-76.7,No Offer (Low Risk),0.0,0.0
CC-12158,Gold,676,0.0714031,Loyal High Spenders,425.25,No Offer (Low Risk),0.0,0.0
CC-12159,Gold,1150,0.0873246,Loyal High Spenders,211.93,No Offer (Low Risk),0.0,0.0
CC-12160,Gold,1045,0.118986994,Loyal High Spenders,2318.59,No Offer (Low Risk),0.0,0.0
CC-12161,Gold,516,0.17138512,Loyal High Spenders,93.78,No Offer (Low Risk),0.0,0.0
CC-12162,Standard,379,0.38896513,New / Promising,-147.23,No Offer (Low Risk),0.0,0.0
CC-12163,Platinum,3952,0.38701943,At-Risk High Value,3782.05,Fee Waiver,295.0,3745.75
CC-12164,Gold,832,0.11528914,Loyal High Spenders,409.22,No Offer (Low Risk),0.0,0.0
CC-12165,Black,7246,0.16388094,Champions / Whales,10814.08,No Offer (Low Risk),0.0,0.0
CC-12166,Gold,1326,0.11113393,At-Risk High Value,251.17,No Offer (Low Risk),0.0,0.0
CC-12167,Standard,356,0.21261278,New / Promising,-35.0,No Offer (Low Risk),0.0,0.0
CC-12168,Gold,1002,0.23926285,Loyal High Spenders,1448.58,Fee Waiver,95.0,1131.09
CC-12169,Standard,344,0.53303266,Need Attention,139.2,Apr Cut,120.0,12.88
CC-12170,Gold,336,0.8468248,Need Attention,79.66,No Offer (Low Risk),0.0,0.0
CC-12171,Standard,304,0.15898143,Need Attention,288.24,No Offer (Low Risk),0.0,0.0
CC-12172,Standard,411,0.14252342,Need Attention,554.26,No Offer (Low Risk),0.0,0.0
CC-12173,Platinum,1176,0.12425473,Loyal High Spenders,1094.65,No Offer (Low Risk),0.0,0.0
CC-12174,Standard,381,0.072455615,Need Attention,652.75,No Offer (Low Risk),0.0,0.0
CC-12175,Platinum,4191,0.06888595,Champions / Whales,1248.3,No Offer (Low Risk),0.0,0.0
CC-12176,Standard,194,0.19298914,New / Promising,74.23,No Offer (Low Risk),0.0,0.0
CC-12177,Gold,1502,0.1984465,At-Risk High Value,437.83,No Offer (Low Risk),0.0,0.0
CC-12178,Gold,913,0.42387757,Loyal High Spenders,189.72,Fee Waiver,95.0,115.47
CC-12179,Gold,960,0.17068401,At-Risk High Value,1566.77,No Offer (Low Risk),0.0,0.0
CC-12180,Standard,378,0.2460071,New / Promising,176.27,Apr Cut,120.0,3.7
CC-12181,Standard,314,0.18391135,New / Promising,-196.01,No Offer (Low Risk),0.0,0.0
CC-12182,Standard,149,0.055550262,New / Promising,-488.65,No Offer (Low Risk),0.0,0.0
CC-12183,Standard,525,0.8831442,Need Attention,-36.92,No Offer (Low Risk),0.0,0.0
CC-12184,Gold,602,0.07038744,Loyal High Spenders,298.79,No Offer (Low Risk),0.0,0.0
CC-12185,Black,5499,0.034927372,Champions / Whales,653.69,No Offer (Low Risk),0.0,0.0
CC-12186,Platinum,1985,0.35974368,Champions / Whales,462.91,Fee Waiver,295.0,184.15
CC-12187,Platinum,2738,0.0639967,Champions / Whales,1253.26,No Offer (Low Risk),0.0,0.0
CC-12188,Platinum,3170,0.2740786,Champions / Whales,689.45,Fee Waiver,295.0,331.9
CC-12189,Gold,642,0.04297422,Loyal High Spenders,336.63,No Offer (Low Risk),0.0,0.0
CC-12190,Standard,560,0.9281252,Need Attention,187.32,Apr Cut,120.0,9.37
CC-12191,Platinum,1617,0.40543512,Champions / Whales,439.15,Fee Waiver,295.0,183.41
CC-12192,Gold,1340,0.97059643,At-Risk High Value,587.33,Fee Waiver,95.0,345.5
CC-12193,Gold,638,0.37656263,New / Promising,164.43,Fee Waiver,95.0,78.63
CC-12194,Standard,150,0.113199376,New / Promising,-491.51,No Offer (Low Risk),0.0,0.0
CC-12195,Standard,218,0.8100392,Dormant / Lost,-62.69,No Offer (Low Risk),0.0,0.0
CC-12196,Gold,609,0.061053596,Loyal High Spenders,289.16,No Offer (Low Risk),0.0,0.0
CC-12197,Platinum,1053,0.06719143,Loyal High Spenders,1380.57,No Offer (Low Risk),0.0,0.0
CC-12198,Gold,815,0.07038374,Loyal High Spenders,121.08,No Offer (Low Risk),0.0,0.0
CC-12199,Standard,176,0.8928784,Dormant / Lost,-69.95,No Offer (Low Risk),0.0,0.0
CC-12200,Black,10711,0.059319027,Champions / Whales,25506.81,No Offer (Low Risk),0.0,0.0
CC-12201,Standard,415,0.3104905,Dormant / Lost,-56.64,No Offer (Low Risk),0.0,0.0
CC-12202,Standard,198,0.257583,New / Promising,-155.4,No Offer (Low Risk),0.0,0.0
CC-12203,Standard,210,0.24146967,New / Promising,144.2,No Offer (Low Risk),0.0,0.0
CC-12204,Gold,1227,0.058163036,Loyal High Spenders,573.46,No Offer (Low Risk),0.0,0.0
CC-12205,Platinum,1862,0.9176704,At-Risk High Value,266.23,No Offer (Low Risk),0.0,0.0
CC-12206,Standard,369,0.27286485,Dormant / Lost,-58.22,No Offer (Low Risk),0.0,0.0
CC-12207,Platinum,4076,0.24364495,Champions / Whales,440.75,Fee Waiver,295.0,81.74
CC-12208,Standard,206,0.045930024,New / Promising,-483.59,No Offer (Low Risk),0.0,0.0
CC-12209,Platinum,1096,0.075270675,Loyal High Spenders,3537.67,No Offer (Low Risk),0.0,0.0
CC-12210,Platinum,2608,0.11596601,Champions / Whales,956.96,No Offer (Low Risk),0.0,0.0
CC-12211,Platinum,2705,0.07432675,Champions / Whales,7447.11,No Offer (Low Risk),0.0,0.0
CC-12212,Standard,348,0.29798526,Dormant / Lost,235.49,Apr Cut,120.0,60.76
CC-12213,Black,3246,0.023367146,Champions / Whales,1463.19,No Offer (Low Risk),0.0,0.0
CC-12214,Gold,815,0.935091,At-Risk High Value,63.59,No Offer (Low Risk),0.0,0.0
CC-12215,Standard,304,0.16326731,New / Promising,348.47,No Offer (Low Risk),0.0,0.0
CC-12216,Platinum,1522,0.03619927,Champions / Whales,1687.01,No Offer (Low Risk),0.0,0.0
CC-12217,Standard,233,0.8026522,Dormant / Lost,-50.94,No Offer (Low Risk),0.0,0.0
CC-12218,Platinum,1199,0.038752608,Loyal High Spenders,1658.71,No Offer (Low Risk),0.0,0.0
CC-12219,Standard,348,0.23870315,New / Promising,-231.38,No Offer (Low Risk),0.0,0.0
CC-12220,Gold,1077,0.10739302,At-Risk High Value,119.53,No Offer (Low Risk),0.0,0.0
CC-12221,Gold,1284,0.03854191,Loyal High Spenders,427.09,No Offer (Low Risk),0.0,0.0
CC-12222,Standard,364,0.21073255,New / Promising,-247.25,No Offer (Low Risk),0.0,0.0
CC-12223,Standard,281,0.04559505,New / Promising,-222.12,No Offer (Low Risk),0.0,0.0
CC-12224,Standard,272,0.22974415,New / Promising,-326.37,No Offer (Low Risk),0.0,0.0
CC-12225,Gold,1088,0.2905605,Loyal High Spenders,144.18,Fee Waiver,95.0,40.0
CC-12226,Standard,499,0.050243277,Loyal High Spenders,-793.51,No Offer (Low Risk),0.0,0.0
CC-12227,Gold,1501,0.13202874,Loyal High Spenders,613.2,No Offer (Low Risk),0.0,0.0
CC-12228,Standard,323,0.14664604,New / Promising,200.37,No Offer (Low Risk),0.0,0.0
CC-12229,Standard,232,0.8266812,Dormant / Lost,36.92,No Offer (Low Risk),0.0,0.0
CC-12230,Gold,414,0.0729995,New / Promising,932.78,No Offer (Low Risk),0.0,0.0
CC-12231,Standard,224,0.050169196,New / Promising,-686.16,No Offer (Low Risk),0.0,0.0
CC-12232,Platinum,3257,0.14396654,Champions / Whales,6426.82,No Offer (Low Risk),0.0,0.0
CC-12233,Platinum,1705,0.74734277,At-Risk High Value,1061.15,Apr Cut,120.0,922.92
CC-12234,Gold,947,0.16870137,Loyal High Spenders,1836.72,No Offer (Low Risk),0.0,0.0
CC-12235,Gold,875,0.62962097,Loyal High Spenders,98.91,Fee Waiver,95.0,31.36
CC-12236,Platinum,3145,0.38747698,Champions / Whales,375.22,Fee Waiver,295.0,106.08
CC-12237,Standard,192,0.15713565,Dormant / Lost,-316.84,No Offer (Low Risk),0.0,0.0
CC-12238,Standard,171,0.37711772,New / Promising,-273.73,No Offer (Low Risk),0.0,0.0
CC-12239,Standard,222,0.29597506,New / Promising,-211.0,No Offer (Low Risk),0.0,0.0
CC-12240,Platinum,1964,0.2678613,Champions / Whales,468.79,Fee Waiver,295.0,126.27
CC-12241,Standard,171,0.16795853,New / Promising,-106.96,No Offer (Low Risk),0.0,0.0
CC-12242,Gold,586,0.9285215,Dormant / Lost,35.68,No Offer (Low Risk),0.0,0.0
CC-12243,Black,6038,0.06474756,At-Risk High Value,231.26,No Offer (Low Risk),0.0,0.0
CC-12244,Platinum,2451,0.289986,Champions / Whales,501.92,Fee Waiver,295.0,174.52
CC-12245,Gold,566,0.09900922,Dormant / Lost,216.07,No Offer (Low Risk),0.0,0.0
CC-12246,Standard,325,0.032238085,New / Promising,-368.28,No Offer (Low Risk),0.0,0.0
CC-12247,Platinum,1656,0.25129288,At-Risk High Value,714.48,Fee Waiver,295.0,325.92
CC-12248,Gold,912,0.08919735,Loyal High Spenders,210.1,No Offer (Low Risk),0.0,0.0
CC-12249,Standard,268,0.119425,Need Attention,-35.73,No Offer (Low Risk),0.0,0.0
CC-12250,Standard,273,0.84132487,Dormant / Lost,-35.64,No Offer (Low Risk),0.0,0.0
CC-12251,Platinum,2996,0.47234026,At-Risk High Value,459.48,Fee Waiver,295.0,236.7
CC-12252,Gold,603,0.7925343,Need Attention,328.6,Fee Waiver,95.0,239.15
CC-12253,Platinum,1213,0.20186488,At-Risk High Value,767.69,Fee Waiver,295.0,295.27
CC-12254,Platinum,2861,0.35704535,Champions / Whales,401.89,Fee Waiver,295.0,119.59
CC-12255,Gold,652,0.04923409,Loyal High Spenders,214.23,No Offer (Low Risk),0.0,0.0
CC-12256,Gold,769,0.09801171,Loyal High Spenders,1882.87,No Offer (Low Risk),0.0,0.0
CC-12257,Standard,347,0.80181164,New / Promising,148.28,Apr Cut,120.0,9.26
CC-12258,Standard,173,0.34041736,Need Attention,-99.56,No Offer (Low Risk),0.0,0.0
CC-12259,Standard,218,0.16699813,New / Promising,-297.83,No Offer (Low Risk),0.0,0.0
CC-12260,Platinum,1873,0.07850119,Champions / Whales,1353.55,No Offer (Low Risk),0.0,0.0
CC-12261,Gold,1318,0.12266543,Champions / Whales,607.82,No Offer (Low Risk),0.0,0.0
CC-12262,Platinum,2775,0.27881375,Champions / Whales,460.83,Fee Waiver,295.0,127.69
CC-12263,Standard,352,0.09755456,New / Promising,-510.74,No Offer (Low Risk),0.0,0.0
CC-12264,Gold,884,0.064516984,Loyal High Spenders,223.26,No Offer (Low Risk),0.0,0.0
CC-12265,Gold,533,0.80841225,Need Attention,57.54,No Offer (Low Risk),0.0,0.0
CC-12266,Gold,1205,0.118769914,Loyal High Spenders,-67.01,No Offer (Low Risk),0.0,0.0
CC-12267,Gold,878,0.10273007,Loyal High Spenders,178.46,No Offer (Low Risk),0.0,0.0
CC-12268,Standard,221,0.037135947,New / Promising,-465.89,No Offer (Low Risk),0.0,0.0
CC-12269,Gold,665,0.17030719,Need Attention,1328.75,No Offer (Low Risk),0.0,0.0
CC-12270,Standard,324,0.301914,New / Promising,165.13,Apr Cut,120.0,7.5
CC-12271,Standard,537,0.823889,Dormant / Lost,-53.78,No Offer (Low Risk),0.0,0.0
CC-12272,Gold,723,0.24071269,Loyal High Spenders,77.72,No Offer (Low Risk),0.0,0.0
CC-12273,Gold,318,0.09155468,New / Promising,783.59,No Offer (Low Risk),0.0,0.0
CC-12274,Black,5038,0.17898563,Champions / Whales,7544.94,No Offer (Low Risk),0.0,0.0
CC-12275,Gold,827,0.07069888,At-Risk High Value,302.93,No Offer (Low Risk),0.0,0.0
CC-12276,Gold,967,0.13872853,Loyal High Spenders,315.34,No Offer (Low Risk),0.0,0.0
CC-12277,Gold,990,0.28067586,Loyal High Spenders,1222.01,Fee Waiver,95.0,1029.63
CC-12278,Gold,1613,0.08661981,Champions / Whales,502.73,No Offer (Low Risk),0.0,0.0
CC-12279,Standard,241,0.31119418,New / Promising,73.74,No Offer (Low Risk),0.0,0.0
CC-12280,Standard,377,0.9197186,Dormant / Lost,47.17,No Offer (Low Risk),0.0,0.0
CC-12281,Standard,134,0.073616706,New / Promising,-230.33,No Offer (Low Risk),0.0,0.0
CC-12282,Gold,353,0.07540933,New / Promising,192.75,No Offer (Low Risk),0.0,0.0
CC-12283,Standard,224,0.26206535,New / Promising,-109.81,No Offer (Low Risk),0.0,0.0
CC-12284,Standard,177,0.06460575,New / Promising,-450.05,No Offer (Low Risk),0.0,0.0
CC-12285,Standard,249,0.07432613,New / Promising,-160.16,No Offer (Low Risk),0.0,0.0
CC-12286,Black,8821,0.35759228,Champions / Whales,7409.5,Fee Waiver,495.0,7153.99
CC-12287,Standard,155,0.25612083,Need Attention,-191.42,No Offer (Low Risk),0.0,0.0
CC-12288,Gold,805,0.93312377,At-Risk High Value,40.9,No Offer (Low Risk),0.0,0.0
CC-12289,Standard,188,0.15803999,New / Promising,-268.8,No Offer (Low Risk),0.0,0.0
CC-12290,Gold,714,0.3421657,Need Attention,171.34,Fee Waiver,95.0,78.4
CC-12291,Standard,303,0.8431472,Need Attention,-44.04,No Offer (Low Risk),0.0,0.0
CC-12292,Standard,393,0.102046736,New / Promising,-291.37,No Offer (Low Risk),0.0,0.0
CC-12293,Gold,758,0.34939653,Loyal High Spenders,106.41,Fee Waiver,95.0,13.72
CC-12294,Standard,465,0.15315917,Dormant / Lost,706.75,No Offer (Low Risk),0.0,0.0
CC-12295,Standard,250,0.15777074,Dormant / Lost,-218.22,No Offer (Low Risk),0.0,0.0
CC-12296,Standard,381,0.113531716,New / Promising,-138.53,No Offer (Low Risk),0.0,0.0
CC-12297,Standard,123,0.051397815,New / Promising,-722.8,No Offer (Low Risk),0.0,0.0
CC-12298,Standard,205,0.24128376,New / Promising,122.33,No Offer (Low Risk),0.0,0.0
CC-12299,Standard,245,0.20907676,New / Promising,-607.26,No Offer (Low Risk),0.0,0.0
CC-12300,Platinum,2886,0.10653806,At-Risk High Value,1154.46,No Offer (Low Risk),0.0,0.0
CC-12301,Gold,676,0.035911474,Loyal High Spenders,473.69,No Offer (Low Risk),0.0,0.0
CC-12302,Gold,586,0.06477957,Need Attention,411.22,No Offer (Low Risk),0.0,0.0
CC-12303,Standard,329,0.18489729,New / Promising,-198.42,No Offer (Low Risk),0.0,0.0
CC-12304,Black,5586,0.1083511,Champions / Whales,248.38,No Offer (Low Risk),0.0,0.0
CC-12305,Standard,401,0.17351076,Need Attention,195.2,No Offer (Low Risk),0.0,0.0
CC-12306,Standard,352,0.34565526,Need Attention,247.75,Apr Cut,120.0,82.58
CC-12307,Gold,1298,0.25020796,At-Risk High Value,1742.74,Fee Waiver,95.0,1416.04
CC-12308,Standard,158,0.4949739,New / Promising,-131.54,No Offer (Low Risk),0.0,0.0
CC-12309,Standard,293,0.11326883,Need Attention,-255.17,No Offer (Low Risk),0.0,0.0
CC-12310,Gold,807,0.20583092,At-Risk High Value,161.53,Fee Waiver,95.0,30.61
CC-12311,Platinum,1508,0.05084919,Champions / Whales,1236.47,No Offer (Low Risk),0.0,0.0
CC-12312,Gold,1355,0.12695368,Loyal High Spenders,441.1,No Offer (Low Risk),0.0,0.0
CC-12313,Gold,796,0.63979334,Need Attention,130.69,Fee Waiver,95.0,72.78
CC-12314,Black,6499,0.07262298,Champions / Whales,12.92,No Offer (Low Risk),0.0,0.0
CC-12315,Standard,171,0.66643053,Need Attention,-112.17,No Offer (Low Risk),0.0,0.0
CC-12316,Standard,359,0.07204453,New / Promising,-521.9,No Offer (Low Risk),0.0,0.0
CC-12317,Standard,345,0.2896518,New / Promising,-125.7,No Offer (Low Risk),0.0,0.0
CC-12318,Standard,302,0.6313545,Need Attention,14.12,No Offer (Low Risk),0.0,0.0
CC-12319,Standard,176,0.19985527,Dormant / Lost,69.03,No Offer (Low Risk),0.0,0.0
CC-12320,Platinum,1139,0.37375745,At-Risk High Value,436.55,Fee Waiver,295.0,164.49
CC-12321,Gold,901,0.23725906,Loyal High Spenders,1272.82,Fee Waiver,95.0,977.4
CC-12322,Gold,458,0.4713127,Need Attention,437.75,Fee Waiver,95.0,411.13
CC-12323,Standard,134,0.09383794,New / Promising,-804.33,No Offer (Low Risk),0.0,0.0
CC-12324,Platinum,2036,0.1358425,Champions / Whales,4485.24,No Offer (Low Risk),0.0,0.0
CC-12325,Black,3573,0.8124516,At-Risk High Value,205.72,No Offer (Low Risk),0.0,0.0
CC-12326,Platinum,3222,0.23154652,Champions / Whales,4565.6,Fee Waiver,295.0,3500.53
CC-12327,Standard,225,0.10422192,New / Promising,-238.71,No Offer (Low Risk),0.0,0.0
CC-12328,Gold,599,0.029326338,Loyal High Spenders,2333.86,No Offer (Low Risk),0.0,0.0
CC-12329,Standard,339,0.46888608,New / Promising,-128.36,No Offer (Low Risk),0.0,0.0
CC-12330,Standard,242,0.098873705,Dormant / Lost,-485.89,No Offer (Low Risk),0.0,0.0
CC-12331,Standard,279,0.25473675,Loyal High Spenders,-180.61,No Offer (Low Risk),0.0,0.0
CC-12332,Gold,594,0.10475745,Need Attention,301.04,No Offer (Low Risk),0.0,0.0
CC-12333,Gold,735,0.22338088,Need Attention,910.78,Fee Waiver,95.0,647.18
CC-12334,Standard,538,0.64643776,Loyal High Spenders,216.07,Apr Cut,120.0,98.06
CC-12335,Standard,174,0.089203104,New / Promising,-148.52,No Offer (Low Risk),0.0,0.0
CC-12336,Gold,473,0.066455595,Loyal High Spenders,279.89,No Offer (Low Risk),0.0,0.0
CC-12337,Standard,297,0.27690783,Dormant / Lost,214.11,Apr Cut,120.0,38.98
CC-12338,Standard,301,0.086437255,New / Promising,-510.9,No Offer (Low Risk),0.0,0.0
CC-12339,Standard,166,0.28103277,Dormant / Lost,-41.05,No Offer (Low Risk),0.0,0.0
CC-12340,Platinum,2694,0.06891229,Champions / Whales,1599.29,No Offer (Low Risk),0.0,0.0
CC-12341,Standard,283,0.7596555,New / Promising,29.31,No Offer (Low Risk),0.0,0.0
CC-12342,Standard,409,0.6697119,New / Promising,129.4,Apr Cut,120.0,11.83
CC-12343,Standard,191,0.28757647,Need Attention,-168.35,No Offer (Low Risk),0.0,0.0
CC-12344,Black,5875,0.08447321,At-Risk High Value,13149.06,No Offer (Low Risk),0.0,0.0
CC-12345,Gold,583,0.12649621,Need Attention,55.14,No Offer (Low Risk),0.0,0.0
CC-12346,Gold,866,0.20311497,Loyal High Spenders,1442.09,Fee Waiver,95.0,1017.82
CC-12347,Standard,229,0.058588084,New / Promising,-835.31,No Offer (Low Risk),0.0,0.0
CC-12348,Gold,1210,0.29596993,Loyal High Spenders,1488.88,Fee Waiver,95.0,1311.9
CC-12349,Standard,418,0.09829861,Loyal High Spenders,-135.6,No Offer (Low Risk),0.0,0.0
CC-12350,Gold,649,0.040385965,Loyal High Spenders,430.81,No Offer (Low Risk),0.0,0.0
CC-12351,Platinum,2807,0.0622331,Champions / Whales,1263.37,No Offer (Low Risk),0.0,0.0
CC-12352,Gold,456,0.04201061,New / Promising,130.98,No Offer (Low Risk),0.0,0.0
CC-12353,Platinum,1907,0.084980614,Champions / Whales,1063.03,No Offer (Low Risk),0.0,0.0
CC-12354,Gold,589,0.100718796,Need Attention,1113.7,No Offer (Low Risk),0.0,0.0
CC-12355,Standard,239,0.1303091,Need Attention,-389.87,No Offer (Low Risk),0.0,0.0
CC-12356,Platinum,2814,0.24196589,Champions / Whales,3902.64,Fee Waiver,295.0,3028.44
CC-12357,Standard,449,0.047243062,New / Promising,-117.02,No Offer (Low Risk),0.0,0.0
CC-12358,Gold,523,0.10558573,Dormant / Lost,1231.36,No Offer (Low Risk),0.0,0.0
CC-12359,Standard,386,0.10470455,Need Attention,366.43,No Offer (Low Risk),0.0,0.0
CC-12360,Standard,307,0.1081528,New / Promising,-271.77,No Offer (Low Risk),0.0,0.0
CC-12361,Standard,232,0.87035125,Dormant / Lost,-95.84,No Offer (Low Risk),0.0,0.0
CC-12362,Standard,188,0.24777427,New / Promising,-80.83,No Offer (Low Risk),0.0,0.0
CC-12363,Gold,1208,0.039639313,Loyal High Spenders,717.35,No Offer (Low Risk),0.0,0.0
CC-12364,Gold,1474,0.14820422,Champions / Whales,402.57,No Offer (Low Risk),0.0,0.0
CC-12365,Standard,305,0.12735868,Need Attention,-481.09,No Offer (Low Risk),0.0,0.0
CC-12366,Standard,495,0.32063675,New / Promising,343.29,Apr Cut,120.0,152.05
CC-12367,Gold,715,0.113392115,New / Promising,309.66,No Offer (Low Risk),0.0,0.0
CC-12368,Standard,297,0.042283084,New / Promising,-362.87,No Offer (Low Risk),0.0,0.0
CC-12369,Gold,621,0.14698188,Loyal High Spenders,167.83,No Offer (Low Risk),0.0,0.0
CC-12370,Gold,1000,0.88353163,Loyal High Spenders,479.27,Fee Waiver,95.0,309.24
CC-12371,Platinum,2277,0.12522574,Champions / Whales,1036.47,No Offer (Low Risk),0.0,0.0
CC-12372,Gold,1381,0.0606083,Loyal High Spenders,507.94,No Offer (Low Risk),0.0,0.0
CC-12373,Standard,183,0.32999647,New / Promising,-182.72,No Offer (Low Risk),0.0,0.0
CC-12374,Gold,856,0.16253136,Loyal High Spenders,1570.29,No Offer (Low Risk),0.0,0.0
CC-12375,Standard,315,0.14926429,Need Attention,312.56,No Offer (Low Risk),0.0,0.0
CC-12376,Standard,226,0.14446552,New / Promising,-530.83,No Offer (Low Risk),0.0,0.0
CC-12377,Platinum,1545,0.09295276,Champions / Whales,1060.05,No Offer (Low Risk),0.0,0.0
CC-12378,Standard,290,0.20338422,New / Promising,214.32,Apr Cut,120.0,16.35
CC-12379,Platinum,1486,0.14006746,Champions / Whales,3417.66,No Offer (Low Risk),0.0,0.0
CC-12380,Platinum,1400,0.16982044,At-Risk High Value,2948.41,No Offer (Low Risk),0.0,0.0
CC-12381,Platinum,3429,0.33331576,At-Risk High Value,530.72,Fee Waiver,295.0,235.71
CC-12382,Platinum,2632,0.33776605,At-Risk High Value,527.86,Fee Waiver,295.0,236.08
CC-12383,Standard,265,0.2606264,New / Promising,-107.2,No Offer (Low Risk),0.0,0.0
CC-12384,Standard,512,0.08928325,Loyal High Spenders,871.92,No Offer (Low Risk),0.0,0.0
CC-12385,Gold,864,0.5551896,At-Risk High Value,67.74,No Offer (Low Risk),0.0,0.0
CC-12386,Standard,205,0.09946773,Need Attention,-507.15,No Offer (Low Risk),0.0,0.0
CC-12387,Gold,813,0.092039675,Loyal High Spenders,417.41,No Offer (Low Risk),0.0,0.0
CC-12388,Gold,607,0.90532625,Need Attention,324.49,Fee Waiver,95.0,167.95
CC-12389,Gold,755,0.5633819,Loyal High Spenders,83.5,Fee Waiver,95.0,7.89
CC-12390,Standard,337,0.16410957,New / Promising,-332.44,No Offer (Low Risk),0.0,0.0
CC-12391,Standard,312,0.07099219,New / Promising,-545.0,No Offer (Low Risk),0.0,0.0
CC-12392,Standard,517,0.3067899,Need Attention,320.83,Apr Cut,120.0,129.45
CC-12393,Standard,128,0.840374,Dormant / Lost,-78.75,No Offer (Low Risk),0.0,0.0
CC-12394,Platinum,2033,0.94407153,At-Risk High Value,218.42,No Offer (Low Risk),0.0,0.0
CC-12395,Standard,248,0.08925817,New / Promising,-577.73,No Offer (Low Risk),0.0,0.0
CC-12396,Standard,260,0.15311877,New / Promising,214.84,No Offer (Low Risk),0.0,0.0
CC-12397,Standard,254,0.1811815,New / Promising,-278.15,No Offer (Low Risk),0.0,0.0
CC-12398,Gold,368,0.05538788,New / Promising,133.6,No Offer (Low Risk),0.0,0.0
CC-12399,Gold,779,0.061665047,Need Attention,345.03,No Offer (Low Risk),0.0,0.0
CC-12400,Standard,404,0.39210764,New / Promising,288.9,Apr Cut,120.0,128.23
CC-12401,Standard,405,0.16114645,New / Promising,-197.09,No Offer (Low Risk),0.0,0.0
CC-12402,Standard,122,0.08498201,New / Promising,48.82,No Offer (Low Risk),0.0,0.0
CC-12403,Standard,394,0.17075546,Need Attention,-329.89,No Offer (Low Risk),0.0,0.0
CC-12404,Gold,1768,0.08077763,Champions / Whales,785.61,No Offer (Low Risk),0.0,0.0
CC-12405,Gold,1224,0.077019036,Loyal High Spenders,364.42,No Offer (Low Risk),0.0,0.0
CC-12406,Standard,390,0.05472648,New / Promising,-136.5,No Offer (Low Risk),0.0,0.0
CC-12407,Standard,368,0.06159193,New / Promising,-112.63,No Offer (Low Risk),0.0,0.0
CC-12408,Black,5934,0.337315,Champions / Whales,186.27,No Offer (Low Risk),0.0,0.0
CC-12409,Gold,714,0.106373906,Need Attention,69.92,No Offer (Low Risk),0.0,0.0
CC-12410,Gold,980,0.046222627,Loyal High Spenders,414.3,No Offer (Low Risk),0.0,0.0
CC-12411,Standard,324,0.033875905,New / Promising,-348.23,No Offer (Low Risk),0.0,0.0
CC-12412,Gold,968,0.20076661,Loyal High Spenders,342.03,Fee Waiver,95.0,167.14
CC-12413,Standard,333,0.16321498,New / Promising,321.3,No Offer (Low Risk),0.0,0.0
CC-12414,Gold,444,0.14731999,Dormant / Lost,407.77,No Offer (Low Risk),0.0,0.0
CC-12415,Black,5621,0.79601943,At-Risk High Value,50.03,No Offer (Low Risk),0.0,0.0
CC-12416,Standard,157,0.13926864,New / Promising,-442.81,No Offer (Low Risk),0.0,0.0
CC-12417,Standard,290,0.06683665,New / Promising,128.93,No Offer (Low Risk),0.0,0.0
CC-12418,Standard,191,0.1093888,New / Promising,-427.43,No Offer (Low Risk),0.0,0.0
CC-12419,Standard,240,0.13285285,New / Promising,-198.11,No Offer (Low Risk),0.0,0.0
CC-12420,Standard,471,0.931487,Need Attention,99.22,No Offer (Low Risk),0.0,0.0
CC-12421,Standard,301,0.09117544,New / Promising,-203.79,No Offer (Low Risk),0.0,0.0
CC-12422,Platinum,394,0.03177029,New / Promising,1391.36,No Offer (Low Risk),0.0,0.0
CC-12423,Gold,813,0.059423156,New / Promising,132.16,No Offer (Low Risk),0.0,0.0
CC-12424,Standard,227,0.1847892,Need Attention,-263.14,No Offer (Low Risk),0.0,0.0
CC-12425,Platinum,2105,0.20604537,Champions / Whales,3498.99,Fee Waiver,295.0,2427.69
CC-12426,Standard,288,0.08924831,Dormant / Lost,-296.28,No Offer (Low Risk),0.0,0.0
CC-12427,Black,6924,0.13543406,Champions / Whales,68.09,No Offer (Low Risk),0.0,0.0
CC-12428,Standard,222,0.9124077,Need Attention,-95.42,No Offer (Low Risk),0.0,0.0
CC-12429,Platinum,2444,0.1469756,Champions / Whales,890.7,No Offer (Low Risk),0.0,0.0
CC-12430,Gold,1091,0.31288138,At-Risk High Value,148.95,Fee Waiver,95.0,49.59
CC-12431,Platinum,3634,0.12787984,Champions / Whales,969.37,No Offer (Low Risk),0.0,0.0
CC-12432,Black,3971,0.07609682,Champions / Whales,854.93,No Offer (Low Risk),0.0,0.0
CC-12433,Standard,507,0.12256667,Loyal High Spenders,-192.66,No Offer (Low Risk),0.0,0.0
CC-12434,Black,3004,0.11543719,Champions / Whales,1128.59,No Offer (Low Risk),0.0,0.0
CC-12435,Standard,326,0.114388816,Need Attention,-98.37,No Offer (Low Risk),0.0,0.0
CC-12436,Standard,152,0.1031711,New / Promising,-467.14,No Offer (Low Risk),0.0,0.0
CC-12437,Standard,488,0.21752009,Loyal High Spenders,441.17,Apr Cut,120.0,170.86
CC-12438,Gold,562,0.08352989,Loyal High Spenders,1627.31,No Offer (Low Risk),0.0,0.0
CC-12439,Standard,278,0.36885536,Dormant / Lost,-0.28,No Offer (Low Risk),0.0,0.0
CC-12440,Gold,678,0.0766357,Loyal High Spenders,1668.8,No Offer (Low Risk),0.0,0.0
CC-12441,Gold,841,0.14858292,Loyal High Spenders,440.66,No Offer (Low Risk),0.0,0.0
CC-12442,Platinum,2679,0.06968415,Champions / Whales,1502.73,No Offer (Low Risk),0.0,0.0
CC-12443,Platinum,1080,0.24654724,At-Risk High Value,434.46,Fee Waiver,295.0,78.74
CC-12444,Standard,294,0.16574955,Dormant / Lost,-293.66,No Offer (Low Risk),0.0,0.0
CC-12445,Standard,128,0.17604244,New / Promising,-251.56,No Offer (Low Risk),0.0,0.0
CC-12446,Standard,360,0.09171017,Dormant / Lost,-229.98,No Offer (Low Risk),0.0,0.0
CC-12447,Standard,278,0.2553116,Dormant / Lost,-255.41,No Offer (Low Risk),0.0,0.0
CC-12448,Standard,335,0.15232901,New / Promising,-48.63,No Offer (Low Risk),0.0,0.0
CC-12449,Standard,163,0.19022511,New / Promising,-340.56,No Offer (Low Risk),0.0,0.0
CC-12450,Standard,420,0.29775897,Loyal High Spenders,-153.96,No Offer (Low Risk),0.0,0.0
CC-12451,Black,4119,0.4712678,Champions / Whales,3190.26,Fee Waiver,495.0,3193.53
CC-12452,Gold,1006,0.060108267,Loyal High Spenders,351.2,No Offer (Low Risk),0.0,0.0
CC-12453,Standard,405,0.05094965,New / Promising,-707.98,No Offer (Low Risk),0.0,0.0
CC-12454,Gold,795,0.032700732,Loyal High Spenders,554.03,No Offer (Low Risk),0.0,0.0
CC-12455,Standard,146,0.28756183,New / Promising,-138.76,No Offer (Low Risk),0.0,0.0
CC-12456,Standard,221,0.12385977,Dormant / Lost,-271.02,No Offer (Low Risk),0.0,0.0
CC-12457,Gold,771,0.19526033,Loyal High Spenders,1102.59,No Offer (Low Risk),0.0,0.0
CC-12458,Gold,874,0.09609898,Loyal High Spenders,242.63,No Offer (Low Risk),0.0,0.0
CC-12459,Standard,198,0.9006325,Dormant / Lost,-66.09,No Offer (Low Risk),0.0,0.0
CC-12460,Black,5336,0.050151188,Champions / Whales,736.72,No Offer (Low Risk),0.0,0.0
CC-12461,Platinum,895,0.10274845,Loyal High Spenders,1107.88,No Offer (Low Risk),0.0,0.0
CC-12462,Gold,778,0.044390585,Loyal High Spenders,2542.76,No Offer (Low Risk),0.0,0.0
CC-12463,Gold,693,0.089197755,Need Attention,403.28,No Offer (Low Risk),0.0,0.0
CC-12464,Gold,712,0.06544204,Loyal High Spenders,293.46,No Offer (Low Risk),0.0,0.0
CC-12465,Standard,304,0.5279562,Dormant / Lost,-103.14,No Offer (Low Risk),0.0,0.0
CC-12466,Standard,249,0.92946064,Dormant / Lost,44.62,No Offer (Low Risk),0.0,0.0
CC-12467,Standard,474,0.16092807,New / Promising,-372.75,No Offer (Low Risk),0.0,0.0
CC-12468,Gold,1169,0.037319392,Loyal High Spenders,490.1,No Offer (Low Risk),0.0,0.0
CC-12469,Gold,656,0.040595017,Loyal High Spenders,310.54,No Offer (Low Risk),0.0,0.0
CC-12470,Standard,500,0.07160822,Loyal High Spenders,29.25,No Offer (Low Risk),0.0,0.0
CC-12471,Black,4765,0.29518968,Champions / Whales,5116.66,Fee Waiver,495.0,4333.68
CC-12472,Platinum,3921,0.25596365,At-Risk High Value,715.49,Fee Waiver,295.0,332.9
CC-12473,Gold,574,0.2299153,New / Promising,757.38,Fee Waiver,95.0,532.17
CC-12474,Gold,455,0.386647,Loyal High Spenders,90.6,Fee Waiver,95.0,1.76
CC-12475,Platinum,1362,0.17549281,Loyal High Spenders,2736.04,No Offer (Low Risk),0.0,0.0
CC-12476,Standard,170,0.18976352,New / Promising,-241.75,No Offer (Low Risk),0.0,0.0
CC-12477,Platinum,840,0.0771714,Loyal High Spenders,1224.86,No Offer (Low Risk),0.0,0.0
CC-12478,Standard,469,0.24651481,Loyal High Spenders,442.32,Apr Cut,120.0,190.72
CC-12479,Platinum,3712,0.29448056,At-Risk High Value,572.17,Fee Waiver,295.0,244.33
CC-12480,Standard,262,0.56575435,New / Promising,-87.25,No Offer (Low Risk),0.0,0.0
CC-12481,Platinum,1993,0.87070453,At-Risk High Value,248.17,No Offer (Low Risk),0.0,0.0
CC-12482,Black,4066,0.80843097,At-Risk High Value,147.11,No Offer (Low Risk),0.0,0.0
CC-12483,Standard,361,0.082747184,Need Attention,576.7,No Offer (Low Risk),0.0,0.0
CC-12484,Gold,791,0.11289217,Loyal High Spenders,190.33,No Offer (Low Risk),0.0,0.0
CC-12485,Black,5867,0.13719209,Champions / Whales,69.52,No Offer (Low Risk),0.0,0.0
CC-12486,Gold,836,0.0705702,Loyal High Spenders,219.97,No Offer (Low Risk),0.0,0.0
CC-12487,Platinum,1494,0.17554882,Loyal High Spenders,724.37,No Offer (Low Risk),0.0,0.0
CC-12488,Gold,916,0.15638648,Loyal High Spenders,1710.35,No Offer (Low Risk),0.0,0.0
CC-12489,Standard,287,0.1148864,New / Promising,-216.11,No Offer (Low Risk),0.0,0.0
CC-12490,Standard,252,0.29712093,New / Promising,-43.69,No Offer (Low Risk),0.0,0.0
CC-12491,Standard,144,0.022893103,New / Promising,-577.09,No Offer (Low Risk),0.0,0.0
CC-12492,Platinum,1560,0.40104705,Loyal High Spenders,1619.35,Fee Waiver,295.0,1461.21
CC-12493,Standard,321,0.07909077,New / Promising,-255.51,No Offer (Low Risk),0.0,0.0
CC-12494,Gold,655,0.061495095,Loyal High Spenders,466.02,No Offer (Low Risk),0.0,0.0
CC-12495,Gold,1210,0.8956723,At-Risk High Value,562.88,Fee Waiver,95.0,369.19
CC-12496,Gold,638,0.13647197,Loyal High Spenders,214.27,No Offer (Low Risk),0.0,0.0
CC-12497,Platinum,3182,0.92860234,At-Risk High Value,1449.81,Apr Cut,120.0,880.52
CC-12498,Black,6684,0.041888285,Champions / Whales,247.8,No Offer (Low Risk),0.0,0.0
CC-12499,Standard,344,0.067055985,New / Promising,-376.58,No Offer (Low Risk),0.0,0.0
CC-12500,Platinum,3540,0.047359236,Champions / Whales,1346.17,No Offer (Low Risk),0.0,0.0
CC-12501,Platinum,1371,0.6644003,At-Risk High Value,1029.17,Fee Waiver,295.0,1041.56
CC-12502,Gold,1369,0.09303473,Loyal High Spenders,583.06,No Offer (Low Risk),0.0,0.0
CC-12503,Black,5038,0.8702303,At-Risk High Value,83.77,No Offer (Low Risk),0.0,0.0
CC-12504,Standard,298,0.06605453,New / Promising,-568.67,No Offer (Low Risk),0.0,0.0
CC-12505,Standard,439,0.067541614,New / Promising,684.43,No Offer (Low Risk),0.0,0.0
CC-12506,Platinum,1745,0.081072,Champions / Whales,1151.86,No Offer (Low Risk),0.0,0.0
CC-12507,Standard,365,0.6086574,Need Attention,-119.71,No Offer (Low Risk),0.0,0.0
CC-12508,Platinum,1925,0.9395832,At-Risk High Value,957.07,Apr Cut,120.0,528.77
CC-12509,Platinum,1452,0.037003618,Champions / Whales,1435.0,No Offer (Low Risk),0.0,0.0
CC-12510,Standard,231,0.62415314,Dormant / Lost,62.46,No Offer (Low Risk),0.0,0.0
CC-12511,Platinum,1717,0.31857467,At-Risk High Value,538.61,Fee Waiver,295.0,232.34
CC-12512,Standard,570,0.15131813,Loyal High Spenders,-34.94,No Offer (Low Risk),0.0,0.0
CC-12513,Gold,320,0.24883214,New / Promising,-21.07,No Offer (Low Risk),0.0,0.0
CC-12514,Gold,1246,0.13938166,Loyal High Spenders,355.29,No Offer (Low Risk),0.0,0.0
CC-12515,Platinum,1311,0.12614176,Loyal High Spenders,3366.56,No Offer (Low Risk),0.0,0.0
CC-12516,Standard,327,0.31117606,Dormant / Lost,-139.33,No Offer (Low Risk),0.0,0.0
CC-12517,Gold,1502,0.14425367,Loyal High Spenders,465.21,No Offer (Low Risk),0.0,0.0
CC-12518,Gold,1243,0.24758527,At-Risk High Value,1702.86,Fee Waiver,95.0,1373.18
CC-12519,Gold,749,0.2401525,Need Attention,993.08,Fee Waiver,95.0,747.25
CC-12520,Gold,406,0.27761048,Need Attention,136.25,Fee Waiver,95.0,29.7
CC-12521,Standard,162,0.17061216,New / Promising,-377.44,No Offer (Low Risk),0.0,0.0
CC-12522,Standard,398,0.10131101,Need Attention,-221.15,No Offer (Low Risk),0.0,0.0
CC-12523,Standard,237,0.0891247,New / Promising,-368.86,No Offer (Low Risk),0.0,0.0
CC-12524,Platinum,916,0.713024,At-Risk High Value,240.73,Points Boost,164.88,36.94
CC-12525,Standard,223,0.13477382,New / Promising,-154.49,No Offer (Low Risk),0.0,0.0
CC-12526,Standard,250,0.21474744,New / Promising,-160.19,No Offer (Low Risk),0.0,0.0
CC-12527,Black,6102,0.4325525,Champions / Whales,4641.93,Fee Waiver,495.0,4696.55
CC-12528,Standard,136,0.052654788,New / Promising,-373.78,No Offer (Low Risk),0.0,0.0
CC-12529,Black,6605,0.035354827,Champions / Whales,192.53,No Offer (Low Risk),0.0,0.0
CC-12530,Gold,508,0.060271937,New / Promising,412.55,No Offer (Low Risk),0.0,0.0
CC-12531,Platinum,4576,0.109059185,Champions / Whales,1055.78,No Offer (Low Risk),0.0,0.0
CC-12532,Standard,388,0.8590128,Dormant / Lost,148.84,No Offer (Low Risk),0.0,0.0
CC-12533,Standard,100,0.27976036,New / Promising,-43.32,No Offer (Low Risk),0.0,0.0
CC-12534,Gold,1198,0.23173247,At-Risk High Value,258.85,Fee Waiver,95.0,120.29
CC-12535,Platinum,3746,0.14045162,Champions / Whales,1165.6,No Offer (Low Risk),0.0,0.0
CC-12536,Gold,882,0.5549512,At-Risk High Value,673.04,Fee Waiver,95.0,730.12
CC-12537,Standard,321,0.8244232,Need Attention,-65.49,No Offer (Low Risk),0.0,0.0
CC-12538,Platinum,1481,0.8946401,At-Risk High Value,188.67,No Offer (Low Risk),0.0,0.0
CC-12539,Platinum,1814,0.05749726,Champions / Whales,1401.8,No Offer (Low Risk),0.0,0.0
CC-12540,Gold,1011,0.17290074,At-Risk High Value,1915.28,No Offer (Low Risk),0.0,0.0
CC-12541,Platinum,2815,0.1629248,Champions / Whales,793.5,No Offer (Low Risk),0.0,0.0
CC-12542,Platinum,3303,0.4039377,Champions / Whales,488.75,Fee Waiver,295.0,236.64
CC-12543,Gold,550,0.12989813,Loyal High Spenders,1289.66,No Offer (Low Risk),0.0,0.0
CC-12544,Standard,279,0.076244555,New / Promising,-94.7,No Offer (Low Risk),0.0,0.0
CC-12545,Gold,1252,0.068171374,Loyal High Spenders,3486.38,No Offer (Low Risk),0.0,0.0
CC-12546,Standard,360,0.056010496,New / Promising,-285.24,No Offer (Low Risk),0.0,0.0
CC-12547,Standard,131,0.563325,Dormant / Lost,-12.59,No Offer (Low Risk),0.0,0.0
CC-12548,Standard,255,0.055393454,New / Promising,155.48,No Offer (Low Risk),0.0,0.0
CC-12549,Standard,328,0.11119774,New / Promising,-344.65,No Offer (Low Risk),0.0,0.0
CC-12550,Standard,100,0.42058462,New / Promising,-188.37,No Offer (Low Risk),0.0,0.0
CC-12551,Standard,140,0.13889769,New / Promising,-439.6,No Offer (Low Risk),0.0,0.0
CC-12552,Platinum,1590,0.072500415,Champions / Whales,1240.4,No Offer (Low Risk),0.0,0.0
CC-12553,Black,8531,0.09323735,Champions / Whales,17306.49,No Offer (Low Risk),0.0,0.0
CC-12554,Standard,547,0.92031616,Need Attention,126.08,No Offer (Low Risk),0.0,0.0
CC-12555,Black,4973,0.11027029,At-Risk High Value,602.46,No Offer (Low Risk),0.0,0.0
CC-12556,Gold,812,0.08328444,Loyal High Spenders,2234.83,No Offer (Low Risk),0.0,0.0
CC-12557,Standard,297,0.044517674,New / Promising,-121.72,No Offer (Low Risk),0.0,0.0
CC-12558,Standard,181,0.16099992,New / Promising,-277.09,No Offer (Low Risk),0.0,0.0
CC-12559,Gold,1160,0.16983838,Loyal High Spenders,308.59,No Offer (Low Risk),0.0,0.0
CC-12560,Platinum,1143,0.045737673,Loyal High Spenders,1504.21,No Offer (Low Risk),0.0,0.0
CC-12561,Gold,788,0.19086921,Loyal High Spenders,174.41,No Offer (Low Risk),0.0,0.0
CC-12562,Standard,404,0.2956372,Loyal High Spenders,-98.07,No Offer (Low Risk),0.0,0.0
CC-12563,Standard,164,0.21794015,New / Promising,-320.78,No Offer (Low Risk),0.0,0.0
CC-12564,Standard,366,0.22440699,New / Promising,-226.57,No Offer (Low Risk),0.0,0.0
CC-12565,Standard,179,0.9354056,Dormant / Lost,-60.97,No Offer (Low Risk),0.0,0.0
CC-12566,Standard,239,0.6272752,Dormant / Lost,-59.1,No Offer (Low Risk),0.0,0.0
CC-12567,Standard,122,0.6023196,Dormant / Lost,-88.65,No Offer (Low Risk),0.0,0.0
CC-12568,Platinum,1180,0.9371608,At-Risk High Value,646.47,Apr Cut,120.0,319.94
CC-12569,Platinum,3288,0.22243671,Champions / Whales,4779.05,Fee Waiver,295.0,3590.08
CC-12570,Standard,442,0.24949744,Need Attention,376.37,Apr Cut,120.0,145.95
CC-12571,Platinum,1235,0.1050369,Loyal High Spenders,812.68,No Offer (Low Risk),0.0,0.0
CC-12572,Standard,533,0.4014051,Need Attention,365.29,Apr Cut,120.0,196.64
CC-12573,Gold,1270,0.13698427,At-Risk High Value,223.81,No Offer (Low Risk),0.0,0.0
CC-12574,Standard,276,0.46750683,New / Promising,-76.58,No Offer (Low Risk),0.0,0.0
CC-12575,Gold,814,0.111311935,New / Promising,201.98,No Offer (Low Risk),0.0,0.0
CC-12576,Black,4991,0.08944909,Champions / Whales,586.44,No Offer (Low Risk),0.0,0.0
CC-12577,Gold,521,0.05725084,New / Promising,481.08,No Offer (Low Risk),0.0,0.0
CC-12578,Standard,293,0.9159915,Dormant / Lost,-48.22,No Offer (Low Risk),0.0,0.0
CC-12579,Gold,1414,0.24033237,At-Risk High Value,246.26,Fee Waiver,95.0,113.94
CC-12580,Standard,153,0.2539043,New / Promising,-60.67,No Offer (Low Risk),0.0,0.0
CC-12581,Platinum,3409,0.04623483,Champions / Whales,1510.04,No Offer (Low Risk),0.0,0.0
CC-12582,Gold,399,0.1009293,New / Promising,58.58,No Offer (Low Risk),0.0,0.0
CC-12583,Standard,450,0.7587205,Dormant / Lost,-60.23,No Offer (Low Risk),0.0,0.0
CC-12584,Gold,522,0.94552875,Dormant / Lost,215.94,Fee Waiver,95.0,68.17
CC-12585,Gold,447,0.14716968,New / Promising,631.19,No Offer (Low Risk),0.0,0.0
CC-12586,Standard,370,0.1663834,New / Promising,255.72,No Offer (Low Risk),0.0,0.0
CC-12587,Gold,1051,0.21081513,At-Risk High Value,210.41,Fee Waiver,95.0,70.91
CC-12588,Standard,180,0.2890249,New / Promising,-16.5,No Offer (Low Risk),0.0,0.0
CC-12589,Gold,664,0.8793827,Need Attention,37.17,No Offer (Low Risk),0.0,0.0
CC-12590,Platinum,1762,0.11002499,Champions / Whales,1275.51,No Offer (Low Risk),0.0,0.0
CC-12591,Platinum,4755,0.04747749,Champions / Whales,1730.84,No Offer (Low Risk),0.0,0.0
CC-12592,Gold,1226,0.29180378,Loyal High Spenders,252.12,Fee Waiver,95.0,141.58
CC-12593,Gold,1776,0.09080473,Champions / Whales,4326.47,No Offer (Low Risk),0.0,0.0
CC-12594,Standard,263,0.6810218,New / Promising,44.6,No Offer (Low Risk),0.0,0.0
CC-12595,Platinum,1575,0.062030602,Champions / Whales,5440.39,No Offer (Low Risk),0.0,0.0
CC-12596,Standard,334,0.27306756,Dormant / Lost,-207.68,No Offer (Low Risk),0.0,0.0
CC-12597,Gold,299,0.123499244,Dormant / Lost,-6.04,No Offer (Low Risk),0.0,0.0
CC-12598,Standard,301,0.1503769,New / Promising,-357.94,No Offer (Low Risk),0.0,0.0
CC-12599,Standard,281,0.053413216,New / Promising,-239.81,No Offer (Low Risk),0.0,0.0
CC-12600,Gold,1245,0.12758923,Loyal High Spenders,483.55,No Offer (Low Risk),0.0,0.0
CC-12601,Standard,167,0.3435254,New / Promising,53.07,No Offer (Low Risk),0.0,0.0
CC-12602,Gold,402,0.041525796,Need Attention,108.32,No Offer (Low Risk),0.0,0.0
CC-12603,Standard,538,0.86756283,Need Attention,-17.7,No Offer (Low Risk),0.0,0.0
CC-12604,Standard,361,0.90020615,Need Attention,-54.88,No Offer (Low Risk),0.0,0.0
CC-12605,Gold,638,0.07852021,Loyal High Spenders,384.27,No Offer (Low Risk),0.0,0.0
CC-12606,Standard,208,0.10340226,Dormant / Lost,-607.07,No Offer (Low Risk),0.0,0.0
CC-12607,Standard,463,0.43528804,Dormant / Lost,-176.69,No Offer (Low Risk),0.0,0.0
CC-12608,Gold,1012,0.94765246,At-Risk High Value,61.14,No Offer (Low Risk),0.0,0.0
CC-12609,Standard,505,0.046073873,Loyal High Spenders,-426.91,No Offer (Low Risk),0.0,0.0
CC-12610,Platinum,1531,0.12736666,At-Risk High Value,1008.64,No Offer (Low Risk),0.0,0.0
CC-12611,Standard,236,0.07741721,New / Promising,129.69,No Offer (Low Risk),0.0,0.0
CC-12612,Standard,215,0.10065619,New / Promising,-604.67,No Offer (Low Risk),0.0,0.0
CC-12613,Gold,1261,0.07813352,Loyal High Spenders,600.73,No Offer (Low Risk),0.0,0.0
CC-12614,Standard,209,0.3076564,New / Promising,-83.08,No Offer (Low Risk),0.0,0.0
CC-12615,Standard,224,0.18901159,Need Attention,-460.29,No Offer (Low Risk),0.0,0.0
CC-12616,Standard,171,0.15332592,New / Promising,-276.84,No Offer (Low Risk),0.0,0.0
CC-12617,Standard,198,0.16829804,Dormant / Lost,72.08,No Offer (Low Risk),0.0,0.0
CC-12618,Platinum,1450,0.521137,At-Risk High Value,391.91,Fee Waiver,295.0,175.1
CC-12619,Standard,311,0.70412976,Need Attention,-15.41,No Offer (Low Risk),0.0,0.0
CC-12620,Platinum,2074,0.09771941,Champions / Whales,1073.09,No Offer (Low Risk),0.0,0.0
CC-12621,Platinum,2263,0.9159687,At-Risk High Value,221.73,No Offer (Low Risk),0.0,0.0
CC-12622,Standard,248,0.24723779,Need Attention,58.49,No Offer (Low Risk),0.0,0.0
CC-12623,Platinum,2703,0.1951081,Champions / Whales,774.6,No Offer (Low Risk),0.0,0.0
CC-12624,Standard,389,0.16125861,Need Attention,-383.64,No Offer (Low Risk),0.0,0.0
CC-12625,Black,3525,0.3882379,At-Risk High Value,3309.82,Fee Waiver,495.0,3045.94
CC-12626,Standard,552,0.0611126,New / Promising,-77.28,No Offer (Low Risk),0.0,0.0
CC-12627,Gold,462,0.3850187,Dormant / Lost,27.07,No Offer (Low Risk),0.0,0.0
CC-12628,Gold,1208,0.20898414,At-Risk High Value,1757.31,Fee Waiver,95.0,1283.69
CC-12629,Standard,304,0.93660164,Dormant / Lost,48.67,No Offer (Low Risk),0.0,0.0
CC-12630,Gold,726,0.87554383,Need Attention,369.62,Fee Waiver,95.0,221.49
CC-12631,Gold,1341,0.08650807,Loyal High Spenders,553.06,No Offer (Low Risk),0.0,0.0
CC-12632,Standard,196,0.7672255,Dormant / Lost,-62.94,No Offer (Low Risk),0.0,0.0
CC-12633,Standard,332,0.61995965,Dormant / Lost,-108.94,No Offer (Low Risk),0.0,0.0
CC-12634,Gold,1168,0.8745371,At-Risk High Value,89.03,No Offer (Low Risk),0.0,0.0
CC-12635,Gold,731,0.14855084,Need Attention,186.36,No Offer (Low Risk),0.0,0.0
CC-12636,Black,6179,0.0744857,At-Risk High Value,14381.12,No Offer (Low Risk),0.0,0.0
CC-12637,Platinum,1308,0.20040432,Loyal High Spenders,717.77,Fee Waiver,295.0,254.53
CC-12638,Black,9075,0.17759877,At-Risk High Value,-571.08,No Offer (Low Risk),0.0,0.0
CC-12639,Gold,1192,0.0552475,Loyal High Spenders,490.31,No Offer (Low Risk),0.0,0.0
CC-12640,Standard,411,0.06406333,New / Promising,-494.87,No Offer (Low Risk),0.0,0.0
CC-12641,Standard,191,0.19774845,New / Promising,-155.94,No Offer (Low Risk),0.0,0.0
CC-12642,Platinum,961,0.29141122,Loyal High Spenders,570.27,Fee Waiver,295.0,239.76
CC-12643,Gold,589,0.025926806,Loyal High Spenders,125.55,No Offer (Low Risk),0.0,0.0
CC-12644,Standard,165,0.17978866,Dormant / Lost,-114.84,No Offer (Low Risk),0.0,0.0
CC-12645,Standard,328,0.48264325,Dormant / Lost,-70.06,No Offer (Low Risk),0.0,0.0
CC-12646,Black,8362,0.0827503,Champions / Whales,-867.36,No Offer (Low Risk),0.0,0.0
CC-12647,Gold,485,0.08821633,Loyal High Spenders,1404.87,No Offer (Low Risk),0.0,0.0
CC-12648,Standard,335,0.8551751,Dormant / Lost,-35.74,No Offer (Low Risk),0.0,0.0
CC-12649,Gold,503,0.026444448,Loyal High Spenders,290.01,No Offer (Low Risk),0.0,0.0
CC-12650,Standard,371,0.05311838,New / Promising,-78.31,No Offer (Low Risk),0.0,0.0
CC-12651,Standard,175,0.037200134,New / Promising,-915.67,No Offer (Low Risk),0.0,0.0
CC-12652,Standard,342,0.8984244,Dormant / Lost,-34.67,No Offer (Low Risk),0.0,0.0
CC-12653,Standard,136,0.038483903,New / Promising,-8.02,No Offer (Low Risk),0.0,0.0
CC-12654,Platinum,4290,0.8976232,At-Risk High Value,200.45,No Offer (Low Risk),0.0,0.0
CC-12655,Standard,151,0.029133294,New / Promising,-396.02,No Offer (Low Risk),0.0,0.0
CC-12656,Platinum,2306,0.10287323,Champions / Whales,1283.36,No Offer (Low Risk),0.0,0.0
CC-12657,Platinum,1908,0.06558809,Champions / Whales,1238.74,No Offer (Low Risk),0.0,0.0
CC-12658,Standard,221,0.10720336,New / Promising,-418.48,No Offer (Low Risk),0.0,0.0
CC-12659,Gold,1087,0.08435851,Loyal High Spenders,403.4,No Offer (Low Risk),0.0,0.0
CC-12660,Gold,1270,0.13873316,Champions / Whales,459.72,No Offer (Low Risk),0.0,0.0
CC-12661,Platinum,2208,0.055820428,Champions / Whales,1365.03,No Offer (Low Risk),0.0,0.0
CC-12662,Standard,386,0.045058075,New / Promising,-452.85,No Offer (Low Risk),0.0,0.0
CC-12663,Gold,504,0.08716435,Need Attention,347.56,No Offer (Low Risk),0.0,0.0
CC-12664,Gold,906,0.595742,At-Risk High Value,591.41,Fee Waiver,95.0,647.32
CC-12665,Standard,353,0.12690286,Dormant / Lost,-360.42,No Offer (Low Risk),0.0,0.0
CC-12666,Standard,265,0.9149511,Dormant / Lost,-108.23,No Offer (Low Risk),0.0,0.0
CC-12667,Gold,582,0.080643326,Loyal High Spenders,461.96,No Offer (Low Risk),0.0,0.0
CC-12668,Gold,804,0.3087605,Loyal High Spenders,102.36,Fee Waiver,95.0,3.73
CC-12669,Standard,160,0.05098531,New / Promising,-683.05,No Offer (Low Risk),0.0,0.0
CC-12670,Gold,659,0.050202835,Loyal High Spenders,58.39,No Offer (Low Risk),0.0,0.0
CC-12671,Standard,296,0.1385076,Need Attention,-429.8,No Offer (Low Risk),0.0,0.0
CC-12672,Gold,348,0.89300144,Need Attention,-5.77,No Offer (Low Risk),0.0,0.0
CC-12673,Standard,199,0.099130794,Dormant / Lost,-453.82,No Offer (Low Risk),0.0,0.0
CC-12674,Platinum,1061,0.041850477,Loyal High Spenders,4569.32,No Offer (Low Risk),0.0,0.0
CC-12675,Standard,372,0.25058356,Need Attention,-133.98,No Offer (Low Risk),0.0,0.0
CC-12676,Standard,114,0.15197003,New / Promising,-105.21,No Offer (Low Risk),0.0,0.0
CC-12677,Standard,383,0.961549,Dormant / Lost,121.23,No Offer (Low Risk),0.0,0.0
CC-12678,Standard,144,0.07209506,New / Promising,-475.26,No Offer (Low Risk),0.0,0.0
CC-12679,Gold,440,0.054367438,Loyal High Spenders,30.25,No Offer (Low Risk),0.0,0.0
CC-12680,Standard,181,0.9205681,Dormant / Lost,-67.57,No Offer (Low Risk),0.0,0.0
CC-12681,Platinum,1932,0.7966247,At-Risk High Value,242.4,Vip Perks,150.0,5.21
CC-12682,Standard,243,0.05709578,Need Attention,-224.51,No Offer (Low Risk),0.0,0.0
CC-12683,Standard,301,0.24909903,New / Promising,-209.6,No Offer (Low Risk),0.0,0.0
CC-12684,Standard,253,0.07238282,New / Promising,-453.41,No Offer (Low Risk),0.0,0.0
CC-12685,Standard,344,0.11340449,Dormant / Lost,-209.56,No Offer (Low Risk),0.0,0.0
CC-12686,Standard,360,0.4307507,Need Attention,-110.88,No Offer (Low Risk),0.0,0.0
CC-12687,Standard,227,0.83337533,Dormant / Lost,26.29,No Offer (Low Risk),0.0,0.0
CC-12688,Gold,1301,0.056859966,Champions / Whales,3820.54,No Offer (Low Risk),0.0,0.0
CC-12689,Standard,471,0.054360237,New / Promising,-347.56,No Offer (Low Risk),0.0,0.0
CC-12690,Gold,811,0.16655931,At-Risk High Value,339.14,No Offer (Low Risk),0.0,0.0
CC-12691,Gold,1139,0.07444209,Loyal High Spenders,3032.98,No Offer (Low Risk),0.0,0.0
CC-12692,Standard,470,0.21734181,Loyal High Spenders,-201.05,No Offer (Low Risk),0.0,0.0
CC-12693,Gold,949,0.09783071,Loyal High Spenders,311.23,No Offer (Low Risk),0.0,0.0
CC-12694,Black,5214,0.09629041,At-Risk High Value,407.15,No Offer (Low Risk),0.0,0.0
CC-12695,Gold,1442,0.10261217,Champions / Whales,481.81,No Offer (Low Risk),0.0,0.0
CC-12696,Gold,704,0.08862816,Loyal High Spenders,492.08,No Offer (Low Risk),0.0,0.0
CC-12697,Standard,166,0.37166867,New / Promising,-162.02,No Offer (Low Risk),0.0,0.0
CC-12698,Platinum,1885,0.3336157,Champions / Whales,517.74,Fee Waiver,295.0,222.94
CC-12699,Platinum,2784,0.8919619,At-Risk High Value,252.43,No Offer (Low Risk),0.0,0.0
CC-12700,Gold,844,0.12183322,Loyal High Spenders,233.42,No Offer (Low Risk),0.0,0.0
CC-12701,Black,8407,0.1345604,Champions / Whales,-506.39,No Offer (Low Risk),0.0,0.0
CC-12702,Standard,253,0.05968666,New / Promising,-540.68,No Offer (Low Risk),0.0,0.0
CC-12703,Standard,209,0.22953185,Dormant / Lost,-249.87,No Offer (Low Risk),0.0,0.0
CC-12704,Platinum,1256,0.06770389,Loyal High Spenders,1155.43,No Offer (Low Risk),0.0,0.0
CC-12705,Platinum,2153,0.3149214,At-Risk High Value,2666.63,Fee Waiver,295.0,2301.56
CC-12706,Standard,482,0.034876008,Loyal High Spenders,-601.37,No Offer (Low Risk),0.0,0.0
CC-12707,Standard,332,0.052401893,New / Promising,-196.52,No Offer (Low Risk),0.0,0.0
CC-12708,Standard,111,0.06822922,New / Promising,-624.39,No Offer (Low Risk),0.0,0.0
CC-12709,Standard,292,0.041486632,Need Attention,-329.29,No Offer (Low Risk),0.0,0.0
CC-12710,Platinum,1592,0.18896033,Champions / Whales,900.3,No Offer (Low Risk),0.0,0.0
CC-12711,Gold,1124,0.0674577,Loyal High Spenders,526.7,No Offer (Low Risk),0.0,0.0
CC-12712,Standard,195,0.088310964,New / Promising,-551.27,No Offer (Low Risk),0.0,0.0
CC-12713,Standard,426,0.1478585,Dormant / Lost,-180.79,No Offer (Low Risk),0.0,0.0
CC-12714,Standard,252,0.083170414,Dormant / Lost,-713.11,No Offer (Low Risk),0.0,0.0
CC-12715,Standard,341,0.183406,Need Attention,-153.42,No Offer (Low Risk),0.0,0.0
CC-12716,Gold,500,0.14755942,Loyal High Spenders,814.59,No Offer (Low Risk),0.0,0.0
CC-12717,Black,4416,0.09389711,At-Risk High Value,860.97,No Offer (Low Risk),0.0,0.0
CC-12718,Platinum,2981,0.13299261,Champions / Whales,972.56,No Offer (Low Risk),0.0,0.0
CC-12719,Standard,463,0.93079823,Need Attention,-97.3,No Offer (Low Risk),0.0,0.0
CC-12720,Platinum,3115,0.132999,Champions / Whales,1094.12,No Offer (Low Risk),0.0,0.0
CC-12721,Platinum,1434,0.14464411,At-Risk High Value,843.67,No Offer (Low Risk),0.0,0.0
CC-12722,Platinum,3071,0.03697358,Champions / Whales,1617.61,No Offer (Low Risk),0.0,0.0
CC-12723,Gold,643,0.036619548,Loyal High Spenders,205.61,No Offer (Low Risk),0.0,0.0
CC-12724,Standard,239,0.044330213,New / Promising,-564.89,No Offer (Low Risk),0.0,0.0
CC-12725,Standard,231,0.1984854,New / Promising,-363.43,No Offer (Low Risk),0.0,0.0
CC-12726,Standard,381,0.10584285,New / Promising,-307.52,No Offer (Low Risk),0.0,0.0
CC-12727,Standard,282,0.04187583,Need Attention,-768.98,No Offer (Low Risk),0.0,0.0
CC-12728,Standard,299,0.07326758,New / Promising,-694.53,No Offer (Low Risk),0.0,0.0
CC-12729,Gold,821,0.06320804,Loyal High Spenders,172.6,No Offer (Low Risk),0.0,0.0
CC-12730,Gold,1796,0.19080696,Champions / Whales,429.8,No Offer (Low Risk),0.0,0.0
CC-12731,Gold,569,0.27147987,Loyal High Spenders,100.49,No Offer (Low Risk),0.0,0.0
CC-12732,Standard,219,0.073142104,New / Promising,-724.03,No Offer (Low Risk),0.0,0.0
CC-12733,Black,4824,0.08744442,Champions / Whales,591.32,No Offer (Low Risk),0.0,0.0
CC-12734,Black,8313,0.034853425,Champions / Whales,-295.14,No Offer (Low Risk),0.0,0.0
CC-12735,Platinum,2959,0.85126776,At-Risk High Value,237.26,No Offer (Low Risk),0.0,0.0
CC-12736,Black,8528,0.4666726,At-Risk High Value,-147.85,No Offer (Low Risk),0.0,0.0
CC-12737,Gold,947,0.061139677,Loyal High Spenders,2605.44,No Offer (Low Risk),0.0,0.0
CC-12738,Black,8216,0.063776664,Champions / Whales,-655.71,No Offer (Low Risk),0.0,0.0
CC-12739,Standard,166,0.2657226,New / Promising,-72.71,No Offer (Low Risk),0.0,0.0
CC-12740,Standard,425,0.4832349,Loyal High Spenders,-28.77,No Offer (Low Risk),0.0,0.0
CC-12741,Standard,292,0.27832034,New / Promising,-245.16,No Offer (Low Risk),0.0,0.0
CC-12742,Standard,273,0.4466257,Need Attention,45.61,No Offer (Low Risk),0.0,0.0
CC-12743,Standard,311,0.6106251,New / Promising,-52.66,No Offer (Low Risk),0.0,0.0
CC-12744,Gold,678,0.14733182,Loyal High Spenders,1394.64,No Offer (Low Risk),0.0,0.0
CC-12745,Platinum,2028,0.1656441,Champions / Whales,815.0,No Offer (Low Risk),0.0,0.0
CC-12746,Gold,388,0.07531124,New / Promising,366.55,No Offer (Low Risk),0.0,0.0
CC-12747,Standard,215,0.052712843,New / Promising,-232.07,No Offer (Low Risk),0.0,0.0
CC-12748,Platinum,1681,0.09814385,Champions / Whales,1234.31,No Offer (Low Risk),0.0,0.0
CC-12749,Gold,445,0.045314472,New / Promising,1714.42,No Offer (Low Risk),0.0,0.0
CC-12750,Standard,479,0.09678517,Loyal High Spenders,-338.24,No Offer (Low Risk),0.0,0.0
CC-12751,Gold,669,0.065601006,Loyal High Spenders,356.58,No Offer (Low Risk),0.0,0.0
CC-12752,Standard,332,0.09366719,New / Promising,-307.85,No Offer (Low Risk),0.0,0.0
CC-12753,Standard,211,0.10494192,Dormant / Lost,162.44,No Offer (Low Risk),0.0,0.0
CC-12754,Platinum,2255,0.032428406,Champions / Whales,1564.77,No Offer (Low Risk),0.0,0.0
CC-12755,Standard,313,0.35693717,Need Attention,-134.88,No Offer (Low Risk),0.0,0.0
CC-12756,Gold,465,0.066800594,Loyal High Spenders,360.07,No Offer (Low Risk),0.0,0.0
CC-12757,Platinum,2670,0.05223266,Champions / Whales,1125.38,No Offer (Low Risk),0.0,0.0
CC-12758,Gold,539,0.6684614,Need Attention,389.95,Fee Waiver,95.0,412.34
CC-12759,Standard,375,0.1628711,Need Attention,-257.31,No Offer (Low Risk),0.0,0.0
CC-12760,Standard,198,0.12790176,Need Attention,-334.18,No Offer (Low Risk),0.0,0.0
CC-12761,Standard,363,0.2454228,Need Attention,-299.78,No Offer (Low Risk),0.0,0.0
CC-12762,Gold,351,0.16557598,New / Promising,107.5,No Offer (Low Risk),0.0,0.0
CC-12763,Standard,124,0.9467159,Dormant / Lost,-13.33,No Offer (Low Risk),0.0,0.0
CC-12764,Standard,291,0.16177939,Dormant / Lost,206.55,No Offer (Low Risk),0.0,0.0
CC-12765,Black,8775,0.10709946,Champions / Whales,16413.95,No Offer (Low Risk),0.0,0.0
CC-12766,Gold,703,0.072201036,Loyal High Spenders,437.51,No Offer (Low Risk),0.0,0.0
CC-12767,Standard,300,0.1901233,Dormant / Lost,-481.48,No Offer (Low Risk),0.0,0.0
CC-12768,Gold,611,0.38413522,Loyal High Spenders,653.43,Fee Waiver,95.0,600.91
CC-12769,Gold,946,0.06718188,Loyal High Spenders,2683.54,No Offer (Low Risk),0.0,0.0
CC-12770,Standard,512,0.32157642,Loyal High Spenders,505.13,Apr Cut,120.0,280.8
CC-12771,Standard,411,0.12637894,Need Attention,627.31,No Offer (Low Risk),0.0,0.0
CC-12772,Platinum,1985,0.1085684,At-Risk High Value,1051.07,No Offer (Low Risk),0.0,0.0
CC-12773,Gold,632,0.14965563,Need Attention,61.16,No Offer (Low Risk),0.0,0.0
CC-12774,Gold,482,0.25267464,Loyal High Spenders,146.59,Fee Waiver,95.0,32.77
CC-12775,Standard,419,0.13034293,Loyal High Spenders,-76.32,No Offer (Low Risk),0.0,0.0
CC-12776,Standard,185,0.19897898,New / Promising,7.49,No Offer (Low Risk),0.0,0.0
CC-12777,Standard,382,0.6272249,New / Promising,-69.72,No Offer (Low Risk),0.0,0.0
CC-12778,Standard,231,0.2634898,New / Promising,-77.77,No Offer (Low Risk),0.0,0.0
CC-12779,Standard,504,0.21828401,New / Promising,-118.89,No Offer (Low Risk),0.0,0.0
CC-12780,Standard,313,0.6298552,Need Attention,-86.36,No Offer (Low Risk),0.0,0.0
CC-12781,Platinum,1618,0.12436871,Champions / Whales,867.86,No Offer (Low Risk),0.0,0.0
CC-12782,Black,5288,0.39544952,Champions / Whales,164.5,No Offer (Low Risk),0.0,0.0
CC-12783,Platinum,3615,0.07911817,Champions / Whales,1269.44,No Offer (Low Risk),0.0,0.0
CC-12784,Platinum,3243,0.06168319,Champions / Whales,1594.91,No Offer (Low Risk),0.0,0.0
CC-12785,Standard,328,0.1676832,New / Promising,-228.74,No Offer (Low Risk),0.0,0.0
CC-12786,Black,9835,0.03740268,Champions / Whales,-1661.54,No Offer (Low Risk),0.0,0.0
CC-12787,Standard,273,0.09159906,New / Promising,-427.09,No Offer (Low Risk),0.0,0.0
CC-12788,Black,3675,0.11288871,Champions / Whales,1024.95,No Offer (Low Risk),0.0,0.0
CC-12789,Black,6528,0.12525745,Champions / Whales,11528.23,No Offer (Low Risk),0.0,0.0
CC-12790,Gold,1177,0.068118595,Loyal High Spenders,637.82,No Offer (Low Risk),0.0,0.0
CC-12791,Black,6013,0.11691244,Champions / Whales,448.38,No Offer (Low Risk),0.0,0.0
CC-12792,Gold,768,0.120124154,Loyal High Spenders,1449.5,No Offer (Low Risk),0.0,0.0
CC-12793,Standard,320,0.2773726,New / Promising,-112.04,No Offer (Low Risk),0.0,0.0
CC-12794,Standard,522,0.34619042,Loyal High Spenders,-130.48,No Offer (Low Risk),0.0,0.0
CC-12795,Gold,712,0.35980222,Loyal High Spenders,698.34,Fee Waiver,95.0,627.89
CC-12796,Standard,243,0.04757481,New / Promising,-214.54,No Offer (Low Risk),0.0,0.0
CC-12797,Gold,774,0.08554501,Loyal High Spenders,406.91,No Offer (Low Risk),0.0,0.0
CC-12798,Black,4749,0.62975776,Champions / Whales,187.14,No Offer (Low Risk),0.0,0.0
CC-12799,Standard,313,0.23511197,New / Promising,-196.83,No Offer (Low Risk),0.0,0.0
CC-12800,Platinum,2654,0.14104961,Champions / Whales,5361.55,No Offer (Low Risk),0.0,0.0
CC-12801,Platinum,2498,0.036126923,Champions / Whales,1155.76,No Offer (Low Risk),0.0,0.0
CC-12802,Black,6834,0.8879465,At-Risk High Value,17.47,No Offer (Low Risk),0.0,0.0
CC-12803,Black,2547,0.04475242,Champions / Whales,8709.98,No Offer (Low Risk),0.0,0.0
CC-12804,Gold,1184,0.091916084,At-Risk High Value,385.9,No Offer (Low Risk),0.0,0.0
CC-12805,Black,4355,0.08734255,Champions / Whales,694.5,No Offer (Low Risk),0.0,0.0
CC-12806,Platinum,1283,0.120123945,Loyal High Spenders,680.62,No Offer (Low Risk),0.0,0.0
CC-12807,Standard,336,0.93819124,Need Attention,-73.93,No Offer (Low Risk),0.0,0.0
CC-12808,Gold,1672,0.17304707,At-Risk High Value,2793.58,No Offer (Low Risk),0.0,0.0
CC-12809,Gold,451,0.111033775,Loyal High Spenders,99.7,No Offer (Low Risk),0.0,0.0
CC-12810,Standard,323,0.04911412,New / Promising,-169.8,No Offer (Low Risk),0.0,0.0
CC-12811,Gold,761,0.18012789,Loyal High Spenders,1213.95,No Offer (Low Risk),0.0,0.0
CC-12812,Gold,313,0.23506093,Dormant / Lost,90.52,No Offer (Low Risk),0.0,0.0
CC-12813,Standard,196,0.07574099,New / Promising,-272.33,No Offer (Low Risk),0.0,0.0
CC-12814,Gold,1051,0.5845068,Loyal High Spenders,118.14,Fee Waiver,95.0,52.37
CC-12815,Platinum,1574,0.07663461,Loyal High Spenders,1230.79,No Offer (Low Risk),0.0,0.0
CC-12816,Gold,1276,0.3590324,Loyal High Spenders,1398.9,Fee Waiver,95.0,1351.69
CC-12817,Standard,100,0.46701348,Dormant / Lost,-143.65,No Offer (Low Risk),0.0,0.0
CC-12818,Standard,521,0.13191198,Dormant / Lost,-300.07,No Offer (Low Risk),0.0,0.0
CC-12819,Standard,148,0.06333194,New / Promising,-419.21,No Offer (Low Risk),0.0,0.0
CC-12820,Platinum,1838,0.02326106,Champions / Whales,1911.96,No Offer (Low Risk),0.0,0.0
CC-12821,Standard,221,0.61146253,Dormant / Lost,77.87,No Offer (Low Risk),0.0,0.0
CC-12822,Gold,843,0.13429563,Loyal High Spenders,221.09,No Offer (Low Risk),0.0,0.0
CC-12823,Standard,219,0.3051092,New / Promising,-100.22,No Offer (Low Risk),0.0,0.0
CC-12824,Standard,280,0.13235724,New / Promising,-182.99,No Offer (Low Risk),0.0,0.0
CC-12825,Platinum,2103,0.050488744,Champions / Whales,1652.88,No Offer (Low Risk),0.0,0.0
CC-12826,Gold,809,0.8909373,At-Risk High Value,381.52,Fee Waiver,95.0,222.38
CC-12827,Standard,335,0.12644261,New / Promising,-300.03,No Offer (Low Risk),0.0,0.0
CC-12828,Standard,349,0.049451735,New / Promising,-323.11,No Offer (Low Risk),0.0,0.0
CC-12829,Standard,251,0.1736536,Need Attention,-112.37,No Offer (Low Risk),0.0,0.0
CC-12830,Gold,844,0.043797065,Loyal High Spenders,414.54,No Offer (Low Risk),0.0,0.0
CC-12831,Gold,304,0.06823513,New / Promising,355.63,No Offer (Low Risk),0.0,0.0
CC-12832,Standard,239,0.29832548,Dormant / Lost,-85.06,No Offer (Low Risk),0.0,0.0
CC-12833,Standard,439,0.042760678,Loyal High Spenders,-55.27,No Offer (Low Risk),0.0,0.0
CC-12834,Standard,291,0.03913797,New / Promising,-219.28,No Offer (Low Risk),0.0,0.0
CC-12835,Platinum,2814,0.19266711,Champions / Whales,739.78,No Offer (Low Risk),0.0,0.0
CC-12836,Black,7405,0.1311289,Champions / Whales,-289.49,No Offer (Low Risk),0.0,0.0
CC-12837,Standard,160,0.20678322,Dormant / Lost,-335.42,No Offer (Low Risk),0.0,0.0
CC-12838,Platinum,1198,0.1176497,Loyal High Spenders,3102.28,No Offer (Low Risk),0.0,0.0
CC-12839,Standard,336,0.73991805,Dormant / Lost,134.24,Apr Cut,120.0,14.27
CC-12840,Standard,431,0.52348024,New / Promising,-104.64,No Offer (Low Risk),0.0,0.0
CC-12841,Platinum,635,0.9719938,Need Attention,429.89,Apr Cut,120.0,166.59
CC-12842,Platinum,4391,0.24180578,Champions / Whales,636.15,Fee Waiver,295.0,246.54
CC-12843,Black,4010,0.065174975,Champions / Whales,10736.8,No Offer (Low Risk),0.0,0.0
CC-12844,Gold,937,0.6951812,At-Risk High Value,76.61,Fee Waiver,95.0,4.88
CC-12845,Standard,270,0.24514423,New / Promising,-147.85,No Offer (Low Risk),0.0,0.0
CC-12846,Platinum,2720,0.27120504,Champions / Whales,588.68,Fee Waiver,295.0,237.39
CC-12847,Standard,198,0.95459723,Dormant / Lost,43.86,No Offer (Low Risk),0.0,0.0
CC-12848,Gold,624,0.9342489,Need Attention,285.36,Fee Waiver,95.0,124.79
CC-12849,Standard,236,0.22691824,Dormant / Lost,-125.6,No Offer (Low Risk),0.0,0.0
CC-12850,Gold,847,0.18699382,Loyal High Spenders,1440.97,No Offer (Low Risk),0.0,0.0
CC-12851,Standard,178,0.17290011,New / Promising,-309.05,No Offer (Low Risk),0.0,0.0
CC-12852,Standard,163,0.04141795,New / Promising,-422.58,No Offer (Low Risk),0.0,0.0
CC-12853,Platinum,2550,0.17350495,Champions / Whales,527.81,No Offer (Low Risk),0.0,0.0
CC-12854,Standard,276,0.36332422,Need Attention,-162.74,No Offer (Low Risk),0.0,0.0
CC-12855,Gold,1407,0.10712668,Loyal High Spenders,682.24,No Offer (Low Risk),0.0,0.0
CC-12856,Standard,310,0.06468265,New / Promising,-393.48,No Offer (Low Risk),0.0,0.0
CC-12857,Standard,316,0.27759525,New / Promising,-186.55,No Offer (Low Risk),0.0,0.0
CC-12858,Standard,418,0.07269165,New / Promising,601.77,No Offer (Low Risk),0.0,0.0
CC-12859,Standard,228,0.037822355,New / Promising,-724.77,No Offer (Low Risk),0.0,0.0
CC-12860,Platinum,1586,0.18192874,At-Risk High Value,637.64,No Offer (Low Risk),0.0,0.0
CC-12861,Standard,366,0.17530917,Need Attention,305.73,No Offer (Low Risk),0.0,0.0
CC-12862,Black,9217,0.58929336,Champions / Whales,5196.48,Fee Waiver,495.0,6004.42
CC-12863,Gold,697,0.07786437,Loyal High Spenders,1783.38,No Offer (Low Risk),0.0,0.0
CC-12864,Standard,385,0.29309466,New / Promising,-199.72,No Offer (Low Risk),0.0,0.0
CC-12865,Gold,530,0.17846227,Need Attention,269.26,No Offer (Low Risk),0.0,0.0
CC-12866,Gold,552,0.10114363,Need Attention,216.51,No Offer (Low Risk),0.0,0.0
CC-12867,Platinum,2294,0.14317831,Champions / Whales,982.69,No Offer (Low Risk),0.0,0.0
CC-12868,Standard,320,0.8261071,Dormant / Lost,-96.26,No Offer (Low Risk),0.0,0.0
CC-12869,Standard,629,0.48589253,Loyal High Spenders,393.54,Apr Cut,120.0,244.73
CC-12870,Platinum,1395,0.064735316,Loyal High Spenders,1229.43,No Offer (Low Risk),0.0,0.0
CC-12871,Black,8046,0.6136004,Champions / Whales,-77.41,No Offer (Low Risk),0.0,0.0
CC-12872,Platinum,1351,0.17767788,At-Risk High Value,859.77,No Offer (Low Risk),0.0,0.0
CC-12873,Standard,201,0.23665303,Need Attention,49.22,No Offer (Low Risk),0.0,0.0
CC-12874,Platinum,1757,0.16552673,At-Risk High Value,801.65,No Offer (Low Risk),0.0,0.0
CC-12875,Gold,525,0.29745033,Dormant / Lost,175.75,Fee Waiver,95.0,71.48
CC-12876,Gold,816,0.122876994,Loyal High Spenders,200.69,No Offer (Low Risk),0.0,0.0
CC-12877,Standard,530,0.11772964,Need Attention,886.93,No Offer (Low Risk),0.0,0.0
CC-12878,Gold,938,0.5552933,Loyal High Spenders,108.78,Fee Waiver,95.0,38.38
CC-12879,Standard,618,0.03069199,Need Attention,-28.39,No Offer (Low Risk),0.0,0.0
CC-12880,Standard,438,0.10888915,Need Attention,-243.53,No Offer (Low Risk),0.0,0.0
CC-12881,Platinum,2496,0.19071528,At-Risk High Value,859.6,No Offer (Low Risk),0.0,0.0
CC-12882,Standard,398,0.10084686,Need Attention,535.88,No Offer (Low Risk),0.0,0.0
CC-12883,Standard,592,0.12154587,Need Attention,-17.11,No Offer (Low Risk),0.0,0.0
CC-12884,Standard,266,0.41998908,Need Attention,-96.39,No Offer (Low Risk),0.0,0.0
CC-12885,Black,8427,0.5015612,Champions / Whales,-115.02,No Offer (Low Risk),0.0,0.0
CC-12886,Gold,1107,0.1393274,At-Risk High Value,2301.2,No Offer (Low Risk),0.0,0.0
CC-12887,Standard,228,0.076525174,Need Attention,-129.5,No Offer (Low Risk),0.0,0.0
CC-12888,Platinum,2693,0.097859696,Champions / Whales,1345.85,No Offer (Low Risk),0.0,0.0
CC-12889,Platinum,2457,0.23747745,Champions / Whales,735.04,Fee Waiver,295.0,324.61
CC-12890,Standard,254,0.12774858,Dormant / Lost,190.82,No Offer (Low Risk),0.0,0.0
CC-12891,Gold,463,0.09618629,Need Attention,352.17,No Offer (Low Risk),0.0,0.0
CC-12892,Platinum,2198,0.033488598,Champions / Whales,8168.86,No Offer (Low Risk),0.0,0.0
CC-12893,Gold,1495,0.8708574,At-Risk High Value,105.25,No Offer (Low Risk),0.0,0.0
CC-12894,Standard,246,0.27166054,Dormant / Lost,-140.69,No Offer (Low Risk),0.0,0.0
CC-12895,Platinum,1603,0.13230696,Champions / Whales,3711.68,No Offer (Low Risk),0.0,0.0
CC-12896,Gold,720,0.22301023,Loyal High Spenders,272.87,Fee Waiver,95.0,127.15
CC-12897,Standard,240,0.93876934,Dormant / Lost,-63.11,No Offer (Low Risk),0.0,0.0
CC-12898,Standard,230,0.08159979,Dormant / Lost,-330.45,No Offer (Low Risk),0.0,0.0
CC-12899,Standard,179,0.08690192,Need Attention,-496.25,No Offer (Low Risk),0.0,0.0
CC-12900,Standard,307,0.1383469,Need Attention,-74.85,No Offer (Low Risk),0.0,0.0
CC-12901,Platinum,3844,0.29001075,Champions / Whales,4512.08,Fee Waiver,295.0,3926.06
CC-12902,Standard,332,0.10736045,Need Attention,-115.74,No Offer (Low Risk),0.0,0.0
CC-12903,Standard,237,0.09979972,Need Attention,-379.63,No Offer (Low Risk),0.0,0.0
CC-12904,Gold,1168,0.1916638,Loyal High Spenders,212.26,No Offer (Low Risk),0.0,0.0
CC-12905,Standard,262,0.10623003,Dormant / Lost,90.34,No Offer (Low Risk),0.0,0.0
CC-12906,Black,4728,0.11607239,Champions / Whales,670.98,No Offer (Low Risk),0.0,0.0
CC-12907,Standard,475,0.3389033,Need Attention,-96.13,No Offer (Low Risk),0.0,0.0
CC-12908,Standard,182,0.15642919,Need Attention,-465.66,No Offer (Low Risk),0.0,0.0
CC-12909,Standard,349,0.1637097,Need Attention,-217.02,No Offer (Low Risk),0.0,0.0
CC-12910,Standard,330,0.063351326,Need Attention,-40.83,No Offer (Low Risk),0.0,0.0
CC-12911,Standard,398,0.64783067,Need Attention,184.27,Apr Cut,120.0,66.08
CC-12912,Gold,1158,0.12781177,Loyal High Spenders,320.18,No Offer (Low Risk),0.0,0.0
CC-12913,Black,4698,0.4371563,Champions / Whales,294.48,Vip Perks,150.0,38.78
CC-12914,Standard,196,0.18007015,Dormant / Lost,-395.37,No Offer (Low Risk),0.0,0.0
CC-12915,Gold,705,0.1138635,Loyal High Spenders,223.65,No Offer (Low Risk),0.0,0.0
CC-12916,Gold,607,0.22005661,Need Attention,835.95,Fee Waiver,95.0,580.47
CC-12917,Platinum,1274,0.11512348,At-Risk High Value,824.22,No Offer (Low Risk),0.0,0.0
CC-12918,Standard,101,0.68162686,Dormant / Lost,-43.95,No Offer (Low Risk),0.0,0.0
CC-12919,Standard,405,0.19762608,Need Attention,-100.16,No Offer (Low Risk),0.0,0.0
CC-12920,Standard,354,0.9263444,Need Attention,99.08,No Offer (Low Risk),0.0,0.0
CC-12921,Gold,1030,0.16485445,Loyal High Spenders,1900.33,No Offer (Low Risk),0.0,0.0
CC-12922,Platinum,2332,0.32551625,At-Risk High Value,517.65,Fee Waiver,295.0,216.98
CC-12923,Standard,533,0.06889248,Need Attention,-320.8,No Offer (Low Risk),0.0,0.0
CC-12924,Standard,319,0.09157516,Need Attention,-249.51,No Offer (Low Risk),0.0,0.0
CC-12925,Platinum,1985,0.8669076,At-Risk High Value,279.22,Vip Perks,150.0,8.41
CC-12926,Platinum,2310,0.29434833,Champions / Whales,429.32,Fee Waiver,295.0,109.58
CC-12927,Black,8121,0.034956284,Champions / Whales,-650.8,No Offer (Low Risk),0.0,0.0
CC-12928,Platinum,2232,0.24265549,Champions / Whales,674.23,Fee Waiver,295.0,280.05
CC-12929,Standard,301,0.07065509,Need Attention,-526.56,No Offer (Low Risk),0.0,0.0
CC-12930,Gold,769,0.18779688,Need Attention,221.58,No Offer (Low Risk),0.0,0.0
CC-12931,Gold,1111,0.05633226,Loyal High Spenders,546.21,No Offer (Low Risk),0.0,0.0
CC-12932,Standard,450,0.4597965,Dormant / Lost,229.37,Apr Cut,120.0,88.68
CC-12933,Gold,1299,0.12327043,Loyal High Spenders,428.05,No Offer (Low Risk),0.0,0.0
CC-12934,Gold,641,0.52195245,Loyal High Spenders,86.9,Fee Waiver,95.0,9.3
CC-12935,Standard,103,0.04901168,Need Attention,-649.14,No Offer (Low Risk),0.0,0.0
CC-12936,Platinum,1682,0.09334662,Loyal High Spenders,1312.46,No Offer (Low Risk),0.0,0.0
CC-12937,Gold,1372,0.8447196,At-Risk High Value,60.43,No Offer (Low Risk),0.0,0.0
CC-12938,Black,5092,0.225324,At-Risk High Value,297.4,No Offer (Low Risk),0.0,0.0
CC-12939,Standard,462,0.16709127,Need Attention,696.92,No Offer (Low Risk),0.0,0.0
CC-12940,Standard,343,0.1655387,Need Attention,-197.67,No Offer (Low Risk),0.0,0.0
CC-12941,Gold,682,0.08020014,Loyal High Spenders,31.08,No Offer (Low Risk),0.0,0.0
CC-12942,Standard,280,0.10942303,Need Attention,-197.26,No Offer (Low Risk),0.0,0.0
CC-12943,Gold,955,0.2914342,At-Risk High Value,61.36,No Offer (Low Risk),0.0,0.0
CC-12944,Platinum,2726,0.3597615,At-Risk High Value,2929.15,Fee Waiver,295.0,2736.95
CC-12945,Standard,149,0.10352159,Need Attention,107.26,No Offer (Low Risk),0.0,0.0
CC-12946,Gold,986,0.10011063,At-Risk High Value,327.77,No Offer (Low Risk),0.0,0.0
CC-12947,Gold,451,0.08928719,Need Attention,292.1,No Offer (Low Risk),0.0,0.0
CC-12948,Standard,251,0.048156615,Need Attention,533.89,No Offer (Low Risk),0.0,0.0
CC-12949,Black,4442,0.16603099,At-Risk High Value,378.45,No Offer (Low Risk),0.0,0.0
CC-12950,Platinum,1593,0.046201136,Champions / Whales,6196.46,No Offer (Low Risk),0.0,0.0
CC-12951,Gold,707,0.08697984,Loyal High Spenders,261.1,No Offer (Low Risk),0.0,0.0
CC-12952,Gold,502,0.08929621,Need Attention,121.98,No Offer (Low Risk),0.0,0.0
CC-12953,Gold,977,0.06337649,Loyal High Spenders,184.11,No Offer (Low Risk),0.0,0.0
CC-12954,Platinum,2112,0.08425747,Champions / Whales,1148.77,No Offer (Low Risk),0.0,0.0
CC-12955,Gold,613,0.15995398,Need Attention,1245.49,No Offer (Low Risk),0.0,0.0
CC-12956,Gold,1015,0.23724721,Loyal High Spenders,222.66,Fee Waiver,95.0,92.59
CC-12957,Platinum,1477,0.06104414,Loyal High Spenders,1525.05,No Offer (Low Risk),0.0,0.0
CC-12958,Standard,516,0.17844099,Loyal High Spenders,690.45,No Offer (Low Risk),0.0,0.0
CC-12959,Platinum,2552,0.044491407,Champions / Whales,1795.4,No Offer (Low Risk),0.0,0.0
CC-12960,Standard,692,0.16917647,Loyal High Spenders,814.67,No Offer (Low Risk),0.0,0.0
CC-12961,Standard,182,0.11957021,Dormant / Lost,-138.86,No Offer (Low Risk),0.0,0.0
CC-12962,Standard,186,0.22825469,Dormant / Lost,155.31,No Offer (Low Risk),0.0,0.0
CC-12963,Black,5675,0.34851226,Champions / Whales,83.03,No Offer (Low Risk),0.0,0.0
CC-12964,Platinum,1612,0.24357983,At-Risk High Value,672.1,Fee Waiver,295.0,279.41
CC-12965,Gold,548,0.06724059,Need Attention,306.03,No Offer (Low Risk),0.0,0.0
CC-12966,Gold,934,0.060566887,Loyal High Spenders,2491.3,No Offer (Low Risk),0.0,0.0
CC-12967,Gold,860,0.13449922,Loyal High Spenders,71.17,No Offer (Low Risk),0.0,0.0
CC-12968,Black,3368,0.15884246,Champions / Whales,5838.34,No Offer (Low Risk),0.0,0.0
CC-12969,Gold,474,0.061319947,Need Attention,134.02,No Offer (Low Risk),0.0,0.0
CC-12970,Standard,258,0.12430028,Need Attention,-353.05,No Offer (Low Risk),0.0,0.0
CC-12971,Standard,116,0.10396798,Need Attention,-271.02,No Offer (Low Risk),0.0,0.0
CC-12972,Platinum,2203,0.0962867,Champions / Whales,1157.59,No Offer (Low Risk),0.0,0.0
CC-12973,Gold,562,0.37226087,Need Attention,526.26,Fee Waiver,95.0,457.94
CC-12974,Standard,303,0.29296508,Need Attention,153.3,No Offer (Low Risk),0.0,0.0
CC-12975,Standard,246,0.22875518,Need Attention,-226.58,No Offer (Low Risk),0.0,0.0
CC-12976,Platinum,2563,0.099626906,Champions / Whales,6095.97,No Offer (Low Risk),0.0,0.0
CC-12977,Standard,371,0.54651076,Need Attention,172.15,Apr Cut,120.0,45.59
CC-12978,Gold,1482,0.5897543,At-Risk High Value,128.9,Fee Waiver,95.0,66.26
CC-12979,Black,5017,0.5770766,Champions / Whales,114.02,No Offer (Low Risk),0.0,0.0
CC-12980,Standard,414,0.19476517,Need Attention,-180.21,No Offer (Low Risk),0.0,0.0
CC-12981,Standard,338,0.19159506,Need Attention,-98.8,No Offer (Low Risk),0.0,0.0
CC-12982,Gold,1029,0.118333474,At-Risk High Value,414.18,No Offer (Low Risk),0.0,0.0
CC-12983,Platinum,2048,0.17370354,Champions / Whales,3815.37,No Offer (Low Risk),0.0,0.0
CC-12984,Gold,929,0.061031573,Loyal High Spenders,569.58,No Offer (Low Risk),0.0,0.0
CC-12985,Black,6223,0.25182042,Champions / Whales,149.68,No Offer (Low Risk),0.0,0.0
CC-12986,Standard,177,0.08095711,Need Attention,-213.7,No Offer (Low Risk),0.0,0.0
CC-12987,Gold,410,0.049517967,Need Attention,362.5,No Offer (Low Risk),0.0,0.0
CC-12988,Gold,384,0.058690146,Need Attention,-48.08,No Offer (Low Risk),0.0,0.0
CC-12989,Platinum,1080,0.10044133,Loyal High Spenders,3342.27,No Offer (Low Risk),0.0,0.0
CC-12990,Standard,290,0.262733,Need Attention,-139.41,No Offer (Low Risk),0.0,0.0
CC-12991,Platinum,1688,0.2787955,Champions / Whales,611.52,Fee Waiver,295.0,265.88
CC-12992,Gold,796,0.40840533,Dormant / Lost,139.14,Fee Waiver,95.0,57.04
CC-12993,Standard,104,0.16624118,Need Attention,-211.01,No Offer (Low Risk),0.0,0.0
CC-12994,Standard,122,0.8593185,Dormant / Lost,-38.8,No Offer (Low Risk),0.0,0.0
CC-12995,Platinum,3674,0.928357,At-Risk High Value,1649.66,Apr Cut,120.0,1018.9
CC-12996,Standard,339,0.18234749,Dormant / Lost,-332.29,No Offer (Low Risk),0.0,0.0
CC-12997,Standard,294,0.8570978,Need Attention,94.3,No Offer (Low Risk),0.0,0.0
CC-12998,Standard,312,0.060151495,Need Attention,84.17,No Offer (Low Risk),0.0,0.0
CC-12999,Platinum,3273,0.24671854,At-Risk High Value,561.67,Fee Waiver,295.0,188.35
CC-13000,Gold,611,0.26208755,Need Attention,868.91,Fee Waiver,95.0,677.04
CC-13001,Platinum,1577,0.27176988,At-Risk High Value,606.72,Fee Waiver,295.0,254.29
CC-13002,Standard,412,0.14332372,Need Attention,-263.44,No Offer (Low Risk),0.0,0.0
CC-13003,Gold,865,0.08500068,Loyal High Spenders,2392.42,No Offer (Low Risk),0.0,0.0
CC-13004,Gold,696,0.83214045,Dormant / Lost,80.86,No Offer (Low Risk),0.0,0.0
CC-13005,Platinum,1397,0.081527,Loyal High Spenders,1159.88,No Offer (Low Risk),0.0,0.0
CC-13006,Platinum,1479,0.11042424,At-Risk High Value,1131.1,No Offer (Low Risk),0.0,0.0
CC-13007,Standard,474,0.077029645,Need Attention,-369.26,No Offer (Low Risk),0.0,0.0
CC-13008,Gold,736,0.052516907,Need Attention,403.04,No Offer (Low Risk),0.0,0.0
CC-13009,Standard,339,0.09845546,Need Attention,-366.28,No Offer (Low Risk),0.0,0.0
CC-13010,Gold,906,0.12506546,Loyal High Spenders,1654.05,No Offer (Low Risk),0.0,0.0
CC-13011,Standard,352,0.8627954,Dormant / Lost,-19.11,No Offer (Low Risk),0.0,0.0
CC-13012,Standard,365,0.64119303,Dormant / Lost,-26.25,No Offer (Low Risk),0.0,0.0
CC-13013,Standard,359,0.39657843,Need Attention,-244.8,No Offer (Low Risk),0.0,0.0
CC-13014,Gold,343,0.6805644,Dormant / Lost,-4.27,No Offer (Low Risk),0.0,0.0
CC-13015,Standard,552,0.14278762,Need Attention,-25.17,No Offer (Low Risk),0.0,0.0
CC-13016,Gold,1429,0.103540465,Loyal High Spenders,3379.72,No Offer (Low Risk),0.0,0.0
CC-13017,Standard,391,0.09939767,Need Attention,-263.09,No Offer (Low Risk),0.0,0.0
CC-13018,Standard,161,0.41148803,Need Attention,-69.17,No Offer (Low Risk),0.0,0.0
CC-13019,Platinum,1342,0.112168245,Loyal High Spenders,3614.11,No Offer (Low Risk),0.0,0.0
CC-13020,Standard,223,0.13374393,Need Attention,-67.42,No Offer (Low Risk),0.0,0.0
CC-13021,Standard,216,0.1642322,Need Attention,-183.55,No Offer (Low Risk),0.0,0.0
CC-13022,Gold,1154,0.55110013,Loyal High Spenders,167.06,Fee Waiver,95.0,109.32
CC-13023,Standard,109,0.3072864,Need Attention,-139.21,No Offer (Low Risk),0.0,0.0
CC-13024,Standard,158,0.18122311,Need Attention,-293.57,No Offer (Low Risk),0.0,0.0
CC-13025,Standard,327,0.4714908,Need Attention,135.37,Apr Cut,120.0,4.21
CC-13026,Black,4959,0.1413192,Champions / Whales,549.89,No Offer (Low Risk),0.0,0.0
CC-13027,Gold,1090,0.086183935,Loyal High Spenders,381.67,No Offer (Low Risk),0.0,0.0
CC-13028,Gold,929,0.40497482,At-Risk High Value,11.49,No Offer (Low Risk),0.0,0.0
CC-13029,Gold,319,0.082493596,Need Attention,220.23,No Offer (Low Risk),0.0,0.0
CC-13030,Standard,100,0.083884925,Need Attention,-647.2,No Offer (Low Risk),0.0,0.0
CC-13031,Standard,188,0.4968104,Need Attention,-100.58,No Offer (Low Risk),0.0,0.0
CC-13032,Platinum,2185,0.09993987,Champions / Whales,938.53,No Offer (Low Risk),0.0,0.0
CC-13033,Standard,201,0.10511785,Need Attention,-335.22,No Offer (Low Risk),0.0,0.0
CC-13034,Standard,404,0.32896745,Need Attention,-271.16,No Offer (Low Risk),0.0,0.0
CC-13035,Standard,120,0.042613123,Need Attention,-321.43,No Offer (Low Risk),0.0,0.0
CC-13036,Standard,486,0.30365488,Need Attention,-183.35,No Offer (Low Risk),0.0,0.0
CC-13037,Black,3657,0.31067368,Champions / Whales,508.55,Vip Perks,150.0,139.95
CC-13038,Standard,157,0.093935885,Dormant / Lost,-158.25,No Offer (Low Risk),0.0,0.0
CC-13039,Gold,547,0.046157353,Need Attention,245.63,No Offer (Low Risk),0.0,0.0
CC-13040,Standard,202,0.12633616,Need Attention,-452.29,No Offer (Low Risk),0.0,0.0
CC-13041,Black,6909,0.19838847,Champions / Whales,9277.6,No Offer (Low Risk),0.0,0.0
CC-13042,Standard,351,0.12093126,Dormant / Lost,-194.09,No Offer (Low Risk),0.0,0.0
CC-13043,Standard,171,0.13820387,Need Attention,-351.72,No Offer (Low Risk),0.0,0.0
CC-13044,Gold,1118,0.37584722,Loyal High Spenders,1008.77,Fee Waiver,95.0,969.33
CC-13045,Gold,541,0.044124458,Need Attention,167.15,No Offer (Low Risk),0.0,0.0
CC-13046,Standard,499,0.104507625,Need Attention,-212.71,No Offer (Low Risk),0.0,0.0
CC-13047,Standard,310,0.050362844,Need Attention,354.08,No Offer (Low Risk),0.0,0.0
CC-13048,Standard,223,0.13197455,Need Attention,-220.33,No Offer (Low Risk),0.0,0.0
CC-13049,Standard,475,0.15713955,Loyal High Spenders,30.06,No Offer (Low Risk),0.0,0.0
CC-13050,Standard,287,0.06187228,Need Attention,30.33,No Offer (Low Risk),0.0,0.0
CC-13051,Gold,632,0.036322597,Need Attention,2269.4,No Offer (Low Risk),0.0,0.0
CC-13052,Standard,346,0.51942724,Need Attention,-111.12,No Offer (Low Risk),0.0,0.0
CC-13053,Standard,298,0.08916681,Need Attention,-122.75,No Offer (Low Risk),0.0,0.0
CC-13054,Gold,603,0.065178506,Loyal High Spenders,465.38,No Offer (Low Risk),0.0,0.0
CC-13055,Black,4189,0.12609892,At-Risk High Value,801.73,No Offer (Low Risk),0.0,0.0
CC-13056,Gold,940,0.16203967,Loyal High Spenders,209.32,No Offer (Low Risk),0.0,0.0
CC-13057,Standard,354,0.86181986,Dormant / Lost,-30.43,No Offer (Low Risk),0.0,0.0
CC-13058,Standard,121,0.26668036,Need Attention,-304.95,No Offer (Low Risk),0.0,0.0
CC-13059,Black,2910,0.09171818,Champions / Whales,7314.12,No Offer (Low Risk),0.0,0.0
CC-13060,Standard,217,0.12681322,Dormant / Lost,-416.47,No Offer (Low Risk),0.0,0.0
CC-13061,Standard,207,0.27239707,Need Attention,-210.42,No Offer (Low Risk),0.0,0.0
CC-13062,Gold,818,0.055468213,Need Attention,2485.33,No Offer (Low Risk),0.0,0.0
CC-13063,Gold,894,0.22455482,Loyal High Spenders,134.37,Fee Waiver,95.0,14.82
CC-13064,Gold,848,0.10468558,Loyal High Spenders,2031.16,No Offer (Low Risk),0.0,0.0
CC-13065,Standard,346,0.2807456,Dormant / Lost,-215.18,No Offer (Low Risk),0.0,0.0
CC-13066,Standard,393,0.20520552,Need Attention,-133.22,No Offer (Low Risk),0.0,0.0
CC-13067,Black,7466,0.9414096,At-Risk High Value,2802.11,Apr Cut,120.0,1773.89
CC-13068,Standard,476,0.7418072,Need Attention,-57.53,No Offer (Low Risk),0.0,0.0
CC-13069,Gold,1154,0.03913258,Loyal High Spenders,854.65,No Offer (Low Risk),0.0,0.0
CC-13070,Gold,830,0.10983145,Loyal High Spenders,167.61,No Offer (Low Risk),0.0,0.0
CC-13071,Gold,1178,0.03861271,Loyal High Spenders,463.45,No Offer (Low Risk),0.0,0.0
CC-13072,Standard,391,0.03622584,Need Attention,-477.66,No Offer (Low Risk),0.0,0.0
CC-13073,Standard,210,0.72012365,Need Attention,60.26,No Offer (Low Risk),0.0,0.0
CC-13074,Gold,1099,0.08783509,Loyal High Spenders,2371.39,No Offer (Low Risk),0.0,0.0
CC-13075,Platinum,2466,0.054140978,Champions / Whales,1358.63,No Offer (Low Risk),0.0,0.0
CC-13076,Black,7664,0.027002042,Champions / Whales,-332.67,No Offer (Low Risk),0.0,0.0
CC-13077,Standard,237,0.045029093,Need Attention,-568.92,No Offer (Low Risk),0.0,0.0
CC-13078,Standard,391,0.089489914,Need Attention,-435.75,No Offer (Low Risk),0.0,0.0
CC-13079,Black,9060,0.15882465,Champions / Whales,-577.19,No Offer (Low Risk),0.0,0.0
CC-13080,Gold,870,0.09714688,At-Risk High Value,413.65,No Offer (Low Risk),0.0,0.0
CC-13081,Platinum,2634,0.1290167,At-Risk High Value,994.21,No Offer (Low Risk),0.0,0.0
CC-13082,Standard,262,0.0560506,Need Attention,-369.75,No Offer (Low Risk),0.0,0.0
CC-13083,Gold,553,0.8004465,Need Attention,68.73,No Offer (Low Risk),0.0,0.0
CC-13084,Gold,1189,0.11642321,Loyal High Spenders,2732.56,No Offer (Low Risk),0.0,0.0
CC-13085,Gold,710,0.2375883,Need Attention,889.99,Fee Waiver,95.0,655.42
CC-13086,Standard,172,0.20353217,Need Attention,-238.85,No Offer (Low Risk),0.0,0.0
CC-13087,Standard,300,0.11761071,Need Attention,-231.33,No Offer (Low Risk),0.0,0.0
CC-13088,Gold,526,0.3559475,Need Attention,476.44,Fee Waiver,95.0,395.83
CC-13089,Standard,315,0.5807872,Need Attention,-132.79,No Offer (Low Risk),0.0,0.0
CC-13090,Gold,458,0.12017358,Need Attention,201.52,No Offer (Low Risk),0.0,0.0
CC-13091,Black,4681,0.19589284,Champions / Whales,468.99,No Offer (Low Risk),0.0,0.0
CC-13092,Standard,492,0.26400378,Need Attention,-46.54,No Offer (Low Risk),0.0,0.0
CC-13093,Platinum,1731,0.054319594,Loyal High Spenders,1389.84,No Offer (Low Risk),0.0,0.0
CC-13094,Standard,230,0.119284675,Need Attention,-151.04,No Offer (Low Risk),0.0,0.0
CC-13095,Gold,809,0.4018525,Loyal High Spenders,53.76,No Offer (Low Risk),0.0,0.0
CC-13096,Black,8952,0.95070165,At-Risk High Value,3293.56,Apr Cut,120.0,2075.71
CC-13097,Standard,289,0.32105288,Need Attention,-81.46,No Offer (Low Risk),0.0,0.0
CC-13098,Standard,287,0.15628767,Need Attention,-314.37,No Offer (Low Risk),0.0,0.0
CC-13099,Standard,230,0.91381633,Dormant / Lost,-29.16,No Offer (Low Risk),0.0,0.0
CC-13100,Standard,153,0.17386377,Need Attention,64.48,No Offer (Low Risk),0.0,0.0
CC-13101,Gold,919,0.26001942,Loyal High Spenders,1256.46,Fee Waiver,95.0,1016.78
CC-13102,Platinum,2815,0.09330676,Champions / Whales,1260.85,No Offer (Low Risk),0.0,0.0
CC-13103,Standard,377,0.21707878,Need Attention,200.74,Apr Cut,120.0,12.21
CC-13104,Standard,363,0.8182886,Need Attention,32.44,No Offer (Low Risk),0.0,0.0
CC-13105,Standard,189,0.08727108,Need Attention,-315.32,No Offer (Low Risk),0.0,0.0
CC-13106,Gold,788,0.39296374,Need Attention,731.68,Fee Waiver,95.0,691.78
CC-13107,Standard,355,0.5946035,Dormant / Lost,108.98,No Offer (Low Risk),0.0,0.0
CC-13108,Gold,742,0.051051844,Loyal High Spenders,411.38,No Offer (Low Risk),0.0,0.0
CC-13109,Gold,496,0.23808394,Need Attention,673.38,Fee Waiver,95.0,473.43
CC-13110,Gold,881,0.10945735,Loyal High Spenders,302.21,No Offer (Low Risk),0.0,0.0
CC-13111,Standard,262,0.24818403,Need Attention,120.4,No Offer (Low Risk),0.0,0.0
CC-13112,Gold,1142,0.04034027,Loyal High Spenders,780.03,No Offer (Low Risk),0.0,0.0
CC-13113,Standard,123,0.16816427,Need Attention,-228.33,No Offer (Low Risk),0.0,0.0
CC-13114,Standard,259,0.15654889,Need Attention,119.82,No Offer (Low Risk),0.0,0.0
CC-13115,Platinum,3703,0.5353442,Champions / Whales,2682.56,Fee Waiver,295.0,2953.28
CC-13116,Gold,656,0.14246766,Need Attention,2.19,No Offer (Low Risk),0.0,0.0
CC-13117,Standard,331,0.13991743,Need Attention,-333.16,No Offer (Low Risk),0.0,0.0
CC-13118,Standard,207,0.27917328,Need Attention,-117.44,No Offer (Low Risk),0.0,0.0
CC-13119,Standard,262,0.23719962,Need Attention,153.35,No Offer (Low Risk),0.0,0.0
CC-13120,Standard,606,0.14278111,Need Attention,-235.15,No Offer (Low Risk),0.0,0.0
CC-13121,Standard,344,0.11297252,Need Attention,471.75,No Offer (Low Risk),0.0,0.0
CC-13122,Standard,255,0.16993493,Need Attention,185.01,No Offer (Low Risk),0.0,0.0
CC-13123,Gold,1647,0.11403094,At-Risk High Value,370.27,No Offer (Low Risk),0.0,0.0
CC-13124,Gold,1311,0.07218844,At-Risk High Value,406.88,No Offer (Low Risk),0.0,0.0
CC-13125,Gold,1075,0.061906427,Loyal High Spenders,503.93,No Offer (Low Risk),0.0,0.0
CC-13126,Gold,572,0.04297252,Need Attention,31.82,No Offer (Low Risk),0.0,0.0
CC-13127,Standard,346,0.25883752,Need Attention,-211.13,No Offer (Low Risk),0.0,0.0
CC-13128,Black,5313,0.24800147,At-Risk High Value,197.93,No Offer (Low Risk),0.0,0.0
CC-13129,Platinum,1160,0.06059154,Loyal High Spenders,4107.94,No Offer (Low Risk),0.0,0.0
CC-13130,Platinum,1459,0.43393108,Loyal High Spenders,393.72,Fee Waiver,295.0,145.9
CC-13131,Platinum,3149,0.090163864,Champions / Whales,1194.76,No Offer (Low Risk),0.0,0.0
CC-13132,Black,6832,0.7370547,Champions / Whales,3270.67,Fee Waiver,495.0,3307.57
CC-13133,Gold,748,0.15661584,Loyal High Spenders,65.12,No Offer (Low Risk),0.0,0.0
CC-13134,Standard,115,0.053937476,Need Attention,-575.62,No Offer (Low Risk),0.0,0.0
CC-13135,Gold,804,0.075495966,Loyal High Spenders,127.81,No Offer (Low Risk),0.0,0.0
CC-13136,Gold,593,0.6935713,Need Attention,26.1,No Offer (Low Risk),0.0,0.0
CC-13137,Gold,1018,0.09935863,At-Risk High Value,112.31,No Offer (Low Risk),0.0,0.0
CC-13138,Gold,1142,0.7437285,At-Risk High Value,128.03,Fee Waiver,95.0,51.32
CC-13139,Standard,221,0.18727097,Dormant / Lost,-423.5,No Offer (Low Risk),0.0,0.0
CC-13140,Standard,195,0.2747798,Need Attention,-25.59,No Offer (Low Risk),0.0,0.0
CC-13141,Platinum,1599,0.21602829,Champions / Whales,2851.36,Fee Waiver,295.0,1984.96
CC-13142,Gold,838,0.037039496,Loyal High Spenders,403.17,No Offer (Low Risk),0.0,0.0
CC-13143,Gold,1042,0.36012354,Loyal High Spenders,1078.47,Fee Waiver,95.0,1021.82
CC-13144,Standard,245,0.377654,Need Attention,24.62,No Offer (Low Risk),0.0,0.0
CC-13145,Standard,367,0.47258985,Need Attention,-128.24,No Offer (Low Risk),0.0,0.0
CC-13146,Platinum,1684,0.8014407,At-Risk High Value,272.61,Vip Perks,150.0,23.02
CC-13147,Gold,1172,0.042344958,Loyal High Spenders,587.8,No Offer (Low Risk),0.0,0.0
CC-13148,Platinum,1194,0.08789561,Loyal High Spenders,1220.04,No Offer (Low Risk),0.0,0.0
CC-13149,Gold,1012,0.53645974,Loyal High Spenders,97.21,Fee Waiver,95.0,22.8
CC-13150,Gold,581,0.8388386,Need Attention,91.13,No Offer (Low Risk),0.0,0.0
CC-13151,Standard,100,0.804116,Dormant / Lost,-84.71,No Offer (Low Risk),0.0,0.0
CC-13152,Gold,1467,0.1196904,Loyal High Spenders,393.74,No Offer (Low Risk),0.0,0.0
CC-13153,Standard,212,0.14505316,Need Attention,218.69,No Offer (Low Risk),0.0,0.0
CC-13154,Standard,390,0.111003496,Need Attention,464.97,No Offer (Low Risk),0.0,0.0
CC-13155,Gold,673,0.6668472,Dormant / Lost,113.37,Fee Waiver,95.0,52.4
CC-13156,Black,7601,0.11829851,Champions / Whales,-169.08,No Offer (Low Risk),0.0,0.0
CC-13157,Standard,128,0.18157667,Dormant / Lost,29.73,No Offer (Low Risk),0.0,0.0
CC-13158,Platinum,1292,0.27140325,Loyal High Spenders,2042.82,Fee Waiver,295.0,1553.18
CC-13159,Standard,434,0.14002794,Need Attention,463.74,No Offer (Low Risk),0.0,0.0
CC-13160,Standard,456,0.5783454,Need Attention,-123.7,No Offer (Low Risk),0.0,0.0
CC-13161,Standard,254,0.3784539,Dormant / Lost,-190.61,No Offer (Low Risk),0.0,0.0
CC-13162,Standard,392,0.87756747,Need Attention,123.86,No Offer (Low Risk),0.0,0.0
CC-13163,Gold,409,0.735709,Need Attention,251.31,Fee Waiver,95.0,198.2
CC-13164,Standard,226,0.06657504,Need Attention,262.04,No Offer (Low Risk),0.0,0.0
CC-13165,Gold,846,0.39410672,Loyal High Spenders,760.12,Fee Waiver,95.0,723.36
CC-13166,Platinum,1819,0.25469053,At-Risk High Value,708.25,Fee Waiver,295.0,324.91
CC-13167,Standard,298,0.273477,Need Attention,-177.57,No Offer (Low Risk),0.0,0.0
CC-13168,Platinum,2555,0.766344,At-Risk High Value,208.08,No Offer (Low Risk),0.0,0.0
CC-13169,Standard,243,0.1936776,Need Attention,-243.63,No Offer (Low Risk),0.0,0.0
CC-13170,Gold,695,0.9108087,Need Attention,54.56,No Offer (Low Risk),0.0,0.0
CC-13171,Standard,213,0.2698513,Dormant / Lost,39.99,No Offer (Low Risk),0.0,0.0
CC-13172,Standard,244,0.061649986,Need Attention,-565.98,No Offer (Low Risk),0.0,0.0
CC-13173,Standard,192,0.37486133,Need Attention,-154.49,No Offer (Low Risk),0.0,0.0
CC-13174,Standard,436,0.12300612,Loyal High Spenders,653.52,No Offer (Low Risk),0.0,0.0
CC-13175,Standard,631,0.09645267,Need Attention,-287.8,No Offer (Low Risk),0.0,0.0
CC-13176,Gold,808,0.57672393,Loyal High Spenders,561.75,Fee Waiver,95.0,602.64
CC-13177,Platinum,1466,0.060917493,Loyal High Spenders,1366.85,No Offer (Low Risk),0.0,0.0
CC-13178,Platinum,2139,0.025460178,Champions / Whales,1622.03,No Offer (Low Risk),0.0,0.0
CC-13179,Gold,610,0.07315989,Loyal High Spenders,289.04,No Offer (Low Risk),0.0,0.0
CC-13180,Standard,543,0.89187986,Dormant / Lost,-40.29,No Offer (Low Risk),0.0,0.0
CC-13181,Standard,204,0.10943697,Need Attention,-369.42,No Offer (Low Risk),0.0,0.0
CC-13182,Standard,204,0.15696381,Dormant / Lost,-215.56,No Offer (Low Risk),0.0,0.0
CC-13183,Standard,207,0.14670685,Need Attention,-109.97,No Offer (Low Risk),0.0,0.0
CC-13184,Gold,590,0.2542993,Need Attention,111.91,Fee Waiver,95.0,2.87
CC-13185,Gold,647,0.078060485,Need Attention,1581.2,No Offer (Low Risk),0.0,0.0
CC-13186,Standard,225,0.18756753,Need Attention,-191.12,No Offer (Low Risk),0.0,0.0
CC-13187,Standard,238,0.08540318,Need Attention,-243.85,No Offer (Low Risk),0.0,0.0
CC-13188,Platinum,4089,0.88563824,At-Risk High Value,1894.31,Fee Waiver,295.0,1296.44
CC-13189,Platinum,1835,0.13602991,Loyal High Spenders,1068.3,No Offer (Low Risk),0.0,0.0
CC-13190,Standard,211,0.38709092,Need Attention,-145.72,No Offer (Low Risk),0.0,0.0
CC-13191,Platinum,2204,0.090393946,At-Risk High Value,1250.3,No Offer (Low Risk),0.0,0.0
CC-13192,Black,7188,0.075028576,Champions / Whales,-129.52,No Offer (Low Risk),0.0,0.0
CC-13193,Standard,262,0.05874723,Need Attention,-466.28,No Offer (Low Risk),0.0,0.0
CC-13194,Standard,188,0.060978044,Need Attention,-666.8,No Offer (Low Risk),0.0,0.0
CC-13195,Gold,683,0.076605074,Need Attention,115.23,No Offer (Low Risk),0.0,0.0
CC-13196,Black,5963,0.07305902,Champions / Whales,550.16,No Offer (Low Risk),0.0,0.0
CC-13197,Platinum,1685,0.14316246,Champions / Whales,895.86,No Offer (Low Risk),0.0,0.0
CC-13198,Standard,253,0.62783957,Need Attention,-3.37,No Offer (Low Risk),0.0,0.0
CC-13199,Standard,272,0.09326118,Need Attention,-516.3,No Offer (Low Risk),0.0,0.0
CC-13200,Gold,687,0.14153108,Need Attention,1337.14,No Offer (Low Risk),0.0,0.0
CC-13201,Gold,1891,0.18486679,At-Risk High Value,375.68,No Offer (Low Risk),0.0,0.0
CC-13202,Standard,447,0.81314653,Dormant / Lost,-52.87,No Offer (Low Risk),0.0,0.0
CC-13203,Platinum,2358,0.15730985,Champions / Whales,683.65,No Offer (Low Risk),0.0,0.0
CC-13204,Gold,790,0.1255163,Need Attention,92.76,No Offer (Low Risk),0.0,0.0
CC-13205,Platinum,3990,0.9381933,At-Risk High Value,1803.13,Apr Cut,120.0,1105.05
CC-13206,Platinum,1256,0.10490214,Loyal High Spenders,3558.92,No Offer (Low Risk),0.0,0.0
CC-13207,Gold,1056,0.7731915,At-Risk High Value,84.16,No Offer (Low Risk),0.0,0.0
CC-13208,Standard,174,0.14729816,Need Attention,-261.63,No Offer (Low Risk),0.0,0.0
CC-13209,Gold,1302,0.6479288,At-Risk High Value,870.38,Fee Waiver,95.0,1026.76
CC-13210,Standard,152,0.20632769,Need Attention,-144.68,No Offer (Low Risk),0.0,0.0
CC-13211,Gold,487,0.25277787,Need Attention,130.05,Fee Waiver,95.0,18.38
CC-13212,Standard,357,0.23996368,Dormant / Lost,-54.06,No Offer (Low Risk),0.0,0.0
CC-13213,Gold,932,0.17384747,Loyal High Spenders,327.04,No Offer (Low Risk),0.0,0.0
CC-13214,Standard,241,0.046821393,Need Attention,155.97,No Offer (Low Risk),0.0,0.0
CC-13215,Standard,511,0.21809384,Need Attention,489.89,Apr Cut,120.0,203.42
CC-13216,Standard,488,0.15034378,Dormant / Lost,-153.35,No Offer (Low Risk),0.0,0.0
CC-13217,Standard,141,0.7356355,Dormant / Lost,-19.52,No Offer (Low Risk),0.0,0.0
CC-13218,Gold,610,0.13316937,Need Attention,1202.47,No Offer (Low Risk),0.0,0.0
CC-13219,Gold,1467,0.08684821,Loyal High Spenders,671.88,No Offer (Low Risk),0.0,0.0
CC-13220,Gold,820,0.24414359,Loyal High Spenders,118.06,Fee Waiver,95.0,6.03
CC-13221,Standard,347,0.064828135,Need Attention,-483.72,No Offer (Low Risk),0.0,0.0
CC-13222,Standard,497,0.295518,Dormant / Lost,-22.43,No Offer (Low Risk),0.0,0.0
CC-13223,Standard,301,0.21898624,Dormant / Lost,-254.4,No Offer (Low Risk),0.0,0.0
CC-13224,Standard,277,0.10136904,Need Attention,-151.31,No Offer (Low Risk),0.0,0.0
CC-13225,Platinum,589,0.89498496,Need Attention,448.58,Apr Cut,120.0,207.67
CC-13226,Standard,360,0.14537135,Dormant / Lost,-204.18,No Offer (Low Risk),0.0,0.0
CC-13227,Standard,498,0.08391602,Need Attention,-579.99,No Offer (Low Risk),0.0,0.0
CC-13228,Standard,122,0.18413053,Need Attention,-222.33,No Offer (Low Risk),0.0,0.0
CC-13229,Standard,229,0.06323678,Need Attention,-449.59,No Offer (Low Risk),0.0,0.0
CC-13230,Gold,584,0.5544906,Need Attention,66.39,No Offer (Low Risk),0.0,0.0
CC-13231,Gold,427,0.33140597,Need Attention,508.5,Fee Waiver,95.0,412.14
CC-13232,Standard,431,0.08543697,Need Attention,607.54,No Offer (Low Risk),0.0,0.0
CC-13233,Standard,213,0.091527194,Dormant / Lost,-99.05,No Offer (Low Risk),0.0,0.0
CC-13234,Standard,326,0.06885019,Need Attention,-456.38,No Offer (Low Risk),0.0,0.0
CC-13235,Standard,267,0.17861126,Dormant / Lost,-238.18,No Offer (Low Risk),0.0,0.0
CC-13236,Standard,177,0.13281502,Need Attention,-245.52,No Offer (Low Risk),0.0,0.0
CC-13237,Black,7873,0.03338968,Champions / Whales,-391.56,No Offer (Low Risk),0.0,0.0
CC-13238,Gold,849,0.04747991,Loyal High Spenders,136.97,No Offer (Low Risk),0.0,0.0
CC-13239,Gold,1108,0.11421033,At-Risk High Value,304.14,No Offer (Low Risk),0.0,0.0
CC-13240,Standard,243,0.1664323,Dormant / Lost,-354.24,No Offer (Low Risk),0.0,0.0
CC-13241,Standard,355,0.07108686,Need Attention,-496.3,No Offer (Low Risk),0.0,0.0
CC-13242,Gold,796,0.17204925,Need Attention,1392.36,No Offer (Low Risk),0.0,0.0
CC-13243,Gold,955,0.12366101,Loyal High Spenders,284.36,No Offer (Low Risk),0.0,0.0
CC-13244,Gold,920,0.17818625,At-Risk High Value,99.47,No Offer (Low Risk),0.0,0.0
CC-13245,Standard,326,0.18351689,Need Attention,308.34,No Offer (Low Risk),0.0,0.0
CC-13246,Gold,691,0.1054663,Loyal High Spenders,1671.81,No Offer (Low Risk),0.0,0.0
CC-13247,Standard,212,0.08593423,Need Attention,-459.41,No Offer (Low Risk),0.0,0.0
CC-13248,Platinum,1699,0.025441166,Loyal High Spenders,1975.59,No Offer (Low Risk),0.0,0.0
CC-13249,Gold,431,0.5685721,Need Attention,320.52,Fee Waiver,95.0,301.17
CC-13250,Gold,1026,0.93320876,At-Risk High Value,103.14,No Offer (Low Risk),0.0,0.0
CC-13251,Standard,380,0.11529883,Need Attention,-8.27,No Offer (Low Risk),0.0,0.0
CC-13252,Gold,760,0.14447944,Need Attention,187.91,No Offer (Low Risk),0.0,0.0
CC-13253,Standard,213,0.72968346,Need Attention,-53.21,No Offer (Low Risk),0.0,0.0
CC-13254,Standard,257,0.08624861,Need Attention,-74.95,No Offer (Low Risk),0.0,0.0
CC-13255,Standard,312,0.8973445,Dormant / Lost,60.94,No Offer (Low Risk),0.0,0.0
CC-13256,Gold,499,0.15669052,Need Attention,286.57,No Offer (Low Risk),0.0,0.0
CC-13257,Standard,155,0.05353378,Need Attention,-518.58,No Offer (Low Risk),0.0,0.0
CC-13258,Standard,357,0.27300388,Need Attention,-89.36,No Offer (Low Risk),0.0,0.0
CC-13259,Platinum,1744,0.06445985,Loyal High Spenders,1594.55,No Offer (Low Risk),0.0,0.0
CC-13260,Standard,263,0.054928858,Need Attention,-306.98,No Offer (Low Risk),0.0,0.0
CC-13261,Gold,782,0.15719745,Need Attention,1424.82,No Offer (Low Risk),0.0,0.0
CC-13262,Standard,236,0.94824666,Dormant / Lost,-55.36,No Offer (Low Risk),0.0,0.0
CC-13263,Standard,319,0.051060498,Need Attention,664.17,No Offer (Low Risk),0.0,0.0
CC-13264,Platinum,1008,0.06463723,Loyal High Spenders,3740.47,No Offer (Low Risk),0.0,0.0
CC-13265,Standard,375,0.047203753,Need Attention,406.99,No Offer (Low Risk),0.0,0.0
CC-13266,Gold,966,0.0562511,Loyal High Spenders,396.93,No Offer (Low Risk),0.0,0.0
CC-13267,Gold,410,0.9445854,Dormant / Lost,-21.07,No Offer (Low Risk),0.0,0.0
CC-13268,Gold,441,0.10063321,Need Attention,227.48,No Offer (Low Risk),0.0,0.0
CC-13269,Gold,651,0.05365918,Loyal High Spenders,626.0,No Offer (Low Risk),0.0,0.0
CC-13270,Standard,418,0.078903735,Need Attention,-203.24,No Offer (Low Risk),0.0,0.0
CC-13271,Standard,303,0.22647016,Dormant / Lost,-208.78,No Offer (Low Risk),0.0,0.0
CC-13272,Gold,1041,0.06017755,Loyal High Spenders,-62.74,No Offer (Low Risk),0.0,0.0
CC-13273,Gold,831,0.0763949,Loyal High Spenders,322.29,No Offer (Low Risk),0.0,0.0
CC-13274,Platinum,3074,0.3830868,Champions / Whales,456.9,Fee Waiver,295.0,191.03
CC-13275,Platinum,1558,0.069998905,Loyal High Spenders,1380.36,No Offer (Low Risk),0.0,0.0
CC-13276,Platinum,2484,0.10194303,Champions / Whales,1004.1,No Offer (Low Risk),0.0,0.0
CC-13277,Gold,256,0.22119372,Dormant / Lost,439.7,Fee Waiver,95.0,261.33
CC-13278,Standard,201,0.27079,Need Attention,-212.09,No Offer (Low Risk),0.0,0.0
CC-13279,Platinum,1380,0.08711084,Loyal High Spenders,4362.92,No Offer (Low Risk),0.0,0.0
CC-13280,Gold,530,0.106831916,Need Attention,87.08,No Offer (Low Risk),0.0,0.0
CC-13281,Standard,351,0.15331037,Need Attention,350.91,No Offer (Low Risk),0.0,0.0
CC-13282,Platinum,3546,0.23252453,At-Risk High Value,753.15,Fee Waiver,295.0,332.57
CC-13283,Platinum,1570,0.15011054,At-Risk High Value,3395.18,No Offer (Low Risk),0.0,0.0
CC-13284,Gold,1513,0.28622454,Loyal High Spenders,230.41,Fee Waiver,95.0,119.14
CC-13285,Standard,276,0.37633413,Dormant / Lost,118.91,No Offer (Low Risk),0.0,0.0
CC-13286,Standard,352,0.15152441,Need Attention,-431.65,No Offer (Low Risk),0.0,0.0
CC-13287,Platinum,2075,0.23473541,Champions / Whales,2914.57,Fee Waiver,295.0,2146.29
CC-13288,Platinum,2042,0.12474814,At-Risk High Value,1114.54,No Offer (Low Risk),0.0,0.0
CC-13289,Standard,204,0.5323412,Dormant / Lost,-116.04,No Offer (Low Risk),0.0,0.0
CC-13290,Standard,295,0.09363867,Need Attention,-345.75,No Offer (Low Risk),0.0,0.0
CC-13291,Platinum,822,0.079218514,Loyal High Spenders,1236.09,No Offer (Low Risk),0.0,0.0
CC-13292,Standard,350,0.16799073,Need Attention,-183.14,No Offer (Low Risk),0.0,0.0
CC-13293,Gold,1169,0.15316978,At-Risk High Value,334.44,No Offer (Low Risk),0.0,0.0
CC-13294,Black,5128,0.6823907,At-Risk High Value,2797.83,Fee Waiver,495.0,3167.5
CC-13295,Standard,289,0.14442703,Need Attention,-179.81,No Offer (Low Risk),0.0,0.0
CC-13296,Gold,671,0.07591123,Need Attention,444.77,No Offer (Low Risk),0.0,0.0
CC-13297,Standard,319,0.18832617,Need Attention,251.21,No Offer (Low Risk),0.0,0.0
CC-13298,Standard,325,0.03445934,Need Attention,-622.05,No Offer (Low Risk),0.0,0.0
CC-13299,Platinum,1658,0.29149622,Champions / Whales,2222.86,Fee Waiver,295.0,1789.76
CC-13300,Standard,571,0.15686455,Need Attention,-17.32,No Offer (Low Risk),0.0,0.0
CC-13301,Black,3754,0.050355207,Champions / Whales,994.38,No Offer (Low Risk),0.0,0.0
CC-13302,Gold,510,0.43172187,Dormant / Lost,87.64,Fee Waiver,95.0,2.94
CC-13303,Standard,157,0.94174165,Dormant / Lost,-24.9,No Offer (Low Risk),0.0,0.0
CC-13304,Standard,334,0.20037575,Need Attention,193.46,Apr Cut,120.0,2.09
CC-13305,Standard,209,0.8126931,Dormant / Lost,-72.5,No Offer (Low Risk),0.0,0.0
CC-13306,Standard,164,0.23900928,Need Attention,-318.37,No Offer (Low Risk),0.0,0.0
CC-13307,Standard,442,0.27852938,Dormant / Lost,365.44,Apr Cut,120.0,152.08
CC-13308,Standard,240,0.42970183,Need Attention,-148.82,No Offer (Low Risk),0.0,0.0
CC-13309,Gold,1393,0.58343333,At-Risk High Value,209.53,Fee Waiver,95.0,166.21
CC-13310,Gold,766,0.14196625,Need Attention,169.49,No Offer (Low Risk),0.0,0.0
CC-13311,Gold,563,0.102447055,Need Attention,1228.72,No Offer (Low Risk),0.0,0.0
CC-13312,Gold,389,0.8893907,Dormant / Lost,45.09,No Offer (Low Risk),0.0,0.0
CC-13313,Standard,310,0.16531196,Need Attention,-301.0,No Offer (Low Risk),0.0,0.0
CC-13314,Standard,135,0.823721,Need Attention,-58.16,No Offer (Low Risk),0.0,0.0
CC-13315,Gold,818,0.052675616,Loyal High Spenders,193.61,No Offer (Low Risk),0.0,0.0
CC-13316,Gold,480,0.08099532,Need Attention,162.71,No Offer (Low Risk),0.0,0.0
CC-13317,Standard,160,0.134902,Dormant / Lost,-122.14,No Offer (Low Risk),0.0,0.0
CC-13318,Platinum,1762,0.53661925,Loyal High Spenders,349.93,Fee Waiver,295.0,129.07
CC-13319,Platinum,1429,0.13275424,Loyal High Spenders,1028.42,No Offer (Low Risk),0.0,0.0
CC-13320,Gold,571,0.06513584,Loyal High Spenders,67.04,No Offer (Low Risk),0.0,0.0
CC-13321,Standard,255,0.11804367,Need Attention,-305.26,No Offer (Low Risk),0.0,0.0
CC-13322,Platinum,2738,0.108522706,Champions / Whales,1049.05,No Offer (Low Risk),0.0,0.0
CC-13323,Gold,1104,0.11937406,Loyal High Spenders,393.07,No Offer (Low Risk),0.0,0.0
CC-13324,Platinum,1664,0.23306236,Champions / Whales,639.1,Fee Waiver,295.0,238.22
CC-13325,Platinum,2661,0.048292022,Champions / Whales,1561.78,No Offer (Low Risk),0.0,0.0
CC-13326,Platinum,1953,0.7839784,At-Risk High Value,300.41,Vip Perks,150.0,46.91
CC-13327,Gold,317,0.1445369,Need Attention,700.06,No Offer (Low Risk),0.0,0.0
CC-13328,Standard,219,0.65067255,Need Attention,-89.77,No Offer (Low Risk),0.0,0.0
CC-13329,Gold,929,0.108046114,Loyal High Spenders,2174.09,No Offer (Low Risk),0.0,0.0
CC-13330,Gold,760,0.370776,Loyal High Spenders,674.89,Fee Waiver,95.0,612.88
CC-13331,Gold,1099,0.17114806,Loyal High Spenders,449.09,No Offer (Low Risk),0.0,0.0
CC-13332,Standard,289,0.092961244,Need Attention,-185.32,No Offer (Low Risk),0.0,0.0
CC-13333,Standard,302,0.512952,Dormant / Lost,-152.96,No Offer (Low Risk),0.0,0.0
CC-13334,Platinum,1329,0.07851142,At-Risk High Value,905.71,No Offer (Low Risk),0.0,0.0
CC-13335,Gold,813,0.039015215,Loyal High Spenders,322.41,No Offer (Low Risk),0.0,0.0
CC-13336,Platinum,2125,0.111378714,Champions / Whales,1053.37,No Offer (Low Risk),0.0,0.0
CC-13337,Platinum,2211,0.053499263,Champions / Whales,7139.58,No Offer (Low Risk),0.0,0.0
CC-13338,Gold,1199,0.13707276,Loyal High Spenders,474.71,No Offer (Low Risk),0.0,0.0
CC-13339,Gold,1010,0.12145768,At-Risk High Value,373.98,No Offer (Low Risk),0.0,0.0
CC-13340,Platinum,2355,0.686937,At-Risk High Value,239.43,Vip Perks,150.0,22.68
CC-13341,Gold,357,0.06522363,Need Attention,254.56,No Offer (Low Risk),0.0,0.0
CC-13342,Gold,701,0.21008395,Need Attention,228.74,Fee Waiver,95.0,85.0
CC-13343,Standard,156,0.23856902,Dormant / Lost,-188.2,No Offer (Low Risk),0.0,0.0
CC-13344,Gold,994,0.10721762,Loyal High Spenders,330.52,No Offer (Low Risk),0.0,0.0
CC-13345,Gold,934,0.07323994,Loyal High Spenders,340.45,No Offer (Low Risk),0.0,0.0
CC-13346,Standard,190,0.19040224,Dormant / Lost,-170.9,No Offer (Low Risk),0.0,0.0
CC-13347,Standard,366,0.17676294,Need Attention,420.54,No Offer (Low Risk),0.0,0.0
CC-13348,Standard,415,0.27509153,Dormant / Lost,-90.86,No Offer (Low Risk),0.0,0.0
CC-13349,Standard,281,0.11990154,Need Attention,85.04,No Offer (Low Risk),0.0,0.0
CC-13350,Standard,263,0.10446972,Need Attention,188.19,No Offer (Low Risk),0.0,0.0
CC-13351,Standard,361,0.32432264,Need Attention,-34.12,No Offer (Low Risk),0.0,0.0
CC-13352,Platinum,1793,0.18308479,Loyal High Spenders,589.68,No Offer (Low Risk),0.0,0.0
CC-13353,Gold,886,0.0439629,Loyal High Spenders,3143.66,No Offer (Low Risk),0.0,0.0
CC-13354,Standard,495,0.35247517,Dormant / Lost,-123.94,No Offer (Low Risk),0.0,0.0
CC-13355,Standard,182,0.6710439,Dormant / Lost,-111.41,No Offer (Low Risk),0.0,0.0
CC-13356,Gold,1187,0.9253401,At-Risk High Value,543.5,Fee Waiver,95.0,330.09
CC-13357,Standard,290,0.11009697,Need Attention,330.89,No Offer (Low Risk),0.0,0.0
CC-13358,Platinum,3700,0.09371489,Champions / Whales,1029.3,No Offer (Low Risk),0.0,0.0
CC-13359,Gold,1309,0.22247376,Loyal High Spenders,1862.42,Fee Waiver,95.0,1419.18
CC-13360,Platinum,2017,0.080426514,Champions / Whales,5494.15,No Offer (Low Risk),0.0,0.0
CC-13361,Standard,162,0.10108165,Need Attention,-390.79,No Offer (Low Risk),0.0,0.0
CC-13362,Gold,711,0.081498995,Need Attention,430.69,No Offer (Low Risk),0.0,0.0
CC-13363,Standard,230,0.21294242,Need Attention,-256.12,No Offer (Low Risk),0.0,0.0
CC-13364,Black,4426,0.12545793,Champions / Whales,491.27,No Offer (Low Risk),0.0,0.0
CC-13365,Gold,986,0.28204548,Loyal High Spenders,217.23,Fee Waiver,95.0,105.41
CC-13366,Standard,282,0.08941373,Need Attention,-312.75,No Offer (Low Risk),0.0,0.0
CC-13367,Standard,465,0.17652291,Dormant / Lost,-140.42,No Offer (Low Risk),0.0,0.0
CC-13368,Standard,275,0.24882886,Need Attention,-164.98,No Offer (Low Risk),0.0,0.0
CC-13369,Gold,559,0.1760272,Need Attention,1021.96,No Offer (Low Risk),0.0,0.0
CC-13370,Standard,162,0.22350556,Dormant / Lost,-229.12,No Offer (Low Risk),0.0,0.0
CC-13371,Gold,668,0.056623124,Loyal High Spenders,482.75,No Offer (Low Risk),0.0,0.0
CC-13372,Standard,180,0.15576635,Need Attention,-136.77,No Offer (Low Risk),0.0,0.0
CC-13373,Gold,1319,0.05437107,Loyal High Spenders,475.02,No Offer (Low Risk),0.0,0.0
CC-13374,Platinum,678,0.12198079,Need Attention,816.69,No Offer (Low Risk),0.0,0.0
CC-13375,Platinum,4101,0.060532812,Champions / Whales,1225.23,No Offer (Low Risk),0.0,0.0
CC-13376,Platinum,2339,0.14045964,Champions / Whales,4823.6,No Offer (Low Risk),0.0,0.0
CC-13377,Standard,337,0.19169061,Need Attention,-99.9,No Offer (Low Risk),0.0,0.0
CC-13378,Standard,474,0.058406442,Need Attention,-315.71,No Offer (Low Risk),0.0,0.0
CC-13379,Gold,520,0.12929702,Need Attention,252.25,No Offer (Low Risk),0.0,0.0
CC-13380,Standard,106,0.11839087,Dormant / Lost,-184.21,No Offer (Low Risk),0.0,0.0
CC-13381,Standard,368,0.18598098,Dormant / Lost,-130.08,No Offer (Low Risk),0.0,0.0
CC-13382,Standard,520,0.725224,Need Attention,-32.68,No Offer (Low Risk),0.0,0.0
CC-13383,Standard,374,0.13499777,Dormant / Lost,-162.51,No Offer (Low Risk),0.0,0.0
CC-13384,Standard,256,0.18218473,Need Attention,-282.4,No Offer (Low Risk),0.0,0.0
CC-13385,Platinum,1196,0.13512498,Loyal High Spenders,953.75,No Offer (Low Risk),0.0,0.0
CC-13386,Standard,318,0.34634477,Need Attention,-214.61,No Offer (Low Risk),0.0,0.0
CC-13387,Gold,908,0.18289642,Loyal High Spenders,280.67,No Offer (Low Risk),0.0,0.0
CC-13388,Standard,295,0.22211786,Need Attention,242.77,Apr Cut,120.0,41.81
CC-13389,Gold,1279,0.09001533,At-Risk High Value,3355.94,No Offer (Low Risk),0.0,0.0
CC-13390,Standard,358,0.2434525,Need Attention,-201.4,No Offer (Low Risk),0.0,0.0
CC-13391,Platinum,999,0.06696806,At-Risk High Value,1214.18,No Offer (Low Risk),0.0,0.0
CC-13392,Platinum,1421,0.074920885,Loyal High Spenders,1524.92,No Offer (Low Risk),0.0,0.0
CC-13393,Standard,348,0.05542263,Need Attention,-182.21,No Offer (Low Risk),0.0,0.0
CC-13394,Platinum,1389,0.038611047,Loyal High Spenders,1350.33,No Offer (Low Risk),0.0,0.0
CC-13395,Black,9807,0.05842395,Champions / Whales,-1197.67,No Offer (Low Risk),0.0,0.0
CC-13396,Platinum,1259,0.19407018,Loyal High Spenders,849.76,No Offer (Low Risk),0.0,0.0
CC-13397,Platinum,2144,0.20104097,Loyal High Spenders,3555.46,Fee Waiver,295.0,2432.19
CC-13398,Standard,173,0.12502283,Need Attention,-250.86,No Offer (Low Risk),0.0,0.0
CC-13399,Gold,1360,0.18858752,Loyal High Spenders,2010.27,No Offer (Low Risk),0.0,0.0
CC-13400,Standard,172,0.21290188,Dormant / Lost,-235.41,No Offer (Low Risk),0.0,0.0
CC-13401,Standard,299,0.52632284,Need Attention,112.43,No Offer (Low Risk),0.0,0.0
CC-13402,Black,4954,0.6269685,At-Risk High Value,2904.05,Fee Waiver,495.0,3209.88
CC-13403,Standard,492,0.17792945,Loyal High Spenders,-93.3,No Offer (Low Risk),0.0,0.0
CC-13404,Gold,655,0.16892786,Need Attention,69.31,No Offer (Low Risk),0.0,0.0
CC-13405,Platinum,1132,0.37515888,At-Risk High Value,1328.25,Fee Waiver,295.0,1105.3
CC-13406,Platinum,2638,0.28059694,At-Risk High Value,639.78,Fee Waiver,295.0,293.72
CC-13407,Black,6591,0.29679552,At-Risk High Value,6715.0,Fee Waiver,495.0,5858.97
CC-13408,Standard,336,0.13880745,Need Attention,-182.49,No Offer (Low Risk),0.0,0.0
CC-13409,Standard,382,0.17732306,Need Attention,-238.39,No Offer (Low Risk),0.0,0.0
CC-13410,Standard,219,0.07668898,Need Attention,-749.79,No Offer (Low Risk),0.0,0.0
CC-13411,Standard,335,0.04989734,Need Attention,-388.07,No Offer (Low Risk),0.0,0.0
CC-13412,Standard,182,0.8911962,Dormant / Lost,13.26,No Offer (Low Risk),0.0,0.0
CC-13413,Standard,331,0.02811471,Need Attention,-738.17,No Offer (Low Risk),0.0,0.0
CC-13414,Platinum,1306,0.25981513,Loyal High Spenders,574.04,Fee Waiver,295.0,212.74
CC-13415,Gold,581,0.27141982,Loyal High Spenders,132.71,Fee Waiver,95.0,25.07
CC-13416,Standard,226,0.6634619,Dormant / Lost,27.17,No Offer (Low Risk),0.0,0.0
CC-13417,Gold,506,0.08830562,Need Attention,172.27,No Offer (Low Risk),0.0,0.0
CC-13418,Standard,255,0.9297776,Dormant / Lost,-85.74,No Offer (Low Risk),0.0,0.0
CC-13419,Standard,205,0.5307865,Need Attention,-8.61,No Offer (Low Risk),0.0,0.0
CC-13420,Platinum,2666,0.13848896,At-Risk High Value,939.67,No Offer (Low Risk),0.0,0.0
CC-13421,Gold,485,0.16815357,Need Attention,38.3,No Offer (Low Risk),0.0,0.0
CC-13422,Platinum,2821,0.1496014,At-Risk High Value,947.31,No Offer (Low Risk),0.0,0.0
CC-13423,Standard,135,0.059308954,Need Attention,-485.16,No Offer (Low Risk),0.0,0.0
CC-13424,Platinum,1151,0.20324364,At-Risk High Value,705.51,Fee Waiver,295.0,249.62
CC-13425,Gold,679,0.0264748,Loyal High Spenders,526.75,No Offer (Low Risk),0.0,0.0
CC-13426,Gold,1509,0.043845277,Loyal High Spenders,4700.19,No Offer (Low Risk),0.0,0.0
CC-13427,Gold,730,0.08481045,Loyal High Spenders,1722.41,No Offer (Low Risk),0.0,0.0
CC-13428,Platinum,1807,0.15157716,At-Risk High Value,933.87,No Offer (Low Risk),0.0,0.0
CC-13429,Gold,725,0.12082646,Need Attention,1654.87,No Offer (Low Risk),0.0,0.0
CC-13430,Gold,533,0.10764999,Need Attention,286.15,No Offer (Low Risk),0.0,0.0
CC-13431,Black,3960,0.18511161,Champions / Whales,620.7,No Offer (Low Risk),0.0,0.0
CC-13432,Platinum,4110,0.08237425,Champions / Whales,1262.02,No Offer (Low Risk),0.0,0.0
CC-13433,Standard,354,0.19831063,Need Attention,-171.23,No Offer (Low Risk),0.0,0.0
CC-13434,Gold,793,0.11171912,Loyal High Spenders,199.84,No Offer (Low Risk),0.0,0.0
CC-13435,Standard,248,0.105055295,Need Attention,-235.69,No Offer (Low Risk),0.0,0.0
CC-13436,Standard,326,0.14031261,Need Attention,311.47,No Offer (Low Risk),0.0,0.0
CC-13437,Gold,751,0.040457394,Loyal High Spenders,343.52,No Offer (Low Risk),0.0,0.0
CC-13438,Platinum,1798,0.06289285,Loyal High Spenders,1161.99,No Offer (Low Risk),0.0,0.0
CC-13439,Platinum,3566,0.23500851,Champions / Whales,668.28,Fee Waiver,295.0,265.12
CC-13440,Standard,184,0.45226717,Need Attention,-72.81,No Offer (Low Risk),0.0,0.0
CC-13441,Gold,538,0.06897742,Need Attention,234.23,No Offer (Low Risk),0.0,0.0
CC-13442,Standard,427,0.20053354,Dormant / Lost,-178.55,No Offer (Low Risk),0.0,0.0
CC-13443,Black,3220,0.11449921,Champions / Whales,991.29,No Offer (Low Risk),0.0,0.0
CC-13444,Black,5086,0.21728997,At-Risk High Value,6720.32,Fee Waiver,495.0,4896.42
CC-13445,Gold,405,0.07685601,Need Attention,247.6,No Offer (Low Risk),0.0,0.0
CC-13446,Platinum,1622,0.07905596,At-Risk High Value,1249.0,No Offer (Low Risk),0.0,0.0
CC-13447,Gold,1212,0.22613393,Loyal High Spenders,278.32,Fee Waiver,95.0,133.36
CC-13448,Gold,566,0.057801057,Need Attention,-161.47,No Offer (Low Risk),0.0,0.0
CC-13449,Standard,194,0.09451112,Need Attention,-202.82,No Offer (Low Risk),0.0,0.0
CC-13450,Gold,1716,0.0825584,At-Risk High Value,622.05,No Offer (Low Risk),0.0,0.0
CC-13451,Gold,1197,0.17716911,Loyal High Spenders,213.59,No Offer (Low Risk),0.0,0.0
CC-13452,Gold,549,0.04714762,Need Attention,509.83,No Offer (Low Risk),0.0,0.0
CC-13453,Standard,493,0.0991818,Need Attention,525.0,No Offer (Low Risk),0.0,0.0
CC-13454,Black,6969,0.82878697,At-Risk High Value,7.87,No Offer (Low Risk),0.0,0.0
CC-13455,Standard,583,0.30870107,Dormant / Lost,-175.58,No Offer (Low Risk),0.0,0.0
CC-13456,Gold,550,0.095753334,Loyal High Spenders,-228.66,No Offer (Low Risk),0.0,0.0
CC-13457,Gold,1291,0.15651289,At-Risk High Value,2332.24,No Offer (Low Risk),0.0,0.0
CC-13458,Gold,561,0.07156184,Need Attention,233.73,No Offer (Low Risk),0.0,0.0
CC-13459,Gold,1077,0.57343173,At-Risk High Value,790.77,Fee Waiver,95.0,885.19
CC-13460,Standard,342,0.06258864,Need Attention,-263.79,No Offer (Low Risk),0.0,0.0
CC-13461,Standard,260,0.18273401,Need Attention,257.87,No Offer (Low Risk),0.0,0.0
CC-13462,Gold,405,0.0706947,Need Attention,1000.44,No Offer (Low Risk),0.0,0.0
CC-13463,Gold,1010,0.8233867,At-Risk High Value,19.26,No Offer (Low Risk),0.0,0.0
CC-13464,Standard,454,0.64737254,Need Attention,-101.77,No Offer (Low Risk),0.0,0.0
CC-13465,Gold,921,0.32178465,At-Risk High Value,38.53,No Offer (Low Risk),0.0,0.0
CC-13466,Gold,685,0.04203646,Loyal High Spenders,544.65,No Offer (Low Risk),0.0,0.0
CC-13467,Gold,1123,0.047287077,Loyal High Spenders,294.32,No Offer (Low Risk),0.0,0.0
CC-13468,Platinum,2189,0.042480938,Champions / Whales,7600.95,No Offer (Low Risk),0.0,0.0
CC-13469,Standard,196,0.31784138,Dormant / Lost,32.05,No Offer (Low Risk),0.0,0.0
CC-13470,Standard,508,0.7800852,Need Attention,131.04,Points Boost,91.44,8.14
CC-13471,Platinum,2112,0.13084765,Loyal High Spenders,4553.65,No Offer (Low Risk),0.0,0.0
CC-13472,Gold,759,0.3634174,Need Attention,97.26,Fee Waiver,95.0,6.12
CC-13473,Gold,573,0.44214806,Need Attention,43.71,No Offer (Low Risk),0.0,0.0
CC-13474,Platinum,2057,0.032259054,Champions / Whales,1651.46,No Offer (Low Risk),0.0,0.0
CC-13475,Platinum,1767,0.18170115,Champions / Whales,674.26,No Offer (Low Risk),0.0,0.0
CC-13476,Black,6262,0.27272308,Champions / Whales,35.63,No Offer (Low Risk),0.0,0.0
CC-13477,Gold,690,0.18375461,Need Attention,1163.68,No Offer (Low Risk),0.0,0.0
CC-13478,Gold,392,0.34277278,Need Attention,55.65,No Offer (Low Risk),0.0,0.0
CC-13479,Standard,483,0.34321898,Dormant / Lost,373.45,Apr Cut,120.0,184.49
CC-13480,Standard,151,0.22386141,Need Attention,-267.77,No Offer (Low Risk),0.0,0.0
CC-13481,Gold,730,0.1577813,Loyal High Spenders,1211.84,No Offer (Low Risk),0.0,0.0
CC-13482,Standard,270,0.27623448,Need Attention,-176.7,No Offer (Low Risk),0.0,0.0
CC-13483,Platinum,3392,0.24094605,At-Risk High Value,682.81,Fee Waiver,295.0,285.14
CC-13484,Gold,801,0.084402375,Loyal High Spenders,214.91,No Offer (Low Risk),0.0,0.0
CC-13485,Gold,610,0.10171486,Loyal High Spenders,378.55,No Offer (Low Risk),0.0,0.0
CC-13486,Standard,456,0.90383124,Need Attention,-67.49,No Offer (Low Risk),0.0,0.0
CC-13487,Standard,146,0.06908229,Dormant / Lost,-926.83,No Offer (Low Risk),0.0,0.0
CC-13488,Standard,480,0.27223936,Need Attention,342.47,Apr Cut,120.0,132.29
CC-13489,Standard,155,0.88047403,Dormant / Lost,6.98,No Offer (Low Risk),0.0,0.0
CC-13490,Standard,202,0.05951992,Need Attention,83.75,No Offer (Low Risk),0.0,0.0
CC-13491,Gold,799,0.4527503,At-Risk High Value,68.84,No Offer (Low Risk),0.0,0.0
CC-13492,Platinum,1886,0.1889712,Champions / Whales,680.76,No Offer (Low Risk),0.0,0.0
CC-13493,Platinum,2269,0.1137295,Champions / Whales,1000.66,No Offer (Low Risk),0.0,0.0
CC-13494,Gold,1060,0.050975166,Need Attention,731.64,No Offer (Low Risk),0.0,0.0
CC-13495,Standard,269,0.17044395,Need Attention,-346.73,No Offer (Low Risk),0.0,0.0
CC-13496,Platinum,3113,0.61772907,Champions / Whales,308.03,Fee Waiver,295.0,96.14
CC-13497,Platinum,1278,0.93482924,At-Risk High Value,179.24,No Offer (Low Risk),0.0,0.0
CC-13498,Standard,214,0.22655001,Need Attention,-344.91,No Offer (Low Risk),0.0,0.0
CC-13499,Gold,1167,0.8727849,At-Risk High Value,128.95,Fee Waiver,95.0,16.0
CC-13500,Standard,216,0.08305911,Need Attention,-234.08,No Offer (Low Risk),0.0,0.0
CC-13501,Platinum,554,0.112099305,Loyal High Spenders,848.52,No Offer (Low Risk),0.0,0.0
CC-13502,Black,5011,0.06064609,Champions / Whales,774.19,No Offer (Low Risk),0.0,0.0
CC-13503,Standard,282,0.0740751,Dormant / Lost,-511.39,No Offer (Low Risk),0.0,0.0
CC-13504,Platinum,1550,0.35358104,Loyal High Spenders,486.48,Fee Waiver,295.0,204.69
CC-13505,Gold,1021,0.84360343,At-Risk High Value,92.52,No Offer (Low Risk),0.0,0.0
CC-13506,Black,7565,0.2364453,At-Risk High Value,-88.16,No Offer (Low Risk),0.0,0.0
CC-13507,Gold,892,0.2253094,At-Risk High Value,1255.7,Fee Waiver,95.0,933.18
CC-13508,Platinum,2892,0.15237401,Champions / Whales,917.84,No Offer (Low Risk),0.0,0.0
CC-13509,Standard,580,0.10164131,Need Attention,-8.33,No Offer (Low Risk),0.0,0.0
CC-13510,Standard,233,0.88319284,Dormant / Lost,-43.81,No Offer (Low Risk),0.0,0.0
CC-13511,Standard,205,0.19005887,Need Attention,-136.52,No Offer (Low Risk),0.0,0.0
CC-13512,Black,8204,0.37835312,Champions / Whales,-189.73,No Offer (Low Risk),0.0,0.0
CC-13513,Platinum,2679,0.06530183,Champions / Whales,1476.45,No Offer (Low Risk),0.0,0.0
CC-13514,Platinum,2598,0.9227751,At-Risk High Value,239.06,No Offer (Low Risk),0.0,0.0
CC-13515,Black,6959,0.04271892,Champions / Whales,-149.66,No Offer (Low Risk),0.0,0.0
CC-13516,Standard,234,0.040100664,Need Attention,-209.85,No Offer (Low Risk),0.0,0.0
CC-13517,Standard,280,0.063189924,Need Attention,-839.45,No Offer (Low Risk),0.0,0.0
CC-13518,Standard,201,0.9020871,Need Attention,-40.67,No Offer (Low Risk),0.0,0.0
CC-13519,Standard,569,0.14969775,Need Attention,-317.66,No Offer (Low Risk),0.0,0.0
CC-13520,Standard,173,0.13660191,Need Attention,-410.22,No Offer (Low Risk),0.0,0.0
CC-13521,Gold,512,0.1502489,Need Attention,247.75,No Offer (Low Risk),0.0,0.0
CC-13522,Standard,267,0.06330622,Need Attention,-353.94,No Offer (Low Risk),0.0,0.0
CC-13523,Standard,128,0.066045836,Need Attention,-555.33,No Offer (Low Risk),0.0,0.0
CC-13524,Standard,366,0.057519663,Need Attention,-357.16,No Offer (Low Risk),0.0,0.0
CC-13525,Standard,199,0.29541582,Need Attention,35.25,No Offer (Low Risk),0.0,0.0
CC-13526,Black,1939,0.22546193,Champions / Whales,935.59,Vip Perks,150.0,316.08
CC-13527,Platinum,2391,0.18459941,Champions / Whales,850.99,No Offer (Low Risk),0.0,0.0
CC-13528,Black,7761,0.60800546,At-Risk High Value,-60.55,No Offer (Low Risk),0.0,0.0
CC-13529,Standard,212,0.0710219,Need Attention,100.4,No Offer (Low Risk),0.0,0.0
CC-13530,Standard,257,0.0650748,Need Attention,-469.54,No Offer (Low Risk),0.0,0.0
CC-13531,Platinum,1764,0.36746714,Champions / Whales,423.11,Fee Waiver,295.0,147.06
CC-13532,Standard,205,0.13806267,Need Attention,-190.75,No Offer (Low Risk),0.0,0.0
CC-13533,Standard,373,0.29079375,Need Attention,-174.8,No Offer (Low Risk),0.0,0.0
CC-13534,Standard,428,0.49832702,Need Attention,-99.36,No Offer (Low Risk),0.0,0.0
CC-13535,Standard,371,0.16493721,Need Attention,-286.41,No Offer (Low Risk),0.0,0.0
CC-13536,Standard,229,0.11994484,Dormant / Lost,-314.22,No Offer (Low Risk),0.0,0.0
CC-13537,Standard,287,0.17257203,Dormant / Lost,318.7,No Offer (Low Risk),0.0,0.0
CC-13538,Gold,646,0.048759412,Need Attention,1.28,No Offer (Low Risk),0.0,0.0
CC-13539,Standard,447,0.09588518,Need Attention,-201.14,No Offer (Low Risk),0.0,0.0
CC-13540,Standard,323,0.11600372,Need Attention,171.85,No Offer (Low Risk),0.0,0.0
CC-13541,Platinum,3375,0.9197978,At-Risk High Value,235.53,No Offer (Low Risk),0.0,0.0
CC-13542,Standard,247,0.12554285,Need Attention,-354.7,No Offer (Low Risk),0.0,0.0
CC-13543,Standard,325,0.10122443,Need Attention,-298.52,No Offer (Low Risk),0.0,0.0
CC-13544,Platinum,2282,0.11518385,At-Risk High Value,5173.58,No Offer (Low Risk),0.0,0.0
CC-13545,Standard,394,0.3269578,Need Attention,-92.89,No Offer (Low Risk),0.0,0.0
CC-13546,Standard,199,0.49230388,Need Attention,-159.28,No Offer (Low Risk),0.0,0.0
CC-13547,Gold,875,0.06349627,Loyal High Spenders,254.75,No Offer (Low Risk),0.0,0.0
CC-13548,Standard,418,0.095591426,Need Attention,-352.78,No Offer (Low Risk),0.0,0.0
CC-13549,Gold,653,0.43644068,Need Attention,588.56,Fee Waiver,95.0,565.59
CC-13550,Platinum,1238,0.06350458,Loyal High Spenders,1342.53,No Offer (Low Risk),0.0,0.0
CC-13551,Standard,299,0.38808408,Need Attention,100.29,No Offer (Low Risk),0.0,0.0
CC-13552,Gold,841,0.080528714,At-Risk High Value,1820.82,No Offer (Low Risk),0.0,0.0
CC-13553,Gold,790,0.3608456,Loyal High Spenders,156.36,Fee Waiver,95.0,67.07
CC-13554,Standard,321,0.31231114,Need Attention,148.5,No Offer (Low Risk),0.0,0.0
CC-13555,Gold,954,0.09217592,Loyal High Spenders,2458.16,No Offer (Low Risk),0.0,0.0
CC-13556,Standard,358,0.3769818,Need Attention,-174.7,No Offer (Low Risk),0.0,0.0
CC-13557,Gold,644,0.22080925,Need Attention,167.02,Fee Waiver,95.0,40.21
CC-13558,Standard,280,0.06101026,Need Attention,-415.19,No Offer (Low Risk),0.0,0.0
CC-13559,Gold,1315,0.04529682,Loyal High Spenders,470.14,No Offer (Low Risk),0.0,0.0
CC-13560,Standard,283,0.31137964,Dormant / Lost,-149.69,No Offer (Low Risk),0.0,0.0
CC-13561,Platinum,1971,0.0717866,Champions / Whales,1444.47,No Offer (Low Risk),0.0,0.0
CC-13562,Standard,232,0.08020296,Need Attention,-330.24,No Offer (Low Risk),0.0,0.0
CC-13563,Standard,183,0.107212454,Need Attention,115.15,No Offer (Low Risk),0.0,0.0
CC-13564,Gold,385,0.40150335,Dormant / Lost,13.24,No Offer (Low Risk),0.0,0.0
CC-13565,Gold,1567,0.85050505,At-Risk High Value,95.88,No Offer (Low Risk),0.0,0.0
CC-13566,Gold,394,0.07978096,Need Attention,56.79,No Offer (Low Risk),0.0,0.0
CC-13567,Gold,857,0.051240973,Loyal High Spenders,2756.66,No Offer (Low Risk),0.0,0.0
CC-13568,Platinum,1431,0.29404852,At-Risk High Value,610.08,Fee Waiver,295.0,279.64
CC-13569,Platinum,1600,0.08521868,Champions / Whales,4573.13,No Offer (Low Risk),0.0,0.0
CC-13570,Standard,435,0.06545266,Loyal High Spenders,-21.4,No Offer (Low Risk),0.0,0.0
CC-13571,Gold,1053,0.06814351,Loyal High Spenders,600.5,No Offer (Low Risk),0.0,0.0
CC-13572,Platinum,2743,0.042556472,Champions / Whales,1660.11,No Offer (Low Risk),0.0,0.0
CC-13573,Black,1776,0.17603861,At-Risk High Value,3688.0,No Offer (Low Risk),0.0,0.0
CC-13574,Platinum,1765,0.21136963,Champions / Whales,550.92,Fee Waiver,295.0,140.06
CC-13575,Standard,344,0.11208173,Need Attention,-34.99,No Offer (Low Risk),0.0,0.0
CC-13576,Standard,428,0.46535334,Need Attention,-105.62,No Offer (Low Risk),0.0,0.0
CC-13577,Gold,1101,0.13340363,At-Risk High Value,299.7,No Offer (Low Risk),0.0,0.0
CC-13578,Gold,545,0.18814738,Need Attention,130.32,No Offer (Low Risk),0.0,0.0
CC-13579,Gold,1552,0.03091075,Loyal High Spenders,270.11,No Offer (Low Risk),0.0,0.0
CC-13580,Gold,605,0.77733725,Need Attention,61.32,No Offer (Low Risk),0.0,0.0
CC-13581,Platinum,959,0.14048538,Loyal High Spenders,978.98,No Offer (Low Risk),0.0,0.0
CC-13582,Standard,342,0.23707771,Dormant / Lost,-167.32,No Offer (Low Risk),0.0,0.0
CC-13583,Platinum,3022,0.19358334,Champions / Whales,4782.66,No Offer (Low Risk),0.0,0.0
CC-13584,Standard,394,0.08485619,Need Attention,-448.24,No Offer (Low Risk),0.0,0.0
CC-13585,Standard,317,0.20368497,Need Attention,-128.42,No Offer (Low Risk),0.0,0.0
CC-13586,Gold,512,0.09123544,Loyal High Spenders,72.84,No Offer (Low Risk),0.0,0.0
CC-13587,Platinum,2934,0.1618996,At-Risk High Value,5353.27,No Offer (Low Risk),0.0,0.0
CC-13588,Standard,272,0.17691308,Need Attention,-274.38,No Offer (Low Risk),0.0,0.0
CC-13589,Standard,240,0.063766114,Need Attention,-392.76,No Offer (Low Risk),0.0,0.0
CC-13590,Black,5537,0.05465584,Champions / Whales,623.9,No Offer (Low Risk),0.0,0.0
CC-13591,Standard,199,0.9398473,Dormant / Lost,-72.43,No Offer (Low Risk),0.0,0.0
CC-13592,Gold,732,0.20628616,Need Attention,161.84,Fee Waiver,95.0,31.02
CC-13593,Gold,1129,0.050429653,Loyal High Spenders,792.6,No Offer (Low Risk),0.0,0.0
CC-13594,Gold,619,0.49336278,Need Attention,149.52,Fee Waiver,95.0,80.85
CC-13595,Gold,993,0.09179132,Loyal High Spenders,101.62,No Offer (Low Risk),0.0,0.0
CC-13596,Standard,417,0.10241522,Need Attention,-263.62,No Offer (Low Risk),0.0,0.0
CC-13597,Gold,665,0.1356682,Loyal High Spenders,282.98,No Offer (Low Risk),0.0,0.0
CC-13598,Standard,258,0.050221756,Need Attention,-512.24,No Offer (Low Risk),0.0,0.0
CC-13599,Gold,1084,0.15919152,At-Risk High Value,152.24,No Offer (Low Risk),0.0,0.0
CC-13600,Standard,389,0.23510417,Need Attention,-276.72,No Offer (Low Risk),0.0,0.0
CC-13601,Gold,447,0.06271799,Need Attention,204.46,No Offer (Low Risk),0.0,0.0
CC-13602,Standard,235,0.16142227,Need Attention,-251.24,No Offer (Low Risk),0.0,0.0
CC-13603,Standard,299,0.16982874,Need Attention,-301.67,No Offer (Low Risk),0.0,0.0
CC-13604,Standard,326,0.04770797,Need Attention,-556.03,No Offer (Low Risk),0.0,0.0
CC-13605,Standard,543,0.370756,Dormant / Lost,394.11,Apr Cut,120.0,211.42
CC-13606,Platinum,1062,0.057682358,Loyal High Spenders,1307.57,No Offer (Low Risk),0.0,0.0
CC-13607,Standard,461,0.19893034,Need Attention,-257.25,No Offer (Low Risk),0.0,0.0
CC-13608,Platinum,1117,0.11678208,Loyal High Spenders,914.1,No Offer (Low Risk),0.0,0.0
CC-13609,Black,7129,0.10560744,Champions / Whales,74.17,No Offer (Low Risk),0.0,0.0
CC-13610,Gold,1037,0.1349046,At-Risk High Value,517.74,No Offer (Low Risk),0.0,0.0
CC-13611,Standard,260,0.10910221,Need Attention,-171.21,No Offer (Low Risk),0.0,0.0
CC-13612,Standard,217,0.03489492,Need Attention,-512.1,No Offer (Low Risk),0.0,0.0
CC-13613,Platinum,2916,0.13221213,Champions / Whales,881.95,No Offer (Low Risk),0.0,0.0
CC-13614,Standard,228,0.16559243,Need Attention,-296.28,No Offer (Low Risk),0.0,0.0
CC-13615,Standard,175,0.81248415,Dormant / Lost,-83.68,No Offer (Low Risk),0.0,0.0
CC-13616,Gold,791,0.37801418,Loyal High Spenders,835.5,Fee Waiver,95.0,788.71
CC-13617,Platinum,2461,0.15649228,At-Risk High Value,942.8,No Offer (Low Risk),0.0,0.0
CC-13618,Platinum,2986,0.07474199,Champions / Whales,8161.52,No Offer (Low Risk),0.0,0.0
CC-13619,Standard,198,0.069872364,Need Attention,-281.51,No Offer (Low Risk),0.0,0.0
CC-13620,Gold,686,0.91496444,Dormant / Lost,352.5,Fee Waiver,95.0,185.77
CC-13621,Standard,397,0.7897557,Dormant / Lost,-80.19,No Offer (Low Risk),0.0,0.0
CC-13622,Standard,397,0.8894848,Dormant / Lost,63.69,No Offer (Low Risk),0.0,0.0
CC-13623,Platinum,1868,0.20240341,Loyal High Spenders,702.11,Fee Waiver,295.0,245.68
CC-13624,Standard,529,0.11999083,Need Attention,-50.59,No Offer (Low Risk),0.0,0.0
CC-13625,Standard,230,0.16401692,Need Attention,157.68,No Offer (Low Risk),0.0,0.0
CC-13626,Standard,158,0.16543727,Need Attention,-107.11,No Offer (Low Risk),0.0,0.0
CC-13627,Platinum,2123,0.09807749,Champions / Whales,1096.94,No Offer (Low Risk),0.0,0.0
CC-13628,Platinum,886,0.19166926,At-Risk High Value,2046.15,No Offer (Low Risk),0.0,0.0
CC-13629,Gold,1188,0.30199265,At-Risk High Value,155.45,Fee Waiver,95.0,53.35
CC-13630,Platinum,2477,0.033860106,Champions / Whales,1828.48,No Offer (Low Risk),0.0,0.0
CC-13631,Standard,361,0.26980758,Need Attention,246.67,Apr Cut,120.0,60.95
CC-13632,Gold,854,0.8581817,At-Risk High Value,71.69,No Offer (Low Risk),0.0,0.0
CC-13633,Standard,191,0.0829055,Need Attention,-389.98,No Offer (Low Risk),0.0,0.0
CC-13634,Standard,198,0.33032084,Need Attention,-194.85,No Offer (Low Risk),0.0,0.0
CC-13635,Gold,554,0.03232332,Need Attention,2286.9,No Offer (Low Risk),0.0,0.0
CC-13636,Platinum,1786,0.15322797,Champions / Whales,984.01,No Offer (Low Risk),0.0,0.0
CC-13637,Standard,306,0.14105526,Need Attention,-34.31,No Offer (Low Risk),0.0,0.0
CC-13638,Standard,228,0.08744845,Need Attention,-208.32,No Offer (Low Risk),0.0,0.0
CC-13639,Standard,210,0.26306596,Need Attention,-276.84,No Offer (Low Risk),0.0,0.0
CC-13640,Standard,342,0.2194875,Need Attention,-226.43,No Offer (Low Risk),0.0,0.0
CC-13641,Platinum,2065,0.5010255,Champions / Whales,328.01,Fee Waiver,295.0,92.93
CC-13642,Gold,789,0.18764855,Loyal High Spenders,161.48,No Offer (Low Risk),0.0,0.0
CC-13643,Gold,925,0.5816887,At-Risk High Value,656.81,Fee Waiver,95.0,723.0
CC-13644,Platinum,1579,0.08256427,Loyal High Spenders,4623.74,No Offer (Low Risk),0.0,0.0
CC-13645,Standard,480,0.16176777,Need Attention,700.51,No Offer (Low Risk),0.0,0.0
CC-13646,Gold,945,0.58067137,At-Risk High Value,135.29,Fee Waiver,95.0,73.4
CC-13647,Standard,333,0.06472948,Need Attention,-725.92,No Offer (Low Risk),0.0,0.0
CC-13648,Gold,1321,0.16840245,Loyal High Spenders,2208.88,No Offer (Low Risk),0.0,0.0
CC-13649,Black,8406,0.3108341,At-Risk High Value,7850.25,Fee Waiver,495.0,7101.47
CC-13650,Platinum,2514,0.16698089,Champions / Whales,945.84,No Offer (Low Risk),0.0,0.0
CC-13651,Standard,120,0.06686427,Dormant / Lost,-513.05,No Offer (Low Risk),0.0,0.0
CC-13652,Platinum,2051,0.46438903,At-Risk High Value,1843.05,Fee Waiver,295.0,1824.07
CC-13653,Standard,414,0.044189174,Need Attention,-98.13,No Offer (Low Risk),0.0,0.0
CC-13654,Standard,273,0.24758106,Need Attention,258.53,Apr Cut,120.0,62.0
CC-13655,Standard,243,0.038301032,Need Attention,-251.26,No Offer (Low Risk),0.0,0.0
CC-13656,Standard,292,0.12588777,Need Attention,-375.19,No Offer (Low Risk),0.0,0.0
CC-13657,Gold,581,0.18554394,Dormant / Lost,146.98,No Offer (Low Risk),0.0,0.0
CC-13658,Gold,829,0.10833668,Loyal High Spenders,309.84,No Offer (Low Risk),0.0,0.0
CC-13659,Platinum,2284,0.11371367,Champions / Whales,1054.4,No Offer (Low Risk),0.0,0.0
CC-13660,Gold,1308,0.12021145,Loyal High Spenders,379.86,No Offer (Low Risk),0.0,0.0
CC-13661,Gold,1644,0.07952524,Loyal High Spenders,676.95,No Offer (Low Risk),0.0,0.0
CC-13662,Standard,288,0.11682874,Need Attention,-289.08,No Offer (Low Risk),0.0,0.0
CC-13663,Standard,493,0.20396116,Need Attention,-75.34,No Offer (Low Risk),0.0,0.0
CC-13664,Gold,1434,0.10152934,At-Risk High Value,706.89,No Offer (Low Risk),0.0,0.0
CC-13665,Standard,250,0.05290297,Need Attention,-182.6,No Offer (Low Risk),0.0,0.0
CC-13666,Platinum,1978,0.17646374,Champions / Whales,3753.33,No Offer (Low Risk),0.0,0.0
CC-13667,Standard,100,0.043737087,Need Attention,-659.75,No Offer (Low Risk),0.0,0.0
CC-13668,Standard,238,0.12906894,Need Attention,-316.32,No Offer (Low Risk),0.0,0.0
CC-13669,Standard,100,0.04784415,Need Attention,-451.69,No Offer (Low Risk),0.0,0.0
CC-13670,Standard,408,0.10272175,Need Attention,-317.63,No Offer (Low Risk),0.0,0.0
CC-13671,Standard,292,0.08078521,Need Attention,-347.21,No Offer (Low Risk),0.0,0.0
CC-13672,Gold,1147,0.074058145,Loyal High Spenders,393.32,No Offer (Low Risk),0.0,0.0
CC-13673,Standard,394,0.17637752,Need Attention,403.29,No Offer (Low Risk),0.0,0.0
CC-13674,Gold,1395,0.1567215,At-Risk High Value,319.61,No Offer (Low Risk),0.0,0.0
CC-13675,Standard,140,0.07762756,Need Attention,-542.54,No Offer (Low Risk),0.0,0.0
CC-13676,Standard,229,0.2507813,Dormant / Lost,-287.64,No Offer (Low Risk),0.0,0.0
CC-13677,Standard,251,0.062481143,Need Attention,-226.73,No Offer (Low Risk),0.0,0.0
CC-13678,Platinum,3471,0.13608843,At-Risk High Value,837.19,No Offer (Low Risk),0.0,0.0
CC-13679,Standard,302,0.12476503,Need Attention,420.13,No Offer (Low Risk),0.0,0.0
CC-13680,Platinum,2350,0.05456794,Champions / Whales,1598.84,No Offer (Low Risk),0.0,0.0
CC-13681,Standard,549,0.20361213,Dormant / Lost,486.54,Apr Cut,120.0,189.72
CC-13682,Platinum,2760,0.20203124,At-Risk High Value,4509.2,Fee Waiver,295.0,3173.73
CC-13683,Standard,251,0.7055069,Dormant / Lost,-17.44,No Offer (Low Risk),0.0,0.0
CC-13684,Gold,705,0.05195253,Need Attention,388.74,No Offer (Low Risk),0.0,0.0
CC-13685,Gold,826,0.15819564,Loyal High Spenders,-48.8,No Offer (Low Risk),0.0,0.0
CC-13686,Platinum,3774,0.16900803,Champions / Whales,1026.77,No Offer (Low Risk),0.0,0.0
CC-13687,Standard,420,0.044909224,Need Attention,-476.37,No Offer (Low Risk),0.0,0.0
CC-13688,Standard,281,0.9415087,Dormant / Lost,-57.84,No Offer (Low Risk),0.0,0.0
CC-13689,Standard,188,0.21587609,Need Attention,-241.8,No Offer (Low Risk),0.0,0.0
CC-13690,Platinum,1376,0.08091603,Loyal High Spenders,1195.91,No Offer (Low Risk),0.0,0.0
CC-13691,Gold,1425,0.13883547,Loyal High Spenders,480.33,No Offer (Low Risk),0.0,0.0
CC-13692,Platinum,1414,0.098260306,Loyal High Spenders,1214.67,No Offer (Low Risk),0.0,0.0
CC-13693,Standard,329,0.48539534,Need Attention,95.37,No Offer (Low Risk),0.0,0.0
CC-13694,Standard,308,0.41629562,Need Attention,47.32,No Offer (Low Risk),0.0,0.0
CC-13695,Standard,213,0.04999835,Need Attention,-323.47,No Offer (Low Risk),0.0,0.0
CC-13696,Black,6581,0.10210893,Champions / Whales,13139.1,No Offer (Low Risk),0.0,0.0
CC-13697,Gold,320,0.06618134,Need Attention,392.28,No Offer (Low Risk),0.0,0.0
CC-13698,Black,3139,0.2762188,Champions / Whales,573.1,Vip Perks,150.0,161.88
CC-13699,Standard,335,0.41763806,Need Attention,240.46,Apr Cut,120.0,91.49
CC-13700,Gold,1012,0.14520058,Loyal High Spenders,316.19,No Offer (Low Risk),0.0,0.0
CC-13701,Gold,801,0.11454764,Loyal High Spenders,328.41,No Offer (Low Risk),0.0,0.0
CC-13702,Standard,518,0.11990056,Need Attention,39.38,No Offer (Low Risk),0.0,0.0
CC-13703,Platinum,902,0.121004514,At-Risk High Value,2600.99,No Offer (Low Risk),0.0,0.0
CC-13704,Black,4290,0.16173637,Champions / Whales,648.29,No Offer (Low Risk),0.0,0.0
CC-13705,Platinum,2768,0.8814679,At-Risk High Value,230.46,No Offer (Low Risk),0.0,0.0
CC-13706,Gold,754,0.14251484,Loyal High Spenders,1576.27,No Offer (Low Risk),0.0,0.0
CC-13707,Standard,248,0.44853595,Need Attention,-174.48,No Offer (Low Risk),0.0,0.0
CC-13708,Standard,398,0.046313424,Need Attention,-546.22,No Offer (Low Risk),0.0,0.0
CC-13709,Black,2580,0.14479215,Champions / Whales,1112.58,No Offer (Low Risk),0.0,0.0
CC-13710,Standard,261,0.083955,Need Attention,-297.3,No Offer (Low Risk),0.0,0.0
CC-13711,Gold,490,0.08085618,Need Attention,140.83,No Offer (Low Risk),0.0,0.0
CC-13712,Gold,408,0.07322296,Need Attention,1272.12,No Offer (Low Risk),0.0,0.0
CC-13713,Gold,952,0.54939544,Loyal High Spenders,41.79,No Offer (Low Risk),0.0,0.0
CC-13714,Black,9379,0.02352287,Champions / Whales,-1191.36,No Offer (Low Risk),0.0,0.0
CC-13715,Standard,201,0.058361366,Dormant / Lost,-282.27,No Offer (Low Risk),0.0,0.0
CC-13716,Standard,393,0.24396771,Need Attention,275.84,Apr Cut,120.0,72.78
CC-13717,Standard,305,0.042092495,Need Attention,577.65,No Offer (Low Risk),0.0,0.0
CC-13718,Standard,261,0.32073173,Need Attention,131.77,No Offer (Low Risk),0.0,0.0
CC-13719,Standard,362,0.28918785,Need Attention,142.6,No Offer (Low Risk),0.0,0.0
CC-13720,Standard,391,0.12221761,Need Attention,-245.53,No Offer (Low Risk),0.0,0.0
CC-13721,Platinum,1897,0.17013724,Champions / Whales,805.0,No Offer (Low Risk),0.0,0.0
CC-13722,Black,4149,0.6395705,Champions / Whales,2490.46,Fee Waiver,495.0,2701.96
CC-13723,Standard,504,0.0770926,Need Attention,-267.15,No Offer (Low Risk),0.0,0.0
CC-13724,Standard,308,0.18110234,Need Attention,150.55,No Offer (Low Risk),0.0,0.0
CC-13725,Platinum,981,0.21044065,At-Risk High Value,717.08,Fee Waiver,295.0,269.84
CC-13726,Standard,229,0.09499004,Need Attention,-439.71,No Offer (Low Risk),0.0,0.0
CC-13727,Standard,200,0.9122147,Dormant / Lost,-30.17,No Offer (Low Risk),0.0,0.0
CC-13728,Standard,232,0.8195971,Dormant / Lost,-52.83,No Offer (Low Risk),0.0,0.0
CC-13729,Gold,883,0.499058,At-Risk High Value,772.56,Fee Waiver,95.0,817.4
CC-13730,Standard,159,0.03937869,Need Attention,-550.44,No Offer (Low Risk),0.0,0.0
CC-13731,Black,5037,0.7108305,Champions / Whales,140.65,No Offer (Low Risk),0.0,0.0
CC-13732,Standard,393,0.07844434,Need Attention,-257.56,No Offer (Low Risk),0.0,0.0
CC-13733,Gold,717,0.8022317,Need Attention,82.07,No Offer (Low Risk),0.0,0.0
CC-13734,Standard,229,0.21046057,Need Attention,-217.71,No Offer (Low Risk),0.0,0.0
CC-13735,Gold,525,0.1229315,Need Attention,171.13,No Offer (Low Risk),0.0,0.0
CC-13736,Gold,514,0.77569014,Dormant / Lost,79.0,No Offer (Low Risk),0.0,0.0
CC-13737,Platinum,1752,0.116773896,At-Risk High Value,895.31,No Offer (Low Risk),0.0,0.0
CC-13738,Platinum,2219,0.27949387,Champions / Whales,2810.45,Fee Waiver,295.0,2285.99
CC-13739,Gold,603,0.0778866,Need Attention,1646.61,No Offer (Low Risk),0.0,0.0
CC-13740,Platinum,1026,0.10426702,Loyal High Spenders,1217.92,No Offer (Low Risk),0.0,0.0
CC-13741,Platinum,2303,0.036082953,Champions / Whales,1589.62,No Offer (Low Risk),0.0,0.0
CC-13742,Platinum,1576,0.7340024,At-Risk High Value,243.91,Vip Perks,150.0,26.38
CC-13743,Standard,332,0.75363874,Dormant / Lost,-32.16,No Offer (Low Risk),0.0,0.0
CC-13744,Standard,189,0.30835554,Need Attention,-298.17,No Offer (Low Risk),0.0,0.0
CC-13745,Standard,188,0.10544649,Need Attention,-317.8,No Offer (Low Risk),0.0,0.0
CC-13746,Gold,822,0.12146168,Need Attention,67.28,No Offer (Low Risk),0.0,0.0
CC-13747,Standard,366,0.26812947,Need Attention,-142.21,No Offer (Low Risk),0.0,0.0
CC-13748,Standard,398,0.3291653,Need Attention,229.12,Apr Cut,120.0,63.6
CC-13749,Platinum,1763,0.050679788,Loyal High Spenders,1336.81,No Offer (Low Risk),0.0,0.0
CC-13750,Platinum,2268,0.85221404,At-Risk High Value,201.14,No Offer (Low Risk),0.0,0.0
CC-13751,Platinum,645,0.6104567,Need Attention,296.65,Points Boost,116.1,123.5
CC-13752,Standard,204,0.13346422,Need Attention,-36.54,No Offer (Low Risk),0.0,0.0
CC-13753,Gold,361,0.08161193,Need Attention,330.65,No Offer (Low Risk),0.0,0.0
CC-13754,Standard,225,0.078995205,Need Attention,-168.83,No Offer (Low Risk),0.0,0.0
CC-13755,Standard,419,0.24511346,Dormant / Lost,-189.24,No Offer (Low Risk),0.0,0.0
CC-13756,Standard,113,0.21968347,Need Attention,-139.76,No Offer (Low Risk),0.0,0.0
CC-13757,Standard,145,0.06479766,Need Attention,-542.67,No Offer (Low Risk),0.0,0.0
CC-13758,Standard,240,0.16721265,Need Attention,-218.7,No Offer (Low Risk),0.0,0.0
CC-13759,Platinum,1267,0.080073975,Loyal High Spenders,1029.52,No Offer (Low Risk),0.0,0.0
CC-13760,Standard,232,0.17296104,Dormant / Lost,-250.95,No Offer (Low Risk),0.0,0.0
CC-13761,Gold,1902,0.9053604,At-Risk High Value,136.13,Fee Waiver,95.0,15.3
CC-13762,Gold,837,0.05361544,Need Attention,420.21,No Offer (Low Risk),0.0,0.0
CC-13763,Standard,376,0.25853014,Dormant / Lost,-177.17,No Offer (Low Risk),0.0,0.0
CC-13764,Gold,967,0.09986172,Loyal High Spenders,482.48,No Offer (Low Risk),0.0,0.0
CC-13765,Standard,297,0.22492631,Need Attention,96.64,No Offer (Low Risk),0.0,0.0
CC-13766,Gold,1068,0.19886519,At-Risk High Value,12.05,No Offer (Low Risk),0.0,0.0
CC-13767,Standard,501,0.061215818,Need Attention,-108.18,No Offer (Low Risk),0.0,0.0
CC-13768,Standard,463,0.08667438,Need Attention,-503.82,No Offer (Low Risk),0.0,0.0
CC-13769,Standard,411,0.2228872,Need Attention,-142.93,No Offer (Low Risk),0.0,0.0
CC-13770,Gold,694,0.20139076,Loyal High Spenders,934.67,Fee Waiver,95.0,622.66
CC-13771,Platinum,2910,0.591819,Champions / Whales,2054.73,Fee Waiver,295.0,2278.5
CC-13772,Standard,357,0.11098404,Need Attention,-375.91,No Offer (Low Risk),0.0,0.0
CC-13773,Gold,873,0.09329375,Loyal High Spenders,2126.5,No Offer (Low Risk),0.0,0.0
CC-13774,Gold,1396,0.079274446,Loyal High Spenders,243.76,No Offer (Low Risk),0.0,0.0
CC-13775,Black,1936,0.075414345,Loyal High Spenders,5957.95,No Offer (Low Risk),0.0,0.0
CC-13776,Platinum,2202,0.13741846,Champions / Whales,870.95,No Offer (Low Risk),0.0,0.0
CC-13777,Gold,902,0.9388913,At-Risk High Value,62.19,No Offer (Low Risk),0.0,0.0
CC-13778,Gold,923,0.33983028,At-Risk High Value,149.4,Fee Waiver,95.0,55.73
CC-13779,Platinum,4000,0.040349536,Champions / Whales,1504.39,No Offer (Low Risk),0.0,0.0
CC-13780,Standard,131,0.0935389,Dormant / Lost,-307.48,No Offer (Low Risk),0.0,0.0
CC-13781,Standard,237,0.08626296,Need Attention,-267.74,No Offer (Low Risk),0.0,0.0
CC-13782,Standard,411,0.36104774,Need Attention,-115.19,No Offer (Low Risk),0.0,0.0
CC-13783,Platinum,1730,0.5258665,At-Risk High Value,340.89,Fee Waiver,295.0,115.2
CC-13784,Platinum,1275,0.3203777,Loyal High Spenders,503.38,Fee Waiver,295.0,199.16
CC-13785,Standard,167,0.1365266,Need Attention,106.63,No Offer (Low Risk),0.0,0.0
CC-13786,Gold,1095,0.28231275,At-Risk High Value,287.25,Fee Waiver,95.0,170.14
CC-13787,Gold,1062,0.089431085,Loyal High Spenders,2865.63,No Offer (Low Risk),0.0,0.0
CC-13788,Standard,130,0.117104635,Need Attention,-434.95,No Offer (Low Risk),0.0,0.0
CC-13789,Black,3905,0.09575919,Champions / Whales,807.32,No Offer (Low Risk),0.0,0.0
CC-13790,Standard,549,0.04379329,Need Attention,-376.16,No Offer (Low Risk),0.0,0.0
CC-13791,Standard,275,0.12561153,Need Attention,-304.37,No Offer (Low Risk),0.0,0.0
CC-13792,Gold,319,0.07507081,Need Attention,-135.6,No Offer (Low Risk),0.0,0.0
CC-13793,Gold,612,0.08791064,Need Attention,64.07,No Offer (Low Risk),0.0,0.0
CC-13794,Standard,266,0.114307314,Need Attention,-289.12,No Offer (Low Risk),0.0,0.0
CC-13795,Gold,593,0.09321348,Need Attention,82.29,No Offer (Low Risk),0.0,0.0
CC-13796,Gold,804,0.9400788,At-Risk High Value,338.71,Fee Waiver,95.0,163.3
CC-13797,Standard,280,0.8519544,Dormant / Lost,-97.38,No Offer (Low Risk),0.0,0.0
CC-13798,Standard,316,0.115696765,Need Attention,343.91,No Offer (Low Risk),0.0,0.0
CC-13799,Gold,938,0.122765586,At-Risk High Value,500.93,No Offer (Low Risk),0.0,0.0
CC-13800,Standard,371,0.82814884,Dormant / Lost,-54.53,No Offer (Low Risk),0.0,0.0
CC-13801,Black,3647,0.8883429,At-Risk High Value,1655.42,Apr Cut,120.0,1103.34
CC-13802,Platinum,1526,0.2809665,At-Risk High Value,652.18,Fee Waiver,295.0,305.52
CC-13803,Black,3545,0.13877398,At-Risk High Value,641.11,No Offer (Low Risk),0.0,0.0
CC-13804,Standard,457,0.067870006,Loyal High Spenders,-191.34,No Offer (Low Risk),0.0,0.0
CC-13805,Black,3396,0.16876401,Champions / Whales,891.79,No Offer (Low Risk),0.0,0.0
CC-13806,Standard,142,0.10253733,Need Attention,-391.78,No Offer (Low Risk),0.0,0.0
CC-13807,Standard,187,0.062365033,Need Attention,-442.64,No Offer (Low Risk),0.0,0.0
CC-13808,Standard,170,0.9200664,Dormant / Lost,-85.67,No Offer (Low Risk),0.0,0.0
CC-13809,Standard,140,0.12148067,Need Attention,-348.43,No Offer (Low Risk),0.0,0.0
CC-13810,Gold,686,0.82987195,Need Attention,59.52,No Offer (Low Risk),0.0,0.0
CC-13811,Gold,806,0.10188906,At-Risk High Value,40.02,No Offer (Low Risk),0.0,0.0
CC-13812,Standard,286,0.12366313,Need Attention,27.59,No Offer (Low Risk),0.0,0.0
CC-13813,Gold,1531,0.23310122,Loyal High Spenders,2037.13,Fee Waiver,95.0,1604.79
CC-13814,Standard,553,0.4967052,Need Attention,-124.92,No Offer (Low Risk),0.0,0.0
CC-13815,Gold,966,0.029862557,Loyal High Spenders,275.52,No Offer (Low Risk),0.0,0.0
CC-13816,Standard,400,0.07906686,Dormant / Lost,-75.17,No Offer (Low Risk),0.0,0.0
CC-13817,Platinum,1324,0.773632,At-Risk High Value,249.33,Vip Perks,150.0,16.65
CC-13818,Platinum,935,0.16030316,Loyal High Spenders,2225.48,No Offer (Low Risk),0.0,0.0
CC-13819,Gold,550,0.034617055,Need Attention,433.53,No Offer (Low Risk),0.0,0.0
CC-13820,Standard,217,0.41324365,Need Attention,-74.45,No Offer (Low Risk),0.0,0.0
CC-13821,Standard,157,0.0847418,Need Attention,-424.92,No Offer (Low Risk),0.0,0.0
CC-13822,Platinum,984,0.41991338,At-Risk High Value,404.55,Fee Waiver,295.0,152.09
CC-13823,Standard,379,0.14763972,Need Attention,-253.72,No Offer (Low Risk),0.0,0.0
CC-13824,Standard,268,0.07868197,Need Attention,-242.39,No Offer (Low Risk),0.0,0.0
CC-13825,Standard,293,0.078578316,Need Attention,-344.78,No Offer (Low Risk),0.0,0.0
CC-13826,Gold,691,0.6123155,Need Attention,93.91,Fee Waiver,95.0,23.91
CC-13827,Gold,308,0.10393133,Need Attention,140.15,No Offer (Low Risk),0.0,0.0
CC-13828,Platinum,1282,0.24730112,Loyal High Spenders,594.01,Fee Waiver,295.0,216.83
CC-13829,Standard,203,0.091807544,Need Attention,85.09,No Offer (Low Risk),0.0,0.0
CC-13830,Standard,204,0.3121215,Need Attention,-248.2,No Offer (Low Risk),0.0,0.0
CC-13831,Platinum,2434,0.07045944,Champions / Whales,7104.62,No Offer (Low Risk),0.0,0.0
CC-13832,Platinum,3201,0.34399176,Champions / Whales,469.63,Fee Waiver,295.0,181.44
CC-13833,Standard,251,0.8869303,Dormant / Lost,-64.27,No Offer (Low Risk),0.0,0.0
CC-13834,Gold,788,0.5846972,Need Attention,491.98,Fee Waiver,95.0,518.77
CC-13835,Standard,486,0.04053302,Need Attention,-119.05,No Offer (Low Risk),0.0,0.0
CC-13836,Black,4012,0.16013712,At-Risk High Value,6562.65,No Offer (Low Risk),0.0,0.0
CC-13837,Standard,207,0.6089168,Dormant / Lost,-83.24,No Offer (Low Risk),0.0,0.0
CC-13838,Black,5192,0.25105458,Champions / Whales,297.87,Vip Perks,150.0,5.7
CC-13839,Gold,942,0.3358449,At-Risk High Value,1030.37,Fee Waiver,95.0,938.94
CC-13840,Gold,1307,0.094698444,Loyal High Spenders,428.05,No Offer (Low Risk),0.0,0.0
CC-13841,Standard,422,0.31794944,Dormant / Lost,302.86,Apr Cut,120.0,119.15
CC-13842,Gold,409,0.11392102,Need Attention,32.58,No Offer (Low Risk),0.0,0.0
CC-13843,Standard,307,0.76723003,Dormant / Lost,-62.37,No Offer (Low Risk),0.0,0.0
CC-13844,Standard,150,0.46774447,Need Attention,-70.12,No Offer (Low Risk),0.0,0.0
CC-13845,Gold,1011,0.27377787,Loyal High Spenders,1219.6,Fee Waiver,95.0,1013.33
CC-13846,Black,6098,0.16245899,Champions / Whales,9476.53,No Offer (Low Risk),0.0,0.0
CC-13847,Gold,739,0.13850623,Loyal High Spenders,185.95,No Offer (Low Risk),0.0,0.0
CC-13848,Gold,482,0.10700775,Need Attention,145.07,No Offer (Low Risk),0.0,0.0
CC-13849,Standard,242,0.05197454,Need Attention,-97.32,No Offer (Low Risk),0.0,0.0
CC-13850,Standard,216,0.08785932,Need Attention,-97.47,No Offer (Low Risk),0.0,0.0
CC-13851,Standard,218,0.32611698,Need Attention,100.47,No Offer (Low Risk),0.0,0.0
CC-13852,Gold,788,0.5253533,Need Attention,143.57,Fee Waiver,95.0,77.7
CC-13853,Black,8516,0.37776378,Champions / Whales,-225.8,No Offer (Low Risk),0.0,0.0
CC-13854,Gold,600,0.03635107,Need Attention,-37.99,No Offer (Low Risk),0.0,0.0
CC-13855,Standard,215,0.07471291,Need Attention,-448.45,No Offer (Low Risk),0.0,0.0
CC-13856,Standard,202,0.11140714,Need Attention,-206.66,No Offer (Low Risk),0.0,0.0
CC-13857,Gold,604,0.44531918,Need Attention,150.43,Fee Waiver,95.0,75.18
CC-13858,Standard,229,0.03373689,Need Attention,-332.52,No Offer (Low Risk),0.0,0.0
CC-13859,Platinum,1588,0.055844393,Champions / Whales,1289.04,No Offer (Low Risk),0.0,0.0
CC-13860,Platinum,799,0.037454404,Loyal High Spenders,1659.17,No Offer (Low Risk),0.0,0.0
CC-13861,Gold,901,0.411528,Loyal High Spenders,852.72,Fee Waiver,95.0,839.69
CC-13862,Standard,313,0.13662994,Need Attention,-253.35,No Offer (Low Risk),0.0,0.0
CC-13863,Standard,291,0.1952817,Need Attention,-185.08,No Offer (Low Risk),0.0,0.0
CC-13864,Standard,142,0.22792247,Need Attention,-219.69,No Offer (Low Risk),0.0,0.0
CC-13865,Standard,530,0.2817677,Need Attention,-54.33,No Offer (Low Risk),0.0,0.0
CC-13866,Standard,161,0.0881555,Dormant / Lost,-180.86,No Offer (Low Risk),0.0,0.0
CC-13867,Gold,710,0.9540293,Need Attention,302.52,Fee Waiver,95.0,131.89
CC-13868,Gold,741,0.15252605,Need Attention,1421.87,No Offer (Low Risk),0.0,0.0
CC-13869,Standard,350,0.0681319,Need Attention,-135.55,No Offer (Low Risk),0.0,0.0
CC-13870,Standard,275,0.6741481,Dormant / Lost,-73.64,No Offer (Low Risk),0.0,0.0
CC-13871,Standard,210,0.15285179,Need Attention,0.04,No Offer (Low Risk),0.0,0.0
CC-13872,Standard,266,0.33956483,Need Attention,-101.28,No Offer (Low Risk),0.0,0.0
CC-13873,Platinum,559,0.0704943,Need Attention,1366.91,No Offer (Low Risk),0.0,0.0
CC-13874,Standard,266,0.06487234,Need Attention,-168.19,No Offer (Low Risk),0.0,0.0
CC-13875,Standard,206,0.23540346,Need Attention,-124.0,No Offer (Low Risk),0.0,0.0
CC-13876,Standard,215,0.15362777,Dormant / Lost,-276.86,No Offer (Low Risk),0.0,0.0
CC-13877,Platinum,2203,0.55198663,At-Risk High Value,320.6,Fee Waiver,295.0,97.33
CC-13878,Gold,1534,0.09937913,Loyal High Spenders,336.09,No Offer (Low Risk),0.0,0.0
CC-13879,Standard,278,0.2851716,Need Attention,-118.18,No Offer (Low Risk),0.0,0.0
CC-13880,Gold,557,0.061353456,Need Attention,171.42,No Offer (Low Risk),0.0,0.0
CC-13881,Gold,787,0.0936609,Loyal High Spenders,295.46,No Offer (Low Risk),0.0,0.0
CC-13882,Black,5854,0.46554253,Champions / Whales,4217.42,Fee Waiver,495.0,4358.59
CC-13883,Standard,265,0.04911337,Need Attention,-455.02,No Offer (Low Risk),0.0,0.0
CC-13884,Platinum,1936,0.11313274,Loyal High Spenders,4523.1,No Offer (Low Risk),0.0,0.0
CC-13885,Black,6160,0.0975824,Champions / Whales,-161.5,No Offer (Low Risk),0.0,0.0
CC-13886,Platinum,1065,0.15354279,Loyal High Spenders,2611.0,No Offer (Low Risk),0.0,0.0
CC-13887,Gold,934,0.17060767,Loyal High Spenders,1647.07,No Offer (Low Risk),0.0,0.0
CC-13888,Gold,781,0.7987382,Need Attention,49.36,No Offer (Low Risk),0.0,0.0
CC-13889,Standard,375,0.28422377,Need Attention,-140.15,No Offer (Low Risk),0.0,0.0
CC-13890,Platinum,961,0.12752809,Loyal High Spenders,932.41,No Offer (Low Risk),0.0,0.0
CC-13891,Gold,969,0.0854651,Loyal High Spenders,385.46,No Offer (Low Risk),0.0,0.0
CC-13892,Gold,1094,0.8311065,At-Risk High Value,34.63,No Offer (Low Risk),0.0,0.0
CC-13893,Standard,368,0.20382226,Dormant / Lost,-288.26,No Offer (Low Risk),0.0,0.0
CC-13894,Gold,1191,0.10436819,Loyal High Spenders,532.13,No Offer (Low Risk),0.0,0.0
CC-13895,Platinum,3105,0.15853195,Champions / Whales,5559.66,No Offer (Low Risk),0.0,0.0
CC-13896,Standard,345,0.32038033,Need Attention,228.84,Apr Cut,120.0,61.29
CC-13897,Platinum,1348,0.037738517,Loyal High Spenders,1601.95,No Offer (Low Risk),0.0,0.0
CC-13898,Gold,1035,0.20734805,At-Risk High Value,344.98,Fee Waiver,95.0,174.43
CC-13899,Platinum,2851,0.1777979,Champions / Whales,5100.43,No Offer (Low Risk),0.0,0.0
CC-13900,Standard,299,0.93960714,Dormant / Lost,47.54,No Offer (Low Risk),0.0,0.0
CC-13901,Standard,414,0.26023018,Need Attention,266.3,Apr Cut,120.0,72.04
CC-13902,Platinum,1861,0.116876476,Champions / Whales,871.97,No Offer (Low Risk),0.0,0.0
CC-13903,Standard,203,0.43301085,Need Attention,-142.51,No Offer (Low Risk),0.0,0.0
CC-13904,Platinum,2090,0.03928903,Champions / Whales,1334.49,No Offer (Low Risk),0.0,0.0
CC-13905,Gold,968,0.409274,Loyal High Spenders,868.79,Fee Waiver,95.0,855.16
CC-13906,Gold,787,0.14805561,Need Attention,112.39,No Offer (Low Risk),0.0,0.0
CC-13907,Standard,312,0.766178,Need Attention,-43.82,No Offer (Low Risk),0.0,0.0
CC-13908,Gold,701,0.30548248,Loyal High Spenders,664.54,Fee Waiver,95.0,542.71
CC-13909,Standard,274,0.05843566,Need Attention,-547.98,No Offer (Low Risk),0.0,0.0
CC-13910,Standard,379,0.12073201,Need Attention,-215.6,No Offer (Low Risk),0.0,0.0
CC-13911,Standard,256,0.12056636,Need Attention,-493.73,No Offer (Low Risk),0.0,0.0
CC-13912,Standard,414,0.12788011,Need Attention,-200.32,No Offer (Low Risk),0.0,0.0
CC-13913,Black,4545,0.058156222,Champions / Whales,1055.79,No Offer (Low Risk),0.0,0.0
CC-13914,Black,4932,0.15107271,Champions / Whales,520.13,No Offer (Low Risk),0.0,0.0
CC-13915,Standard,207,0.19442768,Need Attention,-255.44,No Offer (Low Risk),0.0,0.0
CC-13916,Gold,266,0.11502792,Need Attention,159.51,No Offer (Low Risk),0.0,0.0
CC-13917,Standard,415,0.10947131,Need Attention,-231.15,No Offer (Low Risk),0.0,0.0
CC-13918,Gold,686,0.7894722,Loyal High Spenders,398.51,Fee Waiver,95.0,313.05
CC-13919,Platinum,2710,0.068104126,Champions / Whales,1217.94,No Offer (Low Risk),0.0,0.0
CC-13920,Black,4469,0.060449164,Champions / Whales,852.11,No Offer (Low Risk),0.0,0.0
CC-13921,Standard,241,0.36047488,Need Attention,-146.24,No Offer (Low Risk),0.0,0.0
CC-13922,Platinum,1974,0.20077938,Loyal High Spenders,771.16,Fee Waiver,295.0,296.06
CC-13923,Standard,338,0.3323796,Need Attention,163.88,Apr Cut,120.0,11.86
CC-13924,Black,5975,0.8613863,At-Risk High Value,15.73,No Offer (Low Risk),0.0,0.0
CC-13925,Standard,410,0.15941048,Need Attention,-216.3,No Offer (Low Risk),0.0,0.0
CC-13926,Gold,1796,0.07910765,Loyal High Spenders,687.85,No Offer (Low Risk),0.0,0.0
CC-13927,Gold,473,0.15647621,Need Attention,294.41,No Offer (Low Risk),0.0,0.0
CC-13928,Gold,518,0.09659025,Need Attention,1290.65,No Offer (Low Risk),0.0,0.0
CC-13929,Standard,346,0.21492952,Need Attention,-225.57,No Offer (Low Risk),0.0,0.0
CC-13930,Black,7468,0.10573679,Champions / Whales,-387.78,No Offer (Low Risk),0.0,0.0
CC-13931,Standard,463,0.42165658,Dormant / Lost,219.74,Apr Cut,120.0,73.94
CC-13932,Gold,577,0.20822366,Loyal High Spenders,68.62,No Offer (Low Risk),0.0,0.0
CC-13933,Standard,275,0.079617105,Need Attention,221.64,No Offer (Low Risk),0.0,0.0
CC-13934,Standard,374,0.0755763,Need Attention,754.89,No Offer (Low Risk),0.0,0.0
CC-13935,Gold,540,0.20802203,Need Attention,42.04,No Offer (Low Risk),0.0,0.0
CC-13936,Standard,245,0.0652972,Need Attention,-458.45,No Offer (Low Risk),0.0,0.0
CC-13937,Standard,409,0.8366564,Dormant / Lost,98.45,No Offer (Low Risk),0.0,0.0
CC-13938,Standard,468,0.27654597,Need Attention,-199.79,No Offer (Low Risk),0.0,0.0
CC-13939,Standard,166,0.5546392,Dormant / Lost,-64.36,No Offer (Low Risk),0.0,0.0
CC-13940,Platinum,4296,0.12822598,Champions / Whales,8522.87,No Offer (Low Risk),0.0,0.0
CC-13941,Platinum,1240,0.080374315,Loyal High Spenders,1033.57,No Offer (Low Risk),0.0,0.0
CC-13942,Standard,394,0.15187667,Dormant / Lost,431.0,No Offer (Low Risk),0.0,0.0
CC-13943,Standard,301,0.13130327,Dormant / Lost,-227.23,No Offer (Low Risk),0.0,0.0
CC-13944,Standard,301,0.14269026,Need Attention,-299.89,No Offer (Low Risk),0.0,0.0
CC-13945,Standard,177,0.92710537,Dormant / Lost,34.13,No Offer (Low Risk),0.0,0.0
CC-13946,Gold,1201,0.9464007,At-Risk High Value,96.16,No Offer (Low Risk),0.0,0.0
CC-13947,Gold,393,0.23653533,Need Attention,157.25,Fee Waiver,95.0,37.27
CC-13948,Standard,299,0.082316905,Need Attention,-686.17,No Offer (Low Risk),0.0,0.0
CC-13949,Standard,611,0.09642552,Loyal High Spenders,-317.02,No Offer (Low Risk),0.0,0.0
CC-13950,Standard,460,0.43272814,Dormant / Lost,-147.24,No Offer (Low Risk),0.0,0.0
CC-13951,Platinum,839,0.0813461,Loyal High Spenders,1074.08,No Offer (Low Risk),0.0,0.0
CC-13952,Black,8347,0.0537529,Champions / Whales,-818.85,No Offer (Low Risk),0.0,0.0
CC-13953,Standard,190,0.40569118,Need Attention,-58.83,No Offer (Low Risk),0.0,0.0
CC-13954,Standard,389,0.08314309,Need Attention,-608.92,No Offer (Low Risk),0.0,0.0
CC-13955,Platinum,3009,0.10293662,Champions / Whales,1161.84,No Offer (Low Risk),0.0,0.0
CC-13956,Platinum,2840,0.5642506,Champions / Whales,2058.33,Fee Waiver,295.0,2242.65
CC-13957,Standard,223,0.090388104,Need Attention,95.91,No Offer (Low Risk),0.0,0.0
CC-13958,Standard,257,0.19094415,Dormant / Lost,-318.79,No Offer (Low Risk),0.0,0.0
CC-13959,Standard,428,0.06281288,Loyal High Spenders,-158.65,No Offer (Low Risk),0.0,0.0
CC-13960,Gold,765,0.095664605,Loyal High Spenders,286.66,No Offer (Low Risk),0.0,0.0
CC-13961,Standard,387,0.106305525,Need Attention,-379.58,No Offer (Low Risk),0.0,0.0
CC-13962,Standard,260,0.057962883,Need Attention,-689.59,No Offer (Low Risk),0.0,0.0
CC-13963,Gold,668,0.24173546,Need Attention,55.07,No Offer (Low Risk),0.0,0.0
CC-13964,Standard,413,0.20645384,Need Attention,431.19,Apr Cut,120.0,156.54
CC-13965,Platinum,1448,0.062422417,Loyal High Spenders,1345.69,No Offer (Low Risk),0.0,0.0
CC-13966,Standard,306,0.6619974,Need Attention,-54.86,No Offer (Low Risk),0.0,0.0
CC-13967,Standard,304,0.15021475,Need Attention,182.72,No Offer (Low Risk),0.0,0.0
CC-13968,Gold,486,0.19517703,Dormant / Lost,633.55,No Offer (Low Risk),0.0,0.0
CC-13969,Standard,138,0.19213903,Need Attention,-312.01,No Offer (Low Risk),0.0,0.0
CC-13970,Black,6500,0.09524159,Champions / Whales,-42.36,No Offer (Low Risk),0.0,0.0
CC-13971,Gold,559,0.22999392,Need Attention,766.83,Fee Waiver,95.0,540.12
CC-13972,Standard,392,0.60542023,Need Attention,-74.55,No Offer (Low Risk),0.0,0.0
CC-13973,Gold,545,0.058020957,Need Attention,347.42,No Offer (Low Risk),0.0,0.0
CC-13974,Standard,148,0.10261396,Need Attention,-23.99,No Offer (Low Risk),0.0,0.0
CC-13975,Platinum,1915,0.8335523,At-Risk High Value,205.11,No Offer (Low Risk),0.0,0.0
CC-13976,Standard,247,0.19671448,Dormant / Lost,-365.13,No Offer (Low Risk),0.0,0.0
CC-13977,Gold,776,0.09269801,Loyal High Spenders,441.16,No Offer (Low Risk),0.0,0.0
CC-13978,Standard,398,0.35363856,Need Attention,243.39,Apr Cut,120.0,80.87
CC-13979,Standard,371,0.09550584,Need Attention,-260.15,No Offer (Low Risk),0.0,0.0
CC-13980,Platinum,2401,0.03891504,Champions / Whales,1391.14,No Offer (Low Risk),0.0,0.0
CC-13981,Platinum,3191,0.19198456,At-Risk High Value,802.68,No Offer (Low Risk),0.0,0.0
CC-13982,Standard,198,0.042826917,Need Attention,-717.3,No Offer (Low Risk),0.0,0.0
CC-13983,Standard,543,0.17199644,Need Attention,-221.58,No Offer (Low Risk),0.0,0.0
CC-13984,Platinum,2067,0.05153109,Champions / Whales,1391.0,No Offer (Low Risk),0.0,0.0
CC-13985,Black,5217,0.5875255,Champions / Whales,86.45,No Offer (Low Risk),0.0,0.0
CC-13986,Standard,381,0.1425107,Need Attention,-221.06,No Offer (Low Risk),0.0,0.0
CC-13987,Gold,580,0.23633955,Need Attention,892.97,Fee Waiver,95.0,655.76
CC-13988,Standard,232,0.07170649,Need Attention,-310.94,No Offer (Low Risk),0.0,0.0
CC-13989,Platinum,2132,0.08377639,Champions / Whales,5726.47,No Offer (Low Risk),0.0,0.0
CC-13990,Standard,351,0.049809497,Need Attention,-127.09,No Offer (Low Risk),0.0,0.0
CC-13991,Standard,293,0.09819484,Need Attention,-454.91,No Offer (Low Risk),0.0,0.0
CC-13992,Platinum,2123,0.05327425,Champions / Whales,1384.06,No Offer (Low Risk),0.0,0.0
CC-13993,Standard,358,0.106285825,Need Attention,534.36,No Offer (Low Risk),0.0,0.0
CC-13994,Gold,615,0.54058653,Need Attention,109.06,Fee Waiver,95.0,37.5
CC-13995,Standard,437,0.31595775,Dormant / Lost,251.85,Apr Cut,120.0,78.34
CC-13996,Standard,419,0.13893102,Need Attention,-329.97,No Offer (Low Risk),0.0,0.0
CC-13997,Standard,335,0.833236,Dormant / Lost,42.48,No Offer (Low Risk),0.0,0.0
CC-13998,Gold,987,0.28486246,At-Risk High Value,93.1,No Offer (Low Risk),0.0,0.0
CC-13999,Standard,229,0.051901836,Need Attention,309.28,No Offer (Low Risk),0.0,0.0
CC-14000,Gold,589,0.92328316,Dormant / Lost,263.16,Fee Waiver,95.0,111.57
CC-14001,Platinum,2942,0.1928545,At-Risk High Value,775.03,No Offer (Low Risk),0.0,0.0
CC-14002,Platinum,3202,0.7311861,At-Risk High Value,287.96,Vip Perks,150.0,59.45
CC-14003,Standard,314,0.124802575,Need Attention,-198.75,No Offer (Low Risk),0.0,0.0
CC-14004,Standard,472,0.091100454,Need Attention,-163.37,No Offer (Low Risk),0.0,0.0
CC-14005,Standard,175,0.056905333,Need Attention,-304.51,No Offer (Low Risk),0.0,0.0
CC-14006,Standard,186,0.08433504,Need Attention,-487.1,No Offer (Low Risk),0.0,0.0
CC-14007,Standard,244,0.63066304,Dormant / Lost,-128.03,No Offer (Low Risk),0.0,0.0
CC-14008,Gold,448,0.045511957,Need Attention,1452.53,No Offer (Low Risk),0.0,0.0
CC-14009,Standard,221,0.04792365,Need Attention,-524.05,No Offer (Low Risk),0.0,0.0
CC-14010,Standard,431,0.609716,Need Attention,2.28,No Offer (Low Risk),0.0,0.0
CC-14011,Standard,227,0.75593483,Dormant / Lost,-98.86,No Offer (Low Risk),0.0,0.0
CC-14012,Gold,868,0.34465784,Loyal High Spenders,922.91,Fee Waiver,95.0,842.12
CC-14013,Standard,195,0.15065944,Dormant / Lost,37.74,No Offer (Low Risk),0.0,0.0
CC-14014,Gold,913,0.06709078,Loyal High Spenders,-68.53,No Offer (Low Risk),0.0,0.0
CC-14015,Standard,425,0.042279482,Need Attention,-554.68,No Offer (Low Risk),0.0,0.0
CC-14016,Platinum,1866,0.9521303,At-Risk High Value,943.33,Apr Cut,120.0,508.89
CC-14017,Platinum,2884,0.19319497,At-Risk High Value,788.96,No Offer (Low Risk),0.0,0.0
CC-14018,Standard,387,0.08918449,Need Attention,-181.89,No Offer (Low Risk),0.0,0.0
CC-14019,Standard,264,0.24911071,Need Attention,-170.18,No Offer (Low Risk),0.0,0.0
CC-14020,Standard,248,0.23599494,Need Attention,129.91,No Offer (Low Risk),0.0,0.0
CC-14021,Standard,286,0.09328618,Need Attention,-237.73,No Offer (Low Risk),0.0,0.0
CC-14022,Gold,909,0.059731074,Loyal High Spenders,540.78,No Offer (Low Risk),0.0,0.0
CC-14023,Platinum,1126,0.1778556,Loyal High Spenders,676.11,No Offer (Low Risk),0.0,0.0
CC-14024,Gold,861,0.1295322,Loyal High Spenders,1619.9,No Offer (Low Risk),0.0,0.0
CC-14025,Platinum,2233,0.4831189,Champions / Whales,1918.41,Fee Waiver,295.0,1943.76
CC-14026,Standard,255,0.22497156,Dormant / Lost,-134.63,No Offer (Low Risk),0.0,0.0
CC-14027,Standard,498,0.18244214,Loyal High Spenders,-150.12,No Offer (Low Risk),0.0,0.0
CC-14028,Gold,769,0.29290876,Dormant / Lost,165.31,Fee Waiver,95.0,60.41
CC-14029,Standard,260,0.03545266,Need Attention,-325.28,No Offer (Low Risk),0.0,0.0
CC-14030,Gold,1325,0.075024605,Loyal High Spenders,394.57,No Offer (Low Risk),0.0,0.0
CC-14031,Standard,260,0.17617935,Need Attention,195.31,No Offer (Low Risk),0.0,0.0
CC-14032,Standard,270,0.19229479,Dormant / Lost,-129.32,No Offer (Low Risk),0.0,0.0
CC-14033,Black,5558,0.1821026,At-Risk High Value,338.32,No Offer (Low Risk),0.0,0.0
CC-14034,Standard,272,0.32856944,Need Attention,21.58,No Offer (Low Risk),0.0,0.0
CC-14035,Black,5107,0.122244254,Champions / Whales,9864.6,No Offer (Low Risk),0.0,0.0
CC-14036,Black,2741,0.041661937,Champions / Whales,1474.85,No Offer (Low Risk),0.0,0.0
CC-14037,Platinum,877,0.08208351,Loyal High Spenders,1121.85,No Offer (Low Risk),0.0,0.0
CC-14038,Gold,1230,0.08605465,Loyal High Spenders,290.83,No Offer (Low Risk),0.0,0.0
CC-14039,Gold,1424,0.07369765,Loyal High Spenders,816.76,No Offer (Low Risk),0.0,0.0
CC-14040,Platinum,1565,0.11104543,Loyal High Spenders,977.47,No Offer (Low Risk),0.0,0.0
CC-14041,Standard,280,0.6342431,Need Attention,-84.24,No Offer (Low Risk),0.0,0.0
CC-14042,Gold,1057,0.094260916,Loyal High Spenders,621.54,No Offer (Low Risk),0.0,0.0
CC-14043,Gold,380,0.09300494,Need Attention,261.75,No Offer (Low Risk),0.0,0.0
CC-14044,Standard,393,0.057434082,Need Attention,-191.51,No Offer (Low Risk),0.0,0.0
CC-14045,Standard,303,0.10873549,Need Attention,-413.92,No Offer (Low Risk),0.0,0.0
CC-14046,Standard,175,0.9250185,Dormant / Lost,20.89,No Offer (Low Risk),0.0,0.0
CC-14047,Gold,457,0.22220452,Need Attention,691.61,Fee Waiver,95.0,466.91
CC-14048,Platinum,971,0.051075004,Loyal High Spenders,1466.42,No Offer (Low Risk),0.0,0.0
CC-14049,Standard,156,0.3085907,Need Attention,-154.24,No Offer (Low Risk),0.0,0.0
CC-14050,Black,9511,0.19041432,Champions / Whales,-519.88,No Offer (Low Risk),0.0,0.0
CC-14051,Gold,1061,0.09141776,Loyal High Spenders,466.88,No Offer (Low Risk),0.0,0.0
CC-14052,Platinum,837,0.060329817,Loyal High Spenders,1507.14,No Offer (Low Risk),0.0,0.0
CC-14053,Gold,1104,0.2089783,At-Risk High Value,232.22,Fee Waiver,95.0,87.18
CC-14054,Platinum,2306,0.091725595,At-Risk High Value,1226.23,No Offer (Low Risk),0.0,0.0
CC-14055,Standard,148,0.31037295,Dormant / Lost,-218.78,No Offer (Low Risk),0.0,0.0
CC-14056,Platinum,2968,0.042781655,Champions / Whales,1578.63,No Offer (Low Risk),0.0,0.0
CC-14057,Standard,442,0.12206171,Need Attention,-342.74,No Offer (Low Risk),0.0,0.0
CC-14058,Platinum,1678,0.066163026,Loyal High Spenders,963.75,No Offer (Low Risk),0.0,0.0
CC-14059,Black,3415,0.39145252,Champions / Whales,517.89,Vip Perks,150.0,170.57
CC-14060,Standard,224,0.08083883,Need Attention,-391.45,No Offer (Low Risk),0.0,0.0
CC-14061,Standard,234,0.16104677,Dormant / Lost,-146.3,No Offer (Low Risk),0.0,0.0
CC-14062,Platinum,599,0.124191366,Need Attention,979.88,No Offer (Low Risk),0.0,0.0
CC-14063,Standard,217,0.12426675,Need Attention,-253.4,No Offer (Low Risk),0.0,0.0
CC-14064,Platinum,2371,0.1979227,Champions / Whales,3810.05,No Offer (Low Risk),0.0,0.0
CC-14065,Standard,392,0.152549,Need Attention,-282.04,No Offer (Low Risk),0.0,0.0
CC-14066,Standard,259,0.07590576,Need Attention,-73.45,No Offer (Low Risk),0.0,0.0
CC-14067,Black,3650,0.2145545,Champions / Whales,439.03,Vip Perks,150.0,63.71
CC-14068,Gold,1133,0.18718539,Loyal High Spenders,296.57,No Offer (Low Risk),0.0,0.0
CC-14069,Platinum,2824,0.33991528,At-Risk High Value,3044.31,Fee Waiver,295.0,2776.77
CC-14070,Standard,218,0.08963722,Need Attention,-133.25,No Offer (Low Risk),0.0,0.0
CC-14071,Gold,785,0.29218277,Need Attention,982.27,Fee Waiver,95.0,827.32
CC-14072,Gold,1177,0.06798727,Loyal High Spenders,72.57,No Offer (Low Risk),0.0,0.0
CC-14073,Gold,461,0.741018,Dormant / Lost,23.96,No Offer (Low Risk),0.0,0.0
CC-14074,Gold,526,0.51635784,Need Attention,-50.77,No Offer (Low Risk),0.0,0.0
CC-14075,Gold,1080,0.90078366,At-Risk High Value,77.33,No Offer (Low Risk),0.0,0.0
CC-14076,Standard,308,0.1310493,Need Attention,-344.47,No Offer (Low Risk),0.0,0.0
CC-14077,Standard,292,0.89972794,Dormant / Lost,-128.22,No Offer (Low Risk),0.0,0.0
CC-14078,Platinum,2281,0.12579939,Champions / Whales,967.27,No Offer (Low Risk),0.0,0.0
CC-14079,Standard,218,0.123692475,Need Attention,-328.17,No Offer (Low Risk),0.0,0.0
CC-14080,Gold,627,0.11140829,Need Attention,149.62,No Offer (Low Risk),0.0,0.0
CC-14081,Standard,382,0.80485976,Dormant / Lost,-82.8,No Offer (Low Risk),0.0,0.0
CC-14082,Gold,481,0.14885509,Need Attention,975.47,No Offer (Low Risk),0.0,0.0
CC-14083,Gold,594,0.0845154,Need Attention,1775.57,No Offer (Low Risk),0.0,0.0
CC-14084,Standard,395,0.17087443,Need Attention,264.55,No Offer (Low Risk),0.0,0.0
CC-14085,Standard,203,0.09786805,Need Attention,-18.24,No Offer (Low Risk),0.0,0.0
CC-14086,Standard,348,0.24299778,Need Attention,-266.24,No Offer (Low Risk),0.0,0.0
CC-14087,Gold,825,0.071108274,Loyal High Spenders,2055.89,No Offer (Low Risk),0.0,0.0
CC-14088,Platinum,1101,0.07923293,Loyal High Spenders,1329.78,No Offer (Low Risk),0.0,0.0
CC-14089,Standard,154,0.063565545,Need Attention,-443.8,No Offer (Low Risk),0.0,0.0
CC-14090,Gold,562,0.08263571,Need Attention,401.13,No Offer (Low Risk),0.0,0.0
CC-14091,Standard,577,0.05350534,Loyal High Spenders,-63.91,No Offer (Low Risk),0.0,0.0
CC-14092,Gold,512,0.03500163,Need Attention,513.62,No Offer (Low Risk),0.0,0.0
CC-14093,Platinum,3322,0.14077333,Champions / Whales,1084.17,No Offer (Low Risk),0.0,0.0
CC-14094,Standard,358,0.13771161,Need Attention,-357.16,No Offer (Low Risk),0.0,0.0
CC-14095,Gold,813,0.055567555,Loyal High Spenders,402.46,No Offer (Low Risk),0.0,0.0
CC-14096,Standard,459,0.17959453,Need Attention,-300.86,No Offer (Low Risk),0.0,0.0
CC-14097,Standard,387,0.8559254,Dormant / Lost,-52.63,No Offer (Low Risk),0.0,0.0
CC-14098,Standard,244,0.3384452,Need Attention,-183.08,No Offer (Low Risk),0.0,0.0
CC-14099,Standard,147,0.043359805,Need Attention,-441.27,No Offer (Low Risk),0.0,0.0
CC-14100,Gold,1321,0.56433475,Loyal High Spenders,110.16,Fee Waiver,95.0,40.81
CC-14101,Standard,200,0.31250393,Need Attention,-47.13,No Offer (Low Risk),0.0,0.0
CC-14102,Gold,921,0.14618212,Loyal High Spenders,229.26,No Offer (Low Risk),0.0,0.0
CC-14103,Standard,280,0.09652409,Need Attention,-424.27,No Offer (Low Risk),0.0,0.0
CC-14104,Standard,275,0.23956016,Need Attention,-120.39,No Offer (Low Risk),0.0,0.0
CC-14105,Gold,1033,0.25232995,At-Risk High Value,192.18,Fee Waiver,95.0,72.38
CC-14106,Black,4485,0.27437675,At-Risk High Value,401.81,Vip Perks,150.0,68.07
CC-14107,Standard,278,0.30796093,Need Attention,-89.25,No Offer (Low Risk),0.0,0.0
CC-14108,Platinum,2079,0.2064966,Champions / Whales,723.96,Fee Waiver,295.0,269.05
CC-14109,Gold,1233,0.22707024,Loyal High Spenders,400.07,Fee Waiver,95.0,234.01
CC-14110,Gold,1108,0.18633567,Loyal High Spenders,137.98,No Offer (Low Risk),0.0,0.0
CC-14111,Gold,1081,0.14632477,Loyal High Spenders,321.77,No Offer (Low Risk),0.0,0.0
CC-14112,Standard,412,0.23629485,Need Attention,-48.41,No Offer (Low Risk),0.0,0.0
CC-14113,Standard,484,0.22430192,Loyal High Spenders,322.32,Apr Cut,120.0,95.92
CC-14114,Gold,651,0.1332999,Need Attention,260.52,No Offer (Low Risk),0.0,0.0
CC-14115,Standard,486,0.11987751,Need Attention,734.14,No Offer (Low Risk),0.0,0.0
CC-14116,Platinum,1164,0.13323602,At-Risk High Value,1050.22,No Offer (Low Risk),0.0,0.0
CC-14117,Standard,232,0.14724043,Need Attention,-101.24,No Offer (Low Risk),0.0,0.0
CC-14118,Standard,215,0.07598557,Need Attention,-464.87,No Offer (Low Risk),0.0,0.0
CC-14119,Gold,597,0.06352148,Loyal High Spenders,-81.89,No Offer (Low Risk),0.0,0.0
CC-14120,Standard,317,0.9218056,Dormant / Lost,-68.75,No Offer (Low Risk),0.0,0.0
CC-14121,Gold,928,0.07635773,At-Risk High Value,251.99,No Offer (Low Risk),0.0,0.0
CC-14122,Gold,1384,0.16236591,At-Risk High Value,283.15,No Offer (Low Risk),0.0,0.0
CC-14123,Platinum,1167,0.15467949,Loyal High Spenders,921.86,No Offer (Low Risk),0.0,0.0
CC-14124,Platinum,1663,0.038593475,Loyal High Spenders,1351.87,No Offer (Low Risk),0.0,0.0
CC-14125,Gold,628,0.034813233,Need Attention,201.46,No Offer (Low Risk),0.0,0.0
CC-14126,Gold,947,0.101145424,At-Risk High Value,482.69,No Offer (Low Risk),0.0,0.0
CC-14127,Black,5843,0.30766422,At-Risk High Value,5922.37,Fee Waiver,495.0,5207.78
CC-14128,Standard,158,0.16425271,Need Attention,111.86,No Offer (Low Risk),0.0,0.0
CC-14129,Standard,213,0.4777671,Need Attention,22.1,No Offer (Low Risk),0.0,0.0
CC-14130,Standard,343,0.17217332,Dormant / Lost,-153.43,No Offer (Low Risk),0.0,0.0
CC-14131,Standard,201,0.033970457,Need Attention,-629.54,No Offer (Low Risk),0.0,0.0
CC-14132,Gold,916,0.18560404,At-Risk High Value,230.63,No Offer (Low Risk),0.0,0.0
CC-14133,Gold,832,0.17285648,Loyal High Spenders,108.26,No Offer (Low Risk),0.0,0.0
CC-14134,Gold,330,0.09427438,Need Attention,63.16,No Offer (Low Risk),0.0,0.0
CC-14135,Standard,165,0.14463797,Need Attention,-220.45,No Offer (Low Risk),0.0,0.0
CC-14136,Gold,379,0.051051438,Need Attention,190.8,No Offer (Low Risk),0.0,0.0
CC-14137,Standard,415,0.055307586,Need Attention,-503.84,No Offer (Low Risk),0.0,0.0
CC-14138,Gold,862,0.78683436,At-Risk High Value,50.66,No Offer (Low Risk),0.0,0.0
CC-14139,Gold,1204,0.88623464,At-Risk High Value,76.96,No Offer (Low Risk),0.0,0.0
CC-14140,Standard,381,0.13293873,Need Attention,-84.79,No Offer (Low Risk),0.0,0.0
CC-14141,Standard,247,0.11482101,Need Attention,-345.54,No Offer (Low Risk),0.0,0.0
CC-14142,Standard,273,0.11557669,Need Attention,-369.2,No Offer (Low Risk),0.0,0.0
CC-14143,Platinum,3056,0.08245378,Champions / Whales,1441.41,No Offer (Low Risk),0.0,0.0
CC-14144,Platinum,1217,0.71363544,At-Risk High Value,258.72,Vip Perks,150.0,38.12
CC-14145,Gold,837,0.062761724,Loyal High Spenders,2630.23,No Offer (Low Risk),0.0,0.0
CC-14146,Standard,363,0.119959794,Need Attention,-209.86,No Offer (Low Risk),0.0,0.0
CC-14147,Standard,627,0.9312619,Need Attention,-15.64,No Offer (Low Risk),0.0,0.0
CC-14148,Gold,759,0.1084906,Loyal High Spenders,63.17,No Offer (Low Risk),0.0,0.0
CC-14149,Platinum,2892,0.6926672,At-Risk High Value,279.66,Fee Waiver,295.0,72.26
CC-14150,Standard,218,0.21285917,Need Attention,-101.23,No Offer (Low Risk),0.0,0.0
CC-14151,Standard,120,0.9251957,Dormant / Lost,-2.94,No Offer (Low Risk),0.0,0.0
CC-14152,Gold,593,0.132888,Need Attention,235.09,No Offer (Low Risk),0.0,0.0
CC-14153,Standard,201,0.89962393,Dormant / Lost,-38.85,No Offer (Low Risk),0.0,0.0
CC-14154,Standard,271,0.9331368,Dormant / Lost,-73.61,No Offer (Low Risk),0.0,0.0
CC-14155,Standard,547,0.06270988,Loyal High Spenders,-391.49,No Offer (Low Risk),0.0,0.0
CC-14156,Gold,497,0.03324852,Need Attention,299.59,No Offer (Low Risk),0.0,0.0
CC-14157,Platinum,2348,0.08181097,Champions / Whales,1105.82,No Offer (Low Risk),0.0,0.0
CC-14158,Black,5159,0.6566152,At-Risk High Value,123.52,No Offer (Low Risk),0.0,0.0
CC-14159,Gold,476,0.4140119,Need Attention,-7.53,No Offer (Low Risk),0.0,0.0
CC-14160,Gold,628,0.9273018,Need Attention,52.93,No Offer (Low Risk),0.0,0.0
CC-14161,Standard,278,0.06372609,Need Attention,202.78,No Offer (Low Risk),0.0,0.0
CC-14162,Gold,648,0.52298075,Need Attention,503.21,Fee Waiver,95.0,509.36
CC-14163,Standard,321,0.13866268,Need Attention,-334.36,No Offer (Low Risk),0.0,0.0
CC-14164,Gold,616,0.12061376,Need Attention,328.72,No Offer (Low Risk),0.0,0.0
CC-14165,Standard,528,0.12862653,Need Attention,831.97,No Offer (Low Risk),0.0,0.0
CC-14166,Standard,183,0.2842485,Need Attention,-62.64,No Offer (Low Risk),0.0,0.0
CC-14167,Standard,139,0.49472368,Need Attention,-211.91,No Offer (Low Risk),0.0,0.0
CC-14168,Standard,231,0.15799236,Need Attention,20.93,No Offer (Low Risk),0.0,0.0
CC-14169,Standard,205,0.2748772,Need Attention,-194.92,No Offer (Low Risk),0.0,0.0
CC-14170,Standard,588,0.1539354,Need Attention,889.87,No Offer (Low Risk),0.0,0.0
CC-14171,Black,5274,0.09566801,Champions / Whales,337.05,No Offer (Low Risk),0.0,0.0
CC-14172,Standard,238,0.24433355,Need Attention,-15.91,No Offer (Low Risk),0.0,0.0
CC-14173,Gold,1004,0.70736563,At-Risk High Value,94.47,Fee Waiver,95.0,23.96
CC-14174,Platinum,1614,0.10364942,At-Risk High Value,1083.87,No Offer (Low Risk),0.0,0.0
CC-14175,Black,5231,0.1497831,Champions / Whales,311.39,No Offer (Low Risk),0.0,0.0
CC-14176,Gold,771,0.14345327,Need Attention,238.9,No Offer (Low Risk),0.0,0.0
CC-14177,Platinum,3221,0.8693908,At-Risk High Value,230.94,No Offer (Low Risk),0.0,0.0
CC-14178,Standard,250,0.93177205,Dormant / Lost,-37.9,No Offer (Low Risk),0.0,0.0
CC-14179,Standard,390,0.34055573,Dormant / Lost,-91.75,No Offer (Low Risk),0.0,0.0
CC-14180,Standard,285,0.08388004,Need Attention,-102.89,No Offer (Low Risk),0.0,0.0
CC-14181,Gold,815,0.40269244,Loyal High Spenders,134.4,Fee Waiver,95.0,51.0
CC-14182,Gold,946,0.073966496,Loyal High Spenders,527.4,No Offer (Low Risk),0.0,0.0
CC-14183,Standard,452,0.066333696,Need Attention,-211.86,No Offer (Low Risk),0.0,0.0
CC-14184,Standard,404,0.08978295,Need Attention,-388.87,No Offer (Low Risk),0.0,0.0
CC-14185,Gold,446,0.07821246,Need Attention,164.24,No Offer (Low Risk),0.0,0.0
CC-14186,Standard,196,0.29704836,Need Attention,-179.65,No Offer (Low Risk),0.0,0.0
CC-14187,Gold,1089,0.1447504,Loyal High Spenders,261.53,No Offer (Low Risk),0.0,0.0
CC-14188,Gold,473,0.034459505,Need Attention,405.1,No Offer (Low Risk),0.0,0.0
CC-14189,Gold,1007,0.27401438,Loyal High Spenders,1350.83,Fee Waiver,95.0,1133.12
CC-14190,Platinum,1904,0.21435045,At-Risk High Value,655.61,Fee Waiver,295.0,226.9
CC-14191,Platinum,2462,0.3376219,Champions / Whales,526.57,Fee Waiver,295.0,234.68
CC-14192,Gold,773,0.81478095,Need Attention,110.99,Fee Waiver,95.0,12.46
CC-14193,Gold,1260,0.036330186,Loyal High Spenders,466.95,No Offer (Low Risk),0.0,0.0
CC-14194,Gold,496,0.08297727,Need Attention,79.08,No Offer (Low Risk),0.0,0.0
CC-14195,Standard,240,0.041998655,Need Attention,-214.51,No Offer (Low Risk),0.0,0.0
CC-14196,Standard,427,0.5926918,Need Attention,229.19,Apr Cut,120.0,105.8
CC-14197,Standard,263,0.049858928,Need Attention,-391.77,No Offer (Low Risk),0.0,0.0
CC-14198,Standard,210,0.1783224,Dormant / Lost,44.27,No Offer (Low Risk),0.0,0.0
CC-14199,Gold,884,0.09753427,At-Risk High Value,238.79,No Offer (Low Risk),0.0,0.0
CC-14200,Platinum,1193,0.13901727,At-Risk High Value,3090.24,No Offer (Low Risk),0.0,0.0
CC-14201,Standard,295,0.08290378,Need Attention,249.26,No Offer (Low Risk),0.0,0.0
CC-14202,Standard,628,0.07053422,Need Attention,-71.95,No Offer (Low Risk),0.0,0.0
CC-14203,Black,3634,0.18269275,Champions / Whales,674.94,No Offer (Low Risk),0.0,0.0
CC-14204,Standard,301,0.1951208,Need Attention,-189.48,No Offer (Low Risk),0.0,0.0
CC-14205,Gold,656,0.23021808,Loyal High Spenders,34.58,No Offer (Low Risk),0.0,0.0
CC-14206,Gold,255,0.11903408,Need Attention,64.19,No Offer (Low Risk),0.0,0.0
CC-14207,Gold,1161,0.85465986,At-Risk High Value,72.1,No Offer (Low Risk),0.0,0.0
CC-14208,Standard,135,0.12128891,Need Attention,-551.23,No Offer (Low Risk),0.0,0.0
CC-14209,Standard,371,0.36023822,Dormant / Lost,-8.15,No Offer (Low Risk),0.0,0.0
CC-14210,Standard,264,0.30957133,Need Attention,-222.53,No Offer (Low Risk),0.0,0.0
CC-14211,Gold,755,0.084698066,Need Attention,76.72,No Offer (Low Risk),0.0,0.0
CC-14212,Gold,1031,0.5784087,At-Risk High Value,636.59,Fee Waiver,95.0,696.35
CC-14213,Standard,164,0.2912407,Need Attention,40.64,No Offer (Low Risk),0.0,0.0
CC-14214,Gold,766,0.36521742,Need Attention,129.4,Fee Waiver,95.0,39.83
CC-14215,Platinum,1392,0.2865796,Loyal High Spenders,498.06,Fee Waiver,295.0,168.18
CC-14216,Standard,466,0.05706992,Need Attention,-280.83,No Offer (Low Risk),0.0,0.0
CC-14217,Gold,645,0.06736619,Need Attention,475.9,No Offer (Low Risk),0.0,0.0
CC-14218,Gold,1104,0.046540093,Loyal High Spenders,425.28,No Offer (Low Risk),0.0,0.0
CC-14219,Standard,395,0.53785276,Need Attention,-91.2,No Offer (Low Risk),0.0,0.0
CC-14220,Standard,434,0.63358766,Need Attention,-70.95,No Offer (Low Risk),0.0,0.0
CC-14221,Gold,1255,0.08828511,Loyal High Spenders,406.99,No Offer (Low Risk),0.0,0.0
CC-14222,Platinum,1889,0.08783975,Champions / Whales,5344.56,No Offer (Low Risk),0.0,0.0
CC-14223,Platinum,533,0.17193915,Need Attention,1590.65,No Offer (Low Risk),0.0,0.0
CC-14224,Gold,1204,0.20981559,At-Risk High Value,1825.7,Fee Waiver,95.0,1340.63
CC-14225,Gold,1132,0.096051715,Loyal High Spenders,414.23,No Offer (Low Risk),0.0,0.0
CC-14226,Standard,127,0.49041882,Need Attention,-128.76,No Offer (Low Risk),0.0,0.0
CC-14227,Gold,693,0.101185046,Need Attention,163.98,No Offer (Low Risk),0.0,0.0
CC-14228,Gold,410,0.11073326,Dormant / Lost,342.04,No Offer (Low Risk),0.0,0.0
CC-14229,Standard,460,0.087386,Need Attention,-58.54,No Offer (Low Risk),0.0,0.0
CC-14230,Gold,1207,0.07102343,Loyal High Spenders,3326.97,No Offer (Low Risk),0.0,0.0
CC-14231,Gold,510,0.04326246,Need Attention,182.25,No Offer (Low Risk),0.0,0.0
CC-14232,Standard,266,0.13698412,Need Attention,-236.05,No Offer (Low Risk),0.0,0.0
CC-14233,Platinum,1306,0.0947793,Loyal High Spenders,3661.84,No Offer (Low Risk),0.0,0.0
CC-14234,Standard,161,0.28709817,Dormant / Lost,-93.05,No Offer (Low Risk),0.0,0.0
CC-14235,Standard,469,0.07641524,Need Attention,-322.82,No Offer (Low Risk),0.0,0.0
CC-14236,Standard,347,0.13355379,Need Attention,-294.28,No Offer (Low Risk),0.0,0.0
CC-14237,Platinum,2630,0.09856698,Champions / Whales,1337.33,No Offer (Low Risk),0.0,0.0
CC-14238,Gold,587,0.049678635,Loyal High Spenders,282.74,No Offer (Low Risk),0.0,0.0
CC-14239,Standard,235,0.05913067,Need Attention,-295.73,No Offer (Low Risk),0.0,0.0
CC-14240,Gold,1193,0.042799246,Loyal High Spenders,285.16,No Offer (Low Risk),0.0,0.0
CC-14241,Standard,217,0.124728195,Dormant / Lost,-323.72,No Offer (Low Risk),0.0,0.0
CC-14242,Platinum,2412,0.048742563,Champions / Whales,1483.77,No Offer (Low Risk),0.0,0.0
CC-14243,Gold,757,0.13078725,Need Attention,239.53,No Offer (Low Risk),0.0,0.0
CC-14244,Standard,329,0.10178894,Need Attention,-339.51,No Offer (Low Risk),0.0,0.0
CC-14245,Black,4979,0.94973624,At-Risk High Value,121.34,No Offer (Low Risk),0.0,0.0
CC-14246,Standard,274,0.14033009,Dormant / Lost,-473.1,No Offer (Low Risk),0.0,0.0
CC-14247,Standard,256,0.720877,Dormant / Lost,-66.47,No Offer (Low Risk),0.0,0.0
CC-14248,Gold,719,0.12863399,Need Attention,1577.15,No Offer (Low Risk),0.0,0.0
CC-14249,Black,11419,0.04185638,Champions / Whales,30174.74,No Offer (Low Risk),0.0,0.0
CC-14250,Standard,302,0.17415795,Need Attention,-244.49,No Offer (Low Risk),0.0,0.0
CC-14251,Standard,383,0.18753925,Need Attention,344.02,No Offer (Low Risk),0.0,0.0
CC-14252,Standard,168,0.264174,Need Attention,-164.51,No Offer (Low Risk),0.0,0.0
CC-14253,Gold,989,0.48568907,At-Risk High Value,770.72,Fee Waiver,95.0,806.19
CC-14254,Standard,473,0.16662702,Need Attention,575.41,No Offer (Low Risk),0.0,0.0
CC-14255,Gold,251,0.039290138,Need Attention,292.77,No Offer (Low Risk),0.0,0.0
CC-14256,Black,3793,0.07603837,Champions / Whales,1015.01,No Offer (Low Risk),0.0,0.0
CC-14257,Gold,1608,0.064135075,Champions / Whales,411.98,No Offer (Low Risk),0.0,0.0
CC-14258,Standard,332,0.24251659,Need Attention,-182.33,No Offer (Low Risk),0.0,0.0
CC-14259,Standard,415,0.20234226,Need Attention,-48.29,No Offer (Low Risk),0.0,0.0
CC-14260,Standard,261,0.07245024,Need Attention,-120.38,No Offer (Low Risk),0.0,0.0
CC-14261,Platinum,1452,0.9178811,At-Risk High Value,789.29,Apr Cut,120.0,434.46
CC-14262,Standard,439,0.7713996,Dormant / Lost,-20.03,No Offer (Low Risk),0.0,0.0
CC-14263,Standard,128,0.051941406,Need Attention,-83.91,No Offer (Low Risk),0.0,0.0
CC-14264,Gold,721,0.1492283,Need Attention,1371.15,No Offer (Low Risk),0.0,0.0
CC-14265,Standard,235,0.19969742,Need Attention,220.99,No Offer (Low Risk),0.0,0.0
CC-14266,Gold,343,0.07222599,Need Attention,286.95,No Offer (Low Risk),0.0,0.0
CC-14267,Standard,198,0.47927848,Dormant / Lost,-100.73,No Offer (Low Risk),0.0,0.0
CC-14268,Platinum,2820,0.2161276,Champions / Whales,659.29,Fee Waiver,295.0,232.31
CC-14269,Black,8569,0.2642743,Champions / Whales,9096.55,Fee Waiver,495.0,7622.52
CC-14270,Gold,714,0.07674762,Loyal High Spenders,272.71,No Offer (Low Risk),0.0,0.0
CC-14271,Black,7844,0.047453195,Champions / Whales,-81.31,No Offer (Low Risk),0.0,0.0
CC-14272,Standard,452,0.08993389,Need Attention,-252.09,No Offer (Low Risk),0.0,0.0
CC-14273,Gold,437,0.03970383,Need Attention,13.74,No Offer (Low Risk),0.0,0.0
CC-14274,Gold,1107,0.13908803,At-Risk High Value,223.47,No Offer (Low Risk),0.0,0.0
CC-14275,Gold,1182,0.34549376,Loyal High Spenders,218.39,Fee Waiver,95.0,126.99
CC-14276,Standard,223,0.29523283,Need Attention,-150.87,No Offer (Low Risk),0.0,0.0
CC-14277,Standard,285,0.87733555,Dormant / Lost,-17.39,No Offer (Low Risk),0.0,0.0
CC-14278,Standard,188,0.15542547,Dormant / Lost,190.54,No Offer (Low Risk),0.0,0.0
CC-14279,Standard,494,0.9320632,Need Attention,-60.24,No Offer (Low Risk),0.0,0.0
CC-14280,Standard,328,0.10338435,Dormant / Lost,-358.93,No Offer (Low Risk),0.0,0.0
CC-14281,Gold,1331,0.87936884,At-Risk High Value,105.17,No Offer (Low Risk),0.0,0.0
CC-14282,Standard,310,0.057778463,Dormant / Lost,-400.43,No Offer (Low Risk),0.0,0.0
CC-14283,Standard,506,0.096033044,Dormant / Lost,-15.81,No Offer (Low Risk),0.0,0.0
CC-14284,Gold,616,0.17052156,Need Attention,1070.82,No Offer (Low Risk),0.0,0.0
CC-14285,Gold,639,0.6248331,Dormant / Lost,126.11,Fee Waiver,95.0,65.72
CC-14286,Platinum,1725,0.079770476,At-Risk High Value,5302.48,No Offer (Low Risk),0.0,0.0
CC-14287,Gold,1369,0.09020786,At-Risk High Value,462.34,No Offer (Low Risk),0.0,0.0
CC-14288,Standard,316,0.94428384,Need Attention,-21.32,No Offer (Low Risk),0.0,0.0
CC-14289,Platinum,1763,0.12205116,At-Risk High Value,4003.81,No Offer (Low Risk),0.0,0.0
CC-14290,Gold,880,0.05322436,At-Risk High Value,6.13,No Offer (Low Risk),0.0,0.0
CC-14291,Standard,334,0.29051372,Need Attention,-90.09,No Offer (Low Risk),0.0,0.0
CC-14292,Gold,538,0.15021732,Dormant / Lost,39.33,No Offer (Low Risk),0.0,0.0
CC-14293,Platinum,4259,0.11093077,At-Risk High Value,932.11,No Offer (Low Risk),0.0,0.0
CC-14294,Standard,149,0.44425303,Dormant / Lost,-48.32,No Offer (Low Risk),0.0,0.0
CC-14295,Standard,455,0.4491201,Need Attention,174.79,Apr Cut,120.0,37.75
CC-14296,Standard,257,0.7429069,Dormant / Lost,-31.98,No Offer (Low Risk),0.0,0.0
CC-14297,Standard,233,0.16496556,Dormant / Lost,89.11,No Offer (Low Risk),0.0,0.0
CC-14298,Standard,129,0.046837326,Dormant / Lost,-445.05,No Offer (Low Risk),0.0,0.0
CC-14299,Gold,999,0.058043975,At-Risk High Value,2819.09,No Offer (Low Risk),0.0,0.0
CC-14300,Standard,336,0.121624514,Dormant / Lost,-246.27,No Offer (Low Risk),0.0,0.0
CC-14301,Black,9557,0.20693801,At-Risk High Value,-487.56,No Offer (Low Risk),0.0,0.0
CC-14302,Platinum,1409,0.04469613,At-Risk High Value,5134.0,No Offer (Low Risk),0.0,0.0
CC-14303,Gold,898,0.09298151,At-Risk High Value,506.78,No Offer (Low Risk),0.0,0.0
CC-14304,Platinum,2655,0.120302245,At-Risk High Value,906.39,No Offer (Low Risk),0.0,0.0
CC-14305,Standard,554,0.109225735,Dormant / Lost,-303.36,No Offer (Low Risk),0.0,0.0
CC-14306,Gold,1323,0.8597741,At-Risk High Value,83.23,No Offer (Low Risk),0.0,0.0
CC-14307,Gold,1456,0.16700809,At-Risk High Value,354.22,No Offer (Low Risk),0.0,0.0
CC-14308,Platinum,782,0.4512371,Need Attention,403.24,Fee Waiver,295.0,163.54
CC-14309,Platinum,1387,0.63131934,At-Risk High Value,327.97,Fee Waiver,295.0,124.32
CC-14310,Standard,160,0.4081644,Dormant / Lost,31.76,No Offer (Low Risk),0.0,0.0
CC-14311,Black,4094,0.55410933,At-Risk High Value,233.11,Vip Perks,150.0,9.74
CC-14312,Standard,287,0.31866,Dormant / Lost,-144.91,No Offer (Low Risk),0.0,0.0
CC-14313,Platinum,2753,0.08449085,At-Risk High Value,1197.35,No Offer (Low Risk),0.0,0.0
CC-14314,Black,4022,0.073053844,At-Risk High Value,1146.58,No Offer (Low Risk),0.0,0.0
CC-14315,Standard,286,0.19271952,Dormant / Lost,-370.87,No Offer (Low Risk),0.0,0.0
CC-14316,Gold,720,0.1408522,Need Attention,65.52,No Offer (Low Risk),0.0,0.0
CC-14317,Standard,208,0.3107139,Need Attention,-118.43,No Offer (Low Risk),0.0,0.0
CC-14318,Standard,279,0.23051904,Dormant / Lost,-95.03,No Offer (Low Risk),0.0,0.0
CC-14319,Gold,1059,0.15783016,At-Risk High Value,290.04,No Offer (Low Risk),0.0,0.0
CC-14320,Gold,431,0.04891876,Dormant / Lost,149.88,No Offer (Low Risk),0.0,0.0
CC-14321,Black,7976,0.90204877,At-Risk High Value,3112.18,Apr Cut,120.0,2125.72
CC-14322,Gold,683,0.1873675,Need Attention,13.99,No Offer (Low Risk),0.0,0.0
CC-14323,Gold,1339,0.94060004,At-Risk High Value,623.34,Fee Waiver,95.0,379.95
CC-14324,Platinum,1495,0.25839955,At-Risk High Value,594.7,Fee Waiver,295.0,229.5
CC-14325,Black,6291,0.5637207,At-Risk High Value,106.48,No Offer (Low Risk),0.0,0.0
CC-14326,Standard,202,0.107312076,Dormant / Lost,-392.07,No Offer (Low Risk),0.0,0.0
CC-14327,Black,4263,0.50362563,At-Risk High Value,187.02,No Offer (Low Risk),0.0,0.0
CC-14328,Standard,172,0.4299506,Dormant / Lost,40.65,No Offer (Low Risk),0.0,0.0
CC-14329,Platinum,2021,0.3829452,At-Risk High Value,501.26,Fee Waiver,295.0,238.14
CC-14330,Standard,207,0.096428216,Dormant / Lost,-396.23,No Offer (Low Risk),0.0,0.0
CC-14331,Standard,178,0.30589774,Dormant / Lost,-152.65,No Offer (Low Risk),0.0,0.0
CC-14332,Standard,197,0.37840468,Dormant / Lost,76.48,No Offer (Low Risk),0.0,0.0
CC-14333,Gold,596,0.57952857,Need Attention,106.75,Fee Waiver,95.0,37.79
CC-14334,Standard,154,0.16124399,Dormant / Lost,-437.14,No Offer (Low Risk),0.0,0.0
CC-14335,Standard,188,0.069470905,Dormant / Lost,164.16,No Offer (Low Risk),0.0,0.0
CC-14336,Gold,451,0.21945143,Dormant / Lost,129.91,Fee Waiver,95.0,9.81
CC-14337,Platinum,3578,0.051441636,At-Risk High Value,1400.21,No Offer (Low Risk),0.0,0.0
CC-14338,Standard,242,0.15379646,Dormant / Lost,-67.61,No Offer (Low Risk),0.0,0.0
CC-14339,Standard,248,0.15015578,Dormant / Lost,205.39,No Offer (Low Risk),0.0,0.0
CC-14340,Standard,162,0.19466609,Dormant / Lost,50.4,No Offer (Low Risk),0.0,0.0
CC-14341,Standard,263,0.04788481,Dormant / Lost,471.99,No Offer (Low Risk),0.0,0.0
CC-14342,Platinum,2300,0.11333717,At-Risk High Value,1069.9,No Offer (Low Risk),0.0,0.0
CC-14343,Platinum,2101,0.4006689,At-Risk High Value,412.73,Fee Waiver,295.0,152.43
CC-14344,Gold,854,0.76627976,At-Risk High Value,68.82,No Offer (Low Risk),0.0,0.0
CC-14345,Standard,313,0.060594544,Dormant / Lost,-242.35,No Offer (Low Risk),0.0,0.0
CC-14346,Platinum,2447,0.05725687,At-Risk High Value,1351.42,No Offer (Low Risk),0.0,0.0
CC-14347,Gold,480,0.07705487,Dormant / Lost,364.69,No Offer (Low Risk),0.0,0.0
CC-14348,Platinum,848,0.34484395,At-Risk High Value,428.94,Fee Waiver,295.0,140.65
CC-14349,Gold,910,0.21454719,At-Risk High Value,292.58,Fee Waiver,95.0,138.03
CC-14350,Platinum,2522,0.13216968,At-Risk High Value,1083.47,No Offer (Low Risk),0.0,0.0
CC-14351,Gold,545,0.1063764,Need Attention,218.58,No Offer (Low Risk),0.0,0.0
CC-14352,Standard,337,0.7677483,Dormant / Lost,91.05,No Offer (Low Risk),0.0,0.0
CC-14353,Black,7979,0.1867226,At-Risk High Value,-171.14,No Offer (Low Risk),0.0,0.0
CC-14354,Gold,991,0.10253609,At-Risk High Value,270.82,No Offer (Low Risk),0.0,0.0
CC-14355,Gold,821,0.09168303,At-Risk High Value,555.5,No Offer (Low Risk),0.0,0.0
CC-14356,Standard,259,0.1324864,Dormant / Lost,-200.57,No Offer (Low Risk),0.0,0.0
CC-14357,Gold,895,0.11038235,At-Risk High Value,230.91,No Offer (Low Risk),0.0,0.0
CC-14358,Gold,743,0.2408239,Need Attention,230.73,Fee Waiver,95.0,100.99
CC-14359,Standard,203,0.13989818,Dormant / Lost,-282.58,No Offer (Low Risk),0.0,0.0
CC-14360,Standard,262,0.61601883,Dormant / Lost,-99.06,No Offer (Low Risk),0.0,0.0
CC-14361,Gold,997,0.14139268,At-Risk High Value,302.62,No Offer (Low Risk),0.0,0.0
CC-14362,Platinum,2293,0.1094286,At-Risk High Value,1154.04,No Offer (Low Risk),0.0,0.0
CC-14363,Gold,957,0.12669277,At-Risk High Value,1996.58,No Offer (Low Risk),0.0,0.0
CC-14364,Standard,249,0.123672724,Dormant / Lost,-506.9,No Offer (Low Risk),0.0,0.0
CC-14365,Gold,929,0.52849853,At-Risk High Value,143.33,Fee Waiver,95.0,77.77
CC-14366,Standard,247,0.14116368,Dormant / Lost,-196.26,No Offer (Low Risk),0.0,0.0
CC-14367,Standard,468,0.117418356,Need Attention,-162.68,No Offer (Low Risk),0.0,0.0
CC-14368,Standard,306,0.16093174,Dormant / Lost,-328.52,No Offer (Low Risk),0.0,0.0
CC-14369,Standard,456,0.20156032,Need Attention,-104.69,No Offer (Low Risk),0.0,0.0
CC-14370,Standard,389,0.049329665,Dormant / Lost,-393.49,No Offer (Low Risk),0.0,0.0
CC-14371,Standard,333,0.79699755,Need Attention,-74.13,No Offer (Low Risk),0.0,0.0
CC-14372,Standard,289,0.10535085,Dormant / Lost,398.78,No Offer (Low Risk),0.0,0.0
CC-14373,Standard,220,0.103803135,Need Attention,-493.52,No Offer (Low Risk),0.0,0.0
CC-14374,Gold,407,0.09067563,Dormant / Lost,1003.12,No Offer (Low Risk),0.0,0.0
CC-14375,Gold,1862,0.07979495,At-Risk High Value,636.39,No Offer (Low Risk),0.0,0.0
CC-14376,Standard,312,0.09639527,Need Attention,-337.08,No Offer (Low Risk),0.0,0.0
CC-14377,Platinum,3329,0.91662556,At-Risk High Value,1545.38,Apr Cut,120.0,967.88
CC-14378,Standard,102,0.18582872,Need Attention,-208.66,No Offer (Low Risk),0.0,0.0
CC-14379,Gold,1263,0.1456115,At-Risk High Value,2473.42,No Offer (Low Risk),0.0,0.0
CC-14380,Standard,150,0.062342823,Dormant / Lost,-414.31,No Offer (Low Risk),0.0,0.0
CC-14381,Standard,274,0.17797086,Dormant / Lost,-356.48,No Offer (Low Risk),0.0,0.0
CC-14382,Gold,971,0.14541364,At-Risk High Value,1873.94,No Offer (Low Risk),0.0,0.0
CC-14383,Gold,688,0.04252802,Dormant / Lost,375.72,No Offer (Low Risk),0.0,0.0
CC-14384,Platinum,3067,0.43174487,At-Risk High Value,432.33,Fee Waiver,295.0,188.16
CC-14385,Gold,410,0.07798173,Dormant / Lost,191.09,No Offer (Low Risk),0.0,0.0
CC-14386,Black,9425,0.08625082,At-Risk High Value,-760.91,No Offer (Low Risk),0.0,0.0
CC-14387,Standard,321,0.15775369,Dormant / Lost,181.37,No Offer (Low Risk),0.0,0.0
CC-14388,Standard,546,0.035142932,Dormant / Lost,-453.59,No Offer (Low Risk),0.0,0.0
CC-14389,Standard,517,0.051908664,Dormant / Lost,-564.68,No Offer (Low Risk),0.0,0.0
CC-14390,Standard,282,0.10041418,Dormant / Lost,-467.13,No Offer (Low Risk),0.0,0.0
CC-14391,Gold,822,0.1349244,At-Risk High Value,146.86,No Offer (Low Risk),0.0,0.0
CC-14392,Gold,1105,0.13391392,At-Risk High Value,240.0,No Offer (Low Risk),0.0,0.0
CC-14393,Standard,268,0.11396378,Need Attention,-191.34,No Offer (Low Risk),0.0,0.0
CC-14394,Black,2297,0.06890354,At-Risk High Value,1556.21,No Offer (Low Risk),0.0,0.0
CC-14395,Platinum,2564,0.46929476,At-Risk High Value,430.71,Fee Waiver,295.0,202.19
CC-14396,Standard,214,0.03961885,Dormant / Lost,-573.63,No Offer (Low Risk),0.0,0.0
CC-14397,Standard,130,0.5345099,Dormant / Lost,-140.05,No Offer (Low Risk),0.0,0.0
CC-14398,Standard,241,0.24959101,Dormant / Lost,-237.82,No Offer (Low Risk),0.0,0.0
CC-14399,Standard,179,0.38403133,Dormant / Lost,-191.54,No Offer (Low Risk),0.0,0.0
CC-14400,Standard,188,0.50779253,Dormant / Lost,-87.89,No Offer (Low Risk),0.0,0.0
CC-14401,Gold,570,0.08841317,Need Attention,283.15,No Offer (Low Risk),0.0,0.0
CC-14402,Standard,348,0.15373914,Dormant / Lost,-94.43,No Offer (Low Risk),0.0,0.0
CC-14403,Standard,227,0.067647494,Dormant / Lost,-526.22,No Offer (Low Risk),0.0,0.0
CC-14404,Black,3702,0.22881652,At-Risk High Value,566.82,Vip Perks,150.0,134.29
CC-14405,Gold,1205,0.6436969,At-Risk High Value,120.13,Fee Waiver,95.0,59.51
CC-14406,Black,3133,0.10402209,At-Risk High Value,1199.67,No Offer (Low Risk),0.0,0.0
CC-14407,Standard,109,0.38164094,Need Attention,-0.87,No Offer (Low Risk),0.0,0.0
CC-14408,Standard,243,0.94483,Dormant / Lost,-87.57,No Offer (Low Risk),0.0,0.0
CC-14409,Gold,738,0.07083382,Need Attention,-28.57,No Offer (Low Risk),0.0,0.0
CC-14410,Standard,363,0.11753052,Dormant / Lost,-288.74,No Offer (Low Risk),0.0,0.0
CC-14411,Standard,286,0.6193058,Dormant / Lost,-27.54,No Offer (Low Risk),0.0,0.0
CC-14412,Gold,1490,0.11741778,At-Risk High Value,502.81,No Offer (Low Risk),0.0,0.0
CC-14413,Gold,1071,0.08369218,At-Risk High Value,201.91,No Offer (Low Risk),0.0,0.0
CC-14414,Standard,382,0.25055107,Need Attention,268.66,Apr Cut,120.0,70.23
CC-14415,Gold,1113,0.16678685,At-Risk High Value,2011.94,No Offer (Low Risk),0.0,0.0
CC-14416,Standard,274,0.7134801,Dormant / Lost,-74.15,No Offer (Low Risk),0.0,0.0
CC-14417,Standard,227,0.054496128,Dormant / Lost,-819.5,No Offer (Low Risk),0.0,0.0
CC-14418,Standard,250,0.061357092,Dormant / Lost,335.16,No Offer (Low Risk),0.0,0.0
CC-14419,Standard,119,0.13836484,Dormant / Lost,-358.61,No Offer (Low Risk),0.0,0.0
CC-14420,Standard,338,0.22201961,Need Attention,-179.18,No Offer (Low Risk),0.0,0.0
CC-14421,Black,6857,0.05478963,At-Risk High Value,131.34,No Offer (Low Risk),0.0,0.0
CC-14422,Gold,1463,0.054626063,At-Risk High Value,554.18,No Offer (Low Risk),0.0,0.0
CC-14423,Gold,961,0.038633797,At-Risk High Value,600.29,No Offer (Low Risk),0.0,0.0
CC-14424,Standard,592,0.4109036,Dormant / Lost,-94.73,No Offer (Low Risk),0.0,0.0
CC-14425,Standard,266,0.1098308,Dormant / Lost,-511.08,No Offer (Low Risk),0.0,0.0
CC-14426,Standard,200,0.40981907,Dormant / Lost,-129.01,No Offer (Low Risk),0.0,0.0
CC-14427,Standard,530,0.22120744,Need Attention,-55.26,No Offer (Low Risk),0.0,0.0
CC-14428,Standard,377,0.31627795,Dormant / Lost,-61.19,No Offer (Low Risk),0.0,0.0
CC-14429,Platinum,2572,0.36222804,At-Risk High Value,472.47,Fee Waiver,295.0,195.53
CC-14430,Gold,1586,0.2844556,At-Risk High Value,1973.28,Fee Waiver,95.0,1733.29
CC-14431,Gold,1194,0.27482152,At-Risk High Value,327.84,Fee Waiver,95.0,203.5
CC-14432,Gold,582,0.18567145,Need Attention,176.81,No Offer (Low Risk),0.0,0.0
CC-14433,Platinum,2459,0.39819157,At-Risk High Value,436.92,Fee Waiver,295.0,177.44
CC-14434,Standard,176,0.16709487,Dormant / Lost,-208.99,No Offer (Low Risk),0.0,0.0
CC-14435,Standard,324,0.07871329,Dormant / Lost,-441.55,No Offer (Low Risk),0.0,0.0
CC-14436,Standard,401,0.3272756,Need Attention,-98.65,No Offer (Low Risk),0.0,0.0
CC-14437,Platinum,1995,0.05425654,At-Risk High Value,1596.63,No Offer (Low Risk),0.0,0.0
CC-14438,Black,4972,0.19348821,At-Risk High Value,372.35,No Offer (Low Risk),0.0,0.0
CC-14439,Standard,382,0.20827241,Dormant / Lost,-231.87,No Offer (Low Risk),0.0,0.0
CC-14440,Platinum,2150,0.1908598,At-Risk High Value,3732.35,No Offer (Low Risk),0.0,0.0
CC-14441,Platinum,1787,0.1888745,At-Risk High Value,852.38,No Offer (Low Risk),0.0,0.0
CC-14442,Standard,366,0.1316346,Dormant / Lost,-159.6,No Offer (Low Risk),0.0,0.0
CC-14443,Standard,398,0.59379715,Need Attention,181.52,Apr Cut,120.0,58.93
CC-14444,Standard,142,0.2650074,Dormant / Lost,63.97,No Offer (Low Risk),0.0,0.0
CC-14445,Black,7447,0.07483728,At-Risk High Value,17067.7,No Offer (Low Risk),0.0,0.0
CC-14446,Standard,369,0.047417667,Dormant / Lost,-129.43,No Offer (Low Risk),0.0,0.0
CC-14447,Platinum,2582,0.04386648,At-Risk High Value,1667.31,No Offer (Low Risk),0.0,0.0
CC-14448,Standard,354,0.8767328,Dormant / Lost,-90.68,No Offer (Low Risk),0.0,0.0
CC-14449,Gold,1362,0.116100624,At-Risk High Value,653.68,No Offer (Low Risk),0.0,0.0
CC-14450,Standard,496,0.12786233,Need Attention,-145.39,No Offer (Low Risk),0.0,0.0
CC-14451,Gold,949,0.9147544,At-Risk High Value,57.94,No Offer (Low Risk),0.0,0.0
CC-14452,Platinum,1027,0.06536139,At-Risk High Value,3659.62,No Offer (Low Risk),0.0,0.0
CC-14453,Platinum,1734,0.2526075,At-Risk High Value,2514.21,Fee Waiver,295.0,1896.05
CC-14454,Platinum,2049,0.6803784,At-Risk High Value,310.27,Fee Waiver,295.0,110.81
CC-14455,Standard,412,0.21688041,Need Attention,-228.86,No Offer (Low Risk),0.0,0.0
CC-14456,Gold,597,0.03398592,Need Attention,285.4,No Offer (Low Risk),0.0,0.0
CC-14457,Standard,279,0.14414904,Need Attention,345.53,No Offer (Low Risk),0.0,0.0
CC-14458,Standard,348,0.29693455,Dormant / Lost,-85.43,No Offer (Low Risk),0.0,0.0
CC-14459,Gold,975,0.17111126,At-Risk High Value,141.16,No Offer (Low Risk),0.0,0.0
CC-14460,Standard,362,0.072391294,Dormant / Lost,-458.26,No Offer (Low Risk),0.0,0.0
CC-14461,Gold,908,0.6656735,At-Risk High Value,97.01,Fee Waiver,95.0,31.06
CC-14462,Black,5729,0.10817511,At-Risk High Value,259.69,No Offer (Low Risk),0.0,0.0
CC-14463,Standard,405,0.12186597,Need Attention,-364.0,No Offer (Low Risk),0.0,0.0
CC-14464,Gold,966,0.6849075,At-Risk High Value,92.62,Fee Waiver,95.0,26.38
CC-14465,Standard,361,0.22017048,Need Attention,151.51,No Offer (Low Risk),0.0,0.0
CC-14466,Standard,311,0.5173128,Dormant / Lost,-124.64,No Offer (Low Risk),0.0,0.0
CC-14467,Standard,140,0.24292277,Dormant / Lost,-127.7,No Offer (Low Risk),0.0,0.0
CC-14468,Black,2635,0.8638706,At-Risk High Value,1337.96,Apr Cut,120.0,913.23
CC-14469,Platinum,1271,0.042414866,At-Risk High Value,1446.97,No Offer (Low Risk),0.0,0.0
CC-14470,Platinum,1793,0.094599135,At-Risk High Value,1057.87,No Offer (Low Risk),0.0,0.0
CC-14471,Black,5787,0.88444704,At-Risk High Value,66.41,No Offer (Low Risk),0.0,0.0
CC-14472,Standard,590,0.09288356,Need Attention,33.28,No Offer (Low Risk),0.0,0.0
CC-14473,Standard,280,0.10553466,Dormant / Lost,-204.54,No Offer (Low Risk),0.0,0.0
CC-14474,Gold,685,0.09840832,Need Attention,168.64,No Offer (Low Risk),0.0,0.0
CC-14475,Gold,1422,0.16388257,At-Risk High Value,403.74,No Offer (Low Risk),0.0,0.0
CC-14476,Standard,379,0.0767661,Need Attention,-682.94,No Offer (Low Risk),0.0,0.0
CC-14477,Standard,145,0.086152114,Dormant / Lost,-411.17,No Offer (Low Risk),0.0,0.0
CC-14478,Gold,983,0.29283857,At-Risk High Value,257.59,Fee Waiver,95.0,147.13
CC-14479,Gold,1002,0.15407653,At-Risk High Value,204.35,No Offer (Low Risk),0.0,0.0
CC-14480,Standard,516,0.06376674,Dormant / Lost,-220.19,No Offer (Low Risk),0.0,0.0
CC-14481,Gold,401,0.045761988,Dormant / Lost,321.83,No Offer (Low Risk),0.0,0.0
CC-14482,Gold,911,0.074090965,At-Risk High Value,356.6,No Offer (Low Risk),0.0,0.0
CC-14483,Gold,1263,0.052161198,At-Risk High Value,756.63,No Offer (Low Risk),0.0,0.0
CC-14484,Standard,452,0.19150874,Need Attention,-48.3,No Offer (Low Risk),0.0,0.0
CC-14485,Gold,718,0.13183174,Need Attention,394.42,No Offer (Low Risk),0.0,0.0
CC-14486,Standard,156,0.38375935,Dormant / Lost,-128.85,No Offer (Low Risk),0.0,0.0
CC-14487,Standard,315,0.5099762,Dormant / Lost,-113.59,No Offer (Low Risk),0.0,0.0
CC-14488,Platinum,1525,0.1564259,At-Risk High Value,3230.13,No Offer (Low Risk),0.0,0.0
CC-14489,Gold,664,0.07734674,Dormant / Lost,216.75,No Offer (Low Risk),0.0,0.0
CC-14490,Standard,286,0.09349978,Dormant / Lost,-600.62,No Offer (Low Risk),0.0,0.0
CC-14491,Gold,589,0.33347628,Need Attention,102.89,Fee Waiver,95.0,7.91
CC-14492,Gold,629,0.3808022,Need Attention,605.45,Fee Waiver,95.0,547.41
CC-14493,Platinum,2881,0.08743527,At-Risk High Value,1201.43,No Offer (Low Risk),0.0,0.0
CC-14494,Gold,780,0.068923965,Need Attention,524.2,No Offer (Low Risk),0.0,0.0
CC-14495,Gold,373,0.17388374,Need Attention,28.88,No Offer (Low Risk),0.0,0.0
CC-14496,Gold,1216,0.26393563,At-Risk High Value,285.19,Fee Waiver,95.0,159.32
CC-14497,Standard,304,0.16111457,Dormant / Lost,-329.51,No Offer (Low Risk),0.0,0.0
CC-14498,Standard,328,0.23516475,Need Attention,90.16,No Offer (Low Risk),0.0,0.0
CC-14499,Standard,282,0.07183639,Dormant / Lost,-413.07,No Offer (Low Risk),0.0,0.0
CC-14500,Gold,654,0.8203094,Need Attention,58.46,No Offer (Low Risk),0.0,0.0
CC-14501,Gold,1051,0.094221905,At-Risk High Value,433.47,No Offer (Low Risk),0.0,0.0
CC-14502,Standard,224,0.14854175,Need Attention,165.2,No Offer (Low Risk),0.0,0.0
CC-14503,Standard,328,0.2688726,Need Attention,139.59,No Offer (Low Risk),0.0,0.0
CC-14504,Gold,1485,0.04876148,At-Risk High Value,719.41,No Offer (Low Risk),0.0,0.0
CC-14505,Standard,574,0.15234415,Need Attention,-132.72,No Offer (Low Risk),0.0,0.0
CC-14506,Gold,1199,0.12614101,At-Risk High Value,216.15,No Offer (Low Risk),0.0,0.0
CC-14507,Standard,388,0.11308533,Dormant / Lost,-247.6,No Offer (Low Risk),0.0,0.0
CC-14508,Gold,1727,0.15603338,At-Risk High Value,324.45,No Offer (Low Risk),0.0,0.0
CC-14509,Black,4422,0.5525261,At-Risk High Value,142.51,No Offer (Low Risk),0.0,0.0
CC-14510,Standard,299,0.31551948,Dormant / Lost,138.28,No Offer (Low Risk),0.0,0.0
CC-14511,Gold,516,0.12468685,Need Attention,253.06,No Offer (Low Risk),0.0,0.0
CC-14512,Standard,478,0.057133436,Need Attention,-691.58,No Offer (Low Risk),0.0,0.0
CC-14513,Gold,888,0.2219043,At-Risk High Value,1335.46,Fee Waiver,95.0,989.19
CC-14514,Gold,586,0.33045408,Need Attention,23.63,No Offer (Low Risk),0.0,0.0
CC-14515,Standard,216,0.09481485,Dormant / Lost,-235.35,No Offer (Low Risk),0.0,0.0
CC-14516,Gold,439,0.1159105,Need Attention,938.31,No Offer (Low Risk),0.0,0.0
CC-14517,Platinum,2924,0.88305014,At-Risk High Value,235.62,No Offer (Low Risk),0.0,0.0
CC-14518,Standard,127,0.65492696,Dormant / Lost,-102.82,No Offer (Low Risk),0.0,0.0
CC-14519,Standard,259,0.26225442,Dormant / Lost,-291.7,No Offer (Low Risk),0.0,0.0
CC-14520,Platinum,652,0.17577273,Need Attention,1690.7,No Offer (Low Risk),0.0,0.0
CC-14521,Gold,545,0.2040446,Dormant / Lost,215.0,Fee Waiver,95.0,71.35
CC-14522,Platinum,3477,0.1330834,At-Risk High Value,825.16,No Offer (Low Risk),0.0,0.0
CC-14523,Gold,417,0.096843965,Dormant / Lost,200.16,No Offer (Low Risk),0.0,0.0
CC-14524,Platinum,2542,0.13396642,At-Risk High Value,902.01,No Offer (Low Risk),0.0,0.0
CC-14525,Standard,517,0.32495332,Need Attention,24.26,No Offer (Low Risk),0.0,0.0
CC-14526,Gold,753,0.031933088,Need Attention,728.32,No Offer (Low Risk),0.0,0.0
CC-14527,Platinum,3467,0.91937405,At-Risk High Value,1617.95,Apr Cut,120.0,1013.75
CC-14528,Gold,595,0.048329994,Dormant / Lost,155.94,No Offer (Low Risk),0.0,0.0
CC-14529,Standard,205,0.052219115,Dormant / Lost,-526.08,No Offer (Low Risk),0.0,0.0
CC-14530,Standard,185,0.10438142,Need Attention,-391.18,No Offer (Low Risk),0.0,0.0
CC-14531,Standard,543,0.07590777,Need Attention,34.0,No Offer (Low Risk),0.0,0.0
CC-14532,Standard,267,0.10530364,Dormant / Lost,-183.19,No Offer (Low Risk),0.0,0.0
CC-14533,Standard,436,0.09691679,Dormant / Lost,-151.89,No Offer (Low Risk),0.0,0.0
CC-14534,Gold,1676,0.13277408,At-Risk High Value,3355.44,No Offer (Low Risk),0.0,0.0
CC-14535,Gold,1292,0.32306477,At-Risk High Value,151.28,Fee Waiver,95.0,54.09
CC-14536,Standard,345,0.09168756,Dormant / Lost,-451.93,No Offer (Low Risk),0.0,0.0
CC-14537,Gold,1114,0.043831237,At-Risk High Value,516.93,No Offer (Low Risk),0.0,0.0
CC-14538,Standard,261,0.45576862,Dormant / Lost,-130.41,No Offer (Low Risk),0.0,0.0
CC-14539,Standard,205,0.11241732,Dormant / Lost,-421.72,No Offer (Low Risk),0.0,0.0
CC-14540,Standard,365,0.4736352,Need Attention,-139.79,No Offer (Low Risk),0.0,0.0
CC-14541,Gold,1104,0.11404038,At-Risk High Value,2589.65,No Offer (Low Risk),0.0,0.0
CC-14542,Standard,402,0.13333252,Need Attention,469.72,No Offer (Low Risk),0.0,0.0
CC-14543,Standard,205,0.3532872,Dormant / Lost,-161.09,No Offer (Low Risk),0.0,0.0
CC-14544,Standard,227,0.20743392,Dormant / Lost,121.78,No Offer (Low Risk),0.0,0.0
CC-14545,Platinum,2607,0.15596907,At-Risk High Value,870.57,No Offer (Low Risk),0.0,0.0
CC-14546,Standard,113,0.1024078,Dormant / Lost,-544.94,No Offer (Low Risk),0.0,0.0
CC-14547,Gold,1166,0.23337337,At-Risk High Value,173.41,Fee Waiver,95.0,49.79
CC-14548,Gold,694,0.07383731,Dormant / Lost,359.19,No Offer (Low Risk),0.0,0.0
CC-14549,Platinum,2605,0.12747972,At-Risk High Value,995.3,No Offer (Low Risk),0.0,0.0
CC-14550,Black,6064,0.095288426,At-Risk High Value,26.93,No Offer (Low Risk),0.0,0.0
CC-14551,Standard,353,0.3433466,Dormant / Lost,164.66,Apr Cut,120.0,14.27
CC-14552,Standard,174,0.8014191,Dormant / Lost,-34.82,No Offer (Low Risk),0.0,0.0
CC-14553,Platinum,2545,0.04217907,At-Risk High Value,8495.69,No Offer (Low Risk),0.0,0.0
CC-14554,Gold,555,0.95867735,Need Attention,235.6,Fee Waiver,95.0,81.7
CC-14555,Gold,781,0.8947361,Need Attention,30.96,No Offer (Low Risk),0.0,0.0
CC-14556,Gold,1336,0.91751623,At-Risk High Value,90.99,No Offer (Low Risk),0.0,0.0
CC-14557,Gold,623,0.3025074,Dormant / Lost,207.62,Fee Waiver,95.0,103.3
CC-14558,Black,5177,0.55967367,At-Risk High Value,3294.11,Fee Waiver,495.0,3555.07
CC-14559,Black,4697,0.11077006,At-Risk High Value,700.76,No Offer (Low Risk),0.0,0.0
CC-14560,Gold,1163,0.069348216,At-Risk High Value,673.52,No Offer (Low Risk),0.0,0.0
CC-14561,Standard,199,0.49122074,Dormant / Lost,-122.05,No Offer (Low Risk),0.0,0.0
CC-14562,Platinum,3129,0.4752148,At-Risk High Value,2530.12,Fee Waiver,295.0,2639.48
CC-14563,Standard,398,0.6218793,Dormant / Lost,-84.63,No Offer (Low Risk),0.0,0.0
CC-14564,Standard,351,0.13712782,Need Attention,-376.97,No Offer (Low Risk),0.0,0.0
CC-14565,Platinum,1852,0.060796257,At-Risk High Value,1467.45,No Offer (Low Risk),0.0,0.0
CC-14566,Standard,164,0.23025632,Dormant / Lost,-186.25,No Offer (Low Risk),0.0,0.0
CC-14567,Standard,558,0.3316098,Need Attention,354.81,Apr Cut,120.0,165.2
CC-14568,Standard,551,0.079067625,Need Attention,-421.35,No Offer (Low Risk),0.0,0.0
CC-14569,Platinum,1749,0.2575275,At-Risk High Value,686.55,Fee Waiver,295.0,309.43
CC-14570,Gold,469,0.04788445,Need Attention,438.38,No Offer (Low Risk),0.0,0.0
CC-14571,Gold,1115,0.709607,At-Risk High Value,627.87,Fee Waiver,95.0,690.7
CC-14572,Standard,302,0.3727451,Dormant / Lost,-87.72,No Offer (Low Risk),0.0,0.0
CC-14573,Platinum,1135,0.2021924,At-Risk High Value,2222.13,Fee Waiver,295.0,1415.18
CC-14574,Platinum,1187,0.09167494,At-Risk High Value,1140.94,No Offer (Low Risk),0.0,0.0
CC-14575,Standard,316,0.8687992,Need Attention,-86.48,No Offer (Low Risk),0.0,0.0
CC-14576,Standard,221,0.077744715,Dormant / Lost,-372.84,No Offer (Low Risk),0.0,0.0
CC-14577,Standard,118,0.1158624,Dormant / Lost,-229.59,No Offer (Low Risk),0.0,0.0
CC-14578,Black,3553,0.1806881,At-Risk High Value,695.51,No Offer (Low Risk),0.0,0.0
CC-14579,Gold,1250,0.102117196,At-Risk High Value,419.81,No Offer (Low Risk),0.0,0.0
CC-14580,Black,7927,0.08931179,At-Risk High Value,16551.11,No Offer (Low Risk),0.0,0.0
CC-14581,Standard,369,0.7841877,Need Attention,99.99,No Offer (Low Risk),0.0,0.0
CC-14582,Platinum,2435,0.12329876,At-Risk High Value,1068.48,No Offer (Low Risk),0.0,0.0
CC-14583,Platinum,1504,0.06030061,At-Risk High Value,1531.5,No Offer (Low Risk),0.0,0.0
CC-14584,Gold,468,0.118511565,Dormant / Lost,1195.73,No Offer (Low Risk),0.0,0.0
CC-14585,Black,8572,0.10898014,At-Risk High Value,-342.42,No Offer (Low Risk),0.0,0.0
CC-14586,Standard,158,0.3477962,Dormant / Lost,-163.94,No Offer (Low Risk),0.0,0.0
CC-14587,Standard,418,0.14466746,Dormant / Lost,-13.16,No Offer (Low Risk),0.0,0.0
CC-14588,Gold,1207,0.04692066,At-Risk High Value,531.17,No Offer (Low Risk),0.0,0.0
CC-14589,Gold,712,0.29857212,Need Attention,181.7,Fee Waiver,95.0,77.43
CC-14590,Gold,1006,0.14444871,At-Risk High Value,321.87,No Offer (Low Risk),0.0,0.0
CC-14591,Standard,328,0.04483993,Dormant / Lost,-419.22,No Offer (Low Risk),0.0,0.0
CC-14592,Gold,636,0.039990634,Need Attention,590.11,No Offer (Low Risk),0.0,0.0
CC-14593,Standard,323,0.0562449,Dormant / Lost,-161.09,No Offer (Low Risk),0.0,0.0
CC-14594,Standard,444,0.09901316,Need Attention,-125.52,No Offer (Low Risk),0.0,0.0
CC-14595,Gold,691,0.4586125,Need Attention,55.42,No Offer (Low Risk),0.0,0.0
CC-14596,Gold,1106,0.1208425,At-Risk High Value,424.28,No Offer (Low Risk),0.0,0.0
CC-14597,Standard,171,0.62727374,Dormant / Lost,-109.52,No Offer (Low Risk),0.0,0.0
CC-14598,Standard,225,0.35558057,Dormant / Lost,-58.72,No Offer (Low Risk),0.0,0.0
CC-14599,Standard,100,0.06698163,Dormant / Lost,-204.27,No Offer (Low Risk),0.0,0.0
CC-14600,Standard,386,0.12432191,Need Attention,468.7,No Offer (Low Risk),0.0,0.0
CC-14601,Platinum,1461,0.5530729,At-Risk High Value,381.99,Fee Waiver,295.0,172.77
CC-14602,Platinum,1330,0.34007344,At-Risk High Value,1724.23,Fee Waiver,295.0,1445.15
CC-14603,Standard,426,0.35489303,Dormant / Lost,278.02,Apr Cut,120.0,109.78
CC-14604,Platinum,901,0.1228592,At-Risk High Value,2593.79,No Offer (Low Risk),0.0,0.0
CC-14605,Platinum,1619,0.9347701,At-Risk High Value,805.22,Apr Cut,120.0,430.11
CC-14606,Platinum,1969,0.1302725,At-Risk High Value,4171.62,No Offer (Low Risk),0.0,0.0
CC-14607,Standard,183,0.13947748,Dormant / Lost,-53.16,No Offer (Low Risk),0.0,0.0
CC-14608,Black,6581,0.28514227,At-Risk High Value,71.22,No Offer (Low Risk),0.0,0.0
CC-14609,Standard,203,0.07882519,Need Attention,-167.09,No Offer (Low Risk),0.0,0.0
CC-14610,Standard,415,0.73277575,Dormant / Lost,152.71,Apr Cut,120.0,35.38
CC-14611,Standard,531,0.0704209,Need Attention,-100.69,No Offer (Low Risk),0.0,0.0
CC-14612,Gold,1196,0.92037004,At-Risk High Value,580.26,Fee Waiver,95.0,362.8
CC-14613,Standard,355,0.07976624,Dormant / Lost,-582.42,No Offer (Low Risk),0.0,0.0
CC-14614,Standard,461,0.11817902,Dormant / Lost,-76.41,No Offer (Low Risk),0.0,0.0
CC-14615,Standard,382,0.23994616,Dormant / Lost,332.82,Apr Cut,120.0,110.69
CC-14616,Platinum,2560,0.14649916,At-Risk High Value,972.01,No Offer (Low Risk),0.0,0.0
CC-14617,Platinum,1656,0.12244939,At-Risk High Value,4051.03,No Offer (Low Risk),0.0,0.0
CC-14618,Standard,365,0.049160995,Need Attention,-463.59,No Offer (Low Risk),0.0,0.0
CC-14619,Platinum,2250,0.11881346,At-Risk High Value,5100.55,No Offer (Low Risk),0.0,0.0
CC-14620,Platinum,1376,0.16000552,At-Risk High Value,823.25,No Offer (Low Risk),0.0,0.0
CC-14621,Platinum,2965,0.090031914,At-Risk High Value,1208.85,No Offer (Low Risk),0.0,0.0
CC-14622,Standard,447,0.74462175,Dormant / Lost,-73.64,No Offer (Low Risk),0.0,0.0
CC-14623,Gold,1498,0.08746777,At-Risk High Value,413.62,No Offer (Low Risk),0.0,0.0
CC-14624,Black,5047,0.125868,At-Risk High Value,9466.55,No Offer (Low Risk),0.0,0.0
CC-14625,Gold,752,0.14294346,Need Attention,307.07,No Offer (Low Risk),0.0,0.0
CC-14626,Standard,163,0.065162405,Dormant / Lost,-293.59,No Offer (Low Risk),0.0,0.0
CC-14627,Gold,1110,0.18616626,At-Risk High Value,1707.43,No Offer (Low Risk),0.0,0.0
CC-14628,Gold,649,0.14408459,Need Attention,1397.02,No Offer (Low Risk),0.0,0.0
CC-14629,Gold,704,0.10184467,Need Attention,1729.2,No Offer (Low Risk),0.0,0.0
CC-14630,Standard,206,0.9404056,Dormant / Lost,-98.9,No Offer (Low Risk),0.0,0.0
CC-14631,Standard,233,0.2222012,Dormant / Lost,-163.16,No Offer (Low Risk),0.0,0.0
CC-14632,Platinum,2256,0.16449672,At-Risk High Value,921.79,No Offer (Low Risk),0.0,0.0
CC-14633,Platinum,1601,0.2662474,At-Risk High Value,2310.3,Fee Waiver,295.0,1774.61
CC-14634,Standard,113,0.083692744,Dormant / Lost,-472.36,No Offer (Low Risk),0.0,0.0
CC-14635,Black,4808,0.14869672,At-Risk High Value,397.27,No Offer (Low Risk),0.0,0.0
CC-14636,Standard,100,0.19138831,Dormant / Lost,-165.93,No Offer (Low Risk),0.0,0.0
CC-14637,Gold,359,0.14473316,Need Attention,136.64,No Offer (Low Risk),0.0,0.0
CC-14638,Platinum,3252,0.30469024,At-Risk High Value,3686.33,Fee Waiver,295.0,3238.03
CC-14639,Platinum,2909,0.08099224,At-Risk High Value,992.92,No Offer (Low Risk),0.0,0.0
CC-14640,Black,5804,0.46749234,At-Risk High Value,170.31,No Offer (Low Risk),0.0,0.0
CC-14641,Standard,241,0.13088356,Dormant / Lost,-147.3,No Offer (Low Risk),0.0,0.0
CC-14642,Platinum,3733,0.12616238,At-Risk High Value,7631.91,No Offer (Low Risk),0.0,0.0
CC-14643,Standard,260,0.07331849,Need Attention,-428.58,No Offer (Low Risk),0.0,0.0
CC-14644,Gold,648,0.084183656,Need Attention,288.62,No Offer (Low Risk),0.0,0.0
CC-14645,Gold,697,0.3340613,Need Attention,193.82,Fee Waiver,95.0,99.02
CC-14646,Gold,891,0.8716187,At-Risk High Value,49.66,No Offer (Low Risk),0.0,0.0
CC-14647,Standard,231,0.32375017,Need Attention,-226.45,No Offer (Low Risk),0.0,0.0
CC-14648,Platinum,869,0.082801454,At-Risk High Value,1248.35,No Offer (Low Risk),0.0,0.0
CC-14649,Standard,306,0.23284562,Dormant / Lost,-136.22,No Offer (Low Risk),0.0,0.0
CC-14650,Standard,174,0.120607115,Dormant / Lost,-155.3,No Offer (Low Risk),0.0,0.0
CC-14651,Gold,268,0.08729285,Dormant / Lost,602.43,No Offer (Low Risk),0.0,0.0
CC-14652,Gold,592,0.64385766,Need Attention,52.77,No Offer (Low Risk),0.0,0.0
CC-14653,Platinum,1250,0.1686679,At-Risk High Value,783.09,No Offer (Low Risk),0.0,0.0
CC-14654,Standard,449,0.11857851,Need Attention,-278.62,No Offer (Low Risk),0.0,0.0
CC-14655,Standard,504,0.39534846,Dormant / Lost,321.45,Apr Cut,120.0,157.05
CC-14656,Platinum,1646,0.05120179,At-Risk High Value,5748.48,No Offer (Low Risk),0.0,0.0
CC-14657,Gold,613,0.05984824,Need Attention,285.21,No Offer (Low Risk),0.0,0.0
CC-14658,Standard,235,0.05064812,Dormant / Lost,-555.0,No Offer (Low Risk),0.0,0.0
CC-14659,Gold,934,0.1102651,At-Risk High Value,297.34,No Offer (Low Risk),0.0,0.0
CC-14660,Gold,1161,0.5842744,At-Risk High Value,113.0,Fee Waiver,95.0,45.93
CC-14661,Gold,535,0.29655185,Need Attention,29.03,No Offer (Low Risk),0.0,0.0
CC-14662,Gold,589,0.05668561,Dormant / Lost,367.62,No Offer (Low Risk),0.0,0.0
CC-14663,Platinum,3096,0.17291929,At-Risk High Value,894.59,No Offer (Low Risk),0.0,0.0
CC-14664,Platinum,2534,0.11183367,At-Risk High Value,1087.5,No Offer (Low Risk),0.0,0.0
CC-14665,Gold,651,0.14713965,Need Attention,227.73,No Offer (Low Risk),0.0,0.0
CC-14666,Standard,235,0.18847457,Dormant / Lost,102.12,No Offer (Low Risk),0.0,0.0
CC-14667,Platinum,1829,0.060249995,At-Risk High Value,6021.65,No Offer (Low Risk),0.0,0.0
CC-14668,Gold,694,0.8602236,Need Attention,291.66,Fee Waiver,95.0,162.24
CC-14669,Gold,1163,0.13443868,At-Risk High Value,210.55,No Offer (Low Risk),0.0,0.0
CC-14670,Standard,370,0.06103668,Need Attention,-551.99,No Offer (Low Risk),0.0,0.0
CC-14671,Platinum,1729,0.045589812,At-Risk High Value,1406.49,No Offer (Low Risk),0.0,0.0
CC-14672,Gold,692,0.08652435,Need Attention,181.96,No Offer (Low Risk),0.0,0.0
CC-14673,Standard,265,0.07798641,Dormant / Lost,209.0,No Offer (Low Risk),0.0,0.0
CC-14674,Standard,285,0.32627293,Dormant / Lost,-165.22,No Offer (Low Risk),0.0,0.0
CC-14675,Platinum,1669,0.32029033,At-Risk High Value,2144.87,Fee Waiver,295.0,1810.31
CC-14676,Standard,351,0.9211182,Dormant / Lost,-38.65,No Offer (Low Risk),0.0,0.0
CC-14677,Black,7272,0.21243966,At-Risk High Value,-101.68,No Offer (Low Risk),0.0,0.0
CC-14678,Gold,1142,0.071574844,At-Risk High Value,3095.03,No Offer (Low Risk),0.0,0.0
CC-14679,Gold,1069,0.08869749,At-Risk High Value,518.4,No Offer (Low Risk),0.0,0.0
CC-14680,Standard,244,0.058714584,Dormant / Lost,-370.6,No Offer (Low Risk),0.0,0.0
CC-14681,Standard,209,0.06843268,Dormant / Lost,-431.09,No Offer (Low Risk),0.0,0.0
CC-14682,Black,8637,0.94474405,At-Risk High Value,3194.4,Apr Cut,120.0,2027.52
CC-14683,Standard,152,0.09353353,Dormant / Lost,-359.99,No Offer (Low Risk),0.0,0.0
CC-14684,Platinum,1866,0.43493307,At-Risk High Value,1763.27,Fee Waiver,295.0,1681.35
CC-14685,Standard,206,0.14133033,Need Attention,-346.16,No Offer (Low Risk),0.0,0.0
CC-14686,Standard,389,0.13189784,Dormant / Lost,623.33,No Offer (Low Risk),0.0,0.0
CC-14687,Standard,147,0.094829604,Dormant / Lost,-267.62,No Offer (Low Risk),0.0,0.0
CC-14688,Gold,989,0.5259642,At-Risk High Value,780.01,Fee Waiver,95.0,843.68
CC-14689,Black,9416,0.06783744,At-Risk High Value,-811.2,No Offer (Low Risk),0.0,0.0
CC-14690,Standard,151,0.20811446,Dormant / Lost,-163.67,No Offer (Low Risk),0.0,0.0
CC-14691,Standard,355,0.8580505,Dormant / Lost,-47.53,No Offer (Low Risk),0.0,0.0
CC-14692,Standard,460,0.21259928,Need Attention,-146.48,No Offer (Low Risk),0.0,0.0
CC-14693,Gold,1292,0.08093123,At-Risk High Value,3264.67,No Offer (Low Risk),0.0,0.0
CC-14694,Standard,123,0.08437533,Dormant / Lost,-419.63,No Offer (Low Risk),0.0,0.0
CC-14695,Platinum,2497,0.92227453,At-Risk High Value,222.74,No Offer (Low Risk),0.0,0.0
CC-14696,Gold,627,0.09742542,Need Attention,415.8,No Offer (Low Risk),0.0,0.0
CC-14697,Gold,691,0.13556872,Need Attention,125.61,No Offer (Low Risk),0.0,0.0
CC-14698,Standard,283,0.10457284,Need Attention,-271.15,No Offer (Low Risk),0.0,0.0
CC-14699,Black,5195,0.16510819,At-Risk High Value,314.7,No Offer (Low Risk),0.0,0.0
CC-14700,Standard,590,0.18153468,Need Attention,-103.33,No Offer (Low Risk),0.0,0.0
CC-14701,Standard,232,0.1818977,Dormant / Lost,-365.1,No Offer (Low Risk),0.0,0.0
CC-14702,Gold,497,0.15729742,Need Attention,73.92,No Offer (Low Risk),0.0,0.0
CC-14703,Gold,1057,0.18721211,At-Risk High Value,225.86,No Offer (Low Risk),0.0,0.0
CC-14704,Standard,104,0.5171154,Dormant / Lost,-66.99,No Offer (Low Risk),0.0,0.0
CC-14705,Standard,413,0.42343915,Need Attention,-92.08,No Offer (Low Risk),0.0,0.0
CC-14706,Platinum,1843,0.35016492,At-Risk High Value,532.96,Fee Waiver,295.0,250.05
CC-14707,Standard,293,0.16126129,Need Attention,-66.6,No Offer (Low Risk),0.0,0.0
CC-14708,Platinum,1404,0.39611185,At-Risk High Value,390.38,Fee Waiver,295.0,126.18
CC-14709,Gold,992,0.0872783,At-Risk High Value,326.73,No Offer (Low Risk),0.0,0.0
CC-14710,Standard,258,0.3191569,Need Attention,90.54,No Offer (Low Risk),0.0,0.0
CC-14711,Gold,1178,0.26381105,At-Risk High Value,190.46,Fee Waiver,95.0,74.8
CC-14712,Standard,374,0.15235282,Dormant / Lost,-28.02,No Offer (Low Risk),0.0,0.0
CC-14713,Platinum,1377,0.10389353,At-Risk High Value,1205.68,No Offer (Low Risk),0.0,0.0
CC-14714,Gold,721,0.106874034,Need Attention,148.45,No Offer (Low Risk),0.0,0.0
CC-14715,Standard,353,0.08883598,Need Attention,-451.45,No Offer (Low Risk),0.0,0.0
CC-14716,Gold,1123,0.92882204,At-Risk High Value,88.55,No Offer (Low Risk),0.0,0.0
CC-14717,Black,10104,0.076016665,At-Risk High Value,-954.4,No Offer (Low Risk),0.0,0.0
CC-14718,Standard,331,0.05915964,Dormant / Lost,-532.55,No Offer (Low Risk),0.0,0.0
CC-14719,Platinum,2840,0.16564384,At-Risk High Value,791.47,No Offer (Low Risk),0.0,0.0
CC-14720,Standard,477,0.1547038,Dormant / Lost,-336.39,No Offer (Low Risk),0.0,0.0
CC-14721,Standard,290,0.74849135,Dormant / Lost,-57.64,No Offer (Low Risk),0.0,0.0
CC-14722,Standard,488,0.05298579,Need Attention,-101.64,No Offer (Low Risk),0.0,0.0
CC-14723,Standard,217,0.16594163,Need Attention,-207.3,No Offer (Low Risk),0.0,0.0
CC-14724,Standard,205,0.09400878,Dormant / Lost,54.74,No Offer (Low Risk),0.0,0.0
CC-14725,Standard,223,0.3024322,Need Attention,-209.7,No Offer (Low Risk),0.0,0.0
CC-14726,Platinum,2024,0.15351288,At-Risk High Value,769.35,No Offer (Low Risk),0.0,0.0
CC-14727,Platinum,1372,0.20517798,At-Risk High Value,760.18,Fee Waiver,295.0,295.07
CC-14728,Gold,859,0.04960151,At-Risk High Value,483.68,No Offer (Low Risk),0.0,0.0
CC-14729,Standard,465,0.13605098,Need Attention,506.03,No Offer (Low Risk),0.0,0.0
CC-14730,Standard,228,0.07726865,Dormant / Lost,-400.75,No Offer (Low Risk),0.0,0.0
CC-14731,Standard,518,0.24222203,Need Attention,435.57,Apr Cut,120.0,183.33
CC-14732,Gold,1036,0.7787275,At-Risk High Value,539.97,Fee Waiver,95.0,471.77
CC-14733,Platinum,2748,0.20302548,At-Risk High Value,669.15,Fee Waiver,295.0,221.23
CC-14734,Standard,150,0.8475904,Need Attention,-52.54,No Offer (Low Risk),0.0,0.0
CC-14735,Standard,319,0.3222181,Dormant / Lost,-217.07,No Offer (Low Risk),0.0,0.0
CC-14736,Gold,1139,0.07692638,At-Risk High Value,2887.47,No Offer (Low Risk),0.0,0.0
CC-14737,Standard,167,0.57581156,Dormant / Lost,-121.81,No Offer (Low Risk),0.0,0.0
CC-14738,Standard,485,0.045520503,Need Attention,-204.92,No Offer (Low Risk),0.0,0.0
CC-14739,Gold,498,0.2665452,Dormant / Lost,91.09,No Offer (Low Risk),0.0,0.0
CC-14740,Gold,573,0.35862,Need Attention,8.53,No Offer (Low Risk),0.0,0.0
CC-14741,Standard,193,0.095218934,Dormant / Lost,194.35,No Offer (Low Risk),0.0,0.0
CC-14742,Standard,482,0.041665733,Dormant / Lost,805.77,No Offer (Low Risk),0.0,0.0
CC-14743,Black,2358,0.25139883,At-Risk High Value,809.96,Vip Perks,150.0,273.61
CC-14744,Standard,281,0.8339273,Dormant / Lost,-52.95,No Offer (Low Risk),0.0,0.0
CC-14745,Standard,388,0.7508611,Dormant / Lost,112.23,No Offer (Low Risk),0.0,0.0
CC-14746,Standard,374,0.2604395,Dormant / Lost,250.61,Apr Cut,120.0,60.8
CC-14747,Standard,339,0.7559533,Dormant / Lost,-44.85,No Offer (Low Risk),0.0,0.0
CC-14748,Standard,443,0.24296501,Need Attention,-192.94,No Offer (Low Risk),0.0,0.0
CC-14749,Platinum,1219,0.9464884,At-Risk High Value,162.61,No Offer (Low Risk),0.0,0.0
CC-14750,Standard,331,0.44664136,Dormant / Lost,-149.79,No Offer (Low Risk),0.0,0.0
CC-14751,Standard,370,0.1446725,Dormant / Lost,-451.46,No Offer (Low Risk),0.0,0.0
CC-14752,Gold,1139,0.22901218,At-Risk High Value,377.8,Fee Waiver,95.0,217.17
CC-14753,Gold,1189,0.7700251,At-Risk High Value,77.11,No Offer (Low Risk),0.0,0.0
CC-14754,Platinum,1343,0.06202864,At-Risk High Value,4821.25,No Offer (Low Risk),0.0,0.0
CC-14755,Platinum,1801,0.17120668,At-Risk High Value,894.52,No Offer (Low Risk),0.0,0.0
CC-14756,Standard,188,0.11887164,Dormant / Lost,-357.2,No Offer (Low Risk),0.0,0.0
CC-14757,Platinum,2743,0.9499213,At-Risk High Value,1268.44,Apr Cut,120.0,725.73
CC-14758,Gold,534,0.12016779,Need Attention,89.98,No Offer (Low Risk),0.0,0.0
CC-14759,Black,5269,0.13627411,At-Risk High Value,9432.01,No Offer (Low Risk),0.0,0.0
CC-14760,Gold,711,0.67354435,Need Attention,80.69,Fee Waiver,95.0,10.22
CC-14761,Black,4710,0.10669096,At-Risk High Value,620.1,No Offer (Low Risk),0.0,0.0
CC-14762,Platinum,2033,0.19517891,At-Risk High Value,3571.19,No Offer (Low Risk),0.0,0.0
CC-14763,Standard,250,0.15889044,Dormant / Lost,-20.59,No Offer (Low Risk),0.0,0.0
CC-14764,Gold,796,0.05673834,Need Attention,593.54,No Offer (Low Risk),0.0,0.0
CC-14765,Black,6330,0.1958544,At-Risk High Value,8457.07,No Offer (Low Risk),0.0,0.0
CC-14766,Platinum,2042,0.7094801,At-Risk High Value,1279.62,Fee Waiver,295.0,1306.84
CC-14767,Standard,133,0.19644849,Need Attention,-223.98,No Offer (Low Risk),0.0,0.0
CC-14768,Gold,879,0.43312714,At-Risk High Value,710.39,Fee Waiver,95.0,699.93
CC-14769,Standard,297,0.18480922,Dormant / Lost,-161.34,No Offer (Low Risk),0.0,0.0
CC-14770,Standard,340,0.2694514,Dormant / Lost,-26.12,No Offer (Low Risk),0.0,0.0
CC-14771,Standard,466,0.2579956,Dormant / Lost,-192.29,No Offer (Low Risk),0.0,0.0
CC-14772,Standard,333,0.1532341,Need Attention,-256.36,No Offer (Low Risk),0.0,0.0
CC-14773,Platinum,1344,0.20779999,At-Risk High Value,627.52,Fee Waiver,295.0,195.7
CC-14774,Standard,157,0.5155069,Dormant / Lost,-114.44,No Offer (Low Risk),0.0,0.0
CC-14775,Platinum,1731,0.04114737,At-Risk High Value,6201.39,No Offer (Low Risk),0.0,0.0
CC-14776,Standard,345,0.8464342,Need Attention,-47.02,No Offer (Low Risk),0.0,0.0
CC-14777,Standard,281,0.060136687,Dormant / Lost,-489.58,No Offer (Low Risk),0.0,0.0
CC-14778,Standard,285,0.18213832,Dormant / Lost,-293.4,No Offer (Low Risk),0.0,0.0
CC-14779,Standard,558,0.09496485,Need Attention,-120.48,No Offer (Low Risk),0.0,0.0
CC-14780,Standard,100,0.22401512,Dormant / Lost,-258.41,No Offer (Low Risk),0.0,0.0
CC-14781,Standard,289,0.16756712,Dormant / Lost,-232.61,No Offer (Low Risk),0.0,0.0
CC-14782,Gold,829,0.18088259,At-Risk High Value,-85.2,No Offer (Low Risk),0.0,0.0
CC-14783,Standard,466,0.19555189,Need Attention,410.11,No Offer (Low Risk),0.0,0.0
CC-14784,Standard,594,0.08274067,Need Attention,1221.13,No Offer (Low Risk),0.0,0.0
CC-14785,Standard,340,0.21061571,Need Attention,-247.8,No Offer (Low Risk),0.0,0.0
CC-14786,Platinum,2143,0.19125816,At-Risk High Value,760.08,No Offer (Low Risk),0.0,0.0
CC-14787,Platinum,1420,0.26166365,At-Risk High Value,2172.46,Fee Waiver,295.0,1633.65
CC-14788,Gold,663,0.07362425,Need Attention,72.97,No Offer (Low Risk),0.0,0.0
CC-14789,Standard,279,0.19990566,Dormant / Lost,85.23,No Offer (Low Risk),0.0,0.0
CC-14790,Standard,187,0.107019186,Dormant / Lost,-380.35,No Offer (Low Risk),0.0,0.0
CC-14791,Black,3861,0.21648736,At-Risk High Value,5433.9,Fee Waiver,495.0,3855.22
CC-14792,Standard,426,0.07068588,Need Attention,-367.75,No Offer (Low Risk),0.0,0.0
CC-14793,Standard,312,0.61218476,Dormant / Lost,-109.21,No Offer (Low Risk),0.0,0.0
CC-14794,Standard,399,0.07930294,Dormant / Lost,-242.1,No Offer (Low Risk),0.0,0.0
CC-14795,Standard,440,0.15279119,Need Attention,-78.48,No Offer (Low Risk),0.0,0.0
CC-14796,Standard,440,0.099551484,Dormant / Lost,-226.41,No Offer (Low Risk),0.0,0.0
CC-14797,Platinum,1404,0.093951024,At-Risk High Value,1220.05,No Offer (Low Risk),0.0,0.0
CC-14798,Standard,429,0.086648256,Dormant / Lost,-402.36,No Offer (Low Risk),0.0,0.0
CC-14799,Gold,1242,0.14670308,At-Risk High Value,434.65,No Offer (Low Risk),0.0,0.0
CC-14800,Standard,218,0.11883508,Dormant / Lost,-176.43,No Offer (Low Risk),0.0,0.0
CC-14801,Standard,497,0.08182836,Need Attention,-10.06,No Offer (Low Risk),0.0,0.0
CC-14802,Platinum,3095,0.26036438,At-Risk High Value,4024.04,Fee Waiver,295.0,3268.15
CC-14803,Standard,209,0.06183082,Dormant / Lost,-214.24,No Offer (Low Risk),0.0,0.0
CC-14804,Platinum,1919,0.048984516,At-Risk High Value,6969.31,No Offer (Low Risk),0.0,0.0
CC-14805,Gold,337,0.3653355,Dormant / Lost,147.81,Fee Waiver,95.0,59.03
CC-14806,Standard,358,0.08038157,Dormant / Lost,591.14,No Offer (Low Risk),0.0,0.0
CC-14807,Black,6003,0.10640084,At-Risk High Value,385.03,No Offer (Low Risk),0.0,0.0
CC-14808,Standard,428,0.17752664,Need Attention,-153.64,No Offer (Low Risk),0.0,0.0
CC-14809,Platinum,1727,0.8377744,At-Risk High Value,947.98,Apr Cut,120.0,648.97
CC-14810,Standard,337,0.06337345,Dormant / Lost,-226.9,No Offer (Low Risk),0.0,0.0
CC-14811,Platinum,3188,0.10510184,At-Risk High Value,1063.47,No Offer (Low Risk),0.0,0.0
CC-14812,Standard,254,0.08046683,Dormant / Lost,-572.57,No Offer (Low Risk),0.0,0.0
CC-14813,Gold,1307,0.14608213,At-Risk High Value,2606.69,No Offer (Low Risk),0.0,0.0
CC-14814,Platinum,3216,0.15393743,At-Risk High Value,764.52,No Offer (Low Risk),0.0,0.0
CC-14815,Black,10635,0.061578482,At-Risk High Value,-1316.7,No Offer (Low Risk),0.0,0.0
CC-14816,Platinum,2860,0.09688476,At-Risk High Value,1096.89,No Offer (Low Risk),0.0,0.0
CC-14817,Platinum,3480,0.38819313,At-Risk High Value,422.35,Fee Waiver,295.0,156.82
CC-14818,Platinum,1994,0.13454346,At-Risk High Value,1025.31,No Offer (Low Risk),0.0,0.0
CC-14819,Standard,236,0.9318229,Dormant / Lost,15.98,No Offer (Low Risk),0.0,0.0
CC-14820,Standard,437,0.068716526,Dormant / Lost,-263.93,No Offer (Low Risk),0.0,0.0
CC-14821,Standard,427,0.06119612,Dormant / Lost,-505.66,No Offer (Low Risk),0.0,0.0
CC-14822,Standard,475,0.045252476,Dormant / Lost,-632.62,No Offer (Low Risk),0.0,0.0
CC-14823,Standard,243,0.08324067,Dormant / Lost,-469.27,No Offer (Low Risk),0.0,0.0
CC-14824,Gold,565,0.88666403,Dormant / Lost,61.45,No Offer (Low Risk),0.0,0.0
CC-14825,Standard,254,0.23076513,Dormant / Lost,-254.59,No Offer (Low Risk),0.0,0.0
CC-14826,Gold,885,0.110184826,At-Risk High Value,156.91,No Offer (Low Risk),0.0,0.0
CC-14827,Standard,156,0.14052571,Dormant / Lost,-390.64,No Offer (Low Risk),0.0,0.0
CC-14828,Standard,321,0.53613913,Dormant / Lost,-148.25,No Offer (Low Risk),0.0,0.0
CC-14829,Gold,1133,0.09173722,At-Risk High Value,451.5,No Offer (Low Risk),0.0,0.0
CC-14830,Platinum,1955,0.09985467,At-Risk High Value,5097.7,No Offer (Low Risk),0.0,0.0
CC-14831,Gold,1153,0.32636335,At-Risk High Value,1280.15,Fee Waiver,95.0,1172.66
CC-14832,Gold,1192,0.09875444,At-Risk High Value,474.1,No Offer (Low Risk),0.0,0.0
CC-14833,Standard,475,0.2168121,Need Attention,-163.13,No Offer (Low Risk),0.0,0.0
CC-14834,Gold,972,0.04426186,At-Risk High Value,383.89,No Offer (Low Risk),0.0,0.0
CC-14835,Standard,441,0.92828625,Dormant / Lost,128.14,No Offer (Low Risk),0.0,0.0
CC-14836,Standard,259,0.41351214,Dormant / Lost,-82.24,No Offer (Low Risk),0.0,0.0
CC-14837,Standard,250,0.21091208,Dormant / Lost,-301.95,No Offer (Low Risk),0.0,0.0
CC-14838,Standard,313,0.36589792,Need Attention,195.49,Apr Cut,120.0,43.55
CC-14839,Standard,529,0.22546327,Dormant / Lost,-229.98,No Offer (Low Risk),0.0,0.0
CC-14840,Black,7302,0.12977505,At-Risk High Value,66.54,No Offer (Low Risk),0.0,0.0
CC-14841,Black,6672,0.07158401,At-Risk High Value,15665.97,No Offer (Low Risk),0.0,0.0
CC-14842,Standard,212,0.37066275,Dormant / Lost,90.3,No Offer (Low Risk),0.0,0.0
CC-14843,Standard,301,0.17132773,Dormant / Lost,-248.22,No Offer (Low Risk),0.0,0.0
CC-14844,Standard,203,0.83435494,Dormant / Lost,-109.46,No Offer (Low Risk),0.0,0.0
CC-14845,Standard,159,0.085246675,Dormant / Lost,-510.35,No Offer (Low Risk),0.0,0.0
CC-14846,Black,4317,0.13711405,At-Risk High Value,438.99,No Offer (Low Risk),0.0,0.0
CC-14847,Standard,255,0.044736724,Dormant / Lost,-687.04,No Offer (Low Risk),0.0,0.0
CC-14848,Platinum,1621,0.15261747,At-Risk High Value,773.18,No Offer (Low Risk),0.0,0.0
CC-14849,Standard,448,0.29248506,Dormant / Lost,-139.62,No Offer (Low Risk),0.0,0.0
CC-14850,Black,6596,0.13602038,At-Risk High Value,-67.41,No Offer (Low Risk),0.0,0.0
CC-14851,Standard,562,0.04514291,Need Attention,-121.88,No Offer (Low Risk),0.0,0.0
CC-14852,Platinum,1596,0.82942724,At-Risk High Value,233.07,No Offer (Low Risk),0.0,0.0
CC-14853,Standard,357,0.89035845,Dormant / Lost,-28.56,No Offer (Low Risk),0.0,0.0
CC-14854,Gold,377,0.7911972,Dormant / Lost,11.71,No Offer (Low Risk),0.0,0.0
CC-14855,Standard,108,0.10205376,Dormant / Lost,-352.28,No Offer (Low Risk),0.0,0.0
CC-14856,Standard,371,0.16978034,Dormant / Lost,-275.78,No Offer (Low Risk),0.0,0.0
CC-14857,Black,6100,0.7615601,At-Risk High Value,17.28,No Offer (Low Risk),0.0,0.0
CC-14858,Platinum,3103,0.81242806,At-Risk High Value,1641.07,Fee Waiver,295.0,1301.97
CC-14859,Platinum,1469,0.1413461,At-Risk High Value,958.37,No Offer (Low Risk),0.0,0.0
CC-14860,Gold,1199,0.17604144,At-Risk High Value,275.57,No Offer (Low Risk),0.0,0.0
CC-14861,Platinum,3553,0.26073754,At-Risk High Value,586.08,Fee Waiver,295.0,224.34
CC-14862,Standard,240,0.7385623,Dormant / Lost,98.69,No Offer (Low Risk),0.0,0.0
CC-14863,Standard,310,0.08413383,Dormant / Lost,-384.77,No Offer (Low Risk),0.0,0.0
CC-14864,Standard,433,0.07088989,Need Attention,-338.7,No Offer (Low Risk),0.0,0.0
CC-14865,Gold,867,0.059474897,At-Risk High Value,473.12,No Offer (Low Risk),0.0,0.0
CC-14866,Standard,236,0.059678566,Dormant / Lost,-350.45,No Offer (Low Risk),0.0,0.0
CC-14867,Standard,443,0.10676503,Dormant / Lost,-517.88,No Offer (Low Risk),0.0,0.0
CC-14868,Gold,1572,0.06205526,At-Risk High Value,833.67,No Offer (Low Risk),0.0,0.0
CC-14869,Platinum,2935,0.3289945,At-Risk High Value,582.34,Fee Waiver,295.0,283.82
CC-14870,Standard,399,0.19761413,Dormant / Lost,209.23,No Offer (Low Risk),0.0,0.0
CC-14871,Standard,344,0.20274875,Need Attention,87.89,No Offer (Low Risk),0.0,0.0
CC-14872,Standard,262,0.1728312,Dormant / Lost,-158.82,No Offer (Low Risk),0.0,0.0
CC-14873,Standard,194,0.12099421,Dormant / Lost,-343.67,No Offer (Low Risk),0.0,0.0
CC-14874,Standard,302,0.11587064,Need Attention,179.88,No Offer (Low Risk),0.0,0.0
CC-14875,Gold,421,0.34391475,Need Attention,-39.87,No Offer (Low Risk),0.0,0.0
CC-14876,Gold,1217,0.20056328,At-Risk High Value,1815.42,Fee Waiver,95.0,1295.56
CC-14877,Gold,1064,0.87686676,At-Risk High Value,533.13,Fee Waiver,95.0,360.35
CC-14878,Standard,469,0.29057342,Dormant / Lost,-65.01,No Offer (Low Risk),0.0,0.0
CC-14879,Platinum,3429,0.19690536,At-Risk High Value,747.24,No Offer (Low Risk),0.0,0.0
CC-14880,Standard,292,0.88550055,Need Attention,-64.47,No Offer (Low Risk),0.0,0.0
CC-14881,Gold,433,0.098546855,Dormant / Lost,140.82,No Offer (Low Risk),0.0,0.0
CC-14882,Platinum,3849,0.29519042,At-Risk High Value,4485.84,Fee Waiver,295.0,3938.37
CC-14883,Standard,549,0.10571209,Need Attention,-438.67,No Offer (Low Risk),0.0,0.0
CC-14884,Standard,358,0.07469727,Dormant / Lost,-210.19,No Offer (Low Risk),0.0,0.0
CC-14885,Platinum,643,0.031134682,Need Attention,1619.1,No Offer (Low Risk),0.0,0.0
CC-14886,Standard,497,0.090930074,Dormant / Lost,-260.2,No Offer (Low Risk),0.0,0.0
CC-14887,Gold,703,0.0726041,Dormant / Lost,117.44,No Offer (Low Risk),0.0,0.0
CC-14888,Standard,312,0.2827646,Dormant / Lost,-50.34,No Offer (Low Risk),0.0,0.0
CC-14889,Gold,666,0.07924196,Need Attention,438.12,No Offer (Low Risk),0.0,0.0
CC-14890,Standard,369,0.24071081,Dormant / Lost,-77.87,No Offer (Low Risk),0.0,0.0
CC-14891,Standard,168,0.20993404,Dormant / Lost,-305.06,No Offer (Low Risk),0.0,0.0
CC-14892,Gold,1021,0.09265797,At-Risk High Value,469.23,No Offer (Low Risk),0.0,0.0
CC-14893,Standard,339,0.14284478,Need Attention,-232.74,No Offer (Low Risk),0.0,0.0
CC-14894,Standard,338,0.12351548,Dormant / Lost,412.37,No Offer (Low Risk),0.0,0.0
CC-14895,Standard,350,0.04804581,Dormant / Lost,-122.6,No Offer (Low Risk),0.0,0.0
CC-14896,Standard,179,0.1251295,Dormant / Lost,-280.59,No Offer (Low Risk),0.0,0.0
CC-14897,Standard,496,0.816902,Need Attention,-72.56,No Offer (Low Risk),0.0,0.0
CC-14898,Standard,198,0.11957926,Dormant / Lost,-463.57,No Offer (Low Risk),0.0,0.0
CC-14899,Platinum,2197,0.24391729,At-Risk High Value,3319.78,Fee Waiver,295.0,2544.38
CC-14900,Standard,168,0.43558666,Dormant / Lost,-51.44,No Offer (Low Risk),0.0,0.0
CC-14901,Gold,526,0.09010437,Need Attention,351.86,No Offer (Low Risk),0.0,0.0
CC-14902,Standard,311,0.945471,Dormant / Lost,52.0,No Offer (Low Risk),0.0,0.0
CC-14903,Standard,236,0.2905013,Dormant / Lost,114.93,No Offer (Low Risk),0.0,0.0
CC-14904,Platinum,908,0.746297,At-Risk High Value,243.64,Points Boost,163.44,35.11
CC-14905,Standard,481,0.2810315,Dormant / Lost,-114.4,No Offer (Low Risk),0.0,0.0
CC-14906,Black,4144,0.09471277,At-Risk High Value,9253.68,No Offer (Low Risk),0.0,0.0
CC-14907,Standard,147,0.77893704,Dormant / Lost,-57.42,No Offer (Low Risk),0.0,0.0
CC-14908,Gold,738,0.07046147,Need Attention,439.86,No Offer (Low Risk),0.0,0.0
CC-14909,Gold,1143,0.8006074,At-Risk High Value,83.72,No Offer (Low Risk),0.0,0.0
CC-14910,Platinum,986,0.24543045,At-Risk High Value,585.27,Fee Waiver,295.0,207.25
CC-14911,Gold,944,0.13211355,At-Risk High Value,280.55,No Offer (Low Risk),0.0,0.0
CC-14912,Gold,1128,0.18017884,At-Risk High Value,282.21,No Offer (Low Risk),0.0,0.0
CC-14913,Standard,231,0.8633369,Need Attention,-55.3,No Offer (Low Risk),0.0,0.0
CC-14914,Standard,133,0.1953361,Dormant / Lost,-216.5,No Offer (Low Risk),0.0,0.0
CC-14915,Platinum,2843,0.1566386,At-Risk High Value,860.04,No Offer (Low Risk),0.0,0.0
CC-14916,Standard,309,0.06071446,Dormant / Lost,-443.83,No Offer (Low Risk),0.0,0.0
CC-14917,Standard,186,0.9412368,Need Attention,-98.53,No Offer (Low Risk),0.0,0.0
CC-14918,Platinum,4045,0.1698979,At-Risk High Value,955.4,No Offer (Low Risk),0.0,0.0
CC-14919,Standard,598,0.12079005,Dormant / Lost,-160.02,No Offer (Low Risk),0.0,0.0
CC-14920,Black,6900,0.15544194,At-Risk High Value,10818.39,No Offer (Low Risk),0.0,0.0
CC-14921,Gold,815,0.13869032,At-Risk High Value,1527.84,No Offer (Low Risk),0.0,0.0
CC-14922,Gold,1406,0.26384076,At-Risk High Value,257.39,Fee Waiver,95.0,134.49
CC-14923,Platinum,1761,0.19254744,At-Risk High Value,592.18,No Offer (Low Risk),0.0,0.0
CC-14924,Standard,325,0.33841968,Dormant / Lost,-57.43,No Offer (Low Risk),0.0,0.0
CC-14925,Standard,252,0.056156695,Dormant / Lost,352.85,No Offer (Low Risk),0.0,0.0
CC-14926,Gold,574,0.16178748,Dormant / Lost,65.36,No Offer (Low Risk),0.0,0.0
CC-14927,Standard,142,0.04138523,Dormant / Lost,-512.01,No Offer (Low Risk),0.0,0.0
CC-14928,Gold,330,0.11156042,Dormant / Lost,82.29,No Offer (Low Risk),0.0,0.0
CC-14929,Platinum,1597,0.09879917,At-Risk High Value,1198.7,No Offer (Low Risk),0.0,0.0
CC-14930,Standard,185,0.10998235,Dormant / Lost,-311.69,No Offer (Low Risk),0.0,0.0
CC-14931,Standard,489,0.11397595,Dormant / Lost,775.23,No Offer (Low Risk),0.0,0.0
CC-14932,Black,8179,0.3847399,At-Risk High Value,-89.64,No Offer (Low Risk),0.0,0.0
CC-14933,Standard,165,0.38577783,Dormant / Lost,-113.06,No Offer (Low Risk),0.0,0.0
CC-14934,Gold,952,0.7085299,At-Risk High Value,593.73,Fee Waiver,95.0,650.21
CC-14935,Standard,160,0.26043063,Need Attention,-210.75,No Offer (Low Risk),0.0,0.0
CC-14936,Platinum,1458,0.3866085,At-Risk High Value,350.45,Fee Waiver,295.0,79.25
CC-14937,Gold,713,0.17067036,Need Attention,88.37,No Offer (Low Risk),0.0,0.0
CC-14938,Platinum,1971,0.35796124,At-Risk High Value,2205.19,Fee Waiver,295.0,1982.51
CC-14939,Platinum,2207,0.902669,At-Risk High Value,214.96,No Offer (Low Risk),0.0,0.0
CC-14940,Standard,276,0.09906647,Dormant / Lost,-372.89,No Offer (Low Risk),0.0,0.0
CC-14941,Standard,405,0.044159174,Dormant / Lost,-507.08,No Offer (Low Risk),0.0,0.0
CC-14942,Platinum,1631,0.09419578,At-Risk High Value,1215.47,No Offer (Low Risk),0.0,0.0
CC-14943,Standard,118,0.2995867,Dormant / Lost,-168.05,No Offer (Low Risk),0.0,0.0
CC-14944,Platinum,4023,0.14481379,At-Risk High Value,812.58,No Offer (Low Risk),0.0,0.0
CC-14945,Black,4005,0.8201462,At-Risk High Value,1906.68,Apr Cut,120.0,1481.14
CC-14946,Gold,1483,0.07090905,At-Risk High Value,450.06,No Offer (Low Risk),0.0,0.0
CC-14947,Gold,635,0.10976757,Need Attention,1393.97,No Offer (Low Risk),0.0,0.0
CC-14948,Platinum,1666,0.10639746,At-Risk High Value,856.84,No Offer (Low Risk),0.0,0.0
CC-14949,Platinum,3658,0.9278907,At-Risk High Value,246.08,No Offer (Low Risk),0.0,0.0
CC-14950,Standard,257,0.77517,Dormant / Lost,-49.19,No Offer (Low Risk),0.0,0.0
CC-14951,Standard,243,0.97350323,Dormant / Lost,52.76,No Offer (Low Risk),0.0,0.0
CC-14952,Standard,213,0.08465818,Dormant / Lost,-428.74,No Offer (Low Risk),0.0,0.0
CC-14953,Gold,493,0.034052595,Need Attention,141.81,No Offer (Low Risk),0.0,0.0
CC-14954,Gold,1019,0.07716459,At-Risk High Value,369.54,No Offer (Low Risk),0.0,0.0
CC-14955,Gold,302,0.06798583,Dormant / Lost,375.09,No Offer (Low Risk),0.0,0.0
CC-14956,Standard,254,0.10378825,Need Attention,-445.32,No Offer (Low Risk),0.0,0.0
CC-14957,Gold,635,0.04557125,Need Attention,232.19,No Offer (Low Risk),0.0,0.0
CC-14958,Standard,267,0.045545526,Dormant / Lost,-105.53,No Offer (Low Risk),0.0,0.0
CC-14959,Gold,851,0.053669624,At-Risk High Value,2706.52,No Offer (Low Risk),0.0,0.0
CC-14960,Gold,545,0.17505921,Dormant / Lost,845.27,No Offer (Low Risk),0.0,0.0
CC-14961,Standard,181,0.052295096,Dormant / Lost,-555.43,No Offer (Low Risk),0.0,0.0
CC-14962,Standard,305,0.1258243,Dormant / Lost,460.27,No Offer (Low Risk),0.0,0.0
CC-14963,Gold,921,0.10514316,At-Risk High Value,461.14,No Offer (Low Risk),0.0,0.0
CC-14964,Gold,712,0.16819942,Dormant / Lost,1189.94,No Offer (Low Risk),0.0,0.0
CC-14965,Standard,316,0.076257385,Dormant / Lost,-491.89,No Offer (Low Risk),0.0,0.0
CC-14966,Black,7764,0.30445778,At-Risk High Value,-233.75,No Offer (Low Risk),0.0,0.0
CC-14967,Gold,691,0.28703648,Need Attention,919.73,Fee Waiver,95.0,761.01
CC-14968,Black,3372,0.058035474,At-Risk High Value,9771.48,No Offer (Low Risk),0.0,0.0
CC-14969,Standard,257,0.1232429,Dormant / Lost,-504.02,No Offer (Low Risk),0.0,0.0
CC-14970,Gold,569,0.9353206,Need Attention,278.69,Fee Waiver,95.0,119.26
CC-14971,Platinum,1936,0.07461403,At-Risk High Value,1170.12,No Offer (Low Risk),0.0,0.0
CC-14972,Gold,416,0.15617399,Need Attention,862.03,No Offer (Low Risk),0.0,0.0
CC-14973,Gold,192,0.61886096,Dormant / Lost,52.01,No Offer (Low Risk),0.0,0.0
CC-14974,Standard,361,0.17169,Dormant / Lost,-201.22,No Offer (Low Risk),0.0,0.0
CC-14975,Standard,576,0.08033472,Dormant / Lost,1172.49,No Offer (Low Risk),0.0,0.0
CC-14976,Standard,103,0.87340885,Dormant / Lost,-37.08,No Offer (Low Risk),0.0,0.0
CC-14977,Standard,198,0.2919304,Dormant / Lost,-180.64,No Offer (Low Risk),0.0,0.0
CC-14978,Standard,187,0.11211073,Dormant / Lost,-223.33,No Offer (Low Risk),0.0,0.0
CC-14979,Standard,136,0.8969592,Need Attention,-61.23,No Offer (Low Risk),0.0,0.0
CC-14980,Black,4579,0.08295163,At-Risk High Value,871.05,No Offer (Low Risk),0.0,0.0
CC-14981,Standard,463,0.058440473,Dormant / Lost,-417.38,No Offer (Low Risk),0.0,0.0
CC-14982,Gold,424,0.18575618,Need Attention,815.31,No Offer (Low Risk),0.0,0.0
CC-14983,Platinum,1811,0.11465406,At-Risk High Value,1006.46,No Offer (Low Risk),0.0,0.0
CC-14984,Gold,523,0.11982195,Need Attention,206.03,No Offer (Low Risk),0.0,0.0
CC-14985,Standard,234,0.9333164,Dormant / Lost,55.87,No Offer (Low Risk),0.0,0.0
CC-14986,Gold,725,0.24188542,Need Attention,247.54,Fee Waiver,95.0,115.76
CC-14987,Gold,579,0.0823212,Dormant / Lost,1478.87,No Offer (Low Risk),0.0,0.0
CC-14988,Gold,1955,0.29024398,At-Risk High Value,298.68,Fee Waiver,95.0,184.53
CC-14989,Platinum,1234,0.10486046,At-Risk High Value,928.24,No Offer (Low Risk),0.0,0.0
CC-14990,Black,7632,0.3834704,At-Risk High Value,-132.89,No Offer (Low Risk),0.0,0.0
CC-14991,Gold,895,0.045400262,At-Risk High Value,552.34,No Offer (Low Risk),0.0,0.0
CC-14992,Standard,100,0.3435314,Dormant / Lost,-94.51,No Offer (Low Risk),0.0,0.0
CC-14993,Gold,1310,0.09548885,At-Risk High Value,257.97,No Offer (Low Risk),0.0,0.0
CC-14994,Standard,338,0.18906891,Dormant / Lost,-155.53,No Offer (Low Risk),0.0,0.0
CC-14995,Platinum,3682,0.08617015,At-Risk High Value,1228.39,No Offer (Low Risk),0.0,0.0
CC-14996,Standard,381,0.14509562,Dormant / Lost,-199.92,No Offer (Low Risk),0.0,0.0
CC-14997,Standard,291,0.10637427,Dormant / Lost,126.52,No Offer (Low Risk),0.0,0.0
CC-14998,Platinum,3119,0.3093501,At-Risk High Value,442.9,Fee Waiver,295.0,132.6
CC-14999,Gold,1096,0.12950037,At-Risk High Value,311.89,No Offer (Low Risk),0.0,0.0
